train_position;_row_id;Student_ID;fold;label
0;19040;119041;1;Medium
1;15373;115374;1;Low
2;35551;135552;0;Medium
3;891;100892;1;Medium
4;15906;115907;4;Medium
5;3233;103234;2;High
6;25421;125422;4;Medium
7;22812;122813;0;Medium
8;15550;115551;4;High
9;15617;115618;2;Low
10;14274;114275;4;Medium
11;5650;105651;1;Low
12;3130;103131;1;Medium
13;15424;115425;4;Medium
14;47590;147591;1;Medium
15;44323;144324;3;High
16;17293;117294;4;High
17;25735;125736;4;High
18;4936;104937;0;Medium
19;9127;109128;2;Medium
20;605;100606;3;Medium
21;22769;122770;4;Medium
22;7016;107017;0;High
23;8676;108677;1;High
24;43408;143409;3;Medium
25;9132;109133;1;Low
26;24704;124705;3;Medium
27;37534;137535;4;Low
28;30513;130514;0;Medium
29;31272;131273;1;Low
30;14229;114230;1;Low
31;37361;137362;4;Medium
32;32516;132517;1;Medium
33;40210;140211;4;High
34;23898;123899;2;Low
35;8600;108601;2;Medium
36;34739;134740;2;Medium
37;4217;104218;4;Medium
38;28414;128415;4;Low
39;9775;109776;0;Medium
40;26878;126879;3;Low
41;32662;132663;0;High
42;30633;130634;3;Medium
43;13276;113277;1;Low
44;49154;149155;1;Medium
45;46697;146698;4;Medium
46;8999;109000;2;Medium
47;23746;123747;1;Medium
48;36277;136278;2;Medium
49;25863;125864;2;Medium
50;24617;124618;3;High
51;17581;117582;2;High
52;8576;108577;2;Medium
53;10732;110733;2;Low
54;36802;136803;2;Medium
55;43440;143441;2;High
56;2455;102456;4;High
57;42186;142187;1;Medium
58;19657;119658;2;Medium
59;18295;118296;0;Medium
60;44097;144098;4;Medium
61;30338;130339;1;Medium
62;10419;110420;3;Medium
63;34603;134604;3;Low
64;49286;149287;4;Low
65;33360;133361;2;Low
66;35368;135369;1;Low
67;36737;136738;3;Low
68;33136;133137;1;Medium
69;6693;106694;3;Low
70;38129;138130;4;Medium
71;46899;146900;0;Low
72;20476;120477;4;Low
73;25938;125939;0;Low
74;10765;110766;0;Low
75;10985;110986;2;Low
76;5645;105646;4;High
77;18329;118330;1;High
78;12049;112050;1;High
79;35035;135036;3;Medium
80;13210;113211;2;Low
81;31047;131048;0;High
82;9144;109145;0;High
83;92;100093;2;Low
84;37638;137639;3;Low
85;29022;129023;0;Medium
86;37569;137570;4;Low
87;39325;139326;2;Medium
88;47509;147510;2;Low
89;12301;112302;0;Medium
90;38504;138505;4;Medium
91;49568;149569;1;Medium
92;15110;115111;1;High
93;36424;136425;2;Low
94;19351;119352;1;Medium
95;15922;115923;3;Low
96;14233;114234;2;Low
97;9044;109045;0;High
98;7887;107888;0;High
99;32964;132965;3;Low
100;42533;142534;4;Low
101;1301;101302;1;Low
102;2789;102790;1;Low
103;32861;132862;0;Medium
104;16644;116645;4;Low
105;855;100856;4;Low
106;32775;132776;1;Low
107;22938;122939;1;High
108;26504;126505;3;Low
109;12206;112207;3;Low
110;48229;148230;4;High
111;20716;120717;3;High
112;2920;102921;0;Low
113;12105;112106;4;High
114;41017;141018;0;Medium
115;21291;121292;0;Medium
116;5349;105350;1;Low
117;42664;142665;2;Low
118;494;100495;4;Medium
119;44613;144614;0;High
120;48503;148504;0;High
121;30991;130992;2;Medium
122;33647;133648;0;Low
123;7003;107004;0;Low
124;11030;111031;1;Medium
125;43760;143761;3;Low
126;2447;102448;3;Medium
127;2461;102462;0;Low
128;26419;126420;3;High
129;21184;121185;2;High
130;9142;109143;2;Low
131;4989;104990;0;Low
132;8905;108906;2;High
133;25273;125274;3;Low
134;20894;120895;0;Medium
135;47510;147511;2;High
136;32144;132145;2;Medium
137;19242;119243;1;Medium
138;33167;133168;4;Low
139;12771;112772;2;Low
140;32384;132385;3;Medium
141;32981;132982;2;Low
142;41072;141073;3;Medium
143;14366;114367;3;Medium
144;21566;121567;4;Medium
145;36641;136642;1;Medium
146;40158;140159;4;High
147;757;100758;3;Low
148;44445;144446;4;Medium
149;30163;130164;3;Medium
150;17969;117970;4;High
151;25650;125651;1;Medium
152;10122;110123;3;Low
153;14236;114237;3;Low
154;22929;122930;4;Medium
155;44551;144552;2;Low
156;16487;116488;1;Medium
157;22361;122362;3;High
158;37158;137159;4;Low
159;44341;144342;0;Medium
160;22219;122220;2;Medium
161;41376;141377;0;Medium
162;16221;116222;0;High
163;31257;131258;2;Low
164;24217;124218;4;High
165;13752;113753;4;High
166;15120;115121;3;Medium
167;5176;105177;3;Medium
168;15322;115323;1;Low
169;17145;117146;0;High
170;47404;147405;2;High
171;30608;130609;4;High
172;42357;142358;2;High
173;28779;128780;1;Medium
174;1496;101497;3;Medium
175;23072;123073;3;High
176;10952;110953;2;Medium
177;28482;128483;3;High
178;1313;101314;1;Medium
179;24126;124127;2;High
180;19120;119121;1;High
181;46467;146468;0;Medium
182;20611;120612;4;Medium
183;38117;138118;0;High
184;20392;120393;1;Medium
185;27061;127062;1;Medium
186;34504;134505;3;Low
187;42453;142454;0;High
188;3006;103007;1;Medium
189;48247;148248;3;Low
190;43397;143398;3;Medium
191;9309;109310;2;Medium
192;23177;123178;4;Low
193;46451;146452;2;Medium
194;8612;108613;3;Medium
195;43280;143281;3;Low
196;40348;140349;3;High
197;14098;114099;4;Low
198;29197;129198;1;Low
199;6876;106877;2;Medium
200;6194;106195;3;Low
201;18089;118090;2;High
202;1376;101377;2;Medium
203;8162;108163;4;Low
204;23125;123126;3;Medium
205;18532;118533;2;Low
206;45095;145096;1;Medium
207;47161;147162;0;High
208;6450;106451;4;Medium
209;43314;143315;3;Low
210;13821;113822;2;High
211;43248;143249;3;Low
212;31741;131742;2;Medium
213;41149;141150;3;Medium
214;39853;139854;4;Medium
215;43247;143248;3;Medium
216;13045;113046;2;Medium
217;2898;102899;0;Low
218;33361;133362;4;Low
219;45454;145455;3;High
220;25229;125230;2;Medium
221;12939;112940;3;Low
222;46731;146732;1;Medium
223;34501;134502;1;High
224;13212;113213;2;Low
225;40471;140472;4;Medium
226;46768;146769;3;Low
227;39424;139425;4;Medium
228;39592;139593;0;High
229;20297;120298;4;High
230;6191;106192;2;Low
231;43476;143477;1;High
232;29563;129564;4;Low
233;23010;123011;1;High
234;17823;117824;3;Low
235;8809;108810;4;Medium
236;10249;110250;1;Medium
237;5134;105135;2;Low
238;39534;139535;0;Low
239;27786;127787;4;Low
240;3525;103526;3;Medium
241;16667;116668;3;Low
242;27085;127086;3;High
243;18122;118123;4;Medium
244;27851;127852;1;Medium
245;25274;125275;3;Low
246;36386;136387;0;High
247;23667;123668;0;Medium
248;47306;147307;0;Medium
249;8740;108741;2;Medium
250;48262;148263;0;Medium
251;23601;123602;0;Medium
252;36230;136231;3;Low
253;47341;147342;2;Medium
254;46077;146078;3;Medium
255;14141;114142;2;Medium
256;42667;142668;3;Medium
257;21297;121298;4;Low
258;47227;147228;1;Low
259;29140;129141;4;Low
260;17056;117057;4;Low
261;13146;113147;4;Medium
262;2793;102794;1;Low
263;34333;134334;0;Medium
264;7731;107732;4;Low
265;35012;135013;0;High
266;46029;146030;4;Medium
267;12679;112680;4;Medium
268;33157;133158;4;Medium
269;15058;115059;0;Medium
270;3326;103327;4;Medium
271;35633;135634;1;Medium
272;20060;120061;4;Medium
273;18230;118231;1;High
274;41081;141082;0;Medium
275;1019;101020;3;Low
276;22732;122733;0;Medium
277;29388;129389;1;Low
278;24860;124861;3;Medium
279;31256;131257;0;Low
280;12423;112424;0;High
281;18796;118797;3;Low
282;20371;120372;0;High
283;36444;136445;2;Medium
284;44882;144883;2;High
285;43938;143939;2;Low
286;26237;126238;1;Low
287;20188;120189;3;High
288;37421;137422;2;Medium
289;21551;121552;4;High
290;3193;103194;2;Medium
291;10431;110432;3;Medium
292;22308;122309;3;Low
293;2057;102058;3;Low
294;37371;137372;1;Low
295;21207;121208;3;Medium
296;12600;112601;4;Medium
297;40753;140754;0;Low
298;28529;128530;1;High
299;25185;125186;3;Medium
300;29090;129091;0;Low
301;15505;115506;4;Medium
302;5818;105819;1;Medium
303;26219;126220;1;Low
304;32118;132119;0;Medium
305;44680;144681;1;Low
306;23389;123390;4;High
307;1720;101721;4;Low
308;25249;125250;0;Medium
309;13544;113545;0;Medium
310;40128;140129;0;Medium
311;46050;146051;2;Medium
312;21302;121303;0;Low
313;43267;143268;0;High
314;27253;127254;3;Medium
315;13388;113389;3;Medium
316;16349;116350;4;High
317;31567;131568;1;High
318;16599;116600;4;High
319;14303;114304;0;High
320;49623;149624;1;High
321;25263;125264;4;Medium
322;43757;143758;2;Low
323;45403;145404;3;High
324;10892;110893;3;Low
325;24777;124778;0;High
326;31353;131354;4;High
327;44472;144473;3;Medium
328;48938;148939;0;Low
329;44503;144504;0;High
330;47904;147905;2;Medium
331;35675;135676;3;Low
332;18576;118577;1;Low
333;1053;101054;0;Medium
334;40836;140837;4;High
335;8223;108224;2;High
336;30284;130285;1;Medium
337;37752;137753;0;Low
338;8550;108551;2;High
339;11244;111245;2;Medium
340;8196;108197;0;Low
341;10241;110242;2;Low
342;35126;135127;4;Medium
343;18949;118950;4;Medium
344;22055;122056;2;Medium
345;11330;111331;1;Medium
346;17203;117204;2;High
347;34783;134784;4;Medium
348;6437;106438;1;Low
349;15310;115311;3;Medium
350;36043;136044;3;Medium
351;19634;119635;2;Low
352;15056;115057;1;Low
353;32655;132656;2;High
354;16680;116681;0;High
355;25222;125223;4;Low
356;21360;121361;1;Medium
357;42511;142512;4;Low
358;5820;105821;1;High
359;17773;117774;2;High
360;20767;120768;0;Medium
361;39574;139575;3;Low
362;11713;111714;0;High
363;43772;143773;0;Low
364;23924;123925;0;High
365;41101;141102;0;Medium
366;37882;137883;2;Low
367;12999;113000;0;High
368;38460;138461;0;Medium
369;35845;135846;4;Medium
370;48203;148204;4;Medium
371;23410;123411;3;High
372;23485;123486;4;High
373;1759;101760;1;High
374;48224;148225;4;High
375;25886;125887;4;Low
376;1308;101309;3;Low
377;11149;111150;4;Medium
378;1917;101918;1;Low
379;23676;123677;3;High
380;2665;102666;1;Medium
381;40021;140022;1;Medium
382;43852;143853;2;Low
383;10045;110046;1;Medium
384;1997;101998;0;Medium
385;8536;108537;1;Medium
386;19406;119407;2;High
387;2902;102903;3;Medium
388;48885;148886;0;Low
389;40805;140806;0;Medium
390;23552;123553;1;High
391;44942;144943;1;High
392;44449;144450;3;Medium
393;11722;111723;4;Medium
394;12693;112694;3;Low
395;25642;125643;3;High
396;2034;102035;4;Medium
397;27712;127713;1;Low
398;17580;117581;4;Medium
399;46185;146186;1;Low
400;31685;131686;1;Medium
401;36314;136315;0;Low
402;34928;134929;3;High
403;6586;106587;3;Low
404;14225;114226;0;Medium
405;28172;128173;2;Low
406;12689;112690;3;Low
407;11228;111229;2;Low
408;26686;126687;3;Medium
409;36622;136623;0;Medium
410;18068;118069;3;Low
411;20887;120888;1;Medium
412;10119;110120;4;Medium
413;29909;129910;0;High
414;30807;130808;4;High
415;12429;112430;4;High
416;46037;146038;0;Low
417;49858;149859;3;Low
418;33230;133231;2;Low
419;40238;140239;0;Medium
420;24128;124129;1;Low
421;38734;138735;4;High
422;45780;145781;3;Medium
423;3464;103465;0;Low
424;9253;109254;1;Low
425;27399;127400;4;Medium
426;27742;127743;1;Medium
427;34219;134220;0;High
428;1956;101957;2;Medium
429;32936;132937;2;Medium
430;29123;129124;1;Medium
431;45011;145012;1;High
432;34880;134881;2;Medium
433;7837;107838;4;Low
434;47465;147466;0;High
435;47980;147981;3;Medium
436;3299;103300;2;Medium
437;5964;105965;1;Low
438;28282;128283;4;Low
439;43963;143964;0;High
440;13333;113334;3;Medium
441;25390;125391;4;Medium
442;23094;123095;3;Low
443;30320;130321;0;Medium
444;6904;106905;3;Medium
445;28524;128525;4;Low
446;37140;137141;0;Low
447;2098;102099;4;High
448;13135;113136;3;Low
449;46478;146479;0;High
450;42432;142433;3;High
451;47901;147902;4;Medium
452;1915;101916;3;Low
453;17787;117788;1;Medium
454;49397;149398;0;Low
455;15171;115172;1;Medium
456;48469;148470;3;Medium
457;12179;112180;4;Medium
458;39418;139419;1;Medium
459;35774;135775;4;Medium
460;29491;129492;3;Medium
461;347;100348;3;Low
462;20830;120831;4;Low
463;33690;133691;4;High
464;29758;129759;2;Low
465;39620;139621;2;Low
466;49809;149810;1;Low
467;34558;134559;2;Medium
468;2032;102033;4;Low
469;11257;111258;3;Low
470;38559;138560;0;High
471;41117;141118;2;High
472;43804;143805;0;High
473;34173;134174;1;Medium
474;47249;147250;0;Medium
475;8673;108674;3;Low
476;36861;136862;0;Medium
477;38226;138227;0;Medium
478;8180;108181;2;High
479;32742;132743;2;Low
480;8568;108569;1;Low
481;183;100184;2;Low
482;34487;134488;1;Medium
483;25858;125859;3;Low
484;19990;119991;4;Medium
485;43268;143269;3;Medium
486;3120;103121;2;Low
487;19653;119654;4;Medium
488;20997;120998;3;Medium
489;49896;149897;4;High
490;17008;117009;0;Low
491;46485;146486;1;Low
492;27709;127710;2;Medium
493;40067;140068;3;Low
494;47818;147819;3;Low
495;10181;110182;0;Low
496;38089;138090;0;High
497;35705;135706;0;High
498;15187;115188;4;Medium
499;7517;107518;1;Medium
500;7675;107676;3;Low
501;14485;114486;2;Medium
502;19136;119137;1;Low
503;30344;130345;1;Medium
504;23434;123435;4;Medium
505;8951;108952;4;Low
506;3360;103361;4;Low
507;33614;133615;1;High
508;24385;124386;3;Medium
509;34329;134330;4;High
510;6812;106813;4;Medium
511;19684;119685;0;High
512;37051;137052;2;High
513;5227;105228;3;Low
514;24396;124397;0;Medium
515;19648;119649;1;Low
516;3488;103489;1;Medium
517;20783;120784;1;Low
518;42508;142509;1;High
519;49214;149215;2;Medium
520;27200;127201;0;Low
521;866;100867;1;Low
522;11726;111727;0;High
523;23281;123282;0;Medium
524;11083;111084;1;Medium
525;9437;109438;4;Low
526;15774;115775;3;Low
527;22051;122052;2;Low
528;5075;105076;4;Low
529;45439;145440;4;Medium
530;14437;114438;4;High
531;44548;144549;3;High
532;30819;130820;3;High
533;11859;111860;0;Medium
534;7554;107555;4;Low
535;2035;102036;1;High
536;22622;122623;3;High
537;7630;107631;4;Medium
538;27723;127724;2;Medium
539;14048;114049;3;Medium
540;40239;140240;1;High
541;34346;134347;0;Medium
542;48939;148940;4;Medium
543;28809;128810;3;Low
544;13501;113502;1;Low
545;46461;146462;3;Low
546;30663;130664;0;High
547;19970;119971;0;Low
548;10934;110935;0;Medium
549;858;100859;4;Medium
550;39955;139956;3;Low
551;43638;143639;4;High
552;44713;144714;4;High
553;5700;105701;4;Medium
554;19118;119119;3;Low
555;14800;114801;3;Medium
556;4245;104246;2;Medium
557;4521;104522;1;Low
558;16095;116096;0;Medium
559;5322;105323;2;High
560;16272;116273;3;High
561;10829;110830;0;Low
562;26028;126029;4;Low
563;1428;101429;4;Medium
564;3136;103137;1;Medium
565;36457;136458;2;Medium
566;19016;119017;0;High
567;37978;137979;3;Low
568;30700;130701;3;Medium
569;4810;104811;2;Medium
570;46766;146767;2;Low
571;4002;104003;0;High
572;187;100188;0;Medium
573;29278;129279;3;Low
574;1168;101169;3;High
575;49747;149748;4;High
576;42638;142639;0;Medium
577;30941;130942;3;Medium
578;19002;119003;3;High
579;14565;114566;1;Medium
580;21877;121878;3;Low
581;35082;135083;0;Medium
582;17401;117402;4;Low
583;44316;144317;4;High
584;22220;122221;3;Medium
585;26750;126751;1;Low
586;610;100611;1;Low
587;16500;116501;0;Low
588;2862;102863;4;High
589;46878;146879;1;Medium
590;24299;124300;3;Medium
591;17575;117576;4;High
592;48784;148785;1;Medium
593;10121;110122;2;Medium
594;43393;143394;2;Low
595;42687;142688;4;Medium
596;38324;138325;1;Medium
597;34382;134383;3;Low
598;48310;148311;3;High
599;46903;146904;4;Medium
600;11716;111717;1;High
601;2961;102962;4;Medium
602;10724;110725;2;Medium
603;48814;148815;2;High
604;33568;133569;1;Medium
605;41261;141262;2;Low
606;46338;146339;0;High
607;35805;135806;1;Medium
608;13517;113518;4;Medium
609;23499;123500;4;High
610;42957;142958;1;High
611;7880;107881;3;Medium
612;3468;103469;1;Low
613;48132;148133;1;Medium
614;6496;106497;2;Medium
615;1518;101519;2;Low
616;46724;146725;3;Low
617;22974;122975;1;Medium
618;4512;104513;2;Medium
619;11503;111504;0;Low
620;23689;123690;2;Medium
621;23300;123301;2;Medium
622;24761;124762;3;Low
623;18466;118467;3;Medium
624;1223;101224;2;Medium
625;23856;123857;1;Low
626;25089;125090;2;Medium
627;10257;110258;2;High
628;20324;120325;0;Medium
629;12589;112590;4;Low
630;21559;121560;0;Medium
631;47747;147748;0;High
632;35272;135273;4;Medium
633;28237;128238;1;Low
634;10223;110224;1;Medium
635;33135;133136;4;Low
636;26560;126561;2;Medium
637;38339;138340;1;Medium
638;8644;108645;3;Medium
639;2523;102524;0;Low
640;14484;114485;3;Medium
641;8957;108958;3;Low
642;47775;147776;1;Medium
643;36562;136563;1;Medium
644;42185;142186;3;Medium
645;13326;113327;0;High
646;45097;145098;3;Low
647;34754;134755;3;Low
648;20603;120604;3;Medium
649;38392;138393;0;Medium
650;4252;104253;0;Low
651;14826;114827;4;Medium
652;2311;102312;4;Medium
653;38564;138565;4;Low
654;42073;142074;0;Low
655;28703;128704;3;Low
656;23709;123710;3;Medium
657;21190;121191;1;Low
658;38376;138377;4;High
659;46772;146773;3;Low
660;14085;114086;1;Medium
661;31190;131191;1;Low
662;31259;131260;1;Low
663;3630;103631;0;Low
664;26179;126180;0;Medium
665;8619;108620;0;High
666;48335;148336;3;High
667;5554;105555;1;Medium
668;48034;148035;4;Medium
669;42738;142739;2;Medium
670;15138;115139;0;High
671;43474;143475;4;Low
672;36979;136980;0;Low
673;27039;127040;1;Medium
674;41952;141953;1;High
675;4442;104443;4;Medium
676;45458;145459;0;Medium
677;6852;106853;4;Medium
678;32520;132521;3;Medium
679;37939;137940;3;Low
680;31727;131728;3;High
681;40374;140375;1;High
682;3499;103500;3;Low
683;27659;127660;0;Low
684;39627;139628;3;Medium
685;45523;145524;0;Low
686;40070;140071;3;Low
687;31058;131059;1;Medium
688;14587;114588;4;Medium
689;46305;146306;4;Low
690;9096;109097;1;Medium
691;37943;137944;3;Medium
692;43062;143063;3;Medium
693;44923;144924;2;Medium
694;33054;133055;2;Medium
695;32993;132994;1;Low
696;7046;107047;4;High
697;29870;129871;1;Medium
698;28415;128416;3;Low
699;27337;127338;4;High
700;20797;120798;3;Low
701;31591;131592;4;Medium
702;15308;115309;1;High
703;15815;115816;4;High
704;27192;127193;1;Medium
705;36449;136450;3;Medium
706;29449;129450;3;High
707;11481;111482;4;Medium
708;22818;122819;1;High
709;48633;148634;0;Medium
710;39415;139416;3;Low
711;4669;104670;4;Low
712;6459;106460;2;Low
713;30028;130029;2;High
714;14511;114512;4;Low
715;20875;120876;0;Medium
716;41212;141213;2;Low
717;41567;141568;3;High
718;28776;128777;0;Medium
719;11246;111247;2;Low
720;12305;112306;2;Medium
721;38861;138862;3;Medium
722;22854;122855;3;Medium
723;6629;106630;3;High
724;7127;107128;4;Low
725;15231;115232;3;Medium
726;37756;137757;1;High
727;15951;115952;2;Medium
728;20464;120465;0;Low
729;32580;132581;0;Medium
730;18634;118635;3;High
731;48408;148409;1;Medium
732;11205;111206;4;Low
733;5370;105371;0;Medium
734;40314;140315;2;Low
735;16236;116237;0;Medium
736;9672;109673;4;Medium
737;31950;131951;2;Low
738;43876;143877;0;High
739;36891;136892;4;Medium
740;45899;145900;3;Medium
741;27638;127639;1;Low
742;29635;129636;4;High
743;32073;132074;0;Medium
744;29603;129604;0;Low
745;34828;134829;1;Low
746;39360;139361;3;Medium
747;25819;125820;4;Low
748;9529;109530;4;Medium
749;444;100445;3;Medium
750;25370;125371;1;High
751;24248;124249;4;High
752;26675;126676;4;Low
753;21916;121917;1;Low
754;36411;136412;2;Medium
755;44682;144683;4;Medium
756;14392;114393;3;Medium
757;27629;127630;1;Medium
758;1287;101288;4;Low
759;10304;110305;3;Low
760;25876;125877;0;Medium
761;31916;131917;3;Low
762;27275;127276;3;High
763;44379;144380;3;Medium
764;34388;134389;0;Medium
765;24949;124950;0;Low
766;14981;114982;0;Medium
767;25952;125953;2;Low
768;14885;114886;3;Medium
769;35468;135469;3;High
770;33248;133249;4;High
771;19098;119099;2;High
772;22002;122003;3;Low
773;42451;142452;3;High
774;42716;142717;4;Low
775;38213;138214;0;Low
776;32567;132568;4;High
777;36574;136575;4;High
778;40220;140221;0;Medium
779;24146;124147;1;High
780;20306;120307;2;Medium
781;7454;107455;1;High
782;7204;107205;2;Low
783;13214;113215;4;High
784;18473;118474;2;Low
785;28620;128621;4;Medium
786;22249;122250;0;High
787;9003;109004;1;Medium
788;39240;139241;1;High
789;27542;127543;1;Low
790;11145;111146;2;Medium
791;3117;103118;3;High
792;22294;122295;1;Medium
793;41016;141017;2;Medium
794;19526;119527;1;High
795;23646;123647;3;Low
796;7678;107679;2;Medium
797;36694;136695;4;Medium
798;7727;107728;1;Low
799;4420;104421;3;Medium
800;14550;114551;0;High
801;20236;120237;1;Medium
802;23717;123718;4;High
803;33595;133596;1;Medium
804;34852;134853;2;Medium
805;30382;130383;1;Medium
806;4653;104654;4;Medium
807;1942;101943;4;Medium
808;29525;129526;0;High
809;38521;138522;3;High
810;27097;127098;1;Medium
811;49541;149542;3;Medium
812;31608;131609;0;Low
813;9115;109116;0;Medium
814;38435;138436;2;Low
815;6608;106609;3;Medium
816;35700;135701;1;Low
817;27459;127460;4;Low
818;9550;109551;0;Medium
819;16340;116341;1;High
820;15564;115565;2;Low
821;18161;118162;3;Medium
822;13858;113859;1;High
823;12848;112849;0;Low
824;8413;108414;2;Medium
825;32332;132333;0;Medium
826;20654;120655;4;High
827;4972;104973;2;Medium
828;43976;143977;4;High
829;17687;117688;1;Low
830;15983;115984;3;High
831;17403;117404;4;High
832;26338;126339;4;Medium
833;19929;119930;1;Low
834;10220;110221;1;Medium
835;27246;127247;0;Medium
836;21835;121836;0;High
837;11108;111109;3;High
838;13784;113785;2;High
839;42431;142432;0;High
840;43208;143209;1;Medium
841;29284;129285;2;Medium
842;16192;116193;1;High
843;37467;137468;0;Low
844;21963;121964;1;Medium
845;18499;118500;3;Low
846;27827;127828;2;Low
847;45178;145179;1;Low
848;33981;133982;1;High
849;13305;113306;1;Medium
850;29323;129324;3;Low
851;48942;148943;4;High
852;44676;144677;2;Medium
853;2279;102280;0;Medium
854;24954;124955;2;Low
855;32176;132177;2;High
856;17781;117782;4;Low
857;385;100386;0;Medium
858;43421;143422;3;Medium
859;49062;149063;3;High
860;17159;117160;2;High
861;666;100667;2;Medium
862;21713;121714;0;High
863;21043;121044;2;Low
864;19552;119553;3;Low
865;1651;101652;3;High
866;30148;130149;3;Low
867;45108;145109;3;Medium
868;33292;133293;4;High
869;49946;149947;2;Medium
870;46853;146854;4;High
871;31252;131253;1;Medium
872;11364;111365;1;Medium
873;44957;144958;0;Low
874;12155;112156;4;Low
875;35131;135132;3;Low
876;9276;109277;2;Medium
877;40434;140435;3;High
878;32829;132830;1;Low
879;20996;120997;1;Low
880;5733;105734;3;Low
881;22806;122807;2;High
882;45218;145219;1;High
883;49033;149034;0;Low
884;17909;117910;4;Low
885;31167;131168;3;Medium
886;35676;135677;2;Medium
887;20946;120947;0;Medium
888;14929;114930;3;High
889;34900;134901;1;Low
890;33336;133337;3;Low
891;13065;113066;1;Low
892;22733;122734;2;Medium
893;24033;124034;4;Medium
894;38876;138877;3;Low
895;15247;115248;4;Medium
896;30944;130945;0;High
897;46268;146269;4;Medium
898;40771;140772;0;Medium
899;2918;102919;1;Low
900;41971;141972;3;High
901;37669;137670;1;Low
902;29232;129233;4;Medium
903;8004;108005;1;Low
904;551;100552;4;High
905;44314;144315;1;High
906;23824;123825;3;Low
907;34362;134363;2;Low
908;11367;111368;3;Medium
909;25425;125426;1;Medium
910;33465;133466;3;Low
911;42545;142546;1;Low
912;41406;141407;1;Low
913;32060;132061;1;Medium
914;21440;121441;1;Low
915;3572;103573;0;Medium
916;40998;140999;2;Low
917;9008;109009;4;Low
918;4718;104719;0;Medium
919;33086;133087;4;Low
920;27204;127205;2;Low
921;9659;109660;4;Low
922;39964;139965;3;Low
923;31234;131235;3;High
924;13273;113274;4;Medium
925;33950;133951;1;Low
926;26984;126985;1;Medium
927;37028;137029;1;Low
928;29352;129353;0;Medium
929;7985;107986;2;Low
930;837;100838;0;Low
931;32496;132497;0;High
932;564;100565;2;Medium
933;36613;136614;4;Medium
934;6127;106128;3;High
935;34165;134166;2;High
936;42026;142027;2;Medium
937;37708;137709;4;Low
938;8655;108656;0;High
939;3175;103176;1;Medium
940;28829;128830;1;Medium
941;1040;101041;4;High
942;35206;135207;3;Medium
943;33447;133448;2;Low
944;26919;126920;3;High
945;26442;126443;2;Medium
946;3184;103185;1;Low
947;12656;112657;4;Medium
948;38545;138546;3;Medium
949;6948;106949;0;Low
950;29697;129698;2;High
951;30300;130301;3;Low
952;12861;112862;3;Medium
953;21682;121683;2;Medium
954;31044;131045;4;Low
955;49049;149050;4;High
956;43056;143057;2;Medium
957;44270;144271;4;Low
958;49891;149892;0;Medium
959;37298;137299;2;Medium
960;38402;138403;2;Low
961;37252;137253;3;High
962;42853;142854;4;Medium
963;30168;130169;1;Medium
964;4760;104761;4;Medium
965;32101;132102;1;Medium
966;41191;141192;2;Medium
967;31480;131481;3;High
968;17645;117646;2;Medium
969;23446;123447;4;Medium
970;36816;136817;2;High
971;12556;112557;3;Medium
972;18202;118203;4;High
973;26757;126758;2;Low
974;46152;146153;4;Medium
975;4645;104646;2;High
976;20213;120214;2;Low
977;48912;148913;3;Low
978;10795;110796;2;Medium
979;11425;111426;4;High
980;37726;137727;0;Medium
981;14049;114050;2;Medium
982;26702;126703;1;Low
983;10681;110682;4;Low
984;39272;139273;4;Low
985;37574;137575;4;High
986;38334;138335;3;Medium
987;42303;142304;0;High
988;28713;128714;0;Low
989;2246;102247;3;High
990;35532;135533;3;High
991;7210;107211;4;Medium
992;34722;134723;4;Medium
993;14119;114120;0;Medium
994;3925;103926;3;Low
995;23056;123057;2;Low
996;1901;101902;2;High
997;35978;135979;0;Medium
998;46959;146960;2;Low
999;38480;138481;3;High
1000;47445;147446;0;High
1001;43972;143973;0;Medium
1002;32965;132966;1;Low
1003;25046;125047;1;High
1004;2771;102772;3;Medium
1005;3367;103368;2;Low
1006;46743;146744;2;Low
1007;11296;111297;4;Medium
1008;14559;114560;1;Low
1009;36546;136547;2;Medium
1010;49379;149380;2;High
1011;25692;125693;0;Medium
1012;21087;121088;0;Medium
1013;26435;126436;1;High
1014;34632;134633;4;High
1015;38891;138892;4;Medium
1016;43030;143031;3;Low
1017;13255;113256;2;Low
1018;37295;137296;4;High
1019;6725;106726;0;Medium
1020;6075;106076;0;High
1021;26914;126915;3;High
1022;20501;120502;4;High
1023;22226;122227;1;Medium
1024;30867;130868;1;Low
1025;44519;144520;0;High
1026;46730;146731;2;High
1027;17129;117130;1;Low
1028;21941;121942;1;Medium
1029;33820;133821;2;High
1030;23137;123138;0;Medium
1031;27137;127138;2;Low
1032;29701;129702;1;Medium
1033;21371;121372;4;Medium
1034;12524;112525;4;High
1035;6633;106634;4;Low
1036;28269;128270;3;Medium
1037;40549;140550;2;Medium
1038;47797;147798;3;Medium
1039;32459;132460;1;Low
1040;7528;107529;3;High
1041;19573;119574;2;Medium
1042;39014;139015;3;High
1043;11568;111569;3;Low
1044;2950;102951;3;Low
1045;19130;119131;3;Medium
1046;26231;126232;4;Low
1047;27440;127441;3;High
1048;16215;116216;3;Medium
1049;2989;102990;0;Medium
1050;40933;140934;4;Low
1051;49692;149693;3;High
1052;4282;104283;3;Medium
1053;28085;128086;4;High
1054;20281;120282;3;High
1055;11979;111980;1;Low
1056;38605;138606;0;Medium
1057;22169;122170;3;Medium
1058;22250;122251;3;High
1059;46827;146828;2;Low
1060;5775;105776;3;Medium
1061;43356;143357;4;High
1062;8859;108860;4;Low
1063;37328;137329;3;Medium
1064;11675;111676;2;Medium
1065;16896;116897;0;High
1066;12276;112277;0;Low
1067;28988;128989;3;High
1068;2676;102677;1;Medium
1069;40174;140175;3;Low
1070;3750;103751;1;Low
1071;11485;111486;3;Low
1072;11642;111643;2;Low
1073;32035;132036;3;Low
1074;28212;128213;3;Low
1075;5987;105988;4;High
1076;39693;139694;4;Low
1077;42706;142707;2;Medium
1078;5126;105127;2;Low
1079;15840;115841;1;High
1080;5284;105285;0;Low
1081;15359;115360;2;Medium
1082;14966;114967;3;Medium
1083;32015;132016;0;Medium
1084;3161;103162;1;Medium
1085;42403;142404;1;Low
1086;20332;120333;2;Low
1087;25319;125320;0;Low
1088;17179;117180;3;Low
1089;24157;124158;3;High
1090;41294;141295;1;Low
1091;2552;102553;2;Low
1092;33687;133688;3;Low
1093;49362;149363;0;Medium
1094;3317;103318;0;Low
1095;26166;126167;1;High
1096;40820;140821;3;High
1097;10328;110329;0;Low
1098;26621;126622;4;Medium
1099;16569;116570;3;Medium
1100;47635;147636;3;Medium
1101;2489;102490;1;Medium
1102;32745;132746;2;Medium
1103;14605;114606;1;High
1104;19925;119926;4;High
1105;5871;105872;0;Medium
1106;41490;141491;0;Low
1107;47912;147913;0;Low
1108;49035;149036;4;Low
1109;44163;144164;0;Medium
1110;26349;126350;1;Medium
1111;84;100085;2;Low
1112;4975;104976;3;Low
1113;40790;140791;1;Low
1114;39426;139427;0;Low
1115;17896;117897;3;High
1116;21247;121248;2;Low
1117;20406;120407;1;Medium
1118;33497;133498;1;High
1119;15117;115118;1;Medium
1120;8494;108495;0;High
1121;15663;115664;0;Low
1122;19149;119150;1;Medium
1123;21325;121326;1;High
1124;36452;136453;1;Low
1125;3443;103444;1;High
1126;49508;149509;4;High
1127;39906;139907;0;Medium
1128;9646;109647;4;Medium
1129;8516;108517;3;Medium
1130;27966;127967;1;High
1131;28056;128057;0;Medium
1132;49892;149893;2;Medium
1133;6512;106513;0;Medium
1134;34360;134361;4;Medium
1135;33026;133027;3;High
1136;48379;148380;1;High
1137;35278;135279;1;Medium
1138;14453;114454;2;Medium
1139;15845;115846;3;Low
1140;4112;104113;1;Low
1141;38194;138195;2;Medium
1142;43512;143513;4;High
1143;25078;125079;0;Medium
1144;45660;145661;3;Medium
1145;11049;111050;2;Medium
1146;44388;144389;0;Low
1147;29647;129648;0;Medium
1148;32644;132645;4;Low
1149;43344;143345;2;Medium
1150;5365;105366;4;Medium
1151;37451;137452;0;Medium
1152;21642;121643;3;Medium
1153;41367;141368;4;Medium
1154;18664;118665;2;High
1155;49884;149885;2;Low
1156;1791;101792;0;Medium
1157;16649;116650;2;Medium
1158;23201;123202;3;Medium
1159;48960;148961;0;Low
1160;4419;104420;4;Low
1161;32789;132790;2;High
1162;3197;103198;1;Low
1163;41391;141392;2;Medium
1164;32857;132858;4;Medium
1165;16206;116207;3;Low
1166;11045;111046;2;Medium
1167;23720;123721;3;Medium
1168;17498;117499;0;Medium
1169;45456;145457;1;Low
1170;20342;120343;1;Medium
1171;11789;111790;2;Low
1172;33374;133375;2;Medium
1173;46538;146539;2;High
1174;6535;106536;0;Medium
1175;7400;107401;4;Medium
1176;28750;128751;2;Low
1177;39245;139246;0;High
1178;29606;129607;3;Medium
1179;36151;136152;3;Medium
1180;33313;133314;0;Medium
1181;18678;118679;3;Low
1182;46089;146090;3;Low
1183;23127;123128;4;Medium
1184;35057;135058;0;Low
1185;1560;101561;3;Medium
1186;18067;118068;0;Low
1187;42229;142230;2;Low
1188;5719;105720;1;Low
1189;49459;149460;4;Low
1190;18721;118722;3;Medium
1191;24016;124017;2;Low
1192;38015;138016;3;Low
1193;17514;117515;0;Medium
1194;19978;119979;1;High
1195;21430;121431;2;High
1196;10660;110661;1;High
1197;22537;122538;0;Low
1198;39772;139773;4;High
1199;48922;148923;2;High
1200;8278;108279;3;High
1201;32648;132649;3;Medium
1202;34903;134904;3;Medium
1203;46220;146221;4;Low
1204;34498;134499;3;Low
1205;21851;121852;4;High
1206;44533;144534;4;Medium
1207;38941;138942;3;High
1208;46782;146783;4;High
1209;33238;133239;4;Low
1210;16638;116639;3;High
1211;30822;130823;1;Medium
1212;35652;135653;1;Medium
1213;8139;108140;4;Low
1214;20261;120262;4;Medium
1215;6522;106523;3;Low
1216;418;100419;3;Medium
1217;23170;123171;3;Low
1218;40775;140776;3;Medium
1219;16817;116818;2;Medium
1220;7209;107210;1;Medium
1221;29819;129820;4;Medium
1222;46259;146260;2;Medium
1223;22032;122033;4;Low
1224;9705;109706;4;Medium
1225;22508;122509;4;High
1226;20775;120776;4;Low
1227;16510;116511;3;Medium
1228;45085;145086;4;Low
1229;23450;123451;4;High
1230;3565;103566;0;Low
1231;2315;102316;4;Medium
1232;29;100030;2;Medium
1233;41174;141175;1;High
1234;11915;111916;2;Medium
1235;14151;114152;1;Low
1236;25904;125905;3;Medium
1237;6477;106478;4;Medium
1238;6246;106247;2;Low
1239;35020;135021;0;Medium
1240;36451;136452;3;Medium
1241;38409;138410;2;Low
1242;11189;111190;4;Low
1243;38709;138710;2;High
1244;42564;142565;2;Medium
1245;28496;128497;2;High
1246;8285;108286;3;Low
1247;45992;145993;0;Low
1248;21298;121299;2;Medium
1249;6537;106538;2;Low
1250;2998;102999;3;Medium
1251;38039;138040;0;Medium
1252;32858;132859;1;Medium
1253;28521;128522;3;Medium
1254;14600;114601;0;Low
1255;25225;125226;0;High
1256;29763;129764;1;Medium
1257;24993;124994;0;High
1258;48403;148404;3;Medium
1259;16657;116658;0;Medium
1260;35818;135819;3;Medium
1261;31097;131098;3;Low
1262;42213;142214;1;High
1263;9520;109521;4;Low
1264;40815;140816;1;Medium
1265;9606;109607;4;Medium
1266;19219;119220;0;Medium
1267;37826;137827;0;Medium
1268;20954;120955;1;Medium
1269;33102;133103;2;Medium
1270;44712;144713;4;Low
1271;40484;140485;1;Medium
1272;40303;140304;2;Medium
1273;27692;127693;0;Medium
1274;29994;129995;4;Medium
1275;33871;133872;0;Medium
1276;21470;121471;2;Low
1277;42319;142320;4;High
1278;46190;146191;4;Medium
1279;26726;126727;3;Low
1280;45533;145534;0;Low
1281;20514;120515;3;Medium
1282;28079;128080;4;Medium
1283;20349;120350;4;Medium
1284;9566;109567;3;High
1285;47737;147738;3;High
1286;8466;108467;0;Low
1287;28630;128631;2;Medium
1288;1479;101480;1;Medium
1289;26492;126493;0;High
1290;16775;116776;3;Medium
1291;1294;101295;1;Low
1292;41485;141486;4;Low
1293;42154;142155;2;Low
1294;34418;134419;0;High
1295;12888;112889;1;Low
1296;7256;107257;3;Medium
1297;17148;117149;4;Low
1298;7996;107997;4;Low
1299;37654;137655;2;Medium
1300;34638;134639;3;Medium
1301;49997;149998;1;High
1302;34514;134515;1;Medium
1303;9203;109204;3;Medium
1304;30920;130921;1;Medium
1305;1372;101373;2;High
1306;2462;102463;0;Medium
1307;8458;108459;0;Medium
1308;11782;111783;1;Medium
1309;1632;101633;4;Medium
1310;7831;107832;3;Medium
1311;18064;118065;2;Low
1312;27724;127725;3;Medium
1313;40661;140662;3;Low
1314;31718;131719;0;Medium
1315;23097;123098;2;Medium
1316;49746;149747;4;High
1317;41384;141385;0;High
1318;48;100049;4;High
1319;47611;147612;4;Low
1320;5119;105120;0;High
1321;30213;130214;0;Medium
1322;15567;115568;4;Medium
1323;35203;135204;0;Low
1324;37814;137815;1;Medium
1325;18255;118256;3;Low
1326;23467;123468;3;Medium
1327;36590;136591;4;Low
1328;47706;147707;0;High
1329;17771;117772;1;High
1330;39545;139546;1;Medium
1331;38013;138014;3;Low
1332;9935;109936;3;Medium
1333;45752;145753;0;Low
1334;39459;139460;4;High
1335;12542;112543;1;Medium
1336;4839;104840;1;High
1337;31442;131443;3;Medium
1338;10747;110748;4;High
1339;42254;142255;0;High
1340;31585;131586;2;Low
1341;49542;149543;4;High
1342;81;100082;1;Low
1343;24030;124031;3;Low
1344;13990;113991;4;High
1345;5241;105242;1;Medium
1346;25894;125895;4;Medium
1347;43514;143515;1;Low
1348;34229;134230;0;Medium
1349;38629;138630;2;Medium
1350;1170;101171;2;High
1351;36623;136624;4;High
1352;13893;113894;3;High
1353;17469;117470;1;High
1354;2728;102729;3;Medium
1355;23560;123561;4;Medium
1356;44804;144805;2;Low
1357;27529;127530;0;Medium
1358;22347;122348;3;Low
1359;7859;107860;4;Low
1360;3244;103245;2;High
1361;10856;110857;4;Medium
1362;3914;103915;4;Low
1363;11449;111450;3;High
1364;41080;141081;1;Medium
1365;48393;148394;0;High
1366;11916;111917;2;High
1367;38275;138276;2;Medium
1368;23482;123483;0;Medium
1369;7666;107667;3;Low
1370;12321;112322;4;Medium
1371;26894;126895;2;Low
1372;14569;114570;2;Low
1373;36313;136314;2;Low
1374;530;100531;2;Low
1375;20389;120390;0;Medium
1376;19078;119079;3;Medium
1377;36468;136469;1;Low
1378;38997;138998;0;High
1379;25052;125053;2;Low
1380;14747;114748;1;Low
1381;12128;112129;3;Low
1382;16443;116444;0;High
1383;45354;145355;4;Low
1384;16587;116588;4;Medium
1385;39124;139125;4;Medium
1386;33272;133273;1;Low
1387;9050;109051;0;Low
1388;10325;110326;0;Medium
1389;35221;135222;4;High
1390;18813;118814;0;High
1391;23470;123471;2;Medium
1392;10487;110488;2;High
1393;46540;146541;3;Medium
1394;7091;107092;3;Medium
1395;37793;137794;3;Medium
1396;16210;116211;3;Medium
1397;42148;142149;2;Low
1398;48498;148499;4;Medium
1399;42376;142377;1;Low
1400;42141;142142;3;Medium
1401;23390;123391;0;High
1402;32720;132721;4;Low
1403;20040;120041;0;Medium
1404;19791;119792;3;Low
1405;37043;137044;3;Low
1406;28987;128988;3;Medium
1407;37888;137889;1;Medium
1408;43573;143574;4;Low
1409;18672;118673;2;High
1410;44353;144354;2;Medium
1411;23771;123772;3;Low
1412;5148;105149;1;High
1413;14329;114330;1;Low
1414;44786;144787;3;Low
1415;43493;143494;2;Medium
1416;13835;113836;0;Low
1417;46506;146507;1;Low
1418;896;100897;0;Medium
1419;47030;147031;4;Medium
1420;17107;117108;1;Medium
1421;3288;103289;3;Low
1422;36258;136259;1;Medium
1423;28063;128064;3;Medium
1424;40656;140657;0;High
1425;26609;126610;4;High
1426;34771;134772;4;Low
1427;17361;117362;4;Medium
1428;44288;144289;4;Low
1429;28005;128006;0;High
1430;4991;104992;0;Medium
1431;39601;139602;2;Low
1432;45398;145399;0;Low
1433;29835;129836;1;Medium
1434;235;100236;1;Medium
1435;24471;124472;3;Medium
1436;9306;109307;0;Low
1437;37345;137346;4;Medium
1438;42710;142711;1;Medium
1439;41265;141266;2;Medium
1440;9737;109738;2;Low
1441;196;100197;3;Low
1442;13149;113150;3;High
1443;24576;124577;3;Medium
1444;21659;121660;0;High
1445;37554;137555;2;High
1446;18201;118202;1;Medium
1447;13492;113493;3;Low
1448;10647;110648;4;Low
1449;43628;143629;3;High
1450;25583;125584;0;High
1451;16196;116197;1;High
1452;5916;105917;2;Low
1453;9589;109590;4;Low
1454;14577;114578;3;High
1455;7502;107503;1;Medium
1456;43290;143291;1;Low
1457;14402;114403;4;High
1458;47315;147316;2;Low
1459;46582;146583;3;Medium
1460;31663;131664;0;Medium
1461;16752;116753;0;High
1462;16926;116927;3;Medium
1463;7935;107936;0;Low
1464;20384;120385;2;Low
1465;42158;142159;1;Medium
1466;8573;108574;4;Medium
1467;25132;125133;4;High
1468;49580;149581;4;Low
1469;3992;103993;3;Low
1470;27737;127738;0;High
1471;29117;129118;0;High
1472;49704;149705;0;High
1473;19569;119570;0;Medium
1474;7082;107083;1;Medium
1475;48039;148040;1;Medium
1476;32526;132527;2;Medium
1477;42682;142683;2;Medium
1478;37607;137608;1;Medium
1479;27213;127214;1;High
1480;46355;146356;2;Medium
1481;27602;127603;4;Medium
1482;14411;114412;0;High
1483;45081;145082;1;Medium
1484;46563;146564;3;High
1485;20608;120609;3;Medium
1486;45771;145772;2;Low
1487;22831;122832;1;Medium
1488;23345;123346;4;Low
1489;2005;102006;0;Medium
1490;31742;131743;0;Low
1491;15449;115450;1;High
1492;13939;113940;4;Medium
1493;15020;115021;0;Medium
1494;46603;146604;4;Medium
1495;19687;119688;0;Medium
1496;37010;137011;0;Low
1497;19772;119773;3;High
1498;30254;130255;0;Medium
1499;41708;141709;1;Medium
1500;23930;123931;0;Low
1501;47772;147773;0;Low
1502;42247;142248;2;High
1503;46870;146871;1;Low
1504;11336;111337;3;Medium
1505;23677;123678;1;Medium
1506;39382;139383;1;Medium
1507;48468;148469;3;Low
1508;31607;131608;2;Low
1509;6418;106419;4;Medium
1510;21839;121840;0;Medium
1511;13571;113572;3;Low
1512;26625;126626;4;High
1513;38788;138789;4;High
1514;44023;144024;3;High
1515;4968;104969;4;Low
1516;49533;149534;2;Low
1517;18350;118351;3;Medium
1518;49802;149803;1;Medium
1519;853;100854;1;Medium
1520;41929;141930;4;Low
1521;24344;124345;2;High
1522;805;100806;2;Medium
1523;2268;102269;4;High
1524;23139;123140;4;Medium
1525;3848;103849;2;High
1526;11863;111864;0;Medium
1527;40101;140102;0;Low
1528;19881;119882;1;Medium
1529;45023;145024;3;Low
1530;1086;101087;0;Medium
1531;16092;116093;1;Medium
1532;22272;122273;4;High
1533;29215;129216;0;High
1534;46704;146705;4;Medium
1535;41452;141453;1;Low
1536;18751;118752;3;Medium
1537;24946;124947;2;Low
1538;24435;124436;1;High
1539;6977;106978;2;Low
1540;17109;117110;4;Low
1541;49875;149876;1;Medium
1542;31223;131224;2;Medium
1543;33252;133253;2;Medium
1544;17598;117599;2;Low
1545;47856;147857;2;High
1546;46754;146755;0;Low
1547;35659;135660;1;Medium
1548;36288;136289;0;Medium
1549;13316;113317;2;Medium
1550;10434;110435;1;Low
1551;38660;138661;0;Low
1552;39050;139051;3;Medium
1553;46265;146266;1;High
1554;10607;110608;0;Medium
1555;19164;119165;3;Low
1556;44304;144305;4;High
1557;35002;135003;3;Low
1558;19477;119478;1;Medium
1559;8394;108395;2;High
1560;12253;112254;0;High
1561;47552;147553;2;High
1562;49478;149479;3;High
1563;6862;106863;3;Low
1564;18142;118143;3;Medium
1565;1872;101873;0;High
1566;24942;124943;0;Medium
1567;23420;123421;1;Medium
1568;40246;140247;1;Medium
1569;36668;136669;0;High
1570;13339;113340;0;Low
1571;6424;106425;2;High
1572;15032;115033;3;Medium
1573;1091;101092;2;Low
1574;38712;138713;3;Medium
1575;5830;105831;1;Medium
1576;4627;104628;0;High
1577;8683;108684;3;Medium
1578;47663;147664;3;Low
1579;40631;140632;4;Low
1580;2484;102485;3;Medium
1581;35850;135851;3;Medium
1582;35724;135725;2;Low
1583;22762;122763;1;Low
1584;20321;120322;3;Medium
1585;15789;115790;1;Low
1586;3465;103466;2;Medium
1587;5082;105083;3;Medium
1588;6249;106250;2;High
1589;48578;148579;2;High
1590;289;100290;2;High
1591;3772;103773;0;Medium
1592;16520;116521;1;Medium
1593;37243;137244;3;Medium
1594;25284;125285;1;Medium
1595;33735;133736;3;High
1596;7971;107972;3;Medium
1597;27333;127334;2;Medium
1598;41107;141108;3;Medium
1599;30112;130113;0;Low
1600;19199;119200;1;Medium
1601;17390;117391;0;Medium
1602;19431;119432;3;High
1603;16275;116276;3;High
1604;30147;130148;1;Low
1605;9370;109371;0;Medium
1606;16098;116099;2;Medium
1607;20574;120575;4;Low
1608;12388;112389;3;High
1609;45106;145107;0;High
1610;6761;106762;2;High
1611;16778;116779;0;Medium
1612;32480;132481;0;High
1613;3584;103585;4;Low
1614;1068;101069;4;Medium
1615;49933;149934;0;Low
1616;3871;103872;2;Low
1617;14620;114621;4;High
1618;19504;119505;0;Low
1619;47673;147674;4;High
1620;49981;149982;4;Low
1621;33807;133808;2;Low
1622;5952;105953;0;Medium
1623;23393;123394;3;Low
1624;36709;136710;2;High
1625;49778;149779;2;Low
1626;4320;104321;1;Low
1627;8890;108891;4;Low
1628;49323;149324;4;Medium
1629;15256;115257;2;Low
1630;27030;127031;0;Low
1631;19294;119295;4;Medium
1632;42779;142780;4;Medium
1633;28277;128278;0;Medium
1634;42824;142825;0;Medium
1635;20300;120301;4;Low
1636;33122;133123;1;Low
1637;4327;104328;0;Low
1638;12695;112696;4;Medium
1639;44453;144454;3;Medium
1640;9968;109969;2;Medium
1641;30421;130422;3;Medium
1642;45089;145090;3;High
1643;32387;132388;2;Low
1644;45336;145337;0;Medium
1645;45536;145537;3;Low
1646;43887;143888;3;Medium
1647;13161;113162;2;Medium
1648;47910;147911;0;Low
1649;47390;147391;1;Low
1650;39017;139018;3;Low
1651;10117;110118;3;Low
1652;7073;107074;0;Low
1653;29519;129520;4;Medium
1654;30705;130706;2;High
1655;14510;114511;4;Medium
1656;9665;109666;2;Low
1657;20163;120164;4;High
1658;25460;125461;2;High
1659;36208;136209;3;Medium
1660;35839;135840;0;Medium
1661;45747;145748;3;Medium
1662;19493;119494;1;Low
1663;49280;149281;1;High
1664;10310;110311;4;High
1665;15492;115493;2;Low
1666;22496;122497;4;Medium
1667;38301;138302;1;High
1668;29265;129266;2;High
1669;42974;142975;2;Medium
1670;33464;133465;2;Medium
1671;48915;148916;4;Medium
1672;3639;103640;1;High
1673;43748;143749;4;Medium
1674;46794;146795;2;Low
1675;33979;133980;0;High
1676;15426;115427;1;Medium
1677;30315;130316;2;High
1678;11551;111552;2;Low
1679;8813;108814;2;Low
1680;37189;137190;1;Medium
1681;4711;104712;2;Low
1682;4311;104312;3;Low
1683;7577;107578;0;Medium
1684;42396;142397;4;High
1685;141;100142;3;High
1686;48812;148813;3;Medium
1687;48443;148444;2;High
1688;4753;104754;4;Low
1689;33532;133533;4;Low
1690;47263;147264;1;High
1691;37812;137813;3;High
1692;3947;103948;1;Medium
1693;28807;128808;3;High
1694;415;100416;4;Low
1695;11550;111551;2;Medium
1696;27229;127230;1;Medium
1697;20610;120611;3;Low
1698;8618;108619;1;Medium
1699;8353;108354;2;Medium
1700;2368;102369;0;Medium
1701;20379;120380;2;Low
1702;35937;135938;1;High
1703;26865;126866;1;High
1704;21968;121969;0;Low
1705;9684;109685;0;Medium
1706;21175;121176;2;Low
1707;21818;121819;3;Low
1708;9617;109618;4;Medium
1709;21142;121143;3;High
1710;47865;147866;3;High
1711;46443;146444;4;High
1712;12091;112092;3;Low
1713;38099;138100;1;Low
1714;39849;139850;1;Medium
1715;1332;101333;0;Low
1716;43823;143824;3;Low
1717;5647;105648;1;Low
1718;6217;106218;2;Low
1719;14663;114664;1;Medium
1720;46394;146395;2;Low
1721;6737;106738;4;Medium
1722;30118;130119;1;Medium
1723;45750;145751;4;High
1724;8646;108647;4;High
1725;33698;133699;3;Low
1726;43812;143813;0;Low
1727;13660;113661;2;High
1728;281;100282;4;Medium
1729;40585;140586;2;High
1730;6155;106156;3;High
1731;40171;140172;0;High
1732;11436;111437;2;Medium
1733;38428;138429;3;Medium
1734;24960;124961;1;Low
1735;36884;136885;1;Low
1736;21767;121768;2;Low
1737;38766;138767;3;Low
1738;29402;129403;0;Low
1739;9522;109523;2;Medium
1740;33782;133783;3;Medium
1741;46043;146044;3;Low
1742;1108;101109;4;High
1743;6042;106043;0;High
1744;31392;131393;4;Medium
1745;34480;134481;3;High
1746;35822;135823;1;High
1747;31967;131968;3;Low
1748;22754;122755;3;High
1749;26926;126927;3;Medium
1750;16440;116441;2;Low
1751;352;100353;0;Medium
1752;48640;148641;1;Medium
1753;47234;147235;4;Medium
1754;16673;116674;0;Low
1755;14797;114798;3;Low
1756;3833;103834;0;Low
1757;384;100385;0;Low
1758;47472;147473;1;Low
1759;8906;108907;1;High
1760;38429;138430;0;Medium
1761;44261;144262;1;High
1762;1393;101394;0;High
1763;3434;103435;4;Low
1764;23986;123987;4;Low
1765;4879;104880;1;Low
1766;44674;144675;3;Low
1767;49414;149415;0;Medium
1768;37932;137933;4;Medium
1769;34757;134758;4;Medium
1770;9911;109912;2;Medium
1771;49336;149337;0;High
1772;36245;136246;2;High
1773;33575;133576;0;Low
1774;12232;112233;4;High
1775;24924;124925;1;High
1776;11649;111650;0;Medium
1777;11034;111035;2;Medium
1778;26397;126398;0;High
1779;49441;149442;3;High
1780;37246;137247;2;Low
1781;42034;142035;4;Medium
1782;20308;120309;2;Medium
1783;47710;147711;0;High
1784;21710;121711;2;Medium
1785;22871;122872;4;Medium
1786;46096;146097;1;Medium
1787;34893;134894;0;Low
1788;9265;109266;1;Low
1789;39580;139581;3;High
1790;33383;133384;0;Low
1791;46383;146384;1;Medium
1792;34343;134344;2;High
1793;24308;124309;0;Low
1794;18447;118448;1;Medium
1795;43197;143198;3;High
1796;35212;135213;1;High
1797;45517;145518;4;High
1798;8476;108477;1;High
1799;37077;137078;1;Low
1800;42909;142910;0;Medium
1801;42355;142356;2;Medium
1802;46026;146027;0;Low
1803;30779;130780;1;Low
1804;40187;140188;2;High
1805;1366;101367;2;Medium
1806;26958;126959;2;Medium
1807;29864;129865;0;Medium
1808;15330;115331;4;Low
1809;32773;132774;2;Medium
1810;33712;133713;3;High
1811;1161;101162;2;Medium
1812;27791;127792;0;High
1813;6130;106131;4;Low
1814;26889;126890;1;Low
1815;24167;124168;1;Medium
1816;26565;126566;3;Medium
1817;17080;117081;4;High
1818;33403;133404;3;Low
1819;8220;108221;3;Medium
1820;13569;113570;3;Low
1821;49367;149368;1;Low
1822;14922;114923;0;Low
1823;6090;106091;1;High
1824;48045;148046;3;Low
1825;41248;141249;0;High
1826;31826;131827;0;Medium
1827;34494;134495;1;Low
1828;34656;134657;4;Medium
1829;39713;139714;3;Medium
1830;7333;107334;2;High
1831;17622;117623;1;Low
1832;27378;127379;2;Low
1833;5497;105498;4;High
1834;5509;105510;3;Medium
1835;1848;101849;0;Medium
1836;7459;107460;3;Medium
1837;19246;119247;0;Medium
1838;32041;132042;2;Medium
1839;15592;115593;4;Low
1840;41630;141631;3;Medium
1841;4525;104526;0;Low
1842;24049;124050;3;High
1843;34402;134403;0;Medium
1844;37953;137954;2;Low
1845;17794;117795;0;Low
1846;33073;133074;2;Medium
1847;45823;145824;4;High
1848;32068;132069;4;High
1849;10912;110913;2;Low
1850;42365;142366;4;High
1851;10240;110241;4;Low
1852;6878;106879;4;Low
1853;3275;103276;3;Low
1854;14802;114803;4;Medium
1855;48135;148136;2;Low
1856;9580;109581;0;High
1857;31118;131119;0;Medium
1858;45758;145759;0;Medium
1859;30394;130395;1;Medium
1860;47919;147920;3;Low
1861;34282;134283;2;Medium
1862;17599;117600;1;Low
1863;38671;138672;1;Medium
1864;24034;124035;1;High
1865;31807;131808;0;Low
1866;18070;118071;2;Low
1867;29648;129649;1;Medium
1868;137;100138;4;Medium
1869;39710;139711;3;Medium
1870;8403;108404;0;High
1871;14748;114749;3;High
1872;22637;122638;4;Low
1873;4053;104054;0;Low
1874;45226;145227;1;Low
1875;32500;132501;0;High
1876;10305;110306;4;Low
1877;8710;108711;1;Medium
1878;17997;117998;2;Low
1879;41876;141877;3;High
1880;16209;116210;0;Medium
1881;17173;117174;2;Medium
1882;17699;117700;3;Low
1883;46527;146528;2;Medium
1884;9667;109668;4;High
1885;30129;130130;4;Low
1886;5699;105700;3;High
1887;5954;105955;1;Low
1888;13252;113253;0;Medium
1889;40281;140282;2;Medium
1890;37116;137117;3;Medium
1891;43759;143760;0;Low
1892;30971;130972;2;Medium
1893;37462;137463;0;Medium
1894;23990;123991;1;Medium
1895;45739;145740;0;Medium
1896;10438;110439;4;Low
1897;22614;122615;4;High
1898;22326;122327;2;Low
1899;8437;108438;4;Low
1900;33561;133562;0;Low
1901;5213;105214;1;High
1902;41774;141775;4;Low
1903;30520;130521;4;Medium
1904;12655;112656;0;High
1905;29971;129972;1;High
1906;26110;126111;4;Medium
1907;18109;118110;2;High
1908;1481;101482;4;Medium
1909;38296;138297;2;High
1910;28844;128845;4;High
1911;38221;138222;0;High
1912;28103;128104;3;Medium
1913;13174;113175;1;Low
1914;42776;142777;1;High
1915;40092;140093;0;Medium
1916;11603;111604;4;Medium
1917;49755;149756;3;Medium
1918;40209;140210;2;High
1919;37535;137536;1;High
1920;9681;109682;0;Medium
1921;11222;111223;0;Low
1922;33265;133266;3;High
1923;45469;145470;3;Medium
1924;44807;144808;4;Low
1925;47288;147289;4;High
1926;34295;134296;2;Low
1927;12230;112231;2;Low
1928;48770;148771;1;High
1929;34872;134873;0;Low
1930;31811;131812;3;Low
1931;2956;102957;4;Low
1932;28377;128378;1;Medium
1933;7111;107112;1;Low
1934;41758;141759;3;High
1935;48410;148411;4;Medium
1936;38348;138349;2;Low
1937;47766;147767;3;Low
1938;26267;126268;3;Low
1939;39825;139826;0;Low
1940;953;100954;1;Low
1941;31218;131219;2;High
1942;49199;149200;1;Low
1943;49852;149853;4;High
1944;1171;101172;3;Medium
1945;47469;147470;3;Medium
1946;46215;146216;4;High
1947;10048;110049;4;Low
1948;28357;128358;1;High
1949;35240;135241;2;Medium
1950;14998;114999;3;Medium
1951;17624;117625;1;Medium
1952;5143;105144;3;Medium
1953;25600;125601;1;High
1954;7954;107955;4;High
1955;34463;134464;4;High
1956;14576;114577;3;Medium
1957;17405;117406;2;Medium
1958;15388;115389;1;Low
1959;10244;110245;2;Low
1960;47810;147811;0;Low
1961;26056;126057;1;High
1962;12734;112735;1;Low
1963;44081;144082;1;Medium
1964;373;100374;0;High
1965;13089;113090;3;Medium
1966;40005;140006;1;Medium
1967;47565;147566;3;Medium
1968;12415;112416;3;High
1969;20866;120867;3;Medium
1970;45449;145450;1;Low
1971;17894;117895;0;Medium
1972;28026;128027;1;High
1973;39992;139993;2;Low
1974;7237;107238;4;Medium
1975;48927;148928;0;Medium
1976;43242;143243;3;Medium
1977;35758;135759;3;High
1978;7467;107468;1;Low
1979;14064;114065;3;Low
1980;13466;113467;0;High
1981;21787;121788;0;High
1982;27519;127520;0;Medium
1983;19117;119118;0;Medium
1984;27312;127313;4;High
1985;23169;123170;4;Medium
1986;41375;141376;1;Low
1987;26307;126308;4;Medium
1988;40789;140790;3;Low
1989;21847;121848;3;Low
1990;4949;104950;0;Medium
1991;46577;146578;2;Medium
1992;24558;124559;0;Low
1993;39581;139582;1;Medium
1994;15761;115762;4;Low
1995;217;100218;2;High
1996;14413;114414;3;Medium
1997;3472;103473;2;Medium
1998;11496;111497;3;Medium
1999;8000;108001;4;Low
2000;30036;130037;0;Medium
2001;10697;110698;2;Medium
2002;15886;115887;1;High
2003;27744;127745;3;Medium
2004;28813;128814;3;Low
2005;36240;136241;1;High
2006;2925;102926;4;Low
2007;700;100701;4;Low
2008;7681;107682;0;High
2009;5015;105016;2;Low
2010;32819;132820;0;Medium
2011;44842;144843;0;Low
2012;31109;131110;4;Low
2013;46240;146241;0;High
2014;12555;112556;4;High
2015;48590;148591;1;Low
2016;550;100551;2;Medium
2017;26455;126456;0;Medium
2018;7920;107921;2;Low
2019;3487;103488;2;Low
2020;45606;145607;0;Low
2021;36786;136787;1;Low
2022;37148;137149;4;Low
2023;47544;147545;4;Low
2024;19885;119886;1;Low
2025;10518;110519;0;Low
2026;5188;105189;1;Medium
2027;1319;101320;2;Medium
2028;9733;109734;2;Medium
2029;28693;128694;0;Low
2030;12598;112599;1;Medium
2031;13198;113199;3;High
2032;23886;123887;1;Low
2033;24874;124875;4;High
2034;25059;125060;0;Medium
2035;35030;135031;4;High
2036;36233;136234;2;Medium
2037;10754;110755;1;Low
2038;20855;120856;2;Low
2039;4005;104006;4;Medium
2040;38180;138181;3;Low
2041;4654;104655;3;Medium
2042;39493;139494;1;Low
2043;11081;111082;4;Low
2044;15136;115137;1;Low
2045;7286;107287;1;Medium
2046;16723;116724;2;Medium
2047;31830;131831;0;High
2048;24172;124173;1;High
2049;37477;137478;0;Medium
2050;41611;141612;0;High
2051;19212;119213;0;Medium
2052;12554;112555;1;Low
2053;36644;136645;1;Medium
2054;48661;148662;1;Low
2055;19480;119481;3;Low
2056;38932;138933;0;Medium
2057;35074;135075;0;Medium
2058;46307;146308;1;Medium
2059;37432;137433;1;Low
2060;39826;139827;0;Medium
2061;5540;105541;2;Medium
2062;16290;116291;3;Low
2063;36769;136770;0;Medium
2064;23665;123666;1;Medium
2065;32883;132884;0;Low
2066;19643;119644;0;Low
2067;20256;120257;1;Medium
2068;2730;102731;1;Medium
2069;3242;103243;1;High
2070;47949;147950;0;Medium
2071;43126;143127;4;Low
2072;28819;128820;1;Low
2073;11099;111100;4;Low
2074;30679;130680;1;Medium
2075;46954;146955;1;Medium
2076;22869;122870;0;Medium
2077;9679;109680;1;Medium
2078;43298;143299;2;Medium
2079;2007;102008;0;Low
2080;37864;137865;4;Low
2081;14849;114850;1;Low
2082;38342;138343;2;Medium
2083;39367;139368;1;Low
2084;43588;143589;3;High
2085;21850;121851;4;Low
2086;28391;128392;2;High
2087;32371;132372;3;High
2088;43928;143929;4;Medium
2089;20769;120770;1;Low
2090;21591;121592;3;Medium
2091;40642;140643;3;Medium
2092;12887;112888;0;Medium
2093;41524;141525;4;High
2094;1165;101166;0;Low
2095;41253;141254;0;Medium
2096;11935;111936;3;Medium
2097;41677;141678;1;Medium
2098;24161;124162;4;Low
2099;17847;117848;2;High
2100;32037;132038;4;Medium
2101;30983;130984;0;High
2102;32244;132245;3;High
2103;37886;137887;1;Medium
2104;14719;114720;2;Low
2105;4608;104609;1;Low
2106;3072;103073;0;Medium
2107;40620;140621;4;Low
2108;9568;109569;3;Medium
2109;31152;131153;4;Low
2110;11927;111928;0;Medium
2111;10845;110846;3;Medium
2112;49019;149020;2;High
2113;39084;139085;3;High
2114;40402;140403;0;Medium
2115;2076;102077;4;Low
2116;34758;134759;1;High
2117;21044;121045;1;Low
2118;45682;145683;4;Medium
2119;10665;110666;2;Low
2120;40178;140179;3;High
2121;22015;122016;1;Medium
2122;49509;149510;1;Medium
2123;15214;115215;4;Medium
2124;35605;135606;0;High
2125;5086;105087;4;Medium
2126;14265;114266;0;Medium
2127;21172;121173;2;Low
2128;3391;103392;3;Medium
2129;9280;109281;2;Medium
2130;45058;145059;0;High
2131;3709;103710;1;Medium
2132;3767;103768;0;High
2133;41609;141610;2;Medium
2134;46418;146419;0;High
2135;2687;102688;2;Medium
2136;31689;131690;3;High
2137;44147;144148;2;Medium
2138;13615;113616;0;Low
2139;1296;101297;3;Medium
2140;35279;135280;1;Low
2141;32484;132485;2;High
2142;28231;128232;4;Medium
2143;36722;136723;1;Medium
2144;28751;128752;1;High
2145;47827;147828;3;Medium
2146;47632;147633;1;Medium
2147;6594;106595;4;Low
2148;5039;105040;3;Low
2149;21315;121316;0;High
2150;47054;147055;1;Medium
2151;49020;149021;1;Medium
2152;46309;146310;0;Medium
2153;25676;125677;2;Low
2154;40425;140426;0;Medium
2155;8636;108637;0;Medium
2156;49119;149120;1;Medium
2157;46850;146851;4;High
2158;20771;120772;3;High
2159;14527;114528;0;Medium
2160;31304;131305;4;High
2161;5730;105731;0;Medium
2162;33965;133966;0;Low
2163;37697;137698;1;Medium
2164;2791;102792;2;Medium
2165;34072;134073;0;Medium
2166;18343;118344;2;Low
2167;49739;149740;3;Medium
2168;14490;114491;3;Medium
2169;47317;147318;4;Medium
2170;644;100645;4;Low
2171;48833;148834;3;Low
2172;17809;117810;4;Medium
2173;17757;117758;3;High
2174;42035;142036;1;Medium
2175;21426;121427;3;High
2176;6622;106623;1;Low
2177;24544;124545;1;Low
2178;10067;110068;0;Medium
2179;17876;117877;1;High
2180;33433;133434;2;Low
2181;39567;139568;0;High
2182;4610;104611;0;High
2183;40364;140365;1;Medium
2184;41544;141545;4;Low
2185;36317;136318;3;Low
2186;37701;137702;2;High
2187;20928;120929;2;Low
2188;10476;110477;4;Medium
2189;17608;117609;3;High
2190;5839;105840;2;Medium
2191;9793;109794;2;High
2192;44387;144388;3;High
2193;45328;145329;0;Medium
2194;28001;128002;1;Low
2195;31212;131213;2;Low
2196;38097;138098;1;Low
2197;17691;117692;3;Medium
2198;20700;120701;4;High
2199;39900;139901;4;High
2200;28884;128885;1;Medium
2201;16583;116584;3;Medium
2202;1070;101071;4;Medium
2203;43361;143362;2;Medium
2204;5542;105543;0;Low
2205;30207;130208;1;High
2206;25158;125159;1;Low
2207;18860;118861;1;Medium
2208;32949;132950;0;Medium
2209;19567;119568;2;Medium
2210;41196;141197;1;Low
2211;6238;106239;2;High
2212;29523;129524;3;Medium
2213;722;100723;2;Medium
2214;21524;121525;1;Low
2215;20917;120918;2;High
2216;13061;113062;1;High
2217;43566;143567;2;Low
2218;38101;138102;2;Low
2219;18970;118971;2;Medium
2220;28865;128866;1;Low
2221;47744;147745;4;Low
2222;6144;106145;2;Low
2223;35668;135669;2;Low
2224;2410;102411;1;Medium
2225;35899;135900;4;Medium
2226;24331;124332;2;Medium
2227;46463;146464;0;Medium
2228;30132;130133;0;Low
2229;34706;134707;2;Medium
2230;36825;136826;1;Low
2231;20387;120388;0;Low
2232;33106;133107;0;High
2233;8725;108726;0;Medium
2234;33456;133457;3;High
2235;35666;135667;1;Medium
2236;12159;112160;3;Medium
2237;8064;108065;4;High
2238;21242;121243;3;High
2239;40806;140807;3;Medium
2240;22050;122051;2;Medium
2241;9875;109876;3;Medium
2242;11566;111567;3;High
2243;10212;110213;0;High
2244;5053;105054;1;Low
2245;18480;118481;1;Low
2246;46694;146695;0;Medium
2247;2886;102887;1;Medium
2248;40235;140236;4;Medium
2249;16370;116371;2;Medium
2250;39845;139846;0;Low
2251;45029;145030;1;Medium
2252;45107;145108;4;Low
2253;20446;120447;4;High
2254;3570;103571;2;Low
2255;11874;111875;2;Low
2256;27631;127632;3;Low
2257;10785;110786;4;Medium
2258;11692;111693;3;High
2259;2000;102001;1;High
2260;6196;106197;2;High
2261;13734;113735;4;Low
2262;36963;136964;4;High
2263;13802;113803;2;Low
2264;4377;104378;4;High
2265;7518;107519;1;Medium
2266;49910;149911;2;High
2267;21040;121041;1;Medium
2268;18972;118973;0;High
2269;1722;101723;3;Low
2270;12318;112319;4;High
2271;47331;147332;2;Low
2272;30665;130666;0;High
2273;38107;138108;3;Medium
2274;45066;145067;4;Medium
2275;22093;122094;1;High
2276;30183;130184;4;High
2277;13414;113415;2;Low
2278;36073;136074;2;Medium
2279;41008;141009;2;High
2280;44426;144427;0;Low
2281;3985;103986;0;Medium
2282;23959;123960;1;Medium
2283;19768;119769;2;Medium
2284;22934;122935;0;High
2285;32620;132621;4;High
2286;6235;106236;2;High
2287;36877;136878;0;Medium
2288;42759;142760;4;Low
2289;31240;131241;1;Medium
2290;23119;123120;0;High
2291;11739;111740;4;Medium
2292;15145;115146;2;Low
2293;46357;146358;4;Medium
2294;46372;146373;0;Medium
2295;14963;114964;2;Medium
2296;1199;101200;0;Medium
2297;10810;110811;0;Low
2298;36459;136460;4;High
2299;5462;105463;4;High
2300;49016;149017;3;High
2301;27178;127179;2;Low
2302;8316;108317;3;High
2303;7908;107909;2;Low
2304;15118;115119;2;Medium
2305;49619;149620;4;Medium
2306;5899;105900;2;Medium
2307;31973;131974;4;Medium
2308;41530;141531;2;High
2309;26466;126467;4;Low
2310;45175;145176;1;High
2311;28520;128521;3;Low
2312;16901;116902;0;Medium
2313;8070;108071;4;High
2314;11254;111255;1;Medium
2315;16782;116783;2;Low
2316;19949;119950;1;High
2317;32312;132313;0;Medium
2318;35335;135336;1;High
2319;16331;116332;1;Low
2320;17353;117354;2;Medium
2321;27136;127137;0;Medium
2322;41508;141509;1;Low
2323;33046;133047;0;Medium
2324;40396;140397;0;High
2325;24655;124656;1;High
2326;3959;103960;0;Low
2327;44360;144361;2;Medium
2328;5726;105727;1;Medium
2329;37960;137961;3;Medium
2330;16142;116143;2;Medium
2331;2468;102469;3;High
2332;11632;111633;1;Low
2333;12351;112352;4;Medium
2334;40423;140424;4;Low
2335;37578;137579;1;High
2336;49842;149843;2;Medium
2337;42093;142094;3;High
2338;5054;105055;0;Medium
2339;4244;104245;1;Medium
2340;35558;135559;0;Low
2341;2374;102375;0;High
2342;12319;112320;0;High
2343;5028;105029;4;Medium
2344;47327;147328;4;Low
2345;16839;116840;2;Medium
2346;9434;109435;2;Medium
2347;22097;122098;3;High
2348;14735;114736;4;Low
2349;38550;138551;0;Low
2350;32701;132702;3;High
2351;13247;113248;0;High
2352;45824;145825;2;Medium
2353;40540;140541;3;Low
2354;29325;129326;0;Medium
2355;759;100760;4;High
2356;8649;108650;1;Medium
2357;14889;114890;2;Low
2358;16204;116205;1;Medium
2359;36417;136418;2;Low
2360;38010;138011;4;Medium
2361;14750;114751;2;Medium
2362;49498;149499;4;High
2363;38293;138294;3;Low
2364;17848;117849;3;Low
2365;24029;124030;3;Medium
2366;29993;129994;0;Medium
2367;35461;135462;4;Medium
2368;43389;143390;0;Low
2369;39882;139883;0;Medium
2370;7612;107613;2;High
2371;20682;120683;0;High
2372;15018;115019;0;High
2373;2716;102717;0;High
2374;45652;145653;4;High
2375;5925;105926;1;Medium
2376;23197;123198;4;Low
2377;23373;123374;1;High
2378;16195;116196;0;Medium
2379;14547;114548;4;Medium
2380;41025;141026;1;Medium
2381;15403;115404;0;Low
2382;35196;135197;1;High
2383;4874;104875;3;Low
2384;31;100032;3;Medium
2385;20135;120136;2;Medium
2386;33890;133891;3;High
2387;18340;118341;3;Medium
2388;39990;139991;4;Medium
2389;37418;137419;1;Medium
2390;31697;131698;2;High
2391;35427;135428;3;High
2392;22421;122422;0;Medium
2393;38823;138824;3;Low
2394;15733;115734;2;High
2395;28205;128206;2;Medium
2396;30653;130654;2;High
2397;8450;108451;2;High
2398;6414;106415;4;High
2399;3406;103407;0;Low
2400;6773;106774;4;High
2401;36832;136833;1;Medium
2402;27934;127935;2;Medium
2403;11650;111651;3;Medium
2404;38555;138556;1;High
2405;392;100393;3;Medium
2406;19119;119120;4;High
2407;32302;132303;0;Low
2408;41458;141459;3;Medium
2409;14628;114629;2;Medium
2410;44973;144974;1;Medium
2411;9638;109639;1;Low
2412;27034;127035;4;Low
2413;32409;132410;3;High
2414;567;100568;3;Medium
2415;1331;101332;0;Medium
2416;14421;114422;1;High
2417;27800;127801;4;Medium
2418;28168;128169;2;Medium
2419;45463;145464;1;High
2420;33062;133063;2;Medium
2421;14395;114396;1;Medium
2422;38838;138839;3;Medium
2423;19279;119280;0;Low
2424;3305;103306;3;High
2425;31020;131021;0;Low
2426;27029;127030;1;Medium
2427;4789;104790;0;Low
2428;1354;101355;3;Low
2429;9037;109038;4;Low
2430;12776;112777;3;Medium
2431;5526;105527;0;Low
2432;8287;108288;2;Low
2433;19817;119818;3;High
2434;19766;119767;2;High
2435;6597;106598;1;Low
2436;36599;136600;2;High
2437;478;100479;0;High
2438;5488;105489;2;Medium
2439;33349;133350;2;Low
2440;30120;130121;4;Medium
2441;49457;149458;0;Medium
2442;18990;118991;2;Low
2443;35549;135550;4;Low
2444;17448;117449;1;Low
2445;42694;142695;2;High
2446;34556;134557;1;Low
2447;45542;145543;3;High
2448;29892;129893;3;Low
2449;6809;106810;4;Medium
2450;16856;116857;3;Medium
2451;8608;108609;0;High
2452;48966;148967;4;High
2453;18556;118557;3;High
2454;6819;106820;1;Low
2455;33571;133572;0;High
2456;14647;114648;0;Low
2457;41966;141967;1;Medium
2458;30462;130463;3;High
2459;26201;126202;4;Medium
2460;14537;114538;4;Low
2461;16242;116243;1;Medium
2462;41641;141642;0;High
2463;44139;144140;2;Medium
2464;26446;126447;3;Medium
2465;32895;132896;4;Low
2466;21697;121698;0;High
2467;11144;111145;1;Medium
2468;9921;109922;1;Low
2469;3490;103491;4;Medium
2470;22864;122865;1;Low
2471;11314;111315;4;Low
2472;44811;144812;2;High
2473;11605;111606;0;High
2474;2624;102625;4;High
2475;48890;148891;4;Low
2476;5734;105735;2;High
2477;22607;122608;3;Medium
2478;24894;124895;0;High
2479;33400;133401;1;Low
2480;16017;116018;2;Low
2481;39543;139544;0;Medium
2482;33088;133089;3;Medium
2483;12870;112871;3;Medium
2484;38219;138220;2;Medium
2485;45917;145918;0;Medium
2486;12145;112146;4;Medium
2487;30510;130511;1;High
2488;14280;114281;0;Medium
2489;37291;137292;0;Low
2490;17406;117407;0;High
2491;11350;111351;0;Medium
2492;40907;140908;0;Low
2493;40571;140572;0;High
2494;15284;115285;0;Low
2495;30067;130068;3;Medium
2496;19625;119626;1;Medium
2497;17865;117866;4;Low
2498;29655;129656;0;Low
2499;5643;105644;0;High
2500;18554;118555;4;Low
2501;14175;114176;1;Medium
2502;39809;139810;4;Low
2503;6373;106374;0;Medium
2504;160;100161;0;Low
2505;13405;113406;1;Medium
2506;440;100441;0;High
2507;26733;126734;0;Medium
2508;26285;126286;4;Low
2509;29381;129382;1;Low
2510;20311;120312;0;Low
2511;658;100659;4;Medium
2512;26683;126684;1;Low
2513;18023;118024;3;Low
2514;31382;131383;4;High
2515;40609;140610;3;High
2516;4063;104064;1;High
2517;28022;128023;2;High
2518;13744;113745;1;Medium
2519;47602;147603;4;Low
2520;24472;124473;2;Medium
2521;21348;121349;2;Low
2522;27854;127855;3;Medium
2523;19089;119090;3;Medium
2524;40487;140488;3;High
2525;47561;147562;4;Low
2526;18777;118778;3;High
2527;29729;129730;4;High
2528;29431;129432;1;Medium
2529;16184;116185;2;Medium
2530;28512;128513;1;Low
2531;47958;147959;2;Medium
2532;18685;118686;4;High
2533;27489;127490;0;Medium
2534;40141;140142;3;Medium
2535;14905;114906;0;Low
2536;23062;123063;4;Low
2537;43788;143789;3;Low
2538;47668;147669;1;Medium
2539;814;100815;2;Low
2540;12529;112530;3;Medium
2541;20577;120578;3;Medium
2542;16958;116959;2;Medium
2543;28397;128398;4;Low
2544;37144;137145;3;Low
2545;38320;138321;4;Low
2546;7772;107773;0;High
2547;16072;116073;3;Medium
2548;12107;112108;0;High
2549;6260;106261;3;Medium
2550;7260;107261;1;Medium
2551;14239;114240;2;Medium
2552;13682;113683;4;High
2553;1753;101754;0;Medium
2554;30125;130126;4;Low
2555;42425;142426;2;Medium
2556;12993;112994;1;Low
2557;11598;111599;2;Medium
2558;24421;124422;2;Medium
2559;18025;118026;4;High
2560;32364;132365;4;Medium
2561;43463;143464;4;Medium
2562;4402;104403;4;Low
2563;9238;109239;3;High
2564;20150;120151;1;Medium
2565;43319;143320;3;Medium
2566;45724;145725;3;Low
2567;295;100296;1;Medium
2568;1023;101024;3;Low
2569;11676;111677;1;Medium
2570;14904;114905;1;High
2571;48486;148487;4;Low
2572;370;100371;2;Low
2573;691;100692;4;Medium
2574;46476;146477;2;High
2575;17534;117535;2;Low
2576;25675;125676;0;Low
2577;9768;109769;2;Medium
2578;40793;140794;4;High
2579;43860;143861;1;Medium
2580;47833;147834;2;Low
2581;43164;143165;1;Medium
2582;41266;141267;4;High
2583;42059;142060;0;Medium
2584;21858;121859;2;High
2585;5664;105665;3;Medium
2586;44235;144236;1;Low
2587;25271;125272;2;Low
2588;4400;104401;0;High
2589;24114;124115;1;Medium
2590;41962;141963;4;Low
2591;49490;149491;2;Low
2592;41827;141828;1;Medium
2593;47722;147723;0;High
2594;40359;140360;0;High
2595;6017;106018;1;Medium
2596;6229;106230;1;Low
2597;34662;134663;2;Low
2598;48472;148473;4;Low
2599;1076;101077;4;Low
2600;24018;124019;1;Medium
2601;36768;136769;2;Low
2602;45427;145428;1;Low
2603;46656;146657;4;Medium
2604;38517;138518;1;Low
2605;2575;102576;0;High
2606;24707;124708;3;Medium
2607;9382;109383;3;Low
2608;816;100817;1;High
2609;44910;144911;4;Medium
2610;46660;146661;0;Low
2611;24550;124551;3;Medium
2612;20147;120148;3;Medium
2613;14673;114674;0;Low
2614;40588;140589;3;Low
2615;20825;120826;4;Low
2616;18834;118835;2;Medium
2617;112;100113;0;Low
2618;41475;141476;2;Medium
2619;30367;130368;1;High
2620;33087;133088;4;High
2621;46092;146093;0;Low
2622;37129;137130;1;Low
2623;43205;143206;1;High
2624;32732;132733;3;High
2625;41554;141555;1;Medium
2626;27611;127612;3;Low
2627;22028;122029;1;Low
2628;45693;145694;3;Medium
2629;27038;127039;3;Low
2630;33487;133488;2;Low
2631;47230;147231;2;Low
2632;12651;112652;4;Low
2633;1107;101108;2;High
2634;40034;140035;2;Low
2635;36083;136084;1;Medium
2636;23299;123300;0;Medium
2637;48373;148374;0;Medium
2638;48567;148568;2;Low
2639;18257;118258;3;Low
2640;37699;137700;3;Low
2641;22618;122619;3;Low
2642;31507;131508;0;Low
2643;30699;130700;0;Medium
2644;39837;139838;2;Low
2645;49844;149845;2;Low
2646;39018;139019;1;Low
2647;72;100073;2;Low
2648;32576;132577;4;High
2649;30133;130134;0;Low
2650;4673;104674;0;High
2651;46695;146696;0;Low
2652;22712;122713;2;High
2653;33733;133734;1;High
2654;16897;116898;3;Low
2655;23659;123660;1;High
2656;1278;101279;1;Low
2657;37132;137133;1;Medium
2658;43738;143739;4;Medium
2659;17688;117689;2;Medium
2660;45852;145853;3;Medium
2661;221;100222;1;Low
2662;48998;148999;4;Medium
2663;23756;123757;1;Low
2664;46314;146315;1;Low
2665;11738;111739;3;Low
2666;23774;123775;1;Low
2667;36187;136188;1;Medium
2668;41281;141282;3;Low
2669;20405;120406;4;High
2670;21022;121023;1;Medium
2671;22739;122740;0;Medium
2672;12041;112042;1;Low
2673;47843;147844;0;Medium
2674;24320;124321;2;Medium
2675;20857;120858;2;Low
2676;9466;109467;1;Low
2677;5020;105021;0;Low
2678;5772;105773;3;High
2679;8548;108549;0;Low
2680;4242;104243;3;Medium
2681;35979;135980;1;High
2682;29305;129306;0;Low
2683;32413;132414;1;Medium
2684;26133;126134;1;Medium
2685;5635;105636;2;Medium
2686;18521;118522;4;Medium
2687;22274;122275;3;Low
2688;29132;129133;4;High
2689;31334;131335;3;Low
2690;44026;144027;2;Low
2691;3084;103085;2;Low
2692;7509;107510;3;Medium
2693;37417;137418;0;Medium
2694;23425;123426;1;High
2695;36482;136483;1;High
2696;31930;131931;1;Low
2697;30076;130077;4;Medium
2698;44664;144665;2;High
2699;40686;140687;4;Low
2700;17106;117107;0;Low
2701;44282;144283;2;Medium
2702;11056;111057;2;Low
2703;34140;134141;3;Medium
2704;19980;119981;4;Medium
2705;33169;133170;0;Low
2706;24324;124325;4;High
2707;43019;143020;1;Medium
2708;18555;118556;3;Medium
2709;2104;102105;2;Low
2710;19686;119687;1;High
2711;31776;131777;0;Medium
2712;19095;119096;1;Low
2713;25681;125682;2;High
2714;13582;113583;1;Medium
2715;30045;130046;2;Low
2716;31772;131773;3;Medium
2717;32566;132567;2;Low
2718;38811;138812;3;High
2719;41661;141662;3;Medium
2720;14290;114291;4;Medium
2721;20900;120901;3;Low
2722;2313;102314;0;Medium
2723;17806;117807;0;High
2724;8291;108292;1;High
2725;16642;116643;4;Medium
2726;1828;101829;0;Low
2727;24272;124273;2;Low
2728;1042;101043;4;High
2729;36261;136262;4;Medium
2730;2043;102044;3;Low
2731;7932;107933;0;Medium
2732;40522;140523;1;Medium
2733;48466;148467;3;Low
2734;5208;105209;2;Medium
2735;44776;144777;1;Low
2736;12023;112024;3;Medium
2737;39029;139030;1;Low
2738;44936;144937;3;High
2739;35328;135329;4;Low
2740;37841;137842;2;High
2741;19607;119608;1;High
2742;18567;118568;0;High
2743;49047;149048;2;Low
2744;19435;119436;0;Medium
2745;4359;104360;4;High
2746;33991;133992;4;Low
2747;49703;149704;2;High
2748;38502;138503;2;High
2749;36460;136461;1;High
2750;30260;130261;1;Low
2751;21009;121010;0;Low
2752;35319;135320;4;Medium
2753;32042;132043;1;Low
2754;45018;145019;1;Low
2755;37907;137908;2;High
2756;39653;139654;3;High
2757;14185;114186;2;Medium
2758;17613;117614;0;Medium
2759;28035;128036;3;Low
2760;9536;109537;2;Medium
2761;33974;133975;3;Medium
2762;43076;143077;3;Low
2763;38000;138001;0;Medium
2764;14784;114785;3;Low
2765;1528;101529;2;Low
2766;13903;113904;1;High
2767;17748;117749;2;Low
2768;5005;105006;1;High
2769;3703;103704;1;Low
2770;1311;101312;3;Low
2771;19433;119434;1;Medium
2772;28318;128319;1;Medium
2773;33321;133322;1;Low
2774;39233;139234;3;Low
2775;2217;102218;1;Medium
2776;16602;116603;2;Medium
2777;46521;146522;0;Low
2778;8026;108027;3;High
2779;45768;145769;4;Low
2780;41108;141109;3;High
2781;23757;123758;3;Low
2782;8451;108452;2;Medium
2783;27655;127656;0;Medium
2784;48218;148219;1;Low
2785;49094;149095;1;Low
2786;29731;129732;1;High
2787;40666;140667;1;Medium
2788;6846;106847;3;Medium
2789;26619;126620;1;High
2790;44517;144518;3;Medium
2791;13641;113642;4;Low
2792;39625;139626;1;Low
2793;220;100221;0;High
2794;13176;113177;4;Medium
2795;8324;108325;3;Low
2796;14272;114273;1;Medium
2797;43833;143834;3;Medium
2798;12666;112667;3;Medium
2799;25420;125421;1;High
2800;20497;120498;1;High
2801;7177;107178;3;Medium
2802;13167;113168;0;Medium
2803;16235;116236;0;Low
2804;21144;121145;2;Low
2805;38741;138742;1;High
2806;2850;102851;1;Low
2807;20087;120088;3;Medium
2808;12082;112083;1;Low
2809;3418;103419;1;Low
2810;44751;144752;3;Medium
2811;19155;119156;2;Medium
2812;32099;132100;4;Low
2813;25934;125935;4;Medium
2814;31311;131312;4;Low
2815;29279;129280;4;Medium
2816;45646;145647;1;High
2817;30947;130948;1;High
2818;34966;134967;3;High
2819;36095;136096;0;Medium
2820;24017;124018;0;Medium
2821;31209;131210;2;High
2822;3088;103089;2;Low
2823;7685;107686;4;Low
2824;40920;140921;1;Medium
2825;21465;121466;2;Low
2826;24773;124774;0;High
2827;7284;107285;3;Low
2828;10835;110836;3;Low
2829;4661;104662;1;Medium
2830;7976;107977;0;High
2831;32778;132779;1;Medium
2832;29429;129430;1;Low
2833;8414;108415;1;Medium
2834;26052;126053;4;High
2835;278;100279;2;High
2836;29233;129234;1;High
2837;1849;101850;0;Low
2838;16439;116440;1;High
2839;11559;111560;3;Medium
2840;22248;122249;1;Medium
2841;34437;134438;3;Medium
2842;8659;108660;2;Medium
2843;34129;134130;3;Medium
2844;42217;142218;1;Medium
2845;22701;122702;2;High
2846;23738;123739;0;Medium
2847;38503;138504;3;Medium
2848;8818;108819;1;Low
2849;24062;124063;4;Low
2850;19668;119669;3;Medium
2851;14460;114461;0;Low
2852;31659;131660;0;High
2853;18844;118845;2;High
2854;40781;140782;0;Low
2855;33191;133192;2;Medium
2856;18148;118149;3;Medium
2857;17162;117163;3;Medium
2858;34698;134699;0;Medium
2859;38983;138984;4;Low
2860;46738;146739;2;Low
2861;15988;115989;3;Medium
2862;21904;121905;1;Low
2863;12119;112120;3;Low
2864;37850;137851;3;High
2865;49277;149278;1;Low
2866;39726;139727;3;High
2867;5651;105652;2;Medium
2868;38785;138786;2;Low
2869;353;100354;2;High
2870;13909;113910;2;Medium
2871;28421;128422;4;Medium
2872;29741;129742;0;Low
2873;1051;101052;4;Medium
2874;26825;126826;2;High
2875;38916;138917;3;Low
2876;2365;102366;1;Medium
2877;31386;131387;0;Low
2878;43511;143512;4;Low
2879;15581;115582;2;Medium
2880;2157;102158;3;Medium
2881;2336;102337;2;Low
2882;11766;111767;0;Low
2883;22212;122213;2;Low
2884;7917;107918;0;High
2885;24873;124874;0;Low
2886;6624;106625;0;Medium
2887;47715;147716;0;Medium
2888;21377;121378;1;Medium
2889;12687;112688;1;Medium
2890;4044;104045;0;Low
2891;6547;106548;3;High
2892;45196;145197;0;High
2893;5000;105001;4;Medium
2894;5170;105171;3;Low
2895;5362;105363;3;Low
2896;1457;101458;0;Low
2897;44056;144057;3;Low
2898;21241;121242;1;Medium
2899;1257;101258;0;Medium
2900;8556;108557;0;Low
2901;6834;106835;2;Medium
2902;29344;129345;2;High
2903;49237;149238;2;High
2904;18697;118698;0;High
2905;39948;139949;3;Low
2906;9530;109531;3;Medium
2907;39759;139760;3;Low
2908;30114;130115;3;Medium
2909;26304;126305;3;Medium
2910;4247;104248;1;Low
2911;44439;144440;0;Medium
2912;12403;112404;3;High
2913;16433;116434;0;Low
2914;13243;113244;2;Medium
2915;41845;141846;4;Low
2916;5803;105804;1;High
2917;43458;143459;2;Medium
2918;40878;140879;4;Low
2919;32085;132086;4;Medium
2920;44198;144199;0;Medium
2921;48259;148260;0;Medium
2922;1157;101158;0;Medium
2923;189;100190;4;Low
2924;9248;109249;3;Medium
2925;45345;145346;1;Low
2926;21854;121855;2;Medium
2927;25779;125780;4;High
2928;29767;129768;1;Low
2929;38183;138184;3;Medium
2930;27122;127123;0;Low
2931;39099;139100;3;High
2932;20154;120155;0;High
2933;8709;108710;0;Low
2934;12456;112457;1;Low
2935;12383;112384;1;Low
2936;2241;102242;2;Medium
2937;19659;119660;2;Low
2938;24493;124494;4;Low
2939;48977;148978;4;Low
2940;24567;124568;0;High
2941;10424;110425;2;Low
2942;19217;119218;2;Medium
2943;35457;135458;0;Medium
2944;35853;135854;1;Low
2945;37307;137308;0;High
2946;18265;118266;3;Medium
2947;1336;101337;3;Medium
2948;23907;123908;2;Medium
2949;32715;132716;4;Low
2950;28785;128786;0;Medium
2951;44631;144632;2;Medium
2952;45024;145025;2;Low
2953;45555;145556;4;Medium
2954;34821;134822;3;Medium
2955;8738;108739;0;Medium
2956;11838;111839;0;Medium
2957;47277;147278;1;Medium
2958;43803;143804;3;High
2959;5799;105800;4;Low
2960;17054;117055;0;High
2961;33869;133870;1;Low
2962;25534;125535;4;Medium
2963;38479;138480;2;High
2964;27509;127510;2;Medium
2965;18580;118581;1;Medium
2966;19863;119864;0;Medium
2967;3773;103774;0;Low
2968;4355;104356;3;High
2969;41207;141208;3;Low
2970;57;100058;3;Medium
2971;1186;101187;0;High
2972;367;100368;2;High
2973;41154;141155;4;Low
2974;18762;118763;3;Medium
2975;4752;104753;3;Medium
2976;42179;142180;0;High
2977;45485;145486;0;Low
2978;42881;142882;0;Medium
2979;30669;130670;1;Medium
2980;36116;136117;0;High
2981;11691;111692;4;High
2982;35703;135704;1;High
2983;47432;147433;3;High
2984;30979;130980;2;High
2985;25603;125604;0;Medium
2986;46423;146424;0;Medium
2987;12197;112198;3;Medium
2988;16947;116948;3;High
2989;27151;127152;2;Low
2990;34914;134915;3;Low
2991;16444;116445;4;High
2992;21169;121170;0;High
2993;19259;119260;2;Low
2994;49054;149055;0;Low
2995;37560;137561;3;High
2996;9162;109163;0;High
2997;8257;108258;3;Medium
2998;16738;116739;2;Low
2999;42008;142009;3;Medium
3000;12248;112249;1;High
3001;7641;107642;2;Medium
3002;47683;147684;4;Medium
3003;39479;139480;1;Low
3004;46243;146244;0;Low
3005;13879;113880;3;High
3006;11970;111971;2;Medium
3007;8732;108733;3;Low
3008;44831;144832;3;Medium
3009;4350;104351;2;Low
3010;25873;125874;1;Low
3011;14818;114819;4;High
3012;25316;125317;0;High
3013;47624;147625;2;High
3014;10382;110383;2;Medium
3015;45885;145886;3;Low
3016;24785;124786;3;Medium
3017;15463;115464;0;High
3018;27271;127272;3;Medium
3019;20587;120588;0;High
3020;22711;122712;2;Medium
3021;33613;133614;0;Medium
3022;44424;144425;1;Medium
3023;34952;134953;2;Low
3024;40846;140847;0;Medium
3025;21442;121443;1;Low
3026;32125;132126;0;Medium
3027;40117;140118;1;Low
3028;45136;145137;1;High
3029;17600;117601;1;Low
3030;40602;140603;4;Medium
3031;12901;112902;3;Low
3032;16226;116227;0;Low
3033;1782;101783;1;Low
3034;18062;118063;4;High
3035;24603;124604;2;High
3036;6327;106328;2;Low
3037;5313;105314;3;Low
3038;40504;140505;1;Low
3039;33149;133150;1;Low
3040;138;100139;2;Medium
3041;24650;124651;0;Medium
3042;13983;113984;4;High
3043;6355;106356;2;Low
3044;10025;110026;2;Medium
3045;23789;123790;3;Medium
3046;17665;117666;1;Low
3047;5770;105771;1;Low
3048;31681;131682;2;Low
3049;5984;105985;1;High
3050;4545;104546;0;Low
3051;48109;148110;1;Low
3052;30580;130581;3;High
3053;19239;119240;4;Low
3054;20358;120359;0;Low
3055;31312;131313;3;Low
3056;43220;143221;0;Low
3057;47416;147417;0;Medium
3058;35276;135277;0;Low
3059;40012;140013;1;Medium
3060;10189;110190;1;Medium
3061;20892;120893;1;High
3062;2319;102320;1;Medium
3063;7871;107872;1;Low
3064;30306;130307;3;Medium
3065;37283;137284;0;Low
3066;47514;147515;4;Medium
3067;42441;142442;2;Medium
3068;12353;112354;1;Medium
3069;3971;103972;3;High
3070;11641;111642;4;Low
3071;13387;113388;0;Medium
3072;45862;145863;2;Low
3073;29859;129860;1;High
3074;11698;111699;3;Medium
3075;22999;123000;1;High
3076;30754;130755;4;Low
3077;17451;117452;1;Medium
3078;26659;126660;2;Low
3079;43028;143029;1;High
3080;8756;108757;1;Low
3081;9573;109574;2;Low
3082;44623;144624;2;Medium
3083;45792;145793;2;Medium
3084;35081;135082;3;High
3085;30860;130861;2;Low
3086;22585;122586;1;Low
3087;36453;136454;0;Medium
3088;41269;141270;2;Medium
3089;28943;128944;4;High
3090;43948;143949;2;Low
3091;26162;126163;4;Medium
3092;4644;104645;2;Medium
3093;12326;112327;1;High
3094;27181;127182;0;Medium
3095;12043;112044;3;High
3096;8702;108703;0;High
3097;27184;127185;0;Low
3098;46045;146046;3;Medium
3099;23602;123603;1;Medium
3100;42880;142881;2;Low
3101;6178;106179;0;Low
3102;27358;127359;4;Medium
3103;31678;131679;4;Low
3104;9116;109117;0;Low
3105;18124;118125;4;Medium
3106;8118;108119;1;High
3107;47781;147782;4;Medium
3108;13164;113165;0;Medium
3109;20328;120329;3;Low
3110;29061;129062;3;High
3111;13291;113292;3;Low
3112;22633;122634;4;High
3113;39275;139276;0;Low
3114;13460;113461;4;Medium
3115;44161;144162;0;Medium
3116;2318;102319;0;Low
3117;14847;114848;1;Medium
3118;38576;138577;3;Medium
3119;19375;119376;0;High
3120;44158;144159;4;Low
3121;48670;148671;3;Low
3122;4656;104657;2;Low
3123;5230;105231;4;Medium
3124;1999;102000;4;Medium
3125;3697;103698;0;High
3126;16113;116114;3;Medium
3127;24475;124476;2;Low
3128;45016;145017;0;Low
3129;26498;126499;1;Medium
3130;2017;102018;0;Medium
3131;30935;130936;2;Medium
3132;27577;127578;4;Medium
3133;32424;132425;3;High
3134;3999;104000;1;Medium
3135;13395;113396;3;Medium
3136;3702;103703;2;Low
3137;47255;147256;0;Low
3138;22771;122772;4;Low
3139;41522;141523;0;Low
3140;40161;140162;4;Low
3141;12424;112425;2;High
3142;3615;103616;1;Medium
3143;17723;117724;0;Medium
3144;43122;143123;2;Low
3145;46281;146282;0;High
3146;8699;108700;4;Low
3147;10748;110749;1;Medium
3148;43093;143094;0;Medium
3149;43158;143159;1;Low
3150;1653;101654;4;Medium
3151;9369;109370;4;High
3152;42419;142420;4;Low
3153;5009;105010;3;Low
3154;39536;139537;1;Low
3155;32023;132024;4;Low
3156;34193;134194;0;High
3157;34587;134588;3;High
3158;42596;142597;3;Medium
3159;49681;149682;4;Medium
3160;35165;135166;2;Medium
3161;33467;133468;4;High
3162;12609;112610;4;Medium
3163;18929;118930;2;High
3164;28165;128166;2;Low
3165;7213;107214;0;Medium
3166;33592;133593;0;Low
3167;8518;108519;2;Medium
3168;23058;123059;4;High
3169;20677;120678;2;Medium
3170;10689;110690;4;Low
3171;33189;133190;4;Low
3172;32352;132353;3;High
3173;9459;109460;0;Low
3174;554;100555;3;Low
3175;18579;118580;0;Low
3176;22604;122605;3;Medium
3177;17968;117969;1;Medium
3178;32441;132442;3;High
3179;39519;139520;1;Medium
3180;37880;137881;3;Low
3181;17715;117716;0;Low
3182;24962;124963;1;Medium
3183;10156;110157;4;Medium
3184;1562;101563;4;Low
3185;13732;113733;4;High
3186;23939;123940;4;Low
3187;27590;127591;0;High
3188;43042;143043;0;High
3189;13041;113042;1;Medium
3190;31276;131277;4;High
3191;43650;143651;2;Low
3192;30950;130951;1;Low
3193;18216;118217;1;Medium
3194;36969;136970;3;Medium
3195;36283;136284;4;Medium
3196;201;100202;0;Low
3197;21102;121103;0;Medium
3198;34964;134965;2;Medium
3199;43161;143162;1;High
3200;16035;116036;1;High
3201;11251;111252;4;Low
3202;14609;114610;2;Medium
3203;18849;118850;1;Low
3204;11593;111594;4;Low
3205;7045;107046;0;Low
3206;7239;107240;4;Medium
3207;9575;109576;4;Medium
3208;43542;143543;2;Low
3209;11424;111425;0;Medium
3210;27483;127484;3;High
3211;42903;142904;2;Low
3212;37721;137722;1;Medium
3213;31237;131238;4;High
3214;42498;142499;4;High
3215;16256;116257;2;High
3216;11334;111335;0;Low
3217;18233;118234;1;Low
3218;28348;128349;4;Low
3219;24680;124681;1;Low
3220;16310;116311;0;Medium
3221;34447;134448;2;Medium
3222;41531;141532;0;Medium
3223;25655;125656;0;Medium
3224;23059;123060;4;Low
3225;17763;117764;4;High
3226;49103;149104;4;Medium
3227;29838;129839;0;High
3228;5436;105437;1;High
3229;11802;111803;0;High
3230;28760;128761;0;Medium
3231;18113;118114;4;High
3232;43148;143149;4;Medium
3233;6707;106708;0;Low
3234;27609;127610;1;Low
3235;43636;143637;0;Low
3236;7798;107799;0;High
3237;40145;140146;4;Low
3238;366;100367;2;Medium
3239;3974;103975;3;Medium
3240;20588;120589;2;Low
3241;38080;138081;4;Low
3242;22420;122421;4;Medium
3243;48016;148017;4;Medium
3244;38212;138213;3;Low
3245;47534;147535;3;Low
3246;16188;116189;3;High
3247;14118;114119;0;Medium
3248;9179;109180;0;Medium
3249;24839;124840;4;Medium
3250;33793;133794;2;Medium
3251;34591;134592;4;Low
3252;45816;145817;3;Medium
3253;37869;137870;0;Medium
3254;31862;131863;4;Medium
3255;28504;128505;2;High
3256;22427;122428;0;Low
3257;27679;127680;2;Medium
3258;11164;111165;1;Medium
3259;39440;139441;3;Low
3260;26211;126212;3;High
3261;12712;112713;0;High
3262;18280;118281;2;High
3263;34985;134986;3;High
3264;824;100825;3;Low
3265;16574;116575;2;High
3266;42967;142968;3;High
3267;32907;132908;4;Low
3268;1384;101385;1;High
3269;25753;125754;1;Medium
3270;37427;137428;2;Medium
3271;5252;105253;4;High
3272;42945;142946;1;Low
3273;21012;121013;2;Medium
3274;37740;137741;1;Low
3275;15813;115814;1;High
3276;5939;105940;0;Medium
3277;24876;124877;0;High
3278;8303;108304;4;Medium
3279;19386;119387;3;Medium
3280;43774;143775;1;Medium
3281;34744;134745;3;Low
3282;2128;102129;2;Low
3283;18806;118807;3;Low
3284;29189;129190;1;Low
3285;21820;121821;4;Low
3286;2150;102151;3;Low
3287;37900;137901;2;Medium
3288;12928;112929;1;High
3289;9874;109875;2;Low
3290;46713;146714;3;Low
3291;8724;108725;0;High
3292;27169;127170;2;Low
3293;14429;114430;1;High
3294;2680;102681;2;Medium
3295;36873;136874;2;Low
3296;12151;112152;4;Medium
3297;1777;101778;0;Low
3298;23767;123768;2;High
3299;42490;142491;1;Low
3300;15475;115476;0;High
3301;27092;127093;2;Medium
3302;15095;115096;0;Low
3303;22419;122420;3;Low
3304;14767;114768;4;Medium
3305;28475;128476;1;High
3306;42940;142941;0;Medium
3307;13083;113084;4;Medium
3308;2460;102461;1;Medium
3309;547;100548;2;Low
3310;49370;149371;0;Low
3311;29359;129360;3;High
3312;25049;125050;1;Low
3313;18372;118373;4;Low
3314;18961;118962;3;Low
3315;22184;122185;3;Low
3316;34458;134459;0;Low
3317;148;100149;1;High
3318;17455;117456;2;High
3319;27313;127314;1;Medium
3320;28023;128024;0;Low
3321;36950;136951;2;Medium
3322;383;100384;0;Medium
3323;4715;104716;4;Medium
3324;35729;135730;4;Medium
3325;44209;144210;2;Medium
3326;39261;139262;4;Medium
3327;45676;145677;2;Medium
3328;30695;130696;4;High
3329;41438;141439;1;Medium
3330;13999;114000;1;Medium
3331;2349;102350;4;High
3332;44022;144023;4;Low
3333;30635;130636;3;Medium
3334;12626;112627;4;Medium
3335;14184;114185;3;Low
3336;6549;106550;1;Medium
3337;5296;105297;2;Low
3338;813;100814;4;Medium
3339;6349;106350;0;Medium
3340;49447;149448;4;High
3341;46458;146459;4;High
3342;41030;141031;4;Medium
3343;38820;138821;2;Medium
3344;31766;131767;4;High
3345;18287;118288;1;High
3346;24916;124917;3;High
3347;3764;103765;4;Low
3348;42144;142145;0;Medium
3349;16269;116270;1;Low
3350;42501;142502;2;High
3351;40179;140180;3;Low
3352;31902;131903;0;Medium
3353;35579;135580;2;Low
3354;9483;109484;3;High
3355;9315;109316;3;Medium
3356;43013;143014;2;Low
3357;25724;125725;2;High
3358;45154;145155;4;High
3359;40369;140370;1;High
3360;47002;147003;2;Medium
3361;28683;128684;2;Low
3362;24629;124630;1;Medium
3363;44511;144512;3;Low
3364;9821;109822;2;Low
3365;16240;116241;3;Medium
3366;3139;103140;0;High
3367;41904;141905;2;Medium
3368;5291;105292;0;Medium
3369;15517;115518;1;Medium
3370;12789;112790;4;Medium
3371;11501;111502;3;Medium
3372;4208;104209;2;Medium
3373;48780;148781;1;Low
3374;20594;120595;1;Low
3375;8096;108097;0;Medium
3376;39807;139808;1;Low
3377;41090;141091;2;Low
3378;3957;103958;2;Medium
3379;43850;143851;1;Low
3380;33556;133557;2;Low
3381;15982;115983;4;Medium
3382;29747;129748;2;Low
3383;47864;147865;4;Medium
3384;28763;128764;4;High
3385;29583;129584;0;Medium
3386;16766;116767;4;Medium
3387;13106;113107;1;Medium
3388;37722;137723;1;Low
3389;1471;101472;2;Medium
3390;8011;108012;2;Medium
3391;21502;121503;4;Low
3392;3865;103866;0;Low
3393;1537;101538;3;High
3394;47121;147122;4;Low
3395;19876;119877;3;Medium
3396;37297;137298;1;Low
3397;18773;118774;2;Low
3398;26198;126199;3;Low
3399;28097;128098;3;High
3400;3704;103705;2;Low
3401;46859;146860;4;Low
3402;14033;114034;4;Low
3403;45132;145133;4;High
3404;40534;140535;4;Medium
3405;16319;116320;0;Low
3406;7228;107229;0;Medium
3407;43411;143412;4;Medium
3408;8769;108770;3;Low
3409;28793;128794;4;Medium
3410;35034;135035;3;Medium
3411;13563;113564;0;Medium
3412;33713;133714;3;High
3413;41464;141465;3;Low
3414;6366;106367;1;Low
3415;34832;134833;2;Low
3416;2218;102219;2;Medium
3417;13685;113686;4;Medium
3418;39100;139101;1;Low
3419;40042;140043;2;Medium
3420;4720;104721;3;Low
3421;26176;126177;1;High
3422;33437;133438;0;Medium
3423;49183;149184;4;Low
3424;5573;105574;0;Medium
3425;16064;116065;1;High
3426;42269;142270;3;High
3427;47935;147936;0;Low
3428;10191;110192;2;Medium
3429;14737;114738;0;Low
3430;36490;136491;1;Medium
3431;12020;112021;1;Low
3432;12826;112827;1;Medium
3433;2466;102467;2;Medium
3434;31179;131180;3;High
3435;43025;143026;3;Medium
3436;18650;118651;1;High
3437;32183;132184;3;High
3438;20820;120821;0;Low
3439;26398;126399;0;Low
3440;47490;147491;3;High
3441;8477;108478;3;Medium
3442;9389;109390;0;Low
3443;29119;129120;4;Medium
3444;36394;136395;3;Medium
3445;41736;141737;4;Low
3446;14322;114323;1;High
3447;17880;117881;3;Low
3448;42825;142826;3;Medium
3449;45055;145056;0;Medium
3450;15027;115028;4;Medium
3451;43749;143750;2;Medium
3452;48581;148582;3;Medium
3453;38166;138167;0;Medium
3454;25536;125537;3;Medium
3455;48030;148031;0;Medium
3456;36370;136371;0;High
3457;1603;101604;3;Low
3458;35757;135758;2;Low
3459;46224;146225;3;High
3460;15963;115964;3;Low
3461;47535;147536;1;Low
3462;339;100340;2;Low
3463;21276;121277;0;Medium
3464;16374;116375;4;Medium
3465;16900;116901;1;Low
3466;37795;137796;1;Low
3467;2136;102137;2;Medium
3468;28928;128929;1;Medium
3469;18108;118109;4;Low
3470;49333;149334;2;Low
3471;9538;109539;3;Low
3472;36455;136456;0;High
3473;3984;103985;4;Low
3474;12761;112762;2;High
3475;38638;138639;3;Medium
3476;38552;138553;0;Medium
3477;11463;111464;2;Medium
3478;38181;138182;1;Low
3479;24378;124379;1;Medium
3480;6242;106243;0;Medium
3481;17868;117869;2;Low
3482;36813;136814;4;High
3483;37382;137383;1;Medium
3484;43872;143873;2;High
3485;4502;104503;3;Low
3486;38656;138657;2;Medium
3487;17795;117796;3;High
3488;42637;142638;1;High
3489;37817;137818;4;High
3490;48517;148518;2;Medium
3491;49615;149616;4;High
3492;28370;128371;0;Medium
3493;39526;139527;1;High
3494;46116;146117;4;Low
3495;1213;101214;2;Low
3496;21093;121094;0;Medium
3497;29760;129761;1;High
3498;18197;118198;1;Medium
3499;10148;110149;2;High
3500;15141;115142;2;Medium
3501;17194;117195;0;Medium
3502;43982;143983;3;Medium
3503;36538;136539;2;Medium
3504;47678;147679;1;Medium
3505;8860;108861;0;Low
3506;43009;143010;0;Medium
3507;41425;141426;2;Low
3508;904;100905;3;Low
3509;23016;123017;2;Low
3510;24048;124049;0;Low
3511;44080;144081;1;Low
3512;25203;125204;2;High
3513;36571;136572;1;Low
3514;29062;129063;3;Medium
3515;31002;131003;0;High
3516;42917;142918;4;High
3517;12450;112451;3;High
3518;24085;124086;3;Medium
3519;40560;140561;2;High
3520;45740;145741;1;Low
3521;3575;103576;2;Medium
3522;7882;107883;3;Low
3523;19833;119834;0;High
3524;32951;132952;4;Medium
3525;19450;119451;4;Low
3526;21508;121509;1;Medium
3527;421;100422;0;Medium
3528;6553;106554;1;Low
3529;30988;130989;3;Medium
3530;1150;101151;3;Medium
3531;46460;146461;0;Medium
3532;10540;110541;3;Medium
3533;34341;134342;3;Low
3534;41870;141871;2;Low
3535;48122;148123;1;Low
3536;27112;127113;4;Medium
3537;16788;116789;4;Medium
3538;39591;139592;4;Medium
3539;31327;131328;1;Medium
3540;10158;110159;2;Medium
3541;4549;104550;2;Medium
3542;17733;117734;4;Medium
3543;41056;141057;4;Low
3544;27821;127822;4;Low
3545;8174;108175;0;Low
3546;23308;123309;4;High
3547;20166;120167;3;Medium
3548;7068;107069;2;Low
3549;22507;122508;2;Medium
3550;42925;142926;3;Medium
3551;3563;103564;2;High
3552;37372;137373;2;Low
3553;47386;147387;3;Low
3554;35685;135686;0;Low
3555;9792;109793;4;Low
3556;18886;118887;2;Low
3557;38379;138380;1;Medium
3558;39663;139664;4;Low
3559;38262;138263;1;Medium
3560;19064;119065;4;Medium
3561;44769;144770;1;Low
3562;31657;131658;2;Low
3563;29506;129507;1;Low
3564;39792;139793;3;Low
3565;47085;147086;4;Low
3566;31308;131309;3;Low
3567;17279;117280;0;Medium
3568;30333;130334;1;Medium
3569;14246;114247;1;Medium
3570;39304;139305;2;Low
3571;4116;104117;3;Medium
3572;8166;108167;0;High
3573;41700;141701;0;Low
3574;25075;125076;0;Low
3575;26345;126346;4;High
3576;38684;138685;2;Low
3577;45323;145324;0;Low
3578;26947;126948;2;High
3579;39155;139156;1;High
3580;14778;114779;4;Medium
3581;28845;128846;1;Medium
3582;12324;112325;3;Low
3583;839;100840;0;Low
3584;38608;138609;1;Low
3585;31203;131204;4;Low
3586;17774;117775;4;Medium
3587;23265;123266;3;Medium
3588;42904;142905;4;Medium
3589;424;100425;1;Low
3590;5044;105045;3;Medium
3591;20568;120569;3;Low
3592;670;100671;4;Medium
3593;45419;145420;0;High
3594;39182;139183;0;Medium
3595;12057;112058;1;High
3596;30684;130685;0;Low
3597;18311;118312;3;Low
3598;31996;131997;1;Low
3599;19977;119978;2;Medium
3600;11473;111474;4;Medium
3601;14551;114552;4;Medium
3602;43780;143781;2;Medium
3603;10570;110571;2;Medium
3604;49348;149349;2;Medium
3605;20153;120154;3;High
3606;28995;128996;2;Medium
3607;36747;136748;2;Low
3608;17607;117608;3;High
3609;31064;131065;2;Low
3610;29026;129027;1;Medium
3611;11454;111455;3;Medium
3612;8023;108024;3;High
3613;6051;106052;0;Medium
3614;14317;114318;4;High
3615;17840;117841;3;Low
3616;46902;146903;0;Low
3617;4890;104891;1;Medium
3618;13562;113563;1;Low
3619;43055;143056;3;High
3620;25451;125452;1;Low
3621;13724;113725;4;High
3622;31580;131581;1;Low
3623;44523;144524;0;Medium
3624;9730;109731;1;Low
3625;33358;133359;2;High
3626;16707;116708;2;High
3627;4463;104464;3;High
3628;20621;120622;3;Low
3629;6923;106924;4;Medium
3630;10798;110799;2;Medium
3631;46207;146208;4;High
3632;4794;104795;1;Medium
3633;15363;115364;3;Medium
3634;48368;148369;0;Low
3635;747;100748;4;Medium
3636;28606;128607;3;High
3637;22147;122148;4;Low
3638;21693;121694;1;Low
3639;16824;116825;0;Low
3640;40241;140242;0;Low
3641;15169;115170;4;Low
3642;36504;136505;4;Low
3643;36195;136196;0;High
3644;16749;116750;0;Medium
3645;38081;138082;3;Low
3646;46036;146037;3;Low
3647;2280;102281;0;High
3648;38641;138642;1;Low
3649;21412;121413;3;Medium
3650;26039;126040;0;Low
3651;32522;132523;1;Low
3652;5520;105521;2;Medium
3653;13328;113329;0;Medium
3654;3466;103467;4;High
3655;795;100796;1;Medium
3656;5862;105863;1;Medium
3657;33945;133946;3;Low
3658;12001;112002;2;Medium
3659;30843;130844;3;Medium
3660;40207;140208;4;High
3661;600;100601;0;High
3662;9766;109767;4;Low
3663;10387;110388;4;Low
3664;45090;145091;4;High
3665;4100;104101;2;Medium
3666;43241;143242;0;Low
3667;47931;147932;3;Low
3668;18633;118634;1;High
3669;16527;116528;3;Low
3670;18115;118116;4;Medium
3671;24885;124886;1;Low
3672;8748;108749;0;Medium
3673;36838;136839;0;Medium
3674;37241;137242;2;Medium
3675;30253;130254;3;Medium
3676;8942;108943;0;High
3677;35888;135889;3;High
3678;42821;142822;4;High
3679;31373;131374;4;High
3680;2395;102396;1;Medium
3681;20616;120617;3;High
3682;33300;133301;1;High
3683;26270;126271;4;High
3684;30956;130957;3;High
3685;20365;120366;0;High
3686;48686;148687;2;Medium
3687;28186;128187;4;Medium
3688;31564;131565;2;Low
3689;23013;123014;3;Medium
3690;38931;138932;3;Medium
3691;2882;102883;0;Low
3692;10815;110816;1;Medium
3693;10792;110793;2;High
3694;9978;109979;1;Medium
3695;21173;121174;1;High
3696;25563;125564;3;Medium
3697;38209;138210;0;Medium
3698;13594;113595;2;High
3699;49081;149082;2;Low
3700;4966;104967;4;High
3701;18533;118534;2;Medium
3702;45355;145356;1;Low
3703;41044;141045;1;Low
3704;34223;134224;3;Medium
3705;37822;137823;1;High
3706;44187;144188;4;Medium
3707;28624;128625;2;Low
3708;16848;116849;2;Low
3709;17435;117436;1;High
3710;46723;146724;2;High
3711;34643;134644;2;Low
3712;36994;136995;2;Low
3713;19333;119334;1;Medium
3714;32315;132316;0;Medium
3715;14247;114248;3;Low
3716;21209;121210;2;High
3717;45405;145406;4;Low
3718;34192;134193;1;Medium
3719;21400;121401;0;Medium
3720;40928;140929;3;Medium
3721;42162;142163;4;Low
3722;31222;131223;3;High
3723;25785;125786;3;Low
3724;49294;149295;0;Low
3725;47702;147703;0;Medium
3726;16285;116286;4;Medium
3727;32365;132366;0;High
3728;43802;143803;1;High
3729;45575;145576;4;Medium
3730;24699;124700;1;High
3731;30107;130108;4;Low
3732;20614;120615;2;Low
3733;10166;110167;4;Medium
3734;29855;129856;1;High
3735;13961;113962;2;Medium
3736;31719;131720;3;High
3737;23454;123455;3;Medium
3738;35552;135553;3;Low
3739;42085;142086;2;Low
3740;32571;132572;2;High
3741;16762;116763;1;Medium
3742;36539;136540;1;Low
3743;47305;147306;4;Medium
3744;8189;108190;1;Medium
3745;1328;101329;2;Medium
3746;12166;112167;0;High
3747;26100;126101;1;Low
3748;28925;128926;2;Low
3749;10291;110292;0;High
3750;29124;129125;0;Medium
3751;30275;130276;4;Low
3752;7291;107292;4;High
3753;14621;114622;0;High
3754;23573;123574;0;Medium
3755;23415;123416;3;Medium
3756;31648;131649;0;Medium
3757;1333;101334;3;Low
3758;48882;148883;2;Medium
3759;22191;122192;1;Medium
3760;9647;109648;4;Medium
3761;32471;132472;2;Low
3762;3346;103347;3;High
3763;2130;102131;2;High
3764;30238;130239;1;Medium
3765;24219;124220;2;Medium
3766;16797;116798;0;Medium
3767;20175;120176;1;High
3768;9105;109106;3;Medium
3769;48110;148111;0;High
3770;40496;140497;0;Medium
3771;12031;112032;1;Medium
3772;18975;118976;0;Low
3773;24911;124912;4;High
3774;17711;117712;2;Medium
3775;34976;134977;1;High
3776;30197;130198;0;Low
3777;38702;138703;3;High
3778;44251;144252;0;Low
3779;23605;123606;2;High
3780;10962;110963;1;Low
3781;6299;106300;2;Medium
3782;13832;113833;4;High
3783;34033;134034;3;High
3784;11093;111094;2;Medium
3785;8186;108187;2;Medium
3786;13936;113937;3;Low
3787;5792;105793;1;Low
3788;29998;129999;4;Medium
3789;40162;140163;2;Medium
3790;38086;138087;2;Low
3791;18598;118599;4;Medium
3792;38870;138871;1;Medium
3793;33845;133846;3;Low
3794;6627;106628;1;Medium
3795;43049;143050;4;Low
3796;43708;143709;0;Low
3797;22835;122836;4;High
3798;15399;115400;1;Medium
3799;37962;137963;3;Medium
3800;21493;121494;3;Low
3801;38200;138201;3;Medium
3802;31472;131473;3;High
3803;24318;124319;4;High
3804;25288;125289;1;Medium
3805;45569;145570;4;Low
3806;15408;115409;4;Low
3807;31700;131701;1;Medium
3808;28616;128617;2;High
3809;16945;116946;3;Medium
3810;15088;115089;2;Low
3811;20822;120823;1;High
3812;33570;133571;4;Low
3813;22258;122259;4;Low
3814;12281;112282;1;Low
3815;49170;149171;3;High
3816;32461;132462;4;Medium
3817;9326;109327;1;Medium
3818;40464;140465;3;Medium
3819;23796;123797;3;Low
3820;18497;118498;3;Low
3821;10873;110874;1;Medium
3822;24388;124389;3;Low
3823;19539;119540;3;High
3824;33139;133140;2;Medium
3825;41932;141933;2;Medium
3826;36284;136285;0;Medium
3827;12372;112373;3;Low
3828;35122;135123;4;High
3829;6302;106303;2;Low
3830;43412;143413;0;Medium
3831;35460;135461;2;Medium
3832;11028;111029;2;High
3833;13823;113824;3;Low
3834;28418;128419;4;Medium
3835;7125;107126;0;Medium
3836;33341;133342;2;High
3837;25027;125028;3;High
3838;2329;102330;0;Medium
3839;42066;142067;3;Medium
3840;12243;112244;1;Medium
3841;12559;112560;0;Low
3842;2627;102628;2;Medium
3843;13329;113330;1;Low
3844;17015;117016;4;High
3845;19758;119759;1;Medium
3846;22947;122948;4;High
3847;43101;143102;2;High
3848;30550;130551;2;Medium
3849;18956;118957;3;High
3850;48609;148610;1;High
3851;25833;125834;4;Medium
3852;25844;125845;0;Medium
3853;17928;117929;0;Medium
3854;38547;138548;1;Medium
3855;33235;133236;2;Medium
3856;7821;107822;2;Low
3857;49373;149374;2;Medium
3858;11461;111462;2;Low
3859;19799;119800;0;Medium
3860;13614;113615;1;Medium
3861;11966;111967;1;Medium
3862;28487;128488;3;Low
3863;8485;108486;3;Medium
3864;42081;142082;3;High
3865;27495;127496;4;High
3866;18393;118394;0;High
3867;7546;107547;0;High
3868;18973;118974;2;Low
3869;2661;102662;1;Low
3870;31704;131705;0;Medium
3871;46849;146850;1;Medium
3872;17308;117309;2;High
3873;26281;126282;3;Low
3874;11862;111863;4;Low
3875;33881;133882;3;High
3876;23114;123115;3;Low
3877;16733;116734;4;Medium
3878;43849;143850;1;High
3879;5869;105870;4;Medium
3880;13790;113791;3;High
3881;45377;145378;4;Medium
3882;12002;112003;1;Low
3883;15796;115797;2;Medium
3884;31435;131436;0;Medium
3885;42686;142687;2;High
3886;41763;141764;4;Medium
3887;11221;111222;2;Medium
3888;29861;129862;2;Medium
3889;30670;130671;4;Low
3890;29829;129830;3;High
3891;10131;110132;1;Medium
3892;39173;139174;1;Low
3893;49059;149060;3;Medium
3894;26172;126173;3;Medium
3895;8337;108338;4;Low
3896;11943;111944;0;Medium
3897;18253;118254;2;High
3898;26695;126696;2;Medium
3899;16429;116430;2;High
3900;39972;139973;3;Low
3901;10157;110158;3;High
3902;21751;121752;2;Medium
3903;11044;111045;3;High
3904;37465;137466;2;High
3905;32094;132095;1;Low
3906;37191;137192;4;High
3907;42529;142530;3;Low
3908;14228;114229;1;Medium
3909;29557;129558;4;Medium
3910;20079;120080;0;Medium
3911;28868;128869;2;High
3912;9386;109387;3;High
3913;18508;118509;4;Medium
3914;43677;143678;0;Medium
3915;38732;138733;3;Medium
3916;48407;148408;4;Medium
3917;48857;148858;0;Medium
3918;20960;120961;2;Medium
3919;33471;133472;0;High
3920;28605;128606;3;Low
3921;12864;112865;1;High
3922;7504;107505;0;Low
3923;33285;133286;2;Low
3924;24347;124348;0;Low
3925;36355;136356;1;Medium
3926;46459;146460;3;Low
3927;27818;127819;2;Medium
3928;44082;144083;1;Medium
3929;25391;125392;0;Low
3930;26431;126432;2;Low
3931;13043;113044;3;High
3932;32463;132464;0;High
3933;44492;144493;2;Low
3934;18653;118654;3;High
3935;6634;106635;1;Low
3936;17023;117024;1;High
3937;261;100262;3;Low
3938;33624;133625;1;High
3939;28090;128091;0;Low
3940;46544;146545;4;Low
3941;30056;130057;3;High
3942;9993;109994;0;High
3943;7013;107014;1;High
3944;27436;127437;4;Low
3945;4277;104278;2;Medium
3946;6214;106215;3;Medium
3947;39239;139240;2;High
3948;29954;129955;4;Medium
3949;20829;120830;1;Medium
3950;9707;109708;1;Medium
3951;15252;115253;1;High
3952;40858;140859;3;Medium
3953;16111;116112;0;Medium
3954;26388;126389;0;Medium
3955;6145;106146;4;Medium
3956;476;100477;4;Low
3957;40354;140355;1;Low
3958;27376;127377;1;Low
3959;19046;119047;4;Medium
3960;15280;115281;4;Low
3961;36787;136788;1;Medium
3962;17150;117151;3;Medium
3963;32410;132411;2;Low
3964;17800;117801;1;High
3965;13589;113590;3;Medium
3966;36391;136392;3;Low
3967;40545;140546;3;Low
3968;13876;113877;1;Low
3969;27173;127174;4;Medium
3970;3301;103302;3;Low
3971;29394;129395;2;High
3972;9103;109104;4;Medium
3973;33256;133257;2;Medium
3974;10062;110063;3;Medium
3975;31290;131291;1;Low
3976;15879;115880;0;High
3977;34018;134019;1;High
3978;39290;139291;3;Low
3979;13087;113088;3;High
3980;28196;128197;3;High
3981;8726;108727;2;Low
3982;44062;144063;0;Medium
3983;35263;135264;4;Low
3984;16322;116323;1;High
3985;23019;123020;1;Medium
3986;14972;114973;4;Medium
3987;38926;138927;2;Medium
3988;12839;112840;3;Medium
3989;49007;149008;4;Medium
3990;24719;124720;4;High
3991;1259;101260;0;Low
3992;5027;105028;0;Low
3993;18140;118141;4;Medium
3994;4762;104763;2;High
3995;21422;121423;2;Medium
3996;13551;113552;3;Medium
3997;15026;115027;3;Medium
3998;27637;127638;4;Low
3999;14029;114030;4;Low
4000;23102;123103;2;High
4001;13711;113712;0;High
4002;47909;147910;2;Low
4003;3806;103807;4;Low
4004;12215;112216;3;High
4005;25742;125743;0;Medium
4006;20545;120546;3;Medium
4007;12247;112248;0;High
4008;49821;149822;4;High
4009;21296;121297;0;High
4010;2923;102924;4;Medium
4011;32523;132524;2;High
4012;36265;136266;1;Low
4013;31358;131359;0;Low
4014;34596;134597;1;High
4015;20319;120320;3;Low
4016;14040;114041;2;Low
4017;44408;144409;1;High
4018;27738;127739;0;Low
4019;49588;149589;1;Low
4020;41014;141015;4;Low
4021;40326;140327;4;Medium
4022;30800;130801;1;High
4023;4154;104155;0;High
4024;41122;141123;1;Medium
4025;23875;123876;1;Low
4026;24607;124608;1;Medium
4027;46818;146819;1;Low
4028;29025;129026;3;Medium
4029;23100;123101;1;Medium
4030;42833;142834;0;Low
4031;39944;139945;3;Low
4032;32486;132487;1;High
4033;21176;121177;3;Medium
4034;46175;146176;2;Medium
4035;38406;138407;0;Low
4036;17338;117339;1;Low
4037;8419;108420;2;High
4038;12397;112398;1;Medium
4039;28166;128167;2;Medium
4040;44937;144938;1;Low
4041;25033;125034;1;Medium
4042;23858;123859;1;High
4043;27005;127006;4;Low
4044;17395;117396;2;Medium
4045;15831;115832;2;Medium
4046;31447;131448;0;High
4047;4643;104644;2;High
4048;23903;123904;1;Medium
4049;24186;124187;0;High
4050;37074;137075;3;Medium
4051;28817;128818;1;Medium
4052;33848;133849;2;Medium
4053;231;100232;0;High
4054;37735;137736;1;High
4055;115;100116;2;Medium
4056;1861;101862;1;High
4057;19666;119667;4;Medium
4058;41264;141265;1;High
4059;34015;134016;0;Low
4060;18225;118226;0;Low
4061;15943;115944;3;High
4062;25454;125455;3;Low
4063;4017;104018;1;Low
4064;2228;102229;0;Medium
4065;11033;111034;1;Low
4066;32361;132362;0;Medium
4067;33531;133532;3;Low
4068;49519;149520;0;High
4069;27409;127410;0;High
4070;32759;132760;2;Low
4071;49672;149673;3;Low
4072;12317;112318;0;Low
4073;32915;132916;3;High
4074;45942;145943;4;Medium
4075;48100;148101;2;Low
4076;29075;129076;0;High
4077;8811;108812;2;Medium
4078;38520;138521;1;Medium
4079;1574;101575;4;Medium
4080;39665;139666;2;High
4081;25038;125039;4;Medium
4082;29037;129038;0;Medium
4083;49338;149339;1;High
4084;15880;115881;2;High
4085;30445;130446;1;Low
4086;28680;128681;3;Medium
4087;20945;120946;1;High
4088;15395;115396;1;Medium
4089;12073;112074;0;High
4090;10493;110494;1;High
4091;1098;101099;0;Low
4092;3989;103990;1;High
4093;35458;135459;3;Medium
4094;22574;122575;0;Low
4095;19045;119046;0;Medium
4096;31462;131463;4;Medium
4097;25618;125619;0;Medium
4098;26740;126741;0;Medium
4099;11658;111659;1;Low
4100;24889;124890;0;Medium
4101;29399;129400;1;Medium
4102;4974;104975;0;Low
4103;15860;115861;2;Medium
4104;28417;128418;2;Low
4105;38668;138669;3;Medium
4106;23780;123781;4;Low
4107;1745;101746;0;Medium
4108;29513;129514;0;Low
4109;43538;143539;1;Medium
4110;33642;133643;3;Medium
4111;47985;147986;2;High
4112;4346;104347;1;Medium
4113;24335;124336;1;Low
4114;12104;112105;0;Low
4115;48969;148970;0;Low
4116;21777;121778;4;High
4117;11522;111523;1;Medium
4118;46054;146055;1;High
4119;9010;109011;0;Medium
4120;26181;126182;0;High
4121;18603;118604;0;Medium
4122;46140;146141;0;Medium
4123;49261;149262;1;High
4124;37097;137098;2;High
4125;47689;147690;1;Low
4126;43917;143918;4;Medium
4127;46095;146096;0;Medium
4128;6864;106865;1;Medium
4129;15640;115641;4;Low
4130;41875;141876;4;Medium
4131;44792;144793;4;Low
4132;8493;108494;2;Low
4133;35435;135436;0;Medium
4134;24856;124857;3;Medium
4135;18434;118435;2;Medium
4136;42877;142878;2;Low
4137;19422;119423;2;Low
4138;2658;102659;4;Low
4139;45535;145536;4;Low
4140;45797;145798;4;Low
4141;8406;108407;3;Low
4142;26673;126674;2;Medium
4143;18409;118410;0;Medium
4144;36080;136081;0;High
4145;19050;119051;1;High
4146;30719;130720;4;Medium
4147;19731;119732;2;Medium
4148;16488;116489;2;Medium
4149;16228;116229;0;Low
4150;7223;107224;0;High
4151;40002;140003;4;High
4152;6615;106616;0;High
4153;23901;123902;0;Low
4154;9609;109610;2;High
4155;10634;110635;0;Medium
4156;7470;107471;1;Medium
4157;26452;126453;4;Low
4158;17034;117035;4;Low
4159;41291;141292;0;High
4160;3399;103400;0;Medium
4161;8410;108411;2;High
4162;35193;135194;4;Low
4163;33129;133130;2;High
4164;40430;140431;0;Medium
4165;48233;148234;2;Medium
4166;5304;105305;1;High
4167;3081;103082;4;High
4168;11150;111151;4;High
4169;21893;121894;1;Medium
4170;42385;142386;0;Low
4171;20638;120639;1;Low
4172;47823;147824;4;Medium
4173;19260;119261;2;High
4174;5810;105811;0;Medium
4175;36192;136193;1;High
4176;22341;122342;4;Medium
4177;10629;110630;3;Medium
4178;27891;127892;3;Low
4179;33832;133833;1;Medium
4180;10309;110310;2;Medium
4181;12586;112587;1;Medium
4182;22981;122982;0;Low
4183;8322;108323;4;Low
4184;7626;107627;1;Low
4185;11377;111378;3;Low
4186;18366;118367;3;Medium
4187;867;100868;1;Medium
4188;1408;101409;4;High
4189;35474;135475;3;High
4190;16586;116587;2;Medium
4191;8613;108614;3;High
4192;32184;132185;4;Medium
4193;30469;130470;0;Medium
4194;26313;126314;1;Medium
4195;25201;125202;2;Medium
4196;34247;134248;1;Medium
4197;662;100663;2;Low
4198;1793;101794;4;High
4199;41162;141163;3;Medium
4200;4466;104467;0;Medium
4201;9049;109050;2;Low
4202;46049;146050;1;Low
4203;44216;144217;0;Low
4204;19486;119487;1;Medium
4205;19453;119454;1;Low
4206;8929;108930;3;Medium
4207;10512;110513;4;Medium
4208;11035;111036;4;Low
4209;28125;128126;1;High
4210;25937;125938;3;High
4211;30243;130244;0;Low
4212;43153;143154;0;Medium
4213;9417;109418;1;Medium
4214;47333;147334;2;High
4215;22630;122631;1;Medium
4216;11925;111926;3;Medium
4217;3786;103787;0;Low
4218;18081;118082;1;Medium
4219;13664;113665;0;Low
4220;28599;128600;2;Low
4221;25862;125863;0;Low
4222;12272;112273;4;Low
4223;24053;124054;4;High
4224;36984;136985;3;High
4225;46559;146560;0;Low
4226;2545;102546;4;High
4227;7142;107143;1;Medium
4228;11022;111023;2;Low
4229;39312;139313;2;High
4230;18246;118247;2;High
4231;23471;123472;1;Medium
4232;19604;119605;2;Medium
4233;4878;104879;2;Medium
4234;45831;145832;2;Low
4235;48801;148802;4;Low
4236;14434;114435;4;Low
4237;26978;126979;0;Low
4238;32594;132595;1;Medium
4239;39746;139747;3;Low
4240;15358;115359;0;Medium
4241;33203;133204;4;High
4242;48720;148721;2;High
4243;6527;106528;1;Low
4244;4183;104184;0;Medium
4245;7055;107056;3;Medium
4246;8996;108997;0;High
4247;20089;120090;1;Medium
4248;16118;116119;0;Low
4249;45509;145510;1;Low
4250;24710;124711;2;High
4251;35237;135238;4;High
4252;48275;148276;3;Low
4253;47264;147265;0;Low
4254;23048;123049;2;Low
4255;40454;140455;4;High
4256;35219;135220;1;High
4257;16076;116077;4;Medium
4258;4497;104498;4;Low
4259;43396;143397;3;Low
4260;38919;138920;2;Low
4261;35766;135767;2;Low
4262;28773;128774;1;Low
4263;28173;128174;3;High
4264;47301;147302;3;Low
4265;38052;138053;4;Medium
4266;36765;136766;1;Medium
4267;45113;145114;1;Low
4268;38769;138770;2;Medium
4269;24791;124792;0;Low
4270;19616;119617;3;Low
4271;37375;137376;4;Medium
4272;13772;113773;2;Medium
4273;17334;117335;1;Low
4274;11988;111989;3;Medium
4275;12995;112996;0;Low
4276;30712;130713;0;Low
4277;21415;121416;4;Low
4278;30280;130281;2;Low
4279;1640;101641;3;High
4280;31518;131519;3;Low
4281;19775;119776;4;High
4282;45216;145217;0;High
4283;32071;132072;4;Medium
4284;40955;140956;3;Low
4285;24641;124642;4;Low
4286;16623;116624;0;Medium
4287;34338;134339;1;Low
4288;18048;118049;2;Low
4289;38447;138448;0;Low
4290;4429;104430;1;Medium
4291;16250;116251;0;Low
4292;38620;138621;1;Low
4293;24448;124449;3;High
4294;30598;130599;2;Medium
4295;31405;131406;3;High
4296;17845;117846;4;Medium
4297;18901;118902;4;High
4298;32344;132345;2;High
4299;17400;117401;0;Low
4300;30488;130489;0;Low
4301;34554;134555;3;Low
4302;19284;119285;3;Medium
4303;10574;110575;3;Medium
4304;3743;103744;1;Medium
4305;49561;149562;2;Low
4306;47213;147214;3;High
4307;27973;127974;2;High
4308;40075;140076;4;Low
4309;34719;134720;1;High
4310;26036;126037;3;High
4311;48584;148585;4;Low
4312;31751;131752;3;Medium
4313;12871;112872;2;Low
4314;5957;105958;3;Low
4315;28576;128577;0;High
4316;39146;139147;3;High
4317;36376;136377;1;Low
4318;31821;131822;1;High
4319;27444;127445;0;Medium
4320;19644;119645;1;High
4321;14678;114679;4;Low
4322;33119;133120;2;Low
4323;27353;127354;0;Medium
4324;29874;129875;2;High
4325;30501;130502;4;Medium
4326;12050;112051;3;Medium
4327;48883;148884;2;Medium
4328;28774;128775;1;Medium
4329;12139;112140;3;Low
4330;45296;145297;4;Medium
4331;33933;133934;0;Low
4332;43989;143990;0;Medium
4333;43086;143087;4;High
4334;12422;112423;3;Medium
4335;27485;127486;1;High
4336;29766;129767;4;Medium
4337;2924;102925;2;Medium
4338;45734;145735;0;Medium
4339;20375;120376;2;Low
4340;21949;121950;4;Low
4341;28300;128301;4;Medium
4342;35970;135971;3;Medium
4343;43417;143418;3;Low
4344;12416;112417;1;High
4345;28982;128983;3;High
4346;39416;139417;3;Medium
4347;5521;105522;4;Medium
4348;19538;119539;4;High
4349;36215;136216;1;High
4350;28068;128069;2;Low
4351;23394;123395;1;Medium
4352;36760;136761;3;Low
4353;33778;133779;1;High
4354;39676;139677;2;Low
4355;3491;103492;2;High
4356;28876;128877;2;Low
4357;23548;123549;3;Medium
4358;31412;131413;2;High
4359;8136;108137;2;High
4360;7243;107244;1;Medium
4361;11271;111272;1;Low
4362;34260;134261;0;Low
4363;41802;141803;0;High
4364;35543;135544;0;Medium
4365;28921;128922;3;Low
4366;34898;134899;4;High
4367;29380;129381;1;High
4368;45656;145657;3;Medium
4369;27538;127539;1;Medium
4370;479;100480;0;Medium
4371;39108;139109;2;Medium
4372;7389;107390;4;Medium
4373;28848;128849;2;Medium
4374;1181;101182;3;Low
4375;31677;131678;4;Low
4376;1709;101710;1;Low
4377;38843;138844;1;Low
4378;2441;102442;1;Medium
4379;298;100299;0;Medium
4380;17086;117087;0;Low
4381;41240;141241;4;Low
4382;21090;121091;2;Low
4383;46102;146103;4;High
4384;13158;113159;4;High
4385;12358;112359;2;Low
4386;18218;118219;1;High
4387;26510;126511;4;Medium
4388;26946;126947;2;High
4389;25114;125115;1;Low
4390;43079;143080;4;Low
4391;30464;130465;3;Medium
4392;4895;104896;3;High
4393;8141;108142;4;High
4394;3846;103847;0;Medium
4395;16476;116477;0;High
4396;49534;149535;3;Medium
4397;3217;103218;4;Low
4398;20244;120245;3;Low
4399;23302;123303;3;Medium
4400;22572;122573;4;Low
4401;19752;119753;2;Medium
4402;9835;109836;0;Medium
4403;40707;140708;0;Low
4404;32281;132282;0;Low
4405;10569;110570;2;High
4406;37583;137584;4;Low
4407;22299;122300;3;Medium
4408;49315;149316;1;Low
4409;10340;110341;0;High
4410;14020;114021;2;Medium
4411;31801;131802;2;Medium
4412;43995;143996;3;High
4413;39135;139136;2;Low
4414;42300;142301;2;High
4415;6704;106705;3;Low
4416;5415;105416;2;Medium
4417;10393;110394;2;Low
4418;36000;136001;2;Medium
4419;42270;142271;1;Low
4420;45924;145925;3;Low
4421;16990;116991;3;Low
4422;47387;147388;3;Medium
4423;13344;113345;1;High
4424;37568;137569;1;High
4425;48480;148481;2;Low
4426;40422;140423;0;Medium
4427;393;100394;4;Low
4428;23794;123795;2;Medium
4429;10237;110238;1;Medium
4430;17233;117234;4;Medium
4431;38888;138889;2;Low
4432;39475;139476;3;Medium
4433;17005;117006;4;Low
4434;46565;146566;4;Medium
4435;15072;115073;4;Low
4436;41217;141218;2;High
4437;39903;139904;2;Medium
4438;13607;113608;1;High
4439;14287;114288;2;High
4440;30849;130850;4;Medium
4441;39496;139497;2;Medium
4442;28215;128216;0;Medium
4443;7647;107648;1;High
4444;48387;148388;1;Medium
4445;5795;105796;2;Low
4446;48531;148532;3;Low
4447;22936;122937;1;High
4448;9547;109548;0;High
4449;18696;118697;0;Medium
4450;35883;135884;2;Medium
4451;20897;120898;1;Medium
4452;31079;131080;3;Medium
4453;31654;131655;1;Low
4454;3110;103111;0;Medium
4455;18441;118442;2;High
4456;5744;105745;3;Low
4457;18085;118086;2;Medium
4458;43712;143713;3;High
4459;4897;104898;1;Medium
4460;36122;136123;4;Low
4461;26234;126235;3;Low
4462;29610;129611;1;Medium
4463;44556;144557;4;High
4464;32335;132336;2;High
4465;39012;139013;2;Medium
4466;9152;109153;1;High
4467;34652;134653;0;Medium
4468;46569;146570;3;Low
4469;40893;140894;0;Low
4470;4397;104398;3;High
4471;1783;101784;4;Medium
4472;34294;134295;3;Medium
4473;11470;111471;4;High
4474;38855;138856;2;High
4475;10926;110927;0;Low
4476;25903;125904;0;High
4477;30857;130858;3;Medium
4478;48435;148436;3;High
4479;23477;123478;3;Low
4480;463;100464;0;Low
4481;293;100294;1;Medium
4482;37521;137522;2;Low
4483;667;100668;1;High
4484;32313;132314;4;Medium
4485;24496;124497;4;High
4486;2966;102967;3;Low
4487;27116;127117;1;Medium
4488;42785;142786;0;Medium
4489;30122;130123;4;Medium
4490;42793;142794;3;Medium
4491;29425;129426;3;Medium
4492;27482;127483;3;Medium
4493;44671;144672;3;High
4494;22914;122915;2;Medium
4495;44411;144412;1;Medium
4496;18191;118192;3;Low
4497;36791;136792;0;Low
4498;21781;121782;4;High
4499;23888;123889;1;High
4500;6558;106559;3;High
4501;17379;117380;0;High
4502;25940;125941;1;High
4503;8664;108665;1;High
4504;18388;118389;0;Medium
4505;14552;114553;3;Low
4506;8058;108059;2;Low
4507;2795;102796;3;High
4508;32654;132655;4;Medium
4509;37637;137638;4;Low
4510;9356;109357;4;Medium
4511;8231;108232;4;Medium
4512;49468;149469;0;Medium
4513;32602;132603;3;High
4514;32045;132046;0;Medium
4515;4343;104344;1;Medium
4516;30137;130138;0;High
4517;19481;119482;0;High
4518;4865;104866;2;Medium
4519;31049;131050;0;Medium
4520;44167;144168;0;High
4521;32783;132784;1;Low
4522;37674;137675;4;Medium
4523;30064;130065;2;Medium
4524;20738;120739;3;Medium
4525;35304;135305;2;High
4526;37369;137370;2;Medium
4527;8552;108553;2;High
4528;25023;125024;3;Low
4529;42010;142011;3;Low
4530;37167;137168;1;Medium
4531;20962;120963;2;High
4532;12983;112984;1;High
4533;26797;126798;0;Medium
4534;36556;136557;3;Medium
4535;2169;102170;3;Medium
4536;1458;101459;1;Low
4537;39541;139542;0;Medium
4538;14009;114010;4;Low
4539;22962;122963;1;Low
4540;364;100365;2;Medium
4541;42551;142552;1;Medium
4542;28991;128992;1;Medium
4543;13553;113554;4;Medium
4544;30270;130271;2;Low
4545;7828;107829;4;Low
4546;13895;113896;4;Low
4547;34690;134691;0;High
4548;19677;119678;3;Medium
4549;10360;110361;3;Low
4550;9907;109908;1;Medium
4551;34065;134066;3;Medium
4552;33482;133483;2;Medium
4553;17960;117961;3;Medium
4554;38318;138319;3;Medium
4555;41915;141916;0;High
4556;10901;110902;1;Medium
4557;10904;110905;4;Medium
4558;45784;145785;0;Medium
4559;36365;136366;4;Low
4560;38578;138579;4;Low
4561;41322;141323;0;Low
4562;47182;147183;1;Medium
4563;38970;138971;2;Low
4564;4842;104843;0;High
4565;12368;112369;4;Low
4566;25756;125757;3;Medium
4567;26223;126224;2;Medium
4568;43470;143471;0;High
4569;36260;136261;2;Medium
4570;13431;113432;1;Medium
4571;37679;137680;2;Medium
4572;16628;116629;2;Medium
4573;45120;145121;2;Low
4574;33788;133789;0;Medium
4575;18105;118106;2;Medium
4576;37903;137904;1;Low
4577;46953;146954;4;Medium
4578;23816;123817;0;High
4579;48238;148239;0;Medium
4580;48691;148692;2;Medium
4581;5499;105500;4;Medium
4582;22613;122614;2;Medium
4583;30541;130542;3;Low
4584;21970;121971;0;High
4585;10686;110687;0;High
4586;7578;107579;1;High
4587;41327;141328;0;Low
4588;47585;147586;1;Low
4589;17836;117837;4;Low
4590;40181;140182;2;Medium
4591;24073;124074;4;High
4592;17012;117013;1;Medium
4593;23295;123296;0;Medium
4594;8108;108109;1;High
4595;21228;121229;0;Low
4596;43653;143654;0;Low
4597;34511;134512;0;High
4598;24127;124128;1;Low
4599;18771;118772;1;Medium
4600;42757;142758;1;Medium
4601;17829;117830;3;High
4602;18914;118915;2;High
4603;4959;104960;2;Low
4604;879;100880;4;Medium
4605;5251;105252;0;Medium
4606;40685;140686;3;Medium
4607;20513;120514;2;Medium
4608;5915;105916;2;Medium
4609;45351;145352;2;Low
4610;1002;101003;3;Medium
4611;38246;138247;1;High
4612;6158;106159;1;High
4613;33783;133784;2;Low
4614;31425;131426;2;Medium
4615;37653;137654;1;Medium
4616;38237;138238;4;Low
4617;29889;129890;1;High
4618;38381;138382;2;High
4619;26802;126803;3;Medium
4620;19514;119515;1;High
4621;8544;108545;0;Low
4622;44075;144076;0;Medium
4623;22860;122861;2;Low
4624;9401;109402;1;Low
4625;13271;113272;3;High
4626;12753;112754;2;High
4627;657;100658;2;High
4628;38567;138568;2;Medium
4629;8415;108416;3;Medium
4630;2767;102768;4;High
4631;2612;102613;0;High
4632;47752;147753;2;High
4633;46415;146416;3;Low
4634;48708;148709;3;Medium
4635;36340;136341;0;Low
4636;31744;131745;3;Low
4637;2237;102238;0;Low
4638;40107;140108;3;Medium
4639;35491;135492;4;High
4640;39445;139446;1;Low
4641;21195;121196;1;High
4642;17362;117363;0;Medium
4643;16546;116547;3;Low
4644;40292;140293;3;High
4645;35249;135250;1;Low
4646;7893;107894;0;High
4647;35037;135038;3;Low
4648;34809;134810;3;High
4649;40687;140688;3;Low
4650;20888;120889;2;Medium
4651;9988;109989;1;Low
4652;32770;132771;4;Low
4653;32771;132772;1;Low
4654;3313;103314;2;High
4655;27110;127111;3;Medium
4656;4703;104704;2;High
4657;12085;112086;2;Medium
4658;32736;132737;4;High
4659;36956;136957;0;Low
4660;45957;145958;2;Low
4661;25815;125816;2;Low
4662;12378;112379;0;Medium
4663;3524;103525;3;High
4664;9375;109376;2;Low
4665;33229;133230;3;High
4666;49905;149906;2;High
4667;42262;142263;4;Medium
4668;30433;130434;1;Medium
4669;49233;149234;0;High
4670;31267;131268;4;Low
4671;27230;127231;2;High
4672;14328;114329;2;Medium
4673;40176;140177;1;Medium
4674;48445;148446;4;Low
4675;18904;118905;0;Low
4676;47239;147240;1;Medium
4677;21889;121890;4;Low
4678;25322;125323;4;Low
4679;3530;103531;3;High
4680;41479;141480;4;Low
4681;39316;139317;3;Medium
4682;46964;146965;4;Low
4683;24843;124844;3;High
4684;40345;140346;0;Medium
4685;16869;116870;2;High
4686;15090;115091;2;Low
4687;29707;129708;1;Medium
4688;39773;139774;1;Medium
4689;17831;117832;3;Medium
4690;9841;109842;4;High
4691;29933;129934;0;High
4692;31193;131194;0;Low
4693;37348;137349;3;Medium
4694;9888;109889;3;Low
4695;11457;111458;3;Medium
4696;8923;108924;1;High
4697;38245;138246;3;Low
4698;5210;105211;2;Low
4699;26434;126435;0;Low
4700;23615;123616;3;Medium
4701;48753;148754;0;Low
4702;41723;141724;3;High
4703;28039;128040;4;Medium
4704;6502;106503;4;Medium
4705;21528;121529;0;Medium
4706;44370;144371;0;Low
4707;24583;124584;0;Medium
4708;1713;101714;0;High
4709;29243;129244;4;High
4710;17842;117843;2;Low
4711;40829;140830;4;Medium
4712;2682;102683;0;High
4713;45611;145612;2;Medium
4714;42292;142293;1;Low
4715;31566;131567;0;Medium
4716;161;100162;0;Low
4717;3206;103207;2;Medium
4718;48555;148556;3;High
4719;22473;122474;2;Medium
4720;11142;111143;4;Medium
4721;27323;127324;4;Medium
4722;16335;116336;2;Medium
4723;44278;144279;0;Medium
4724;17570;117571;0;Medium
4725;3352;103353;3;Medium
4726;6146;106147;3;High
4727;29597;129598;4;Low
4728;31094;131095;2;Medium
4729;49095;149096;1;High
4730;4450;104451;4;Medium
4731;27753;127754;0;Medium
4732;15683;115684;0;Medium
4733;37385;137386;4;High
4734;779;100780;1;Medium
4735;9161;109162;4;Low
4736;39256;139257;4;Low
4737;37530;137531;1;High
4738;14556;114557;1;Low
4739;9338;109339;3;Medium
4740;42777;142778;1;Medium
4741;11415;111416;4;High
4742;49099;149100;0;Low
4743;3089;103090;4;Medium
4744;25055;125056;2;Low
4745;10319;110320;3;Low
4746;24142;124143;2;Low
4747;38852;138853;1;Medium
4748;14410;114411;4;Low
4749;40406;140407;1;Medium
4750;12959;112960;3;Medium
4751;13468;113469;1;High
4752;22721;122722;1;Low
4753;4515;104516;3;Medium
4754;13980;113981;3;Low
4755;14564;114565;1;Medium
4756;44467;144468;0;High
4757;35396;135397;3;Medium
4758;111;100112;0;Medium
4759;47793;147794;2;Low
4760;13953;113954;1;Medium
4761;38411;138412;2;High
4762;24309;124310;2;Low
4763;8400;108401;3;High
4764;26823;126824;3;Medium
4765;15486;115487;1;Low
4766;18832;118833;2;Medium
4767;48861;148862;0;Medium
4768;41897;141898;1;Medium
4769;29193;129194;2;High
4770;46686;146687;4;Medium
4771;39211;139212;3;Low
4772;31977;131978;3;Medium
4773;49576;149577;0;Medium
4774;29397;129398;3;Medium
4775;36683;136684;2;Medium
4776;23391;123392;1;Medium
4777;28531;128532;2;High
4778;36908;136909;2;Medium
4779;31092;131093;3;Medium
4780;30609;130610;1;Low
4781;22573;122574;0;High
4782;5642;105643;0;Low
4783;36227;136228;1;Low
4784;10203;110204;0;Low
4785;37622;137623;1;Medium
4786;3986;103987;3;Low
4787;40867;140868;2;High
4788;21347;121348;3;Medium
4789;46299;146300;1;Medium
4790;47600;147601;4;Low
4791;48161;148162;4;Medium
4792;18979;118980;3;Medium
4793;10379;110380;2;Medium
4794;29268;129269;3;High
4795;49113;149114;0;High
4796;26772;126773;3;Medium
4797;18701;118702;0;High
4798;8754;108755;3;Medium
4799;47303;147304;3;Low
4800;28364;128365;0;Low
4801;28567;128568;1;Medium
4802;37251;137252;1;Medium
4803;47968;147969;1;High
4804;45712;145713;4;High
4805;39484;139485;3;High
4806;19918;119919;4;Medium
4807;149;100150;3;High
4808;14751;114752;2;Low
4809;38353;138354;0;Medium
4810;9507;109508;3;High
4811;14254;114255;0;Medium
4812;25730;125731;4;Low
4813;10289;110290;0;Medium
4814;30309;130310;3;Low
4815;46894;146895;1;High
4816;7381;107382;3;Medium
4817;31871;131872;1;High
4818;27845;127846;4;High
4819;13498;113499;0;Medium
4820;41133;141134;2;High
4821;32239;132240;1;Low
4822;24438;124439;2;Low
4823;35649;135650;4;High
4824;32324;132325;3;Medium
4825;27820;127821;1;High
4826;38215;138216;4;High
4827;14052;114053;2;Low
4828;49553;149554;3;Medium
4829;24560;124561;3;Medium
4830;46144;146145;1;High
4831;15151;115152;0;Medium
4832;49625;149626;3;Medium
4833;6206;106207;2;High
4834;10832;110833;4;High
4835;38390;138391;3;Low
4836;40597;140598;4;Low
4837;40802;140803;4;Low
4838;37898;137899;1;Low
4839;49724;149725;3;High
4840;40841;140842;3;Medium
4841;49920;149921;4;Medium
4842;2478;102479;4;Low
4843;31502;131503;0;Medium
4844;36962;136963;4;High
4845;18916;118917;4;Medium
4846;28840;128841;1;High
4847;3303;103304;4;Medium
4848;48598;148599;2;Low
4849;4642;104643;2;High
4850;37938;137939;1;High
4851;17389;117390;0;Medium
4852;777;100778;2;Low
4853;49269;149270;3;Medium
4854;21327;121328;2;Low
4855;8015;108016;3;Medium
4856;3;100004;1;Medium
4857;9857;109858;3;Medium
4858;34059;134060;1;High
4859;11560;111561;4;Medium
4860;3665;103666;0;Medium
4861;32418;132419;0;Medium
4862;28082;128083;2;Medium
4863;29975;129976;2;Low
4864;26628;126629;1;Medium
4865;18895;118896;1;Medium
4866;38586;138587;0;Medium
4867;22976;122977;2;Low
4868;39831;139832;2;Medium
4869;29147;129148;2;Low
4870;40713;140714;2;Low
4871;15968;115969;0;Low
4872;3774;103775;3;High
4873;1189;101190;2;Medium
4874;6783;106784;4;High
4875;20039;120040;2;Low
4876;5814;105815;1;High
4877;19186;119187;0;Low
4878;41573;141574;0;Medium
4879;30070;130071;0;Low
4880;37709;137710;0;Medium
4881;579;100580;2;Medium
4882;32096;132097;3;Medium
4883;2705;102706;4;Medium
4884;6440;106441;4;High
4885;1081;101082;3;High
4886;42849;142850;4;Low
4887;39688;139689;2;High
4888;32122;132123;1;Low
4889;30726;130727;1;Low
4890;18543;118544;3;Low
4891;14480;114481;4;Low
4892;29533;129534;1;Low
4893;14457;114458;4;Medium
4894;27126;127127;1;Medium
4895;23718;123719;2;High
4896;20112;120113;3;Medium
4897;45998;145999;3;Low
4898;47739;147740;2;Low
4899;44762;144763;4;Medium
4900;30777;130778;1;Medium
4901;40945;140946;0;High
4902;32595;132596;0;High
4903;654;100655;0;High
4904;9864;109865;0;High
4905;14205;114206;1;Low
4906;12616;112617;1;High
4907;38946;138947;1;Medium
4908;9905;109906;3;Medium
4909;8041;108042;1;Low
4910;10728;110729;3;Medium
4911;22695;122696;0;Medium
4912;4223;104224;4;Medium
4913;26368;126369;0;Low
4914;649;100650;2;Low
4915;32038;132039;4;Low
4916;2598;102599;0;Medium
4917;8583;108584;2;Medium
4918;47309;147310;2;Low
4919;37104;137105;3;Low
4920;8482;108483;0;Low
4921;12441;112442;0;High
4922;20837;120838;0;Medium
4923;48277;148278;2;Medium
4924;42935;142936;3;Low
4925;48454;148455;4;High
4926;38294;138295;3;Medium
4927;44346;144347;3;Low
4928;37098;137099;3;Medium
4929;1337;101338;4;High
4930;25160;125161;2;Medium
4931;27307;127308;3;Low
4932;42101;142102;0;Medium
4933;1982;101983;3;Low
4934;21365;121366;2;Medium
4935;27226;127227;2;Medium
4936;41817;141818;1;Medium
4937;44586;144587;1;Medium
4938;2002;102003;4;Low
4939;8498;108499;0;Low
4940;738;100739;1;High
4941;25037;125038;0;Low
4942;6842;106843;1;High
4943;13830;113831;4;Medium
4944;29033;129034;2;Medium
4945;27405;127406;4;Low
4946;46621;146622;0;Low
4947;47027;147028;0;Low
4948;297;100298;0;High
4949;4621;104622;3;Low
4950;15167;115168;1;Medium
4951;4091;104092;3;Medium
4952;10746;110747;4;Medium
4953;16853;116854;1;Low
4954;2004;102005;3;High
4955;25921;125922;4;Medium
4956;10460;110461;0;Medium
4957;29188;129189;4;Low
4958;9556;109557;1;Low
4959;46110;146111;3;Medium
4960;32305;132306;1;High
4961;45003;145004;2;High
4962;33864;133865;0;High
4963;4730;104731;1;Low
4964;23168;123169;0;High
4965;5224;105225;3;Medium
4966;48361;148362;0;Low
4967;37267;137268;2;Medium
4968;21272;121273;2;Medium
4969;39605;139606;3;High
4970;36687;136688;0;Low
4971;25875;125876;1;High
4972;45102;145103;2;Medium
4973;33357;133358;2;High
4974;25068;125069;3;Medium
4975;35559;135560;4;High
4976;39400;139401;0;Medium
4977;39512;139513;2;Low
4978;29818;129819;0;Medium
4979;37059;137060;1;Medium
4980;41185;141186;0;Medium
4981;15226;115227;4;High
4982;41481;141482;0;Medium
4983;49149;149150;2;Medium
4984;32687;132688;4;Medium
4985;24224;124225;0;Low
4986;31161;131162;0;Medium
4987;14554;114555;3;High
4988;36835;136836;1;Low
4989;27195;127196;4;Medium
4990;26722;126723;1;High
4991;17886;117887;1;Medium
4992;27014;127015;0;Low
4993;46382;146383;2;Medium
4994;17654;117655;0;High
4995;23674;123675;2;Low
4996;34606;134607;0;Low
4997;28437;128438;3;Low
4998;45045;145046;1;High
4999;15440;115441;0;High
5000;33239;133240;0;High
5001;2851;102852;4;Low
5002;19378;119379;4;Low
5003;16501;116502;3;Medium
5004;14914;114915;1;Medium
5005;34702;134703;1;Low
5006;47502;147503;1;Medium
5007;1046;101047;4;Medium
5008;20534;120535;1;Medium
5009;4833;104834;3;Low
5010;9497;109498;2;Low
5011;28304;128305;0;High
5012;15298;115299;2;Medium
5013;3208;103209;3;Medium
5014;15707;115708;0;Medium
5015;34571;134572;3;Medium
5016;35769;135770;3;Medium
5017;7407;107408;2;Low
5018;38292;138293;0;High
5019;44685;144686;0;Low
5020;33808;133809;2;Low
5021;5124;105125;2;Low
5022;47844;147845;3;Medium
5023;9267;109268;3;Medium
5024;2408;102409;4;Medium
5025;38062;138063;0;Low
5026;26922;126923;1;Medium
5027;13578;113579;4;Low
5028;6953;106954;3;High
5029;33578;133579;3;Low
5030;18490;118491;3;Medium
5031;2172;102173;2;Medium
5032;40;100041;3;Medium
5033;3924;103925;0;High
5034;14373;114374;1;High
5035;18270;118271;4;High
5036;49622;149623;2;Low
5037;47035;147036;2;Medium
5038;25596;125597;4;High
5039;18621;118622;3;Low
5040;32089;132090;0;Low
5041;576;100577;0;High
5042;45634;145635;3;Medium
5043;29282;129283;3;High
5044;6495;106496;2;Low
5045;11904;111905;2;High
5046;35289;135290;1;Low
5047;22694;122695;1;High
5048;13815;113816;0;High
5049;26970;126971;4;High
5050;34081;134082;2;Medium
5051;38123;138124;4;Low
5052;40409;140410;0;Medium
5053;5976;105977;3;Medium
5054;28147;128148;4;High
5055;34929;134930;1;Low
5056;40019;140020;2;Medium
5057;25885;125886;1;Medium
5058;43874;143875;4;Medium
5059;34699;134700;1;Low
5060;3280;103281;3;Medium
5061;35571;135572;0;High
5062;19107;119108;4;Medium
5063;37536;137537;0;Low
5064;20299;120300;3;High
5065;24070;124071;4;High
5066;18107;118108;3;Low
5067;18303;118304;2;Low
5068;20871;120872;3;Low
5069;41168;141169;4;Medium
5070;47162;147163;0;Medium
5071;45818;145819;4;Low
5072;15438;115439;2;Medium
5073;29411;129412;1;Low
5074;37897;137898;0;Medium
5075;34986;134987;0;Medium
5076;11854;111855;2;Low
5077;27396;127397;1;Medium
5078;49663;149664;2;Low
5079;10446;110447;0;High
5080;44275;144276;3;Medium
5081;22909;122910;4;Low
5082;3602;103603;3;Low
5083;46737;146738;1;Medium
5084;34818;134819;2;High
5085;31403;131404;3;High
5086;39408;139409;2;High
5087;31029;131030;2;High
5088;15047;115048;4;Medium
5089;10706;110707;4;Low
5090;18599;118600;2;Medium
5091;5842;105843;1;Low
5092;21226;121227;0;Low
5093;35326;135327;1;Medium
5094;23354;123355;4;Medium
5095;49477;149478;4;High
5096;15192;115193;3;High
5097;16395;116396;2;Low
5098;15857;115858;3;Medium
5099;22956;122957;1;Medium
5100;35306;135307;0;Medium
5101;7966;107967;2;High
5102;23905;123906;4;High
5103;34578;134579;3;Medium
5104;32420;132421;0;Medium
5105;37006;137007;0;High
5106;7533;107534;0;Medium
5107;37305;137306;2;Low
5108;15144;115145;2;Low
5109;25864;125865;2;Low
5110;3093;103094;4;High
5111;11288;111289;4;Medium
5112;39259;139260;2;Low
5113;9490;109491;1;High
5114;49907;149908;3;Medium
5115;27496;127497;3;High
5116;28535;128536;3;Medium
5117;18469;118470;3;Medium
5118;33672;133673;4;Medium
5119;970;100971;1;Medium
5120;28383;128384;4;High
5121;355;100356;4;Medium
5122;38872;138873;1;High
5123;43999;144000;3;Low
5124;4724;104725;4;High
5125;41454;141455;3;Low
5126;24904;124905;1;Low
5127;4166;104167;3;Low
5128;31484;131485;3;Medium
5129;33348;133349;0;Medium
5130;21311;121312;0;Medium
5131;40672;140673;3;Medium
5132;4849;104850;4;Medium
5133;14423;114424;4;Medium
5134;23146;123147;1;High
5135;47097;147098;3;Medium
5136;31123;131124;3;Low
5137;30927;130928;4;Medium
5138;5298;105299;1;High
5139;22979;122980;4;Medium
5140;49320;149321;0;Medium
5141;39761;139762;4;Medium
5142;34244;134245;4;Medium
5143;4008;104009;1;Medium
5144;36206;136207;1;High
5145;35793;135794;2;Medium
5146;14053;114054;3;High
5147;47965;147966;1;Low
5148;9368;109369;1;High
5149;46127;146128;3;Medium
5150;23792;123793;3;Low
5151;18120;118121;3;Low
5152;40557;140558;2;High
5153;2503;102504;2;Medium
5154;39089;139090;3;Medium
5155;48802;148803;4;Low
5156;18358;118359;1;Low
5157;43685;143686;3;Low
5158;5167;105168;3;Medium
5159;39441;139442;4;Medium
5160;12402;112403;4;Low
5161;19620;119621;3;Low
5162;49438;149439;2;High
5163;11070;111071;0;High
5164;37166;137167;1;Low
5165;16147;116148;1;Low
5166;31093;131094;3;Medium
5167;20116;120117;2;Medium
5168;29311;129312;1;Medium
5169;26083;126084;2;Medium
5170;19577;119578;2;Medium
5171;44193;144194;4;Medium
5172;845;100846;4;Low
5173;19975;119976;1;Low
5174;29240;129241;0;Medium
5175;38346;138347;4;Medium
5176;42719;142720;4;High
5177;49189;149190;2;High
5178;49612;149613;0;High
5179;11827;111828;4;Low
5180;46350;146351;1;High
5181;40986;140987;3;Low
5182;28708;128709;4;High
5183;34204;134205;4;Medium
5184;249;100250;2;Low
5185;48202;148203;2;Medium
5186;30732;130733;0;Medium
5187;39466;139467;0;Medium
5188;27728;127729;2;Medium
5189;8077;108078;1;Medium
5190;43074;143075;3;Low
5191;25842;125843;4;Medium
5192;5577;105578;4;High
5193;1324;101325;3;Low
5194;36695;136696;4;High
5195;10159;110160;2;Medium
5196;44152;144153;3;Low
5197;43570;143571;2;High
5198;20944;120945;2;High
5199;24541;124542;1;Medium
5200;5178;105179;0;Medium
5201;46702;146703;2;Medium
5202;24643;124644;4;Low
5203;7038;107039;2;Medium
5204;41762;141763;4;Low
5205;40695;140696;1;Low
5206;35128;135129;4;Low
5207;13957;113958;3;High
5208;30511;130512;0;Medium
5209;3251;103252;3;Medium
5210;265;100266;4;Low
5211;48831;148832;0;High
5212;47696;147697;4;Medium
5213;49878;149879;1;Medium
5214;4253;104254;0;Low
5215;47226;147227;1;High
5216;40873;140874;1;High
5217;24681;124682;0;Medium
5218;7387;107388;1;High
5219;26287;126288;0;Medium
5220;7687;107688;0;Medium
5221;49460;149461;1;Low
5222;48592;148593;3;Medium
5223;6652;106653;2;Medium
5224;31938;131939;3;Medium
5225;19818;119819;2;Medium
5226;37500;137501;1;Low
5227;19424;119425;4;Medium
5228;24094;124095;3;Low
5229;5405;105406;2;High
5230;38964;138965;1;Low
5231;29210;129211;0;Medium
5232;4877;104878;1;Medium
5233;44397;144398;1;High
5234;15374;115375;4;Low
5235;5470;105471;2;Medium
5236;2826;102827;0;Low
5237;7942;107943;2;Low
5238;28641;128642;4;High
5239;7011;107012;2;Medium
5240;25241;125242;1;Medium
5241;19341;119342;4;Low
5242;25703;125704;1;High
5243;47816;147817;4;Low
5244;6109;106110;3;Low
5245;39058;139059;2;Low
5246;41585;141586;2;Low
5247;34812;134813;0;Medium
5248;48727;148728;0;Low
5249;38781;138782;4;Medium
5250;7100;107101;3;Medium
5251;45005;145006;1;Low
5252;2236;102237;2;Low
5253;25111;125112;4;Medium
5254;20793;120794;4;Medium
5255;9745;109746;2;Medium
5256;4083;104084;4;Low
5257;35039;135040;3;High
5258;40886;140887;1;Medium
5259;38871;138872;1;High
5260;43323;143324;1;Medium
5261;14152;114153;0;Medium
5262;34816;134817;2;Medium
5263;10453;110454;1;Medium
5264;36785;136786;1;Medium
5265;24412;124413;4;Medium
5266;19484;119485;4;Medium
5267;12200;112201;1;Medium
5268;36576;136577;2;Low
5269;26034;126035;4;Low
5270;12396;112397;4;High
5271;16199;116200;0;Medium
5272;89;100090;4;High
5273;27142;127143;4;High
5274;17489;117490;4;Low
5275;48471;148472;2;High
5276;8878;108879;2;High
5277;35403;135404;1;Low
5278;41195;141196;2;Low
5279;7957;107958;0;Low
5280;22886;122887;4;High
5281;38223;138224;1;High
5282;49359;149360;1;High
5283;611;100612;2;Medium
5284;40144;140145;2;Medium
5285;19719;119720;1;Medium
5286;48418;148419;2;Medium
5287;22821;122822;3;High
5288;24125;124126;3;High
5289;43691;143692;1;Low
5290;1805;101806;1;High
5291;36753;136754;2;High
5292;44204;144205;4;High
5293;39630;139631;0;Low
5294;23742;123743;0;Medium
5295;37599;137600;1;Low
5296;22639;122640;4;Low
5297;43327;143328;0;Medium
5298;13230;113231;4;Medium
5299;16166;116167;4;High
5300;17636;117637;3;Low
5301;15899;115900;3;High
5302;45168;145169;4;Medium
5303;24367;124368;2;Low
5304;2765;102766;3;Medium
5305;31851;131852;0;Medium
5306;152;100153;4;Medium
5307;45925;145926;2;Low
5308;40743;140744;4;High
5309;47952;147953;4;Low
5310;3165;103166;3;High
5311;10057;110058;4;Medium
5312;27575;127576;0;High
5313;19052;119053;0;High
5314;14806;114807;0;Medium
5315;4506;104507;1;Low
5316;20429;120430;2;Medium
5317;37784;137785;0;Medium
5318;158;100159;1;High
5319;25635;125636;2;High
5320;4310;104311;1;Low
5321;20795;120796;1;Low
5322;2398;102399;4;Medium
5323;48866;148867;2;Low
5324;8904;108905;0;Low
5325;7440;107441;1;High
5326;4367;104368;1;Low
5327;10523;110524;1;Low
5328;48243;148244;3;Medium
5329;16025;116026;4;Medium
5330;20564;120565;4;Low
5331;13263;113264;2;Medium
5332;39607;139608;3;Medium
5333;19922;119923;1;Medium
5334;14034;114035;4;High
5335;15212;115213;4;Low
5336;37504;137505;4;Medium
5337;40351;140352;3;Low
5338;37594;137595;2;Low
5339;35398;135399;1;Medium
5340;47883;147884;0;Low
5341;28347;128348;4;High
5342;2118;102119;3;High
5343;6010;106011;0;High
5344;47010;147011;0;Low
5345;23336;123337;3;Low
5346;13847;113848;3;Medium
5347;38898;138899;4;Low
5348;36800;136801;1;Medium
5349;41970;141971;2;Low
5350;9234;109235;3;Low
5351;47372;147373;3;Low
5352;21677;121678;3;High
5353;40772;140773;0;Medium
5354;17378;117379;0;Low
5355;258;100259;3;High
5356;14136;114137;4;Medium
5357;11964;111965;3;Medium
5358;35075;135076;1;High
5359;14174;114175;2;High
5360;7453;107454;4;Low
5361;45995;145996;4;Medium
5362;33903;133904;1;Medium
5363;740;100741;1;Medium
5364;29992;129993;3;Medium
5365;16371;116372;1;Medium
5366;5742;105743;2;High
5367;4269;104270;3;High
5368;9963;109964;4;Low
5369;37931;137932;3;Medium
5370;9990;109991;4;Medium
5371;43082;143083;3;Low
5372;34417;134418;3;Medium
5373;22483;122484;4;High
5374;27327;127328;0;Medium
5375;36097;136098;0;High
5376;34144;134145;4;Low
5377;3877;103878;2;Low
5378;12852;112853;3;High
5379;34661;134662;0;Medium
5380;3270;103271;3;Medium
5381;10560;110561;1;High
5382;30557;130558;2;Medium
5383;6036;106037;0;High
5384;18552;118553;0;Medium
5385;4196;104197;1;Medium
5386;26949;126950;4;High
5387;30715;130716;1;Medium
5388;36670;136671;0;High
5389;49230;149231;2;Low
5390;33847;133848;2;Low
5391;15066;115067;0;Low
5392;16171;116172;3;Medium
5393;24594;124595;4;Medium
5394;40684;140685;0;Low
5395;20000;120001;2;Low
5396;12582;112583;4;Medium
5397;41467;141468;4;Medium
5398;31706;131707;4;Low
5399;44109;144110;2;Medium
5400;16964;116965;2;Medium
5401;48318;148319;2;Low
5402;1058;101059;1;Medium
5403;22095;122096;2;High
5404;23313;123314;1;Low
5405;8654;108655;1;Medium
5406;1756;101757;3;Low
5407;14488;114489;3;High
5408;2761;102762;0;Low
5409;10115;110116;3;High
5410;1110;101111;0;Medium
5411;24415;124416;1;Low
5412;13484;113485;3;Medium
5413;46332;146333;4;Low
5414;43766;143767;4;High
5415;22336;122337;3;Low
5416;40223;140224;2;Medium
5417;1306;101307;4;High
5418;43579;143580;0;Low
5419;18534;118535;2;Low
5420;4546;104547;1;Medium
5421;8604;108605;4;High
5422;45086;145087;2;Low
5423;18457;118458;3;Medium
5424;42674;142675;4;Low
5425;6231;106232;1;Medium
5426;39877;139878;2;High
5427;43787;143788;3;High
5428;16648;116649;3;Medium
5429;21510;121511;2;High
5430;19518;119519;2;Low
5431;2512;102513;3;Medium
5432;41247;141248;2;Medium
5433;33489;133490;0;High
5434;22497;122498;1;Medium
5435;46946;146947;3;Low
5436;3349;103350;2;Medium
5437;2613;102614;1;Low
5438;47297;147298;1;Medium
5439;17013;117014;1;Medium
5440;27124;127125;2;Medium
5441;46327;146328;1;Low
5442;14302;114303;4;Medium
5443;10960;110961;1;Low
5444;3254;103255;4;Medium
5445;17369;117370;0;Medium
5446;10051;110052;2;Medium
5447;19440;119441;1;Medium
5448;11831;111832;4;Medium
5449;32554;132555;1;Low
5450;46868;146869;4;Low
5451;13360;113361;2;Low
5452;17046;117047;4;Medium
5453;3680;103681;4;Medium
5454;13021;113022;4;Medium
5455;1595;101596;4;High
5456;26731;126732;2;Low
5457;38757;138758;0;Low
5458;38341;138342;1;Low
5459;31054;131055;4;High
5460;13283;113284;1;High
5461;11472;111473;2;Medium
5462;43663;143664;1;High
5463;44398;144399;3;Medium
5464;3210;103211;1;Medium
5465;12663;112664;1;High
5466;3053;103054;0;High
5467;11589;111590;4;Low
5468;48521;148522;0;Medium
5469;25649;125650;3;Low
5470;570;100571;1;Low
5471;16663;116664;4;Medium
5472;11162;111163;1;Medium
5473;9273;109274;2;High
5474;10868;110869;3;Medium
5475;37989;137990;0;Low
5476;29466;129467;4;Medium
5477;7625;107626;0;Low
5478;9898;109899;0;Medium
5479;16153;116154;4;High
5480;39743;139744;3;High
5481;1227;101228;1;Medium
5482;12283;112284;3;Medium
5483;6794;106795;1;Medium
5484;274;100275;1;Low
5485;14781;114782;3;Low
5486;8718;108719;3;High
5487;6951;106952;2;Medium
5488;8856;108857;3;High
5489;5828;105829;2;High
5490;46093;146094;3;Medium
5491;25941;125942;1;Medium
5492;40513;140514;2;High
5493;42530;142531;2;Low
5494;2566;102567;1;Medium
5495;47581;147582;3;High
5496;38795;138796;3;Medium
5497;47392;147393;3;High
5498;49965;149966;2;High
5499;5911;105912;1;Low
5500;38061;138062;3;Medium
5501;30365;130366;3;Low
5502;28698;128699;0;High
5503;35391;135392;2;High
5504;8310;108311;2;Low
5505;40166;140167;2;Medium
5506;18119;118120;3;Medium
5507;44441;144442;0;Low
5508;24656;124657;2;Medium
5509;25094;125095;2;Low
5510;13268;113269;3;Low
5511;49216;149217;1;Low
5512;38323;138324;3;Low
5513;6434;106435;1;Medium
5514;23357;123358;4;Low
5515;40978;140979;2;Medium
5516;3674;103675;2;Medium
5517;14758;114759;4;Low
5518;33283;133284;2;Low
5519;664;100665;2;Low
5520;2138;102139;1;Medium
5521;1487;101488;1;Low
5522;20132;120133;3;High
5523;30193;130194;3;Medium
5524;29554;129555;2;Medium
5525;17738;117739;1;Medium
5526;22996;122997;2;Medium
5527;2588;102589;4;High
5528;44036;144037;3;Low
5529;48897;148898;0;Low
5530;49466;149467;2;Low
5531;8546;108547;1;High
5532;26674;126675;2;Medium
5533;46617;146618;3;Medium
5534;23847;123848;4;Medium
5535;20170;120171;4;Medium
5536;5324;105325;4;Medium
5537;44955;144956;0;Low
5538;13623;113624;2;Low
5539;18235;118236;4;Medium
5540;15852;115853;1;Low
5541;8243;108244;3;Medium
5542;27236;127237;3;Medium
5543;33640;133641;1;Medium
5544;40783;140784;3;High
5545;7079;107080;1;Low
5546;10867;110868;3;Low
5547;41047;141048;0;High
5548;19131;119132;2;Medium
5549;34128;134129;2;Low
5550;16122;116123;4;Medium
5551;25335;125336;2;Low
5552;21516;121517;0;Medium
5553;43857;143858;4;Medium
5554;15210;115211;2;Medium
5555;20520;120521;3;High
5556;14005;114006;4;Low
5557;21587;121588;3;Low
5558;3813;103814;4;High
5559;15343;115344;4;Low
5560;7280;107281;1;Low
5561;25654;125655;4;High
5562;11390;111391;2;Medium
5563;20699;120700;4;High
5564;766;100767;3;Medium
5565;5827;105828;3;Medium
5566;26822;126823;3;High
5567;40691;140692;0;Low
5568;2747;102748;2;High
5569;32797;132798;0;High
5570;48597;148598;2;Low
5571;36903;136904;3;Medium
5572;34618;134619;1;High
5573;8896;108897;2;Medium
5574;37866;137867;2;Medium
5575;49759;149760;1;Medium
5576;1516;101517;4;High
5577;17341;117342;2;Medium
5578;40298;140299;1;Medium
5579;30173;130174;2;Medium
5580;17215;117216;3;Medium
5581;19710;119711;4;Low
5582;17612;117613;0;High
5583;3968;103969;4;High
5584;16341;116342;1;Medium
5585;20988;120989;4;High
5586;28648;128649;0;High
5587;32781;132782;1;High
5588;33396;133397;3;Low
5589;25153;125154;2;Medium
5590;13951;113952;3;Medium
5591;31773;131774;0;High
5592;29068;129069;0;Low
5593;37746;137747;1;High
5594;39226;139227;2;Medium
5595;25627;125628;1;Medium
5596;744;100745;4;Medium
5597;10649;110650;1;High
5598;7432;107433;2;High
5599;6854;106855;2;Low
5600;26909;126910;0;Medium
5601;24872;124873;1;High
5602;6317;106318;2;Low
5603;472;100473;2;Low
5604;30363;130364;1;Low
5605;13134;113135;0;Medium
5606;34179;134180;3;Low
5607;12851;112852;1;Low
5608;38184;138185;0;High
5609;36886;136887;2;Medium
5610;25882;125883;1;Medium
5611;7341;107342;4;High
5612;5185;105186;4;Medium
5613;3106;103107;4;Low
5614;44381;144382;0;Medium
5615;45507;145508;2;Medium
5616;18847;118848;3;Low
5617;6430;106431;0;High
5618;19042;119043;1;High
5619;746;100747;4;High
5620;30405;130406;1;High
5621;12562;112563;2;High
5622;31746;131747;3;Low
5623;48651;148652;1;Low
5624;11724;111725;0;Medium
5625;24092;124093;4;Low
5626;16995;116996;4;Medium
5627;3149;103150;4;Medium
5628;36244;136245;3;Medium
5629;12006;112007;4;Low
5630;38770;138771;3;Low
5631;39205;139206;0;Medium
5632;29482;129483;0;Medium
5633;32415;132416;2;High
5634;13568;113569;3;Low
5635;41747;141748;4;Low
5636;39509;139510;2;Medium
5637;7661;107662;2;Low
5638;36671;136672;0;Medium
5639;23634;123635;1;Medium
5640;33860;133861;4;Medium
5641;29053;129054;3;Low
5642;28221;128222;3;Low
5643;15324;115325;1;Low
5644;12025;112026;1;Medium
5645;24252;124253;1;Medium
5646;21342;121343;3;Medium
5647;18803;118804;2;High
5648;37620;137621;3;Medium
5649;14521;114522;0;Low
5650;24201;124202;2;High
5651;24642;124643;4;High
5652;38077;138078;4;Medium
5653;49290;149291;2;High
5654;329;100330;1;Low
5655;25926;125927;4;Medium
5656;15008;115009;3;Low
5657;10693;110694;0;Medium
5658;20251;120252;0;Low
5659;9827;109828;0;Low
5660;38186;138187;4;High
5661;7005;107006;4;Medium
5662;1629;101630;4;Medium
5663;37777;137778;3;Medium
5664;42805;142806;3;Medium
5665;43169;143170;1;Low
5666;34787;134788;4;Medium
5667;35982;135983;3;Medium
5668;12499;112500;2;High
5669;29915;129916;0;Low
5670;32939;132940;3;Low
5671;28203;128204;3;Medium
5672;26458;126459;2;Medium
5673;38490;138491;1;High
5674;11182;111183;0;Medium
5675;35387;135388;1;Low
5676;3748;103749;3;Medium
5677;15300;115301;4;Low
5678;42982;142983;0;Low
5679;14102;114103;2;Medium
5680;46788;146789;1;Medium
5681;23369;123370;3;Low
5682;15817;115818;2;Medium
5683;49868;149869;1;High
5684;18083;118084;0;Medium
5685;36337;136338;2;Medium
5686;18059;118060;1;Medium
5687;23940;123941;0;High
5688;24950;124951;2;High
5689;31854;131855;3;Medium
5690;45471;145472;4;High
5691;23025;123026;0;Medium
5692;11291;111292;3;Medium
5693;33589;133590;4;High
5694;12684;112685;0;High
5695;14270;114271;0;Low
5696;10421;110422;4;Low
5697;18960;118961;0;Low
5698;45886;145887;2;High
5699;17099;117100;1;Medium
5700;12705;112706;1;Medium
5701;42495;142496;4;Low
5702;5806;105807;0;Medium
5703;10381;110382;2;Low
5704;41003;141004;0;Medium
5705;33913;133914;2;Medium
5706;44478;144479;3;Low
5707;25042;125043;4;Low
5708;35117;135118;1;Low
5709;21623;121624;3;Medium
5710;17183;117184;4;Low
5711;36915;136916;2;Low
5712;13373;113374;3;Low
5713;45447;145448;1;Medium
5714;47780;147781;4;Low
5715;17513;117514;0;High
5716;31729;131730;2;Low
5717;19290;119291;3;Low
5718;39657;139658;3;Low
5719;30846;130847;1;Low
5720;36140;136141;4;Medium
5721;5461;105462;4;High
5722;3319;103320;3;Low
5723;87;100088;0;Medium
5724;8806;108807;1;Low
5725;24507;124508;0;Medium
5726;31523;131524;1;High
5727;13704;113705;1;Medium
5728;28170;128171;0;Medium
5729;18989;118990;1;Low
5730;43281;143282;4;High
5731;19934;119935;3;Medium
5732;4722;104723;0;Low
5733;32318;132319;4;Low
5734;20505;120506;4;Low
5735;27010;127011;0;Medium
5736;5867;105868;1;Medium
5737;18026;118027;1;High
5738;28386;128387;3;Medium
5739;4558;104559;3;High
5740;24182;124183;1;Medium
5741;6884;106885;4;Medium
5742;49810;149811;1;Low
5743;5289;105290;0;Medium
5744;40611;140612;2;High
5745;29071;129072;0;High
5746;4954;104955;2;Low
5747;27554;127555;3;Low
5748;29849;129850;1;Medium
5749;45446;145447;2;High
5750;40969;140970;1;Medium
5751;11818;111819;1;Low
5752;20815;120816;2;Medium
5753;6856;106857;3;High
5754;36741;136742;3;Low
5755;27291;127292;3;High
5756;45137;145138;2;Low
5757;13866;113867;4;Low
5758;22474;122475;4;High
5759;49791;149792;4;Medium
5760;40098;140099;3;Medium
5761;19550;119551;4;Low
5762;23950;123951;4;Medium
5763;33700;133701;3;Medium
5764;31517;131518;4;Low
5765;44927;144928;4;Medium
5766;14943;114944;1;Medium
5767;23918;123919;4;Medium
5768;15623;115624;1;Medium
5769;29850;129851;0;Low
5770;27217;127218;4;Medium
5771;36175;136176;4;Medium
5772;13581;113582;2;High
5773;1533;101534;0;High
5774;28185;128186;0;High
5775;9631;109632;4;High
5776;8989;108990;0;High
5777;17559;117560;3;High
5778;48596;148597;1;High
5779;26348;126349;0;Medium
5780;18921;118922;3;High
5781;25204;125205;4;Medium
5782;22370;122371;2;Medium
5783;23416;123417;0;Medium
5784;20907;120908;4;Medium
5785;17662;117663;3;Low
5786;42054;142055;3;Medium
5787;30958;130959;1;Low
5788;31866;131867;0;Medium
5789;7643;107644;1;High
5790;6100;106101;1;Low
5791;10096;110097;3;Medium
5792;20183;120184;4;Low
5793;46685;146686;2;Medium
5794;4946;104947;1;Low
5795;35215;135216;1;Low
5796;35051;135052;4;High
5797;43287;143288;2;Medium
5798;11610;111611;0;Low
5799;29434;129435;1;High
5800;35683;135684;1;Low
5801;44402;144403;2;High
5802;3045;103046;4;High
5803;3646;103647;2;Medium
5804;9149;109150;1;Medium
5805;3087;103088;4;High
5806;45135;145136;1;High
5807;18815;118816;1;Low
5808;10533;110534;2;Medium
5809;9806;109807;3;Medium
5810;324;100325;2;Low
5811;7611;107612;4;Medium
5812;27276;127277;0;Medium
5813;43406;143407;1;High
5814;16364;116365;0;Medium
5815;27138;127139;3;Low
5816;24649;124650;0;Medium
5817;27123;127124;2;High
5818;7008;107009;3;Medium
5819;17010;117011;0;Medium
5820;30234;130235;1;Medium
5821;39859;139860;4;Medium
5822;40664;140665;0;Low
5823;46384;146385;0;Medium
5824;40003;140004;2;Low
5825;42197;142198;3;Low
5826;20110;120111;3;Low
5827;6893;106894;4;High
5828;26992;126993;0;Low
5829;36061;136062;4;Low
5830;18241;118242;3;Low
5831;41937;141938;1;Medium
5832;41111;141112;1;Medium
5833;12737;112738;1;Low
5834;6030;106031;4;High
5835;557;100558;3;Medium
5836;13074;113075;0;Medium
5837;26137;126138;2;Low
5838;22625;122626;0;Medium
5839;2337;102338;0;Low
5840;2569;102570;1;High
5841;33597;133598;4;Medium
5842;45267;145268;2;Medium
5843;21399;121400;3;Low
5844;17860;117861;1;Low
5845;22673;122674;0;Low
5846;28335;128336;4;Medium
5847;10000;110001;3;Low
5848;19501;119502;0;Low
5849;11881;111882;1;Low
5850;35568;135569;4;High
5851;3187;103188;3;Medium
5852;17629;117630;4;Medium
5853;11571;111572;2;Medium
5854;28850;128851;3;Medium
5855;25170;125171;2;Low
5856;4390;104391;3;Low
5857;45715;145716;0;Medium
5858;46302;146303;0;High
5859;32850;132851;0;Medium
5860;20798;120799;2;Low
5861;12342;112343;3;Low
5862;25562;125563;3;Medium
5863;42221;142222;3;Low
5864;29632;129633;1;Medium
5865;34431;134432;3;Medium
5866;40710;140711;0;Medium
5867;47418;147419;1;Low
5868;47839;147840;4;Low
5869;13223;113224;1;High
5870;41407;141408;2;Medium
5871;32354;132355;1;Low
5872;920;100921;3;Medium
5873;27626;127627;0;Low
5874;40125;140126;0;Medium
5875;30042;130043;0;Medium
5876;15742;115743;4;Medium
5877;6996;106997;3;Low
5878;7849;107850;0;High
5879;4003;104004;0;High
5880;39372;139373;0;Medium
5881;33710;133711;1;Medium
5882;21686;121687;2;Medium
5883;45601;145602;3;High
5884;1843;101844;2;Medium
5885;33678;133679;3;Medium
5886;12762;112763;0;Low
5887;5281;105282;2;Medium
5888;25036;125037;0;Low
5889;7759;107760;2;Medium
5890;12307;112308;3;Medium
5891;47093;147094;1;Medium
5892;18931;118932;3;Medium
5893;39505;139506;2;Medium
5894;30832;130833;0;Medium
5895;15094;115095;1;Medium
5896;27458;127459;2;Low
5897;25411;125412;3;Low
5898;33491;133492;3;Low
5899;7583;107584;4;Medium
5900;1392;101393;2;High
5901;44946;144947;4;Medium
5902;36728;136729;1;Low
5903;21158;121159;4;Low
5904;35782;135783;1;Low
5905;26208;126209;3;High
5906;42379;142380;1;Low
5907;7734;107735;4;Medium
5908;45098;145099;0;High
5909;16411;116412;3;Medium
5910;12188;112189;1;Medium
5911;18930;118931;3;High
5912;28292;128293;1;Medium
5913;23844;123845;2;Medium
5914;2185;102186;2;Medium
5915;28939;128940;1;Medium
5916;39268;139269;0;Medium
5917;15337;115338;1;Medium
5918;45825;145826;1;Low
5919;22162;122163;2;Low
5920;45338;145339;0;Low
5921;6197;106198;2;High
5922;31504;131505;4;Medium
5923;3792;103793;4;Low
5924;37133;137134;1;High
5925;5042;105043;0;Low
5926;35608;135609;4;High
5927;45923;145924;3;Low
5928;43898;143899;2;Medium
5929;38956;138957;1;Low
5930;18281;118282;4;Medium
5931;712;100713;2;Low
5932;24927;124928;4;Low
5933;9811;109812;1;Low
5934;23961;123962;1;Medium
5935;46425;146426;4;Low
5936;10928;110929;0;Medium
5937;48302;148303;3;High
5938;16835;116836;0;Medium
5939;6781;106782;2;High
5940;47593;147594;4;Low
5941;28002;128003;3;High
5942;30556;130557;3;High
5943;20612;120613;2;Medium
5944;32817;132818;3;Low
5945;30239;130240;1;Medium
5946;20999;121000;4;Medium
5947;33651;133652;0;Medium
5948;14671;114672;3;High
5949;10378;110379;4;High
5950;6729;106730;4;Medium
5951;36733;136734;4;Low
5952;11369;111370;1;Medium
5953;16320;116321;3;Medium
5954;38382;138383;3;Low
5955;49838;149839;0;High
5956;33063;133064;2;Medium
5957;39431;139432;3;Medium
5958;19637;119638;2;Low
5959;28025;128026;4;High
5960;45961;145962;1;Medium
5961;29840;129841;3;High
5962;34357;134358;2;Low
5963;16767;116768;0;High
5964;9455;109456;2;Medium
5965;2177;102178;0;High
5966;21335;121336;4;Medium
5967;34747;134748;4;High
5968;43270;143271;3;Medium
5969;28083;128084;2;Medium
5970;25337;125338;0;Low
5971;14722;114723;1;Medium
5972;12783;112784;4;Medium
5973;35217;135218;1;Low
5974;24696;124697;1;High
5975;29592;129593;4;Low
5976;10407;110408;1;High
5977;23517;123518;0;High
5978;5519;105520;0;Medium
5979;23870;123871;0;Medium
5980;39963;139964;0;Medium
5981;33792;133793;2;High
5982;49557;149558;1;Medium
5983;42893;142894;1;High
5984;21304;121305;1;Low
5985;22671;122672;1;Medium
5986;56;100057;4;Medium
5987;15694;115695;1;Medium
5988;43372;143373;1;Medium
5989;48290;148291;0;Low
5990;34909;134910;0;Medium
5991;21507;121508;1;Low
5992;34713;134714;3;High
5993;20067;120068;1;High
5994;21321;121322;3;Low
5995;8627;108628;0;High
5996;34248;134249;1;Low
5997;13836;113837;2;Low
5998;13024;113025;4;Medium
5999;24520;124521;0;High
6000;25060;125061;2;Low
6001;36190;136191;1;Medium
6002;34183;134184;3;Low
6003;7099;107100;1;Medium
6004;32175;132176;0;Medium
6005;17814;117815;4;High
6006;45504;145505;4;Medium
6007;24376;124377;0;Medium
6008;26848;126849;2;Medium
6009;27280;127281;2;Low
6010;42493;142494;4;Low
6011;19649;119650;2;Medium
6012;13361;113362;0;Medium
6013;12892;112893;2;Medium
6014;47596;147597;4;Low
6015;8822;108823;4;High
6016;8446;108447;3;Low
6017;35934;135935;2;Medium
6018;46257;146258;2;Medium
6019;21833;121834;4;Low
6020;28853;128854;0;Medium
6021;1497;101498;1;High
6022;25418;125419;1;High
6023;9361;109362;3;Low
6024;9001;109002;0;Low
6025;24870;124871;4;High
6026;35494;135495;1;Medium
6027;6920;106921;1;Low
6028;9204;109205;1;High
6029;44901;144902;0;Medium
6030;26118;126119;4;High
6031;11475;111476;4;Medium
6032;31225;131226;4;High
6033;7143;107144;2;High
6034;28121;128122;1;Medium
6035;29015;129016;4;Medium
6036;19698;119699;1;Low
6037;26843;126844;2;Medium
6038;19398;119399;2;Medium
6039;16972;116973;2;Medium
6040;38281;138282;0;Medium
6041;25853;125854;4;Low
6042;29479;129480;3;Low
6043;9463;109464;3;Medium
6044;44355;144356;3;Low
6045;23906;123907;3;Low
6046;23922;123923;3;Low
6047;14974;114975;3;High
6048;8563;108564;1;Medium
6049;20320;120321;0;High
6050;1119;101120;1;Medium
6051;21705;121706;4;Low
6052;20345;120346;2;Low
6053;4405;104406;2;Low
6054;45807;145808;0;High
6055;43610;143611;3;Low
6056;40072;140073;2;High
6057;45333;145334;0;Medium
6058;22536;122537;2;Medium
6059;28792;128793;1;Medium
6060;17093;117094;3;Medium
6061;1162;101163;3;Low
6062;3495;103496;1;Medium
6063;12971;112972;2;Low
6064;31185;131186;0;High
6065;29929;129930;4;Low
6066;23089;123090;0;Medium
6067;4187;104188;0;Medium
6068;46191;146192;3;Medium
6069;31138;131139;4;Medium
6070;48146;148147;1;Medium
6071;29842;129843;2;High
6072;42983;142984;0;Medium
6073;25293;125294;1;Medium
6074;41220;141221;0;Low
6075;29507;129508;3;Medium
6076;13232;113233;2;Medium
6077;45511;145512;3;Medium
6078;44072;144073;1;Medium
6079;4986;104987;4;Medium
6080;17340;117341;3;High
6081;12314;112315;4;High
6082;9364;109365;3;Low
6083;11169;111170;3;Low
6084;3673;103674;0;Low
6085;16622;116623;2;Medium
6086;42930;142931;4;High
6087;41335;141336;0;Low
6088;45994;145995;2;Medium
6089;48061;148062;3;High
6090;44643;144644;2;High
6091;22543;122544;3;High
6092;19603;119604;1;Medium
6093;23595;123596;1;Low
6094;11817;111818;0;Medium
6095;19249;119250;0;Medium
6096;29480;129481;0;Medium
6097;22570;122571;0;Medium
6098;4709;104710;3;Low
6099;44111;144112;4;Low
6100;35617;135618;2;Medium
6101;28363;128364;0;Medium
6102;16658;116659;4;High
6103;3842;103843;0;Medium
6104;1307;101308;4;Medium
6105;9030;109031;4;Medium
6106;28970;128971;4;Low
6107;3028;103029;1;Medium
6108;21446;121447;1;High
6109;10707;110708;3;High
6110;30097;130098;4;Medium
6111;42345;142346;1;High
6112;34726;134727;2;Low
6113;37087;137088;4;High
6114;45234;145235;2;Medium
6115;32182;132183;4;Low
6116;30613;130614;4;High
6117;22260;122261;2;Medium
6118;31670;131671;2;Low
6119;34390;134391;1;Medium
6120;25612;125613;1;Low
6121;37230;137231;3;Low
6122;40798;140799;2;Medium
6123;22901;122902;4;Medium
6124;46075;146076;3;Medium
6125;4938;104939;4;Low
6126;36278;136279;4;High
6127;17755;117756;0;Medium
6128;34849;134850;3;Medium
6129;41058;141059;3;Medium
6130;4683;104684;2;Medium
6131;35563;135564;3;Medium
6132;46995;146996;4;Medium
6133;11241;111242;2;High
6134;39252;139253;4;High
6135;43459;143460;3;Medium
6136;39799;139800;0;High
6137;16998;116999;4;Medium
6138;48462;148463;2;Medium
6139;11707;111708;0;Medium
6140;942;100943;4;Medium
6141;279;100280;1;Medium
6142;30265;130266;2;Medium
6143;13888;113889;4;Low
6144;12745;112746;1;Low
6145;895;100896;4;Medium
6146;24004;124005;1;Medium
6147;44004;144005;0;Medium
6148;33504;133505;1;Medium
6149;39844;139845;3;High
6150;19998;119999;0;Low
6151;21526;121527;3;Low
6152;26064;126065;4;Medium
6153;8247;108248;0;Low
6154;49815;149816;4;Low
6155;8816;108817;1;Low
6156;44297;144298;1;High
6157;7559;107560;1;Low
6158;33448;133449;0;Low
6159;9215;109216;1;Low
6160;6970;106971;2;Low
6161;15935;115936;3;High
6162;8977;108978;2;Medium
6163;34359;134360;1;Medium
6164;20757;120758;1;High
6165;40759;140760;4;High
6166;2078;102079;4;High
6167;25131;125132;3;High
6168;38030;138031;4;Low
6169;2235;102236;3;Low
6170;3711;103712;4;Medium
6171;17343;117344;4;Medium
6172;32189;132190;1;Medium
6173;45227;145228;2;High
6174;22176;122177;4;Medium
6175;15001;115002;2;Medium
6176;49512;149513;1;Medium
6177;42334;142335;3;High
6178;48863;148864;3;Medium
6179;44700;144701;3;Medium
6180;19496;119497;1;Low
6181;9492;109493;0;Low
6182;49107;149108;2;Low
6183;24056;124057;1;High
6184;10675;110676;3;High
6185;29264;129265;0;High
6186;47508;147509;4;Medium
6187;7487;107488;1;Low
6188;15431;115432;4;High
6189;9801;109802;2;Medium
6190;13372;113373;2;Medium
6191;42259;142260;0;Medium
6192;25531;125532;3;Medium
6193;35545;135546;4;Low
6194;8152;108153;2;Medium
6195;6059;106060;1;Medium
6196;4977;104978;1;Medium
6197;31033;131034;3;Low
6198;20176;120177;4;Medium
6199;49469;149470;2;Low
6200;17125;117126;0;Low
6201;43988;143989;2;Medium
6202;26940;126941;1;Low
6203;48848;148849;0;Medium
6204;34509;134510;2;Low
6205;7244;107245;2;Low
6206;42382;142383;0;Low
6207;33134;133135;3;High
6208;8227;108228;0;High
6209;37963;137964;1;Low
6210;1747;101748;2;High
6211;6599;106600;0;Medium
6212;17116;117117;2;Medium
6213;30009;130010;1;Medium
6214;22281;122282;2;Medium
6215;8901;108902;0;Low
6216;20395;120396;0;Low
6217;3650;103651;1;Medium
6218;15304;115305;2;Medium
6219;9139;109140;0;Low
6220;10087;110088;1;Low
6221;28075;128076;2;Low
6222;12295;112296;3;Low
6223;32476;132477;1;Medium
6224;47666;147667;4;High
6225;38295;138296;0;Medium
6226;16550;116551;2;High
6227;17543;117544;1;Low
6228;6350;106351;0;Low
6229;46316;146317;2;Low
6230;14546;114547;2;Low
6231;46765;146766;4;High
6232;15046;115047;3;High
6233;18588;118589;1;Low
6234;38600;138601;2;Medium
6235;35021;135022;3;Medium
6236;22918;122919;4;Low
6237;47078;147079;2;High
6238;42289;142290;4;Medium
6239;3405;103406;3;Medium
6240;27004;127005;4;Low
6241;19753;119754;3;Low
6242;37923;137924;0;Low
6243;24059;124060;0;Medium
6244;13935;113936;4;Medium
6245;26913;126914;2;Low
6246;32612;132613;1;Medium
6247;33308;133309;1;Low
6248;35836;135837;1;Medium
6249;3013;103014;2;Medium
6250;48682;148683;0;Low
6251;21349;121350;3;High
6252;43906;143907;0;Medium
6253;2310;102311;1;Medium
6254;27400;127401;0;Medium
6255;40226;140227;1;High
6256;21003;121004;0;Low
6257;38125;138126;0;Medium
6258;21106;121107;4;High
6259;49283;149284;0;Low
6260;16380;116381;0;Medium
6261;7084;107085;3;Medium
6262;5571;105572;4;Medium
6263;40150;140151;4;Medium
6264;22257;122258;1;Medium
6265;250;100251;0;High
6266;7776;107777;2;Medium
6267;4107;104108;2;Medium
6268;1104;101105;3;Low
6269;30366;130367;0;High
6270;17907;117908;4;Low
6271;9816;109817;4;Medium
6272;38754;138755;2;Medium
6273;21019;121020;3;Medium
6274;23306;123307;2;Medium
6275;30227;130228;3;High
6276;37516;137517;3;Medium
6277;4046;104047;4;Low
6278;36568;136569;1;Low
6279;2593;102594;0;Medium
6280;6117;106118;1;Low
6281;449;100450;1;Medium
6282;44159;144160;1;Low
6283;25533;125534;4;Medium
6284;11194;111195;0;Medium
6285;12066;112067;2;Medium
6286;32788;132789;0;Medium
6287;14458;114459;1;Medium
6288;33610;133611;0;Low
6289;23447;123448;2;Medium
6290;31016;131017;0;High
6291;7141;107142;3;High
6292;21451;121452;1;Medium
6293;41680;141681;4;Low
6294;45094;145095;1;Medium
6295;915;100916;1;Low
6296;14281;114282;2;Medium
6297;9424;109425;3;High
6298;11110;111111;4;High
6299;28940;128941;2;Medium
6300;17243;117244;4;Medium
6301;7133;107134;2;Low
6302;39186;139187;2;Low
6303;30733;130734;0;High
6304;11255;111256;4;High
6305;46293;146294;4;Low
6306;44227;144228;0;Medium
6307;8188;108189;0;Low
6308;4309;104310;3;Medium
6309;36634;136635;0;Medium
6310;23433;123434;4;High
6311;2091;102092;0;Medium
6312;44952;144953;1;High
6313;39931;139932;1;Medium
6314;46911;146912;3;Medium
6315;47536;147537;2;Low
6316;16252;116253;3;Medium
6317;2139;102140;4;Low
6318;13277;113278;2;High
6319;13322;113323;2;Medium
6320;11792;111793;0;High
6321;2332;102333;3;High
6322;18590;118591;3;Medium
6323;32110;132111;1;High
6324;49906;149907;0;Medium
6325;381;100382;1;Low
6326;9124;109125;4;High
6327;31841;131842;0;Medium
6328;37169;137170;2;Low
6329;41557;141558;3;High
6330;42579;142580;3;Medium
6331;20719;120720;3;High
6332;15323;115324;4;Medium
6333;32472;132473;0;High
6334;41628;141629;4;Medium
6335;16699;116700;3;High
6336;6233;106234;4;Medium
6337;41300;141301;0;Low
6338;41505;141506;2;Low
6339;48470;148471;1;High
6340;408;100409;2;Low
6341;39200;139201;4;Low
6342;37991;137992;4;Low
6343;29711;129712;4;Medium
6344;41942;141943;2;Low
6345;37374;137375;4;Low
6346;9549;109550;0;High
6347;34146;134147;3;Low
6348;30385;130386;0;Medium
6349;16615;116616;2;Low
6350;1728;101729;0;Low
6351;5787;105788;1;Low
6352;40921;140922;1;High
6353;1883;101884;1;Medium
6354;44697;144698;1;Medium
6355;39736;139737;4;High
6356;7972;107973;2;Low
6357;22047;122048;2;Low
6358;38083;138084;3;Medium
6359;48283;148284;4;High
6360;13979;113980;2;Low
6361;36624;136625;1;High
6362;16450;116451;4;Medium
6363;14544;114545;3;Low
6364;24892;124893;4;High
6365;2465;102466;1;Medium
6366;11216;111217;1;Medium
6367;13157;113158;0;Low
6368;18761;118762;3;Medium
6369;14698;114699;2;Medium
6370;27406;127407;1;High
6371;36339;136340;0;Medium
6372;36678;136679;1;Medium
6373;9427;109428;4;Low
6374;3104;103105;4;Medium
6375;1531;101532;4;Medium
6376;20986;120987;2;Medium
6377;22208;122209;2;Low
6378;4837;104838;3;High
6379;11240;111241;4;Low
6380;48019;148020;3;Medium
6381;33236;133237;4;High
6382;9328;109329;2;Low
6383;5078;105079;4;Medium
6384;5112;105113;1;High
6385;37791;137792;2;Medium
6386;40151;140152;3;High
6387;38067;138068;0;Low
6388;17531;117532;0;Medium
6389;11668;111669;4;High
6390;32659;132660;2;Medium
6391;18166;118167;1;Medium
6392;41745;141746;2;Medium
6393;34086;134087;2;Medium
6394;37604;137605;2;Low
6395;28984;128985;2;High
6396;27944;127945;3;Medium
6397;16610;116611;2;High
6398;4808;104809;0;High
6399;38004;138005;3;Medium
6400;14691;114692;2;Low
6401;28663;128664;1;Medium
6402;1178;101179;3;Low
6403;24625;124626;0;High
6404;27515;127516;3;Medium
6405;35222;135223;4;High
6406;19478;119479;2;Low
6407;29591;129592;3;Medium
6408;42205;142206;2;Low
6409;16085;116086;4;Medium
6410;43916;143917;2;Low
6411;37906;137907;2;Medium
6412;24852;124853;2;Medium
6413;38972;138973;2;Low
6414;8265;108266;3;Low
6415;46607;146608;2;Medium
6416;16737;116738;3;High
6417;22789;122790;0;Low
6418;15496;115497;0;Medium
6419;40037;140038;3;Medium
6420;29112;129113;0;Low
6421;24069;124070;0;High
6422;20905;120906;3;Low
6423;11259;111260;1;High
6424;32944;132945;2;Low
6425;45169;145170;4;Medium
6426;12526;112527;0;Low
6427;18209;118210;4;Medium
6428;43310;143311;3;Low
6429;16402;116403;2;Medium
6430;33749;133750;4;Medium
6431;23785;123786;1;Low
6432;39971;139972;2;Low
6433;470;100471;3;High
6434;2919;102920;0;Medium
6435;23344;123345;1;Medium
6436;35173;135174;1;Low
6437;27490;127491;1;Medium
6438;37925;137926;3;Low
6439;44154;144155;1;Low
6440;38315;138316;0;High
6441;10372;110373;0;High
6442;15069;115070;1;Low
6443;19287;119288;1;High
6444;17231;117232;2;Medium
6445;9172;109173;3;Medium
6446;36534;136535;4;Low
6447;1027;101028;3;Medium
6448;33762;133763;0;Medium
6449;33027;133028;4;Low
6450;13160;113161;0;Medium
6451;36322;136323;1;Medium
6452;45297;145298;3;Medium
6453;48862;148863;1;Low
6454;37641;137642;4;High
6455;3566;103567;0;Medium
6456;20672;120673;2;Medium
6457;43225;143226;3;Low
6458;1273;101274;1;Medium
6459;21224;121225;1;High
6460;25891;125892;3;Medium
6461;7883;107884;2;Medium
6462;26551;126552;1;Low
6463;23980;123981;4;High
6464;46554;146555;2;Low
6465;1185;101186;1;Medium
6466;31738;131739;0;Medium
6467;49536;149537;1;Low
6468;13195;113196;0;Low
6469;36056;136057;0;Low
6470;5216;105217;4;Low
6471;36578;136579;1;Medium
6472;29539;129540;2;Low
6473;4065;104066;3;High
6474;6871;106872;1;Low
6475;45857;145858;0;High
6476;13901;113902;3;Low
6477;23250;123251;4;High
6478;5379;105380;4;Medium
6479;13730;113731;0;Medium
6480;49707;149708;4;Medium
6481;32689;132690;2;Medium
6482;37286;137287;2;Medium
6483;44300;144301;3;Low
6484;12448;112449;4;Medium
6485;28990;128991;0;Medium
6486;43400;143401;4;Low
6487;27855;127856;4;Medium
6488;36814;136815;3;High
6489;12979;112980;3;Low
6490;10457;110458;3;High
6491;27503;127504;1;Medium
6492;17557;117558;0;Medium
6493;19673;119674;0;Low
6494;31170;131171;2;Medium
6495;40097;140098;0;High
6496;11990;111991;3;High
6497;16643;116644;0;High
6498;26850;126851;2;Medium
6499;3926;103927;0;Low
6500;26646;126647;4;High
6501;18373;118374;3;High
6502;47143;147144;2;Low
6503;32457;132458;4;Low
6504;27203;127204;1;Medium
6505;40529;140530;3;Medium
6506;40809;140810;1;Low
6507;17470;117471;4;Low
6508;32609;132610;0;High
6509;41603;141604;1;High
6510;28852;128853;1;High
6511;2721;102722;2;Low
6512;17193;117194;4;High
6513;22664;122665;3;Medium
6514;33417;133418;3;Low
6515;18296;118297;3;High
6516;42124;142125;1;Medium
6517;29291;129292;4;Low
6518;30235;130236;3;Medium
6519;4705;104706;4;Medium
6520;12727;112728;1;Medium
6521;36593;136594;1;High
6522;39184;139185;2;Medium
6523;8434;108435;1;Medium
6524;15407;115408;2;Medium
6525;4074;104075;3;Low
6526;19150;119151;1;High
6527;19940;119941;2;Low
6528;38037;138038;3;Medium
6529;12834;112835;2;Low
6530;47893;147894;2;Medium
6531;21091;121092;3;Medium
6532;14200;114201;3;Low
6533;32190;132191;3;Medium
6534;24501;124502;0;Medium
6535;37772;137773;3;Medium
6536;46837;146838;3;High
6537;37720;137721;3;Medium
6538;24191;124192;4;Low
6539;20525;120526;2;Low
6540;2208;102209;2;High
6541;42946;142947;3;Medium
6542;6831;106832;1;Medium
6543;36958;136959;0;Low
6544;5125;105126;2;Medium
6545;41647;141648;3;Low
6546;14589;114590;3;High
6547;25112;125113;1;High
6548;37589;137590;1;Medium
6549;24177;124178;3;Medium
6550;22158;122159;0;Low
6551;819;100820;3;Low
6552;13193;113194;1;Low
6553;473;100474;3;Low
6554;3168;103169;0;High
6555;789;100790;4;High
6556;40856;140857;0;High
6557;38815;138816;1;High
6558;11689;111690;4;Low
6559;25963;125964;4;Low
6560;41800;141801;2;Medium
6561;38923;138924;1;High
6562;42021;142022;0;Medium
6563;47293;147294;2;Low
6564;48148;148149;4;High
6565;26178;126179;3;Medium
6566;17574;117575;3;Low
6567;28726;128727;0;Medium
6568;47597;147598;4;High
6569;6415;106416;4;Low
6570;16975;116976;1;High
6571;38543;138544;3;High
6572;23947;123948;4;Low
6573;20949;120950;1;Medium
6574;35345;135346;2;Medium
6575;44644;144645;4;Low
6576;7486;107487;2;Medium
6577;44281;144282;4;High
6578;32734;132735;4;Low
6579;1436;101437;4;High
6580;24492;124493;2;High
6581;8029;108030;2;Medium
6582;48673;148674;2;Low
6583;17291;117292;3;Medium
6584;14305;114306;3;Medium
6585;11618;111619;1;Medium
6586;457;100458;2;High
6587;31684;131685;2;Medium
6588;10903;110904;2;Medium
6589;13691;113692;0;Medium
6590;33653;133654;3;Medium
6591;47398;147399;3;Low
6592;964;100965;1;Medium
6593;12963;112964;0;High
6594;19254;119255;0;Low
6595;39427;139428;3;Medium
6596;44647;144648;2;Medium
6597;7137;107138;2;High
6598;24855;124856;3;Medium
6599;7952;107953;1;Low
6600;36740;136741;1;Medium
6601;8299;108300;2;Medium
6602;25491;125492;0;Low
6603;17777;117778;0;High
6604;39720;139721;2;High
6605;39535;139536;0;Low
6606;34826;134827;4;Low
6607;47076;147077;2;Low
6608;31997;131998;4;Low
6609;8979;108980;4;Low
6610;38122;138123;2;Low
6611;38791;138792;2;Medium
6612;19873;119874;3;Medium
6613;13949;113950;0;Low
6614;26423;126424;0;Low
6615;21221;121222;4;Low
6616;2656;102657;0;Medium
6617;48945;148946;2;Medium
6618;33770;133771;3;Low
6619;34383;134384;3;Low
6620;25707;125708;4;Medium
6621;47405;147406;4;Low
6622;37037;137038;1;Medium
6623;16516;116517;1;Medium
6624;27705;127706;2;Medium
6625;5321;105322;1;Low
6626;17520;117521;3;Low
6627;29176;129177;2;High
6628;6741;106742;3;Medium
6629;34650;134651;3;Low
6630;16385;116386;3;High
6631;26723;126724;4;Medium
6632;46452;146453;0;Low
6633;11343;111344;0;Medium
6634;36795;136796;2;Medium
6635;29757;129758;4;Medium
6636;33876;133877;2;High
6637;1875;101876;1;Medium
6638;12407;112408;4;High
6639;35971;135972;3;High
6640;30202;130203;0;Low
6641;23952;123953;2;High
6642;16664;116665;2;Low
6643;13891;113892;1;Low
6644;38168;138169;4;Medium
6645;21288;121289;2;Low
6646;23068;123069;1;High
6647;6902;106903;3;Medium
6648;47047;147048;1;Low
6649;11533;111534;2;High
6650;31855;131856;4;Medium
6651;13027;113028;1;Medium
6652;24373;124374;2;High
6653;49552;149553;0;Medium
6654;27863;127864;0;Low
6655;49098;149099;0;Low
6656;24700;124701;4;High
6657;5640;105641;4;High
6658;36006;136007;0;Medium
6659;1940;101941;3;Low
6660;24265;124266;0;High
6661;25850;125851;1;Low
6662;38304;138305;0;Medium
6663;33811;133812;0;Low
6664;17548;117549;4;Medium
6665;41354;141355;1;Medium
6666;1863;101864;2;High
6667;19840;119841;2;High
6668;49646;149647;1;Medium
6669;37899;137900;2;Medium
6670;8829;108830;4;High
6671;12331;112332;2;Low
6672;13155;113156;0;Medium
6673;6637;106638;2;Low
6674;16173;116174;4;High
6675;31913;131914;3;High
6676;21811;121812;3;High
6677;11994;111995;2;Medium
6678;14529;114530;0;Low
6679;25764;125765;4;Low
6680;4799;104800;0;High
6681;6782;106783;1;High
6682;18758;118759;3;High
6683;36064;136065;2;Low
6684;16525;116526;3;Medium
6685;41652;141653;0;Medium
6686;31281;131282;1;Medium
6687;16345;116346;2;Low
6688;46058;146059;2;High
6689;6568;106569;2;Low
6690;18208;118209;0;Medium
6691;29362;129363;1;Medium
6692;16036;116037;3;Medium
6693;20368;120369;2;High
6694;27597;127598;2;Low
6695;20924;120925;4;High
6696;15176;115177;3;High
6697;29620;129621;1;Medium
6698;27941;127942;0;Low
6699;1334;101335;0;Low
6700;30446;130447;1;Low
6701;6421;106422;2;Low
6702;46310;146311;1;High
6703;28601;128602;3;Medium
6704;3060;103061;1;Low
6705;26749;126750;0;High
6706;22735;122736;1;Low
6707;8404;108405;0;Medium
6708;35166;135167;0;Low
6709;13145;113146;3;High
6710;9259;109260;2;Low
6711;2240;102241;0;High
6712;29008;129009;4;High
6713;16152;116153;3;Medium
6714;35178;135179;3;High
6715;41832;141833;0;High
6716;46622;146623;0;Low
6717;44164;144165;3;Low
6718;20048;120049;3;Medium
6719;38571;138572;3;High
6720;9937;109938;0;Low
6721;13692;113693;4;Low
6722;15898;115899;0;High
6723;8589;108590;4;Medium
6724;8564;108565;2;Medium
6725;43349;143350;4;Medium
6726;3256;103257;2;Low
6727;6279;106280;2;Medium
6728;29017;129018;3;Low
6729;9224;109225;3;Medium
6730;48826;148827;4;High
6731;39236;139237;2;Low
6732;48806;148807;3;High
6733;3854;103855;3;High
6734;30150;130151;0;High
6735;30423;130424;0;High
6736;44028;144029;2;Medium
6737;2990;102991;1;Low
6738;2905;102906;4;Medium
6739;22888;122889;0;Low
6740;35597;135598;1;Low
6741;8460;108461;3;Medium
6742;30823;130824;3;Medium
6743;20919;120920;2;High
6744;47046;147047;4;Medium
6745;37050;137051;4;Medium
6746;18448;118449;0;Medium
6747;49415;149416;2;Low
6748;48587;148588;2;Medium
6749;5339;105340;3;Medium
6750;689;100690;2;High
6751;48916;148917;0;Low
6752;26243;126244;3;Medium
6753;47215;147216;3;Low
6754;48481;148482;0;Medium
6755;31795;131796;1;Medium
6756;22265;122266;1;Medium
6757;40634;140635;0;Medium
6758;49181;149182;3;Medium
6759;19781;119782;4;Medium
6760;46545;146546;0;Medium
6761;23781;123782;3;High
6762;7503;107504;2;Medium
6763;39334;139335;3;Medium
6764;4461;104462;1;Low
6765;28930;128931;2;High
6766;44328;144329;4;Medium
6767;21418;121419;4;High
6768;41735;141736;3;Medium
6769;9496;109497;0;High
6770;16018;116019;4;Medium
6771;20860;120861;0;High
6772;41501;141502;0;Low
6773;26930;126931;3;High
6774;22718;122719;0;Medium
6775;32397;132398;0;Low
6776;13213;113214;1;High
6777;48394;148395;4;High
6778;44;100045;3;Low
6779;23361;123362;3;Low
6780;27867;127868;2;Low
6781;798;100799;1;Medium
6782;7676;107677;2;Medium
6783;39063;139064;4;Low
6784;25950;125951;2;Medium
6785;1169;101170;4;Medium
6786;3308;103309;1;Low
6787;6169;106170;2;Medium
6788;39727;139728;2;Medium
6789;7272;107273;3;Low
6790;4181;104182;2;Low
6791;19367;119368;1;High
6792;26462;126463;4;Medium
6793;1910;101911;1;Low
6794;35824;135825;1;Medium
6795;704;100705;4;High
6796;616;100617;4;High
6797;30533;130534;3;Low
6798;43619;143620;3;Medium
6799;10353;110354;4;Low
6800;42195;142196;2;Low
6801;23788;123789;1;High
6802;0;100001;0;High
6803;26175;126176;2;Low
6804;1433;101434;2;Medium
6805;7139;107140;1;Medium
6806;5371;105372;1;Low
6807;18472;118473;0;High
6808;39486;139487;4;Low
6809;23590;123591;2;High
6810;48679;148680;0;High
6811;35750;135751;0;Medium
6812;44000;144001;1;Medium
6813;22565;122566;4;High
6814;47945;147946;0;High
6815;45508;145509;1;Medium
6816;45528;145529;4;High
6817;20052;120053;4;Low
6818;21945;121946;1;High
6819;4014;104015;2;Low
6820;48153;148154;2;Low
6821;43026;143027;2;Low
6822;4423;104424;2;Medium
6823;5163;105164;0;Medium
6824;7316;107317;4;High
6825;38132;138133;0;Low
6826;4236;104237;2;High
6827;35430;135431;0;Medium
6828;16793;116794;4;High
6829;42239;142240;4;Medium
6830;45882;145883;3;Low
6831;8787;108788;4;Low
6832;36549;136550;2;Medium
6833;44803;144804;1;High
6834;12811;112812;0;Medium
6835;20713;120714;1;High
6836;8519;108520;2;Low
6837;8122;108123;3;Medium
6838;30063;130064;3;Medium
6839;20289;120290;1;Low
6840;47096;147097;3;Low
6841;10029;110030;4;Medium
6842;27596;127597;2;Medium
6843;24840;124841;0;High
6844;31514;131515;1;Medium
6845;3942;103943;1;Medium
6846;35907;135908;3;High
6847;21450;121451;3;Low
6848;497;100498;2;Low
6849;14808;114809;4;Low
6850;16463;116464;1;Medium
6851;16038;116039;2;Low
6852;27466;127467;3;Medium
6853;43088;143089;4;Medium
6854;4689;104690;2;High
6855;40833;140834;4;High
6856;4348;104349;2;Medium
6857;45030;145031;0;Low
6858;4888;104889;2;Medium
6859;25379;125380;0;Medium
6860;20660;120661;1;High
6861;11490;111491;0;Medium
6862;49602;149603;0;Low
6863;13076;113077;4;Medium
6864;24317;124318;2;Medium
6865;44228;144229;0;Medium
6866;48455;148456;0;Medium
6867;3295;103296;3;Medium
6868;7054;107055;0;Low
6869;26600;126601;0;Medium
6870;29934;129935;1;Low
6871;29611;129612;1;Medium
6872;39503;139504;4;Low
6873;16993;116994;2;Low
6874;45163;145164;0;High
6875;17383;117384;0;Medium
6876;25546;125547;4;Low
6877;955;100956;0;Medium
6878;31784;131785;4;Low
6879;35042;135043;1;Low
6880;284;100285;0;Low
6881;10640;110641;0;Low
6882;10870;110871;2;Low
6883;44172;144173;1;Low
6884;49352;149353;1;High
6885;41627;141628;0;Medium
6886;10954;110955;0;Low
6887;8292;108293;1;High
6888;28341;128342;4;Medium
6889;4881;104882;2;Medium
6890;28349;128350;3;Low
6891;4924;104925;3;Medium
6892;24978;124979;0;Low
6893;24651;124652;1;Medium
6894;45737;145738;4;Medium
6895;31143;131144;4;Low
6896;47424;147425;4;Medium
6897;27652;127653;2;Low
6898;7092;107093;3;Medium
6899;11538;111539;4;Low
6900;33091;133092;0;High
6901;24394;124395;0;Medium
6902;28379;128380;1;High
6903;15750;115751;4;Medium
6904;37945;137946;3;Medium
6905;14533;114534;2;Medium
6906;41872;141873;4;Medium
6907;24364;124365;0;High
6908;19534;119535;1;High
6909;18811;118812;4;Low
6910;41500;141501;0;Low
6911;31220;131221;1;Medium
6912;15281;115282;3;High
6913;38810;138811;4;High
6914;32954;132955;2;Medium
6915;13677;113678;3;High
6916;27841;127842;3;Low
6917;16127;116128;0;Low
6918;39381;139382;4;High
6919;32668;132669;0;Medium
6920;48580;148581;1;High
6921;12266;112267;0;Medium
6922;42455;142456;0;Low
6923;16138;116139;0;High
6924;47947;147948;3;Medium
6925;812;100813;0;High
6926;24898;124899;0;High
6927;9956;109957;3;Low
6928;17841;117842;1;Low
6929;9687;109688;3;Medium
6930;21061;121062;3;Low
6931;44925;144926;0;High
6932;39644;139645;4;Low
6933;32381;132382;0;High
6934;24508;124509;1;High
6935;13398;113399;0;Low
6936;27521;127522;4;High
6937;15851;115852;0;Medium
6938;4203;104204;2;High
6939;39611;139612;2;High
6940;12185;112186;3;High
6941;12759;112760;3;Medium
6942;4923;104924;0;Medium
6943;13580;113581;0;Low
6944;2731;102732;1;Medium
6945;33958;133959;0;Medium
6946;42096;142097;4;Low
6947;23228;123229;1;Low
6948;38510;138511;3;Low
6949;2926;102927;1;Low
6950;42384;142385;1;Medium
6951;24379;124380;4;Low
6952;9559;109560;3;High
6953;22362;122363;0;Medium
6954;24571;124572;4;High
6955;40398;140399;0;Medium
6956;12045;112046;0;Medium
6957;23117;123118;1;Medium
6958;43696;143697;4;High
6959;48326;148327;0;Low
6960;39039;139040;3;Medium
6961;6839;106840;3;Medium
6962;1864;101865;2;High
6963;45470;145471;4;Medium
6964;8971;108972;2;High
6965;37209;137210;1;High
6966;35653;135654;1;High
6967;41036;141037;0;High
6968;34154;134155;3;High
6969;34759;134760;3;Medium
6970;41900;141901;4;High
6971;45860;145861;1;Medium
6972;16831;116832;3;High
6973;8521;108522;2;Medium
6974;30341;130342;2;High
6975;5217;105218;2;Low
6976;9169;109170;2;High
6977;21564;121565;0;Medium
6978;26132;126133;3;Medium
6979;33295;133296;2;Low
6980;17089;117090;2;Medium
6981;11437;111438;0;Low
6982;14456;114457;2;Medium
6983;19017;119018;0;Medium
6984;18438;118439;3;Low
6985;39785;139786;2;High
6986;41088;141089;2;Medium
6987;38386;138387;2;High
6988;33813;133814;2;Medium
6989;31944;131945;3;Medium
6990;923;100924;0;Medium
6991;46760;146761;1;Low
6992;35286;135287;3;Medium
6993;33112;133113;2;Medium
6994;10890;110891;2;Low
6995;41629;141630;1;High
6996;2648;102649;1;Medium
6997;40909;140910;2;Medium
6998;41018;141019;3;Medium
6999;16929;116930;2;Low
7000;22475;122476;0;Medium
7001;29348;129349;0;High
7002;28882;128883;4;High
7003;4909;104910;4;High
7004;35997;135998;1;Low
7005;6046;106047;0;High
7006;38927;138928;4;Medium
7007;17775;117776;1;High
7008;33548;133549;3;Low
7009;12228;112229;1;Medium
7010;33768;133769;2;Low
7011;36569;136570;2;Medium
7012;37454;137455;4;High
7013;19683;119684;3;Medium
7014;17290;117291;3;Low
7015;42815;142816;0;Medium
7016;46325;146326;3;High
7017;35868;135869;1;Medium
7018;46402;146403;2;High
7019;26895;126896;1;High
7020;47629;147630;0;Low
7021;45876;145877;3;Low
7022;24989;124990;1;Low
7023;31117;131118;4;Medium
7024;33785;133786;4;High
7025;7907;107908;1;High
7026;41712;141713;1;Medium
7027;14942;114943;4;Low
7028;47410;147411;3;High
7029;30389;130390;3;Low
7030;37949;137950;1;Medium
7031;18890;118891;3;High
7032;17547;117548;3;Low
7033;18403;118404;0;High
7034;34376;134377;0;Medium
7035;30660;130661;3;Medium
7036;34161;134162;2;Medium
7037;11617;111618;4;Low
7038;28472;128473;3;Low
7039;42487;142488;3;Medium
7040;18030;118031;1;Low
7041;44686;144687;3;Medium
7042;35881;135882;1;Low
7043;2867;102868;0;Low
7044;620;100621;3;Medium
7045;6859;106860;2;High
7046;11907;111908;1;High
7047;22753;122754;1;Medium
7048;15888;115889;1;Low
7049;35869;135870;4;Low
7050;45967;145968;3;Medium
7051;42618;142619;0;Medium
7052;33367;133368;0;Low
7053;15096;115097;4;High
7054;35817;135818;2;High
7055;2637;102638;0;Medium
7056;8510;108511;2;Medium
7057;29093;129094;2;Low
7058;24754;124755;2;Medium
7059;24332;124333;3;Medium
7060;3879;103880;4;Low
7061;8803;108804;0;Medium
7062;15962;115963;3;Medium
7063;17796;117797;2;Medium
7064;10277;110278;1;High
7065;7645;107646;3;Low
7066;22684;122685;2;High
7067;39674;139675;2;High
7068;27497;127498;0;High
7069;32030;132031;0;High
7070;8588;108589;2;Low
7071;38835;138836;2;Low
7072;31865;131866;4;High
7073;3096;103097;0;High
7074;36830;136831;3;Medium
7075;18784;118785;2;Medium
7076;28289;128290;1;Low
7077;5562;105563;1;Low
7078;233;100234;1;Low
7079;14586;114587;4;Medium
7080;47956;147957;4;Medium
7081;2782;102783;3;Medium
7082;2174;102175;3;Low
7083;7967;107968;2;Low
7084;40180;140181;1;Medium
7085;24323;124324;4;Medium
7086;33955;133956;2;Medium
7087;18569;118570;1;Medium
7088;32992;132993;4;Medium
7089;11495;111496;0;Medium
7090;31931;131932;1;High
7091;34158;134159;4;High
7092;24886;124887;4;Low
7093;19031;119032;0;Low
7094;5493;105494;2;Medium
7095;41701;141702;1;Low
7096;5197;105198;0;Medium
7097;17185;117186;2;Medium
7098;48985;148986;1;Low
7099;36998;136999;0;High
7100;29581;129582;2;Low
7101;24538;124539;4;Medium
7102;33326;133327;2;Low
7103;3375;103376;1;Medium
7104;40681;140682;1;Medium
7105;26448;126449;0;Medium
7106;35134;135135;3;Low
7107;24562;124563;2;Medium
7108;29928;129929;2;Medium
7109;9016;109017;0;Low
7110;24274;124275;1;Low
7111;24464;124465;3;Medium
7112;17507;117508;3;Medium
7113;23314;123315;1;Medium
7114;19908;119909;0;Low
7115;23925;123926;3;Medium
7116;42341;142342;1;Low
7117;9551;109552;1;Medium
7118;41576;141577;3;Low
7119;12071;112072;2;Low
7120;4614;104615;3;High
7121;45996;145997;4;Medium
7122;4807;104808;4;Medium
7123;7383;107384;2;Medium
7124;44512;144513;2;Low
7125;46508;146509;0;Medium
7126;44878;144879;1;Medium
7127;8425;108426;3;Low
7128;26920;126921;2;Medium
7129;2996;102997;3;High
7130;25085;125086;4;Low
7131;40205;140206;2;Medium
7132;23096;123097;2;High
7133;20635;120636;0;Medium
7134;18054;118055;2;High
7135;10455;110456;4;Medium
7136;24221;124222;0;Medium
7137;30795;130796;2;High
7138;44592;144593;0;Low
7139;16307;116308;3;High
7140;18846;118847;4;Low
7141;48340;148341;4;High
7142;1446;101447;1;Medium
7143;40618;140619;0;Medium
7144;2645;102646;3;High
7145;30364;130365;0;Medium
7146;9075;109076;3;High
7147;15112;115113;1;Medium
7148;48079;148080;1;Low
7149;16472;116473;2;High
7150;15926;115927;3;Low
7151;21823;121824;0;Medium
7152;22907;122908;0;Medium
7153;12788;112789;3;Medium
7154;47751;147752;2;Low
7155;32460;132461;3;Low
7156;40505;140506;2;Medium
7157;46052;146053;4;High
7158;45706;145707;1;High
7159;29342;129343;2;High
7160;33178;133179;3;Low
7161;11582;111583;4;Low
7162;43006;143007;4;Low
7163;44790;144791;1;Low
7164;40778;140779;3;Low
7165;42539;142540;3;Medium
7166;18111;118112;2;Low
7167;32979;132980;0;Medium
7168;22149;122150;0;Medium
7169;6867;106868;3;Low
7170;40857;140858;3;Medium
7171;8857;108858;3;High
7172;675;100676;0;Medium
7173;42157;142158;2;Low
7174;42161;142162;2;High
7175;41098;141099;1;Medium
7176;29387;129388;3;Low
7177;21525;121526;4;Low
7178;41930;141931;2;Medium
7179;34590;134591;4;Low
7180;49737;149738;1;Low
7181;23050;123051;0;Medium
7182;25984;125985;3;Medium
7183;27964;127965;2;High
7184;34984;134985;3;High
7185;32301;132302;3;Medium
7186;48383;148384;3;Medium
7187;10667;110668;3;Medium
7188;39943;139944;2;Low
7189;11024;111025;3;Medium
7190;2891;102892;2;High
7191;23712;123713;3;Low
7192;20581;120582;4;Low
7193;46269;146270;0;Medium
7194;31050;131051;0;High
7195;36827;136828;2;High
7196;8670;108671;0;Low
7197;10414;110415;3;Medium
7198;5586;105587;0;Medium
7199;8767;108768;4;Low
7200;16847;116848;3;Low
7201;42202;142203;0;Medium
7202;945;100946;4;Medium
7203;24151;124152;0;Medium
7204;15244;115245;4;Medium
7205;830;100831;1;Low
7206;10931;110932;1;High
7207;32012;132013;0;High
7208;9298;109299;4;High
7209;40520;140521;1;Medium
7210;333;100334;2;High
7211;23515;123516;4;Medium
7212;34645;134646;2;High
7213;20097;120098;0;High
7214;38708;138709;3;Medium
7215;21362;121363;4;High
7216;17742;117743;3;Low
7217;29762;129763;2;Low
7218;16381;116382;1;Low
7219;47986;147987;2;High
7220;34020;134021;3;Low
7221;26632;126633;1;Medium
7222;35353;135354;4;Low
7223;16265;116266;3;Low
7224;23404;123405;0;Medium
7225;10210;110211;3;High
7226;6347;106348;1;High
7227;37449;137450;0;High
7228;36274;136275;2;Low
7229;34945;134946;1;Low
7230;17611;117612;0;Low
7231;40854;140855;0;Medium
7232;11764;111765;4;Medium
7233;223;100224;0;High
7234;20288;120289;1;Medium
7235;34588;134589;4;High
7236;27225;127226;2;Low
7237;10377;110378;0;Medium
7238;3022;103023;2;High
7239;118;100119;4;Medium
7240;10990;110991;1;Low
7241;4758;104759;0;High
7242;16140;116141;4;Medium
7243;14041;114042;4;Medium
7244;28986;128987;3;Medium
7245;12030;112031;0;High
7246;29947;129948;4;Low
7247;2488;102489;0;Low
7248;17744;117745;0;High
7249;48070;148071;2;Low
7250;26784;126785;2;Medium
7251;24772;124773;3;Low
7252;44327;144328;1;Low
7253;31009;131010;2;Medium
7254;14477;114478;0;Low
7255;21884;121885;2;Low
7256;47708;147709;4;Low
7257;12992;112993;0;Low
7258;12059;112060;2;High
7259;36163;136164;3;Low
7260;26593;126594;0;Medium
7261;14931;114932;1;Medium
7262;40610;140611;4;Low
7263;37303;137304;4;Low
7264;18159;118160;3;Medium
7265;25503;125504;4;Low
7266;39026;139027;4;Medium
7267;8024;108025;3;Low
7268;37237;137238;2;Low
7269;36810;136811;0;High
7270;19464;119465;1;Low
7271;12709;112710;0;Medium
7272;27916;127917;3;Low
7273;5358;105359;3;Medium
7274;25387;125388;1;Medium
7275;39987;139988;2;Low
7276;9130;109131;0;High
7277;43652;143653;0;Medium
7278;36887;136888;1;Medium
7279;1660;101661;4;Low
7280;3067;103068;1;Low
7281;8059;108060;3;Medium
7282;23737;123738;0;Medium
7283;17628;117629;4;Medium
7284;46429;146430;0;Medium
7285;36659;136660;4;High
7286;24684;124685;2;Low
7287;46499;146500;4;Medium
7288;40947;140948;1;Low
7289;29667;129668;1;Low
7290;44585;144586;3;Low
7291;39253;139254;3;Medium
7292;10101;110102;1;Medium
7293;22883;122884;2;Low
7294;34394;134395;2;High
7295;16821;116822;2;Medium
7296;546;100547;0;Medium
7297;27201;127202;3;Medium
7298;15319;115320;1;Medium
7299;12017;112018;0;Low
7300;22555;122556;0;Low
7301;5684;105685;1;High
7302;12508;112509;3;High
7303;6962;106963;2;Medium
7304;11608;111609;4;Low
7305;30640;130641;4;Medium
7306;49032;149033;3;High
7307;6066;106067;2;Low
7308;35235;135236;3;High
7309;11921;111922;4;Medium
7310;544;100545;1;High
7311;7524;107525;1;Medium
7312;26681;126682;3;Medium
7313;25395;125396;2;Medium
7314;1326;101327;4;High
7315;33076;133077;1;Medium
7316;41819;141820;3;Medium
7317;2616;102617;1;High
7318;44726;144727;2;Low
7319;34238;134239;2;Low
7320;22284;122285;4;Low
7321;48510;148511;2;Medium
7322;23458;123459;0;Medium
7323;31000;131001;2;Medium
7324;35079;135080;0;High
7325;27044;127045;1;Low
7326;46649;146650;1;Low
7327;2179;102180;4;Low
7328;36923;136924;3;High
7329;26718;126719;2;Low
7330;17631;117632;2;Low
7331;6588;106589;0;Low
7332;11753;111754;4;Low
7333;25409;125410;3;Medium
7334;21838;121839;3;Medium
7335;9443;109444;1;Medium
7336;37567;137568;1;Low
7337;16333;116334;0;Medium
7338;48824;148825;4;Low
7339;269;100270;4;Low
7340;43518;143519;3;High
7341;32090;132091;1;Medium
7342;3587;103588;0;High
7343;31911;131912;2;Low
7344;29723;129724;4;Low
7345;4057;104058;0;Medium
7346;16293;116294;3;Medium
7347;32157;132158;3;Medium
7348;47060;147061;3;Medium
7349;21373;121374;2;Medium
7350;38513;138514;4;Medium
7351;11379;111380;1;High
7352;33522;133523;4;Low
7353;7289;107290;2;Medium
7354;26933;126934;3;Medium
7355;41580;141581;2;High
7356;48450;148451;0;Medium
7357;36579;136580;3;High
7358;48834;148835;3;Low
7359;3938;103939;4;Medium
7360;4574;104575;0;Medium
7361;43935;143936;2;Medium
7362;20585;120586;3;Low
7363;23223;123224;0;Low
7364;27216;127217;2;Medium
7365;30546;130547;3;High
7366;15439;115440;3;Low
7367;42613;142614;2;Medium
7368;33144;133145;3;High
7369;24329;124330;0;Medium
7370;41172;141173;1;Low
7371;9613;109614;0;Medium
7372;9669;109670;1;Medium
7373;44045;144046;2;Medium
7374;46797;146798;2;High
7375;26432;126433;1;Low
7376;44845;144846;1;Low
7377;11123;111124;0;Medium
7378;30973;130974;1;Low
7379;11135;111136;1;Low
7380;21455;121456;1;High
7381;44868;144869;4;Medium
7382;8777;108778;3;Medium
7383;22138;122139;1;Low
7384;47188;147189;4;Low
7385;31455;131456;1;Low
7386;22334;122335;0;Medium
7387;14491;114492;4;Medium
7388;33707;133708;3;Medium
7389;8579;108580;0;Medium
7390;1103;101104;0;Low
7391;4976;104977;1;High
7392;22773;122774;0;Medium
7393;1840;101841;3;Medium
7394;15037;115038;0;Medium
7395;32984;132985;4;Low
7396;42725;142726;1;Medium
7397;39257;139258;2;Medium
7398;42671;142672;4;High
7399;16359;116360;4;Low
7400;9301;109302;3;Low
7401;43212;143213;0;Low
7402;9910;109911;2;High
7403;38210;138211;1;Medium
7404;22273;122274;4;Low
7405;3637;103638;1;Medium
7406;9252;109253;2;Low
7407;49012;149013;0;Low
7408;8557;108558;4;Low
7409;14203;114204;0;Low
7410;10440;110441;0;Low
7411;31115;131116;2;Low
7412;10595;110596;1;Medium
7413;4353;104354;4;Medium
7414;3105;103106;0;Medium
7415;9962;109963;2;Medium
7416;41176;141177;1;Medium
7417;2808;102809;3;Medium
7418;35139;135140;3;Medium
7419;48150;148151;3;Medium
7420;12925;112926;2;High
7421;20624;120625;3;Low
7422;29799;129800;0;Low
7423;10005;110006;0;Medium
7424;26792;126793;0;Low
7425;37618;137619;4;Medium
7426;31993;131994;2;Medium
7427;11281;111282;4;Medium
7428;2412;102413;0;Low
7429;48390;148391;1;Medium
7430;3721;103722;4;Medium
7431;17119;117120;4;Medium
7432;18360;118361;0;High
7433;40590;140591;1;Low
7434;29376;129377;1;Medium
7435;42811;142812;0;High
7436;4978;104979;4;Medium
7437;27669;127670;2;High
7438;16158;116159;3;Medium
7439;18535;118536;3;Medium
7440;43905;143906;2;Low
7441;40457;140458;2;High
7442;15287;115288;4;Medium
7443;20675;120676;0;High
7444;7791;107792;2;Low
7445;39352;139353;2;Medium
7446;18017;118018;1;Medium
7447;26533;126534;0;Medium
7448;35761;135762;2;Low
7449;31754;131755;3;Medium
7450;31655;131656;4;Low
7451;31574;131575;3;Medium
7452;8758;108759;1;Low
7453;45718;145719;4;Medium
7454;34911;134912;0;Medium
7455;3638;103639;2;Medium
7456;41808;141809;3;High
7457;19047;119048;3;Low
7458;3128;103129;3;High
7459;20351;120352;3;Medium
7460;46503;146504;0;Medium
7461;23953;123954;4;Low
7462;32098;132099;0;Medium
7463;21005;121006;1;Medium
7464;12581;112582;1;High
7465;21742;121743;2;Medium
7466;48141;148142;3;High
7467;31214;131215;2;High
7468;40185;140186;4;Medium
7469;39771;139772;4;Low
7470;40447;140448;1;High
7471;45821;145822;2;Medium
7472;41820;141821;0;Medium
7473;37955;137956;4;Medium
7474;14711;114712;4;Medium
7475;15883;115884;0;Low
7476;35192;135193;1;High
7477;24204;124205;2;Medium
7478;9351;109352;1;Medium
7479;2519;102520;1;Medium
7480;6338;106339;1;Low
7481;8805;108806;2;Medium
7482;21080;121081;0;High
7483;21460;121461;0;Medium
7484;23224;123225;1;Medium
7485;32649;132650;3;Medium
7486;39121;139122;2;High
7487;19051;119052;2;Low
7488;10565;110566;4;Medium
7489;47232;147233;1;Medium
7490;6143;106144;3;Medium
7491;18500;118501;4;High
7492;3915;103916;2;Low
7493;25942;125943;1;Medium
7494;34731;134732;4;Low
7495;47609;147610;0;Medium
7496;25653;125654;1;High
7497;42442;142443;4;Medium
7498;42660;142661;2;Medium
7499;29821;129822;2;High
7500;30838;130839;0;Medium
7501;24988;124989;0;High
7502;11741;111742;1;High
7503;47876;147877;0;Low
7504;10799;110800;4;High
7505;44857;144858;1;Low
7506;33508;133509;4;Medium
7507;12174;112175;1;Low
7508;25386;125387;3;High
7509;35445;135446;1;Low
7510;15378;115379;3;Medium
7511;9958;109959;3;Medium
7512;23822;123823;2;High
7513;30358;130359;3;Low
7514;35053;135054;4;Low
7515;11441;111442;0;Medium
7516;26969;126970;3;Medium
7517;21521;121522;1;Low
7518;45312;145313;3;Low
7519;39142;139143;0;Medium
7520;37420;137421;0;Medium
7521;47617;147618;1;Medium
7522;42592;142593;1;High
7523;30817;130818;2;Low
7524;283;100284;2;High
7525;49450;149451;0;Low
7526;12405;112406;4;Low
7527;1780;101781;1;Medium
7528;2610;102611;3;Low
7529;24122;124123;2;Medium
7530;37912;137913;2;High
7531;35667;135668;0;High
7532;17897;117898;0;Medium
7533;35574;135575;3;Medium
7534;13464;113465;1;High
7535;770;100771;0;High
7536;41663;141664;3;Low
7537;21088;121089;4;Low
7538;13833;113834;4;Low
7539;26500;126501;3;High
7540;35100;135101;1;Medium
7541;8091;108092;3;Medium
7542;2619;102620;2;Medium
7543;33736;133737;2;Medium
7544;9897;109898;3;Medium
7545;5919;105920;2;Low
7546;13972;113973;3;Medium
7547;11270;111271;1;Medium
7548;10401;110402;0;Low
7549;42149;142150;4;Low
7550;29456;129457;4;Medium
7551;35016;135017;3;Medium
7552;34544;134545;4;High
7553;39080;139081;1;High
7554;21185;121186;2;Low
7555;85;100086;0;Medium
7556;16905;116906;2;High
7557;37457;137458;4;High
7558;19044;119045;4;Low
7559;39007;139008;3;Low
7560;7025;107026;2;Low
7561;8826;108827;1;Medium
7562;33553;133554;1;Low
7563;37642;137643;1;Medium
7564;15035;115036;0;Low
7565;38804;138805;0;Low
7566;39078;139079;0;Medium
7567;29997;129998;4;High
7568;4511;104512;2;High
7569;32721;132722;2;Medium
7570;7476;107477;4;High
7571;19559;119560;3;Low
7572;48009;148010;1;Low
7573;19056;119057;3;High
7574;32014;132015;0;High
7575;39661;139662;4;High
7576;6657;106658;3;Medium
7577;32800;132801;3;Low
7578;41976;141977;0;High
7579;46101;146102;0;Medium
7580;26449;126450;2;Low
7581;42235;142236;1;Low
7582;40479;140480;0;Low
7583;33473;133474;0;Low
7584;35047;135048;3;Medium
7585;26403;126404;3;Low
7586;587;100588;0;Low
7587;6525;106526;0;Low
7588;21588;121589;0;High
7589;44248;144249;4;High
7590;43015;143016;1;Low
7591;4342;104343;0;Low
7592;9724;109725;4;Medium
7593;6684;106685;3;High
7594;26075;126076;1;High
7595;39477;139478;4;High
7596;19221;119222;3;Medium
7597;9068;109069;2;Medium
7598;35434;135435;2;High
7599;26358;126359;0;Low
7600;42246;142247;1;Medium
7601;6722;106723;1;Medium
7602;46657;146658;3;Medium
7603;946;100947;3;Medium
7604;39873;139874;0;High
7605;22557;122558;3;Medium
7606;28644;128645;4;Low
7607;35985;135986;1;Low
7608;23874;123875;3;Medium
7609;4853;104854;2;Low
7610;22445;122446;4;Low
7611;14475;114476;0;Medium
7612;38058;138059;4;Medium
7613;26605;126606;0;Medium
7614;6766;106767;3;Low
7615;19964;119965;2;Low
7616;12214;112215;3;Medium
7617;1204;101205;2;Medium
7618;42556;142557;1;Medium
7619;14937;114938;3;Medium
7620;25946;125947;3;Medium
7621;46492;146493;2;Low
7622;24302;124303;4;Medium
7623;2277;102278;1;High
7624;7132;107133;0;Low
7625;1492;101493;2;High
7626;13513;113514;2;Medium
7627;24155;124156;3;High
7628;14114;114115;1;Medium
7629;34657;134658;4;High
7630;14348;114349;4;Low
7631;29485;129486;3;Medium
7632;16985;116986;4;Medium
7633;31468;131469;4;Low
7634;24537;124538;2;Medium
7635;21472;121473;1;Medium
7636;46051;146052;0;High
7637;36323;136324;4;Medium
7638;15587;115588;4;High
7639;45594;145595;2;Low
7640;15160;115161;3;Low
7641;36589;136590;2;Low
7642;17283;117284;3;Medium
7643;24402;124403;3;Low
7644;43095;143096;1;High
7645;28735;128736;4;Medium
7646;8967;108968;3;Medium
7647;17685;117686;4;Low
7648;3239;103240;3;Low
7649;33791;133792;2;Low
7650;44354;144355;0;Medium
7651;47015;147016;2;Low
7652;1184;101185;2;Low
7653;29961;129962;4;High
7654;20033;120034;2;Low
7655;37809;137810;2;Medium
7656;20867;120868;0;Medium
7657;49171;149172;4;High
7658;49913;149914;3;Medium
7659;25943;125944;4;Low
7660;21601;121602;1;High
7661;4517;104518;0;High
7662;18883;118884;1;High
7663;34147;134148;0;Medium
7664;30527;130528;4;Medium
7665;31278;131279;0;High
7666;23719;123720;2;Medium
7667;1758;101759;2;Low
7668;26311;126312;2;Medium
7669;18055;118056;3;Low
7670;42768;142769;1;Medium
7671;25270;125271;0;Low
7672;35213;135214;3;Low
7673;30905;130906;2;Medium
7674;9658;109659;0;Low
7675;40087;140088;4;Medium
7676;17944;117945;0;Medium
7677;10778;110779;2;Medium
7678;6078;106079;4;Low
7679;24121;124122;3;High
7680;40777;140778;1;High
7681;23722;123723;2;Medium
7682;21485;121486;2;High
7683;36467;136468;1;High
7684;16684;116685;3;High
7685;6306;106307;0;Medium
7686;46395;146396;2;Low
7687;9932;109933;1;High
7688;33846;133847;3;Medium
7689;3426;103427;4;Medium
7690;48919;148920;0;Medium
7691;7489;107490;3;Medium
7692;3223;103224;1;High
7693;30774;130775;4;Medium
7694;8423;108424;3;High
7695;15228;115229;3;Low
7696;15535;115536;0;High
7697;38074;138075;3;Medium
7698;22439;122440;4;High
7699;21907;121908;2;Medium
7700;43365;143366;4;High
7701;19376;119377;3;Low
7702;17475;117476;2;Low
7703;23040;123041;3;Medium
7704;8084;108085;2;High
7705;40659;140660;1;Medium
7706;19173;119174;3;High
7707;30975;130976;3;Medium
7708;15957;115958;2;Low
7709;32219;132220;0;Low
7710;38146;138147;3;High
7711;26351;126352;4;Medium
7712;26230;126231;3;Low
7713;10594;110595;2;High
7714;42208;142209;4;High
7715;32909;132910;3;High
7716;30398;130399;0;Low
7717;15696;115697;0;Low
7718;24829;124830;3;High
7719;38590;138591;4;Low
7720;32140;132141;4;Low
7721;43321;143322;4;High
7722;43510;143511;2;Low
7723;16917;116918;2;Low
7724;28674;128675;4;Low
7725;28325;128326;1;High
7726;44437;144438;2;Medium
7727;31219;131220;0;Medium
7728;49711;149712;2;Medium
7729;14045;114046;4;Medium
7730;31537;131538;0;Medium
7731;19642;119643;4;Low
7732;6829;106830;4;Low
7733;31767;131768;4;High
7734;13504;113505;0;High
7735;22828;122829;2;Low
7736;38894;138895;4;Medium
7737;22950;122951;4;Low
7738;42617;142618;0;High
7739;34819;134820;0;High
7740;9674;109675;3;Low
7741;9354;109355;1;Low
7742;44723;144724;3;Medium
7743;35889;135890;4;Low
7744;37143;137144;1;Low
7745;21251;121252;1;Low
7746;37362;137363;1;Medium
7747;23777;123778;2;High
7748;28128;128129;0;Low
7749;32275;132276;2;Medium
7750;34682;134683;0;Low
7751;17177;117178;3;High
7752;4470;104471;2;Low
7753;8313;108314;3;High
7754;46174;146175;1;Low
7755;17087;117088;2;Low
7756;22316;122317;4;Low
7757;40432;140433;2;Low
7758;26753;126754;4;Low
7759;45953;145954;2;High
7760;32711;132712;4;High
7761;12033;112034;3;Low
7762;8985;108986;2;Low
7763;29261;129262;2;Medium
7764;5988;105989;4;Low
7765;17692;117693;3;Medium
7766;5475;105476;2;Low
7767;45531;145532;1;Medium
7768;11612;111613;4;Medium
7769;24616;124617;1;High
7770;16448;116449;2;Medium
7771;19578;119579;0;Medium
7772;29106;129107;1;Medium
7773;17102;117103;3;Medium
7774;42328;142329;0;Low
7775;9126;109127;0;Medium
7776;25419;125420;4;Low
7777;36705;136706;4;Low
7778;899;100900;4;High
7779;21116;121117;2;Medium
7780;2628;102629;1;High
7781;26038;126039;4;Medium
7782;14479;114480;1;Low
7783;7767;107768;4;High
7784;14298;114299;3;High
7785;18259;118260;0;Medium
7786;843;100844;0;Low
7787;1152;101153;4;Low
7788;6230;106231;1;High
7789;46003;146004;1;Medium
7790;43035;143036;3;Medium
7791;15936;115937;4;High
7792;39573;139574;4;Medium
7793;44074;144075;4;High
7794;3869;103870;3;Low
7795;24112;124113;4;Medium
7796;799;100800;4;Medium
7797;13801;113802;0;High
7798;19038;119039;3;Medium
7799;23008;123009;2;Medium
7800;41249;141250;3;Medium
7801;13798;113799;4;High
7802;38623;138624;3;Low
7803;1158;101159;4;Medium
7804;40287;140288;0;Medium
7805;15100;115101;0;Medium
7806;48719;148720;0;High
7807;38699;138700;1;Low
7808;40335;140336;3;Medium
7809;17201;117202;1;High
7810;29195;129196;0;High
7811;7072;107073;2;Low
7812;23731;123732;1;Low
7813;11677;111678;1;Medium
7814;31819;131820;2;Medium
7815;32221;132222;1;Medium
7816;3204;103205;3;Low
7817;12449;112450;2;Medium
7818;9123;109124;3;Low
7819;35976;135977;2;High
7820;48420;148421;0;Medium
7821;34490;134491;1;Low
7822;48012;148013;1;Low
7823;18178;118179;3;Medium
7824;12284;112285;2;High
7825;5158;105159;1;High
7826;11756;111757;0;Low
7827;30330;130331;0;Medium
7828;11494;111495;4;Medium
7829;10462;110463;0;High
7830;18453;118454;0;Low
7831;49545;149546;4;High
7832;12782;112783;2;High
7833;8099;108100;3;Medium
7834;41250;141251;3;Medium
7835;21407;121408;1;High
7836;17515;117516;3;Medium
7837;48846;148847;1;High
7838;8751;108752;3;Medium
7839;5658;105659;1;High
7840;13628;113629;0;Medium
7841;11996;111997;2;Medium
7842;5605;105606;2;Low
7843;29569;129570;4;Low
7844;36936;136937;4;High
7845;44516;144517;2;Low
7846;21870;121871;0;High
7847;3132;103133;2;High
7848;18190;118191;2;Medium
7849;46039;146040;3;Medium
7850;29471;129472;2;High
7851;41753;141754;3;High
7852;5887;105888;1;Medium
7853;48042;148043;0;Medium
7854;4302;104303;0;Low
7855;23478;123479;0;Low
7856;17556;117557;3;Low
7857;48423;148424;3;Medium
7858;42675;142676;0;Medium
7859;45804;145805;2;Low
7860;5845;105846;0;Low
7861;38073;138074;2;High
7862;14760;114761;1;Low
7863;42089;142090;3;High
7864;19822;119823;3;Low
7865;3981;103982;1;Low
7866;31260;131261;0;High
7867;34400;134401;1;High
7868;30735;130736;2;Low
7869;9691;109692;4;Medium
7870;32677;132678;3;Medium
7871;39398;139399;2;High
7872;18977;118978;1;Low
7873;48424;148425;0;Medium
7874;4860;104861;0;Low
7875;19112;119113;0;Medium
7876;4073;104074;4;Low
7877;35518;135519;0;Medium
7878;22481;122482;4;High
7879;774;100775;4;Low
7880;21036;121037;1;Low
7881;23690;123691;1;Medium
7882;39988;139989;1;Medium
7883;31594;131595;4;Medium
7884;12523;112524;2;Low
7885;15891;115892;2;Medium
7886;5545;105546;0;Low
7887;519;100520;2;High
7888;44042;144043;1;Low
7889;42602;142603;0;Medium
7890;15015;115016;1;Medium
7891;11386;111387;3;Low
7892;23210;123211;3;Low
7893;6642;106643;1;Medium
7894;37675;137676;3;Medium
7895;7900;107901;0;Medium
7896;15432;115433;1;High
7897;28226;128227;3;Medium
7898;31127;131128;2;Medium
7899;1690;101691;4;Medium
7900;44485;144486;2;Medium
7901;6451;106452;4;Medium
7902;9236;109237;2;High
7903;34029;134030;0;High
7904;7492;107493;2;Low
7905;25056;125057;3;High
7906;3158;103159;1;Medium
7907;26233;126234;2;High
7908;14607;114608;1;Medium
7909;27316;127317;4;Medium
7910;49555;149556;2;Low
7911;12141;112142;0;Low
7912;11340;111341;4;Medium
7913;25492;125493;4;Low
7914;8378;108379;3;Medium
7915;42996;142997;3;Medium
7916;15653;115654;3;High
7917;18474;118475;4;Medium
7918;4374;104375;0;High
7919;14363;114364;0;Medium
7920;28431;128432;2;Medium
7921;2561;102562;0;High
7922;41822;141823;3;High
7923;15705;115706;0;High
7924;21056;121057;0;Medium
7925;41792;141793;2;High
7926;39537;139538;2;Low
7927;20993;120994;2;Low
7928;7436;107437;1;Medium
7929;15779;115780;1;Low
7930;43719;143720;0;Medium
7931;39932;139933;0;Low
7932;43649;143650;2;Low
7933;49495;149496;3;High
7934;18915;118916;1;Medium
7935;26752;126753;4;High
7936;21931;121932;1;Low
7937;66;100067;2;Medium
7938;12245;112246;2;High
7939;43587;143588;4;High
7940;26765;126766;1;Medium
7941;25363;125364;4;Medium
7942;48194;148195;4;Low
7943;28334;128335;1;High
7944;49562;149563;1;Medium
7945;39851;139852;4;Low
7946;26129;126130;2;High
7947;12157;112158;2;Low
7948;17516;117517;1;Medium
7949;41887;141888;2;Medium
7950;17048;117049;2;Medium
7951;16428;116429;2;Medium
7952;40619;140620;0;Medium
7953;36028;136029;1;Medium
7954;24827;124828;2;Low
7955;7879;107880;1;Medium
7956;24711;124712;2;Medium
7957;31791;131792;3;Low
7958;12667;112668;3;Medium
7959;7059;107060;3;Low
7960;18239;118240;4;Medium
7961;45179;145180;0;Low
7962;31360;131361;2;Medium
7963;46482;146483;4;Medium
7964;25848;125849;1;Low
7965;43488;143489;0;High
7966;25684;125685;4;Low
7967;38454;138455;4;Medium
7968;22540;122541;4;High
7969;45147;145148;1;Medium
7970;30932;130933;0;Medium
7971;16722;116723;1;Medium
7972;19274;119275;2;Medium
7973;21927;121928;4;Medium
7974;31980;131981;4;High
7975;41537;141538;3;Medium
7976;43660;143661;0;Low
7977;7716;107717;2;Medium
7978;32453;132454;3;High
7979;32107;132108;2;Medium
7980;28274;128275;3;Medium
7981;46272;146273;3;Low
7982;12355;112356;2;Low
7983;38299;138300;3;Medium
7984;41944;141945;4;Medium
7985;18264;118265;1;Low
7986;43842;143843;3;High
7987;22545;122546;3;Medium
7988;34513;134514;4;Medium
7989;11729;111730;2;Medium
7990;34160;134161;4;Medium
7991;877;100878;3;Medium
7992;29781;129782;2;Medium
7993;13256;113257;3;Medium
7994;4542;104543;1;High
7995;28425;128426;4;Medium
7996;8037;108038;4;Medium
7997;37821;137822;4;Low
7998;29764;129765;1;Low
7999;4900;104901;0;Medium
8000;21487;121488;0;Medium
8001;29646;129647;2;Low
8002;41482;141483;2;Medium
8003;41252;141253;1;High
8004;32968;132969;0;Medium
8005;36014;136015;0;Medium
8006;29825;129826;3;Medium
8007;33533;133534;2;Medium
8008;32762;132763;1;Medium
8009;36493;136494;3;Low
8010;7497;107498;4;Medium
8011;46892;146893;0;High
8012;21541;121542;0;Medium
8013;126;100127;2;Low
8014;21542;121543;3;Medium
8015;2386;102387;2;Low
8016;24811;124812;4;Low
8017;30331;130332;1;High
8018;45863;145864;2;Low
8019;18918;118919;4;Medium
8020;16808;116809;0;Low
8021;17620;117621;3;Low
8022;989;100990;3;Low
8023;16006;116007;0;Medium
8024;35512;135513;3;Medium
8025;46413;146414;4;Medium
8026;21655;121656;2;Medium
8027;17785;117786;4;Low
8028;27930;127931;3;Medium
8029;3603;103604;1;Medium
8030;35433;135434;2;Low
8031;26754;126755;1;Medium
8032;20690;120691;3;Medium
8033;25528;125529;2;High
8034;28931;128932;3;Low
8035;31037;131038;4;Low
8036;43969;143970;3;Low
8037;23151;123152;2;Medium
8038;13805;113806;1;Low
8039;18673;118674;4;Low
8040;43829;143830;3;Medium
8041;22027;122028;1;High
8042;43667;143668;1;Low
8043;41538;141539;4;Medium
8044;30117;130118;4;High
8045;36537;136538;0;Low
8046;7199;107200;0;Low
8047;26626;126627;3;Medium
8048;49203;149204;0;Low
8049;24569;124570;4;Low
8050;22760;122761;3;Low
8051;38826;138827;2;High
8052;49445;149446;1;Low
8053;42017;142018;4;Medium
8054;43436;143437;0;Low
8055;19070;119071;3;Medium
8056;16268;116269;0;Medium
8057;34469;134470;3;Medium
8058;14137;114138;4;Medium
8059;1442;101443;1;Medium
8060;25110;125111;4;Low
8061;4052;104053;1;Medium
8062;3815;103816;2;High
8063;40237;140238;4;Medium
8064;10586;110587;3;Medium
8065;15759;115760;0;Low
8066;19728;119729;0;Medium
8067;7738;107739;1;High
8068;8405;108406;3;Low
8069;17816;117817;0;Low
8070;44711;144712;3;Medium
8071;48835;148836;2;Low
8072;11697;111698;3;High
8073;3591;103592;1;Medium
8074;7422;107423;0;Low
8075;46223;146224;3;Low
8076;23500;123501;4;Medium
8077;18516;118517;0;High
8078;21482;121483;1;Medium
8079;49874;149875;4;Low
8080;31816;131817;0;Medium
8081;176;100177;2;High
8082;39602;139603;1;Low
8083;14359;114360;2;High
8084;36745;136746;2;Medium
8085;44571;144572;4;Medium
8086;15913;115914;4;Medium
8087;23656;123657;2;Low
8088;17239;117240;4;Low
8089;19834;119835;2;High
8090;42724;142725;0;Low
8091;42938;142939;2;Medium
8092;49535;149536;1;High
8093;32495;132496;2;Medium
8094;2413;102414;0;High
8095;30854;130855;2;High
8096;20334;120335;3;Medium
8097;33284;133285;3;Medium
8098;262;100263;2;Low
8099;48962;148963;1;Medium
8100;10478;110479;0;Medium
8101;34705;134706;3;High
8102;7640;107641;1;Low
8103;9484;109485;3;High
8104;23304;123305;4;Medium
8105;13531;113532;1;Low
8106;41218;141219;1;Low
8107;24850;124851;3;Medium
8108;18529;118530;2;High
8109;11373;111374;2;Low
8110;803;100804;0;Medium
8111;733;100734;4;Medium
8112;40276;140277;2;Medium
8113;36147;136148;2;Low
8114;34748;134749;0;Low
8115;34639;134640;2;High
8116;25097;125098;2;Low
8117;13007;113008;1;Medium
8118;49425;149426;4;High
8119;12187;112188;1;High
8120;9372;109373;2;Medium
8121;2684;102685;0;Medium
8122;22155;122156;4;Low
8123;11161;111162;1;High
8124;22838;122839;4;Medium
8125;4209;104210;3;High
8126;24951;124952;4;High
8127;19412;119413;1;Medium
8128;37954;137955;4;Low
8129;17140;117141;1;Low
8130;3882;103883;2;Medium
8131;28484;128485;1;Low
8132;20528;120529;4;Medium
8133;42164;142165;1;Medium
8134;44061;144062;2;High
8135;15340;115341;4;Medium
8136;14249;114250;4;Medium
8137;15483;115484;1;Medium
8138;11638;111639;1;High
8139;32341;132342;2;Medium
8140;1552;101553;4;Medium
8141;41486;141487;2;Medium
8142;27056;127057;2;Low
8143;28034;128035;0;Medium
8144;41189;141190;0;Medium
8145;6649;106650;4;Medium
8146;36487;136488;1;Medium
8147;4231;104232;1;Low
8148;23231;123232;2;Low
8149;1102;101103;0;Low
8150;37206;137207;4;Medium
8151;36870;136871;0;High
8152;44286;144287;4;Low
8153;40637;140638;1;High
8154;31132;131133;0;Medium
8155;40451;140452;2;Medium
8156;27293;127294;1;High
8157;8916;108917;3;High
8158;45612;145613;0;Low
8159;5440;105441;1;Medium
8160;27486;127487;2;Medium
8161;6004;106005;3;Low
8162;11220;111221;3;Medium
8163;17905;117906;0;High
8164;46365;146366;2;Low
8165;11431;111432;0;High
8166;45235;145236;0;Low
8167;3127;103128;3;Medium
8168;1276;101277;3;Medium
8169;39865;139866;1;High
8170;12855;112856;1;Low
8171;10895;110896;1;Low
8172;18084;118085;1;High
8173;4588;104589;0;Low
8174;10796;110797;0;Medium
8175;29315;129316;2;Low
8176;9061;109062;1;Medium
8177;20939;120940;3;Medium
8178;49013;149014;4;High
8179;2090;102091;4;Low
8180;30188;130189;3;Low
8181;25895;125896;1;Low
8182;38155;138156;1;Medium
8183;45722;145723;2;Low
8184;19591;119592;3;Medium
8185;10471;110472;0;Low
8186;6374;106375;1;Low
8187;30266;130267;3;Medium
8188;26629;126630;0;Low
8189;44922;144923;0;Medium
8190;34445;134446;0;Low
8191;8009;108010;3;Low
8192;14120;114121;3;Low
8193;41211;141212;4;Medium
8194;42708;142709;3;High
8195;8112;108113;2;Medium
8196;27193;127194;2;Medium
8197;13300;113301;4;High
8198;27426;127427;4;High
8199;23559;123560;4;Low
8200;26184;126185;1;Low
8201;26033;126034;1;Low
8202;28816;128817;2;Medium
8203;20876;120877;1;Medium
8204;27788;127789;1;Medium
8205;25121;125122;2;High
8206;32000;132001;3;High
8207;22798;122799;2;High
8208;19430;119431;2;Low
8209;961;100962;3;Medium
8210;21299;121300;3;Low
8211;12816;112817;1;High
8212;46337;146338;1;High
8213;33721;133722;3;High
8214;23484;123485;0;High
8215;32173;132174;3;Medium
8216;18301;118302;2;Medium
8217;26635;126636;0;Medium
8218;21154;121155;0;High
8219;45438;145439;1;Low
8220;39374;139375;4;High
8221;10959;110960;3;High
8222;48260;148261;3;High
8223;25743;125744;3;Medium
8224;1459;101460;2;Medium
8225;24703;124704;3;High
8226;26654;126655;0;Low
8227;5627;105628;1;Medium
8228;30662;130663;3;Low
8229;247;100248;0;Medium
8230;30292;130293;4;Medium
8231;23811;123812;4;High
8232;2742;102743;3;Low
8233;22038;122039;0;Low
8234;1182;101183;3;Low
8235;15861;115862;4;Low
8236;32931;132932;4;Medium
8237;24138;124139;3;High
8238;2642;102643;4;Medium
8239;46381;146382;3;High
8240;30483;130484;0;Low
8241;46551;146552;0;Medium
8242;7889;107890;4;Medium
8243;43752;143753;3;Medium
8244;29644;129645;0;Low
8245;13926;113927;2;Low
8246;48889;148890;1;High
8247;48914;148915;2;Low
8248;5142;105143;3;High
8249;1327;101328;2;Low
8250;11734;111735;1;High
8251;12869;112870;3;Medium
8252;47152;147153;1;Low
8253;32400;132401;2;Low
8254;16928;116929;2;High
8255;30987;130988;1;Medium
8256;6936;106937;3;High
8257;16263;116264;0;Medium
8258;37340;137341;2;Low
8259;25148;125149;2;Low
8260;16032;116033;4;Low
8261;44471;144472;2;High
8262;3265;103266;2;Medium
8263;18693;118694;3;Medium
8264;25393;125394;4;Medium
8265;45625;145626;2;Medium
8266;28204;128205;3;Low
8267;16789;116790;4;High
8268;2630;102631;1;Medium
8269;2948;102949;0;Low
8270;15393;115394;3;High
8271;47836;147837;3;Medium
8272;13996;113997;1;Medium
8273;39803;139804;4;High
8274;49515;149516;1;Low
8275;25554;125555;4;Medium
8276;14980;114981;1;Medium
8277;34379;134380;2;Low
8278;44836;144837;0;Low
8279;11999;112000;1;Low
8280;10881;110882;3;Medium
8281;19499;119500;1;High
8282;43992;143993;3;Low
8283;15929;115930;1;Medium
8284;35062;135063;4;High
8285;13475;113476;1;Medium
8286;48282;148283;3;High
8287;5607;105608;0;High
8288;5515;105516;1;Low
8289;41786;141787;2;Medium
8290;12257;112258;4;High
8291;20083;120084;3;Low
8292;49086;149087;4;Medium
8293;18974;118975;1;Low
8294;29186;129187;2;Low
8295;35610;135611;0;Low
8296;4149;104150;4;High
8297;15687;115688;4;Medium
8298;22621;122622;1;Medium
8299;1659;101660;1;Medium
8300;21643;121644;1;Low
8301;23960;123961;3;Medium
8302;7529;107530;2;Medium
8303;3390;103391;4;Low
8304;17717;117718;0;Low
8305;29593;129594;4;Low
8306;21699;121700;2;Medium
8307;8352;108353;4;High
8308;37969;137970;4;Medium
8309;10499;110500;1;High
8310;44027;144028;1;Low
8311;22001;122002;0;High
8312;34438;134439;4;Low
8313;40889;140890;4;Low
8314;38408;138409;1;Medium
8315;43737;143738;3;Low
8316;28315;128316;4;Medium
8317;31951;131952;4;Low
8318;7384;107385;2;Low
8319;7176;107177;1;Low
8320;49976;149977;2;Medium
8321;47420;147421;4;High
8322;3315;103316;4;High
8323;48527;148528;1;Medium
8324;13674;113675;2;Medium
8325;23724;123725;4;High
8326;19153;119154;1;High
8327;31963;131964;4;High
8328;46417;146418;3;High
8329;21237;121238;0;Low
8330;49779;149780;4;High
8331;34273;134274;2;Medium
8332;42336;142337;2;Medium
8333;31475;131476;1;Medium
8334;4454;104455;1;High
8335;25746;125747;1;Low
8336;47192;147193;4;Medium
8337;15950;115951;1;Low
8338;49188;149189;3;High
8339;48001;148002;1;High
8340;17793;117794;4;Medium
8341;44545;144546;1;High
8342;4220;104221;3;Medium
8343;16805;116806;0;High
8344;31168;131169;4;High
8345;41197;141198;4;High
8346;37347;137348;0;Medium
8347;10012;110013;0;High
8348;22426;122427;2;High
8349;22505;122506;2;High
8350;20424;120425;3;Low
8351;32536;132537;0;Medium
8352;13467;113468;3;High
8353;3122;103123;1;Medium
8354;33601;133602;4;Medium
8355;38920;138921;3;High
8356;6201;106202;4;Medium
8357;27314;127315;0;Medium
8358;34582;134583;0;Low
8359;15665;115666;1;High
8360;21232;121233;0;Low
8361;23840;123841;3;Low
8362;1950;101951;2;High
8363;15704;115705;2;High
8364;44289;144290;2;Medium
8365;12260;112261;4;High
8366;17661;117662;3;High
8367;11159;111160;0;Medium
8368;23509;123510;3;Low
8369;40100;140101;4;Medium
8370;48901;148902;4;Medium
8371;15272;115273;2;Medium
8372;6857;106858;2;Low
8373;15265;115266;3;Medium
8374;33052;133053;1;Medium
8375;6467;106468;1;Medium
8376;1519;101520;4;Medium
8377;3948;103949;4;Low
8378;19926;119927;1;High
8379;24022;124023;1;High
8380;48018;148019;3;Low
8381;20025;120026;0;Low
8382;10961;110962;2;High
8383;12941;112942;0;Low
8384;40589;140590;4;High
8385;5660;105661;2;Medium
8386;1862;101863;0;Medium
8387;12339;112340;4;Medium
8388;21709;121710;0;Low
8389;14042;114043;2;Low
8390;45700;145701;3;High
8391;45492;145493;4;High
8392;39043;139044;0;High
8393;14545;114546;0;Low
8394;39456;139457;1;Medium
8395;356;100357;4;Medium
8396;27660;127661;0;Medium
8397;14267;114268;4;Medium
8398;10502;110503;4;Low
8399;1633;101634;1;High
8400;28033;128034;2;Medium
8401;17568;117569;3;High
8402;11104;111105;0;Medium
8403;41318;141319;0;Low
8404;6584;106585;2;High
8405;33621;133622;0;High
8406;7693;107694;3;Low
8407;27382;127383;3;Low
8408;30959;130960;1;Low
8409;31749;131750;2;Medium
8410;45931;145932;0;Medium
8411;38244;138245;0;Medium
8412;15229;115230;1;Low
8413;19019;119020;3;High
8414;42333;142334;3;Medium
8415;41328;141329;3;Low
8416;34006;134007;1;Low
8417;4441;104442;3;Low
8418;35453;135454;3;Low
8419;3457;103458;2;Low
8420;39169;139170;4;Medium
8421;27556;127557;0;Medium
8422;43894;143895;4;High
8423;44380;144381;2;Medium
8424;7380;107381;4;Medium
8425;15405;115406;3;High
8426;44087;144088;3;High
8427;1473;101474;2;Low
8428;11226;111227;3;Medium
8429;19179;119180;4;Medium
8430;1530;101531;1;Low
8431;24027;124028;0;High
8432;15478;115479;4;Medium
8433;1013;101014;0;Low
8434;2258;102259;2;High
8435;33737;133738;1;High
8436;41782;141783;4;Medium
8437;11353;111354;1;Low
8438;43461;143462;1;Low
8439;17416;117417;3;Low
8440;23196;123197;0;Low
8441;9565;109566;0;Medium
8442;20821;120822;3;Low
8443;9727;109728;3;Medium
8444;34974;134975;0;Medium
8445;19597;119598;0;Low
8446;43479;143480;4;Medium
8447;15239;115240;4;High
8448;30031;130032;4;Low
8449;40714;140715;2;Medium
8450;1968;101969;0;Medium
8451;14096;114097;0;Medium
8452;33912;133913;1;Low
8453;8774;108775;4;Low
8454;19060;119061;4;Medium
8455;34479;134480;3;Medium
8456;25780;125781;3;Low
8457;20162;120163;3;High
8458;45043;145044;3;Low
8459;13382;113383;4;Medium
8460;34997;134998;1;High
8461;33018;133019;2;Medium
8462;24815;124816;4;Medium
8463;31544;131545;2;Low
8464;7805;107806;0;Low
8465;34197;134198;2;Medium
8466;14051;114052;0;High
8467;10388;110389;4;Low
8468;3220;103221;0;Medium
8469;39821;139822;1;Medium
8470;22084;122085;2;High
8471;28522;128523;0;Medium
8472;39695;139696;3;Low
8473;34337;134338;0;Low
8474;20659;120660;4;Low
8475;12350;112351;3;Medium
8476;14282;114283;3;Medium
8477;27957;127958;4;Low
8478;3121;103122;2;Low
8479;10626;110627;4;Low
8480;18851;118852;1;Medium
8481;43671;143672;4;High
8482;30602;130603;2;Medium
8483;9856;109857;1;Medium
8484;4275;104276;4;High
8485;17220;117221;1;High
8486;17163;117164;2;Medium
8487;413;100414;0;High
8488;44720;144721;3;High
8489;34011;134012;0;Medium
8490;37873;137874;1;High
8491;37779;137780;3;Low
8492;36521;136522;1;Low
8493;14958;114959;4;Medium
8494;27603;127604;4;Medium
8495;38745;138746;0;Low
8496;20054;120055;4;High
8497;7552;107553;3;Medium
8498;27285;127286;3;Low
8499;23126;123127;4;High
8500;23367;123368;0;High
8501;38925;138926;2;High
8502;43792;143793;0;Low
8503;49632;149633;2;High
8504;19936;119937;0;Medium
8505;40060;140061;3;Medium
8506;9487;109488;2;Medium
8507;34457;134458;3;Medium
8508;24846;124847;4;High
8509;38036;138037;4;Medium
8510;3794;103795;2;Medium
8511;39783;139784;3;High
8512;24663;124664;3;Medium
8513;48809;148810;0;Medium
8514;43102;143103;2;Low
8515;42071;142072;4;Low
8516;37311;137312;3;High
8517;46999;147000;4;Low
8518;3996;103997;3;Medium
8519;41201;141202;3;Medium
8520;47084;147085;1;Low
8521;18645;118646;0;High
8522;27700;127701;0;Low
8523;30049;130050;2;Medium
8524;34751;134752;3;Medium
8525;27837;127838;3;Low
8526;32945;132946;3;Low
8527;15318;115319;4;Low
8528;49462;149463;0;Low
8529;5666;105667;2;Medium
8530;39750;139751;3;High
8531;26962;126963;3;Low
8532;40679;140680;2;Medium
8533;34061;134062;3;High
8534;25077;125078;0;Medium
8535;3458;103459;2;Low
8536;27500;127501;4;High
8537;2844;102845;2;Low
8538;35920;135921;1;High
8539;26598;126599;3;Medium
8540;17161;117162;4;Low
8541;7674;107675;2;High
8542;30876;130877;1;High
8543;22130;122131;1;Low
8544;35841;135842;3;Medium
8545;37007;137008;1;Low
8546;31814;131815;4;Medium
8547;24223;124224;2;Medium
8548;16578;116579;4;High
8549;43747;143748;2;Low
8550;30721;130722;0;High
8551;49044;149045;2;Low
8552;15894;115895;0;Medium
8553;11091;111092;3;Medium
8554;9136;109137;4;Medium
8555;37633;137634;3;High
8556;45975;145976;1;Low
8557;39842;139843;0;Medium
8558;9839;109840;2;Low
8559;44039;144040;4;Medium
8560;27467;127468;4;Low
8561;16609;116610;3;Low
8562;48948;148949;3;Medium
8563;14176;114177;4;Low
8564;38491;138492;1;High
8565;46826;146827;2;High
8566;6530;106531;0;Medium
8567;22054;122055;2;Medium
8568;14829;114830;3;High
8569;37686;137687;2;Low
8570;597;100598;0;High
8571;12376;112377;1;Medium
8572;32355;132356;3;High
8573;29385;129386;1;High
8574;38863;138864;4;High
8575;16875;116876;3;High
8576;15327;115328;4;Medium
8577;397;100398;2;High
8578;4164;104165;3;High
8579;48523;148524;0;Medium
8580;35948;135949;2;Medium
8581;5164;105165;0;Medium
8582;15434;115435;3;Medium
8583;24869;124870;4;Low
8584;21712;121713;2;Low
8585;32196;132197;0;Low
8586;21329;121330;1;High
8587;22651;122652;4;Medium
8588;19854;119855;2;Low
8589;34670;134671;3;High
8590;32670;132671;0;Low
8591;31893;131894;4;Medium
8592;40099;140100;3;Medium
8593;33635;133636;4;Low
8594;42609;142610;3;Low
8595;42258;142259;3;Medium
8596;15292;115293;4;Low
8597;2096;102097;2;Low
8598;32845;132846;3;Low
8599;15932;115933;3;High
8600;38984;138985;3;Medium
8601;49606;149607;1;Low
8602;25262;125263;2;Medium
8603;23443;123444;4;Low
8604;14844;114845;2;Medium
8605;19381;119382;0;Medium
8606;18888;118889;4;Medium
8607;43031;143032;1;Medium
8608;32027;132028;0;Medium
8609;414;100415;0;High
8610;48589;148590;1;Medium
8611;33111;133112;0;Low
8612;41513;141514;3;Medium
8613;34572;134573;2;Medium
8614;6086;106087;3;Low
8615;27191;127192;4;Low
8616;48198;148199;1;High
8617;6193;106194;3;Medium
8618;41579;141580;0;High
8619;40568;140569;1;Medium
8620;25025;125026;1;High
8621;49058;149059;3;High
8622;10618;110619;1;Low
8623;1905;101906;3;Medium
8624;48637;148638;1;Low
8625;19074;119075;4;High
8626;19079;119080;0;Medium
8627;39518;139519;3;Medium
8628;35794;135795;2;High
8629;23258;123259;4;High
8630;1614;101615;0;Low
8631;43859;143860;3;High
8632;110;100111;1;Low
8633;31908;131909;4;High
8634;14221;114222;1;Medium
8635;23686;123687;2;Low
8636;45728;145729;0;High
8637;15823;115824;2;Low
8638;13797;113798;1;High
8639;34251;134252;2;Medium
8640;1145;101146;1;High
8641;45344;145345;2;Medium
8642;26062;126063;1;Low
8643;4061;104062;4;Medium
8644;14095;114096;4;Low
8645;23654;123655;0;Low
8646;40475;140476;0;Low
8647;24165;124166;2;Medium
8648;26701;126702;0;High
8649;17921;117922;4;Medium
8650;49329;149330;1;Medium
8651;31778;131779;4;Low
8652;6460;106461;3;Medium
8653;16007;116008;4;Medium
8654;27537;127538;4;Low
8655;10217;110218;1;Low
8656;26355;126356;3;Low
8657;27994;127995;2;High
8658;37310;137311;3;High
8659;44151;144152;3;Medium
8660;4778;104779;3;Low
8661;26427;126428;4;Medium
8662;43572;143573;3;Low
8663;29080;129081;1;Low
8664;16986;116987;2;Medium
8665;17904;117905;2;High
8666;7614;107615;1;High
8667;1007;101008;2;Medium
8668;38351;138352;1;High
8669;15206;115207;2;Medium
8670;38710;138711;4;Medium
8671;47171;147172;1;Medium
8672;16910;116911;2;High
8673;19350;119351;0;Medium
8674;26948;126949;2;High
8675;43024;143025;2;Medium
8676;45373;145374;1;Low
8677;11245;111246;3;Low
8678;45830;145831;1;Medium
8679;28783;128784;1;Medium
8680;23806;123807;2;Medium
8681;29270;129271;4;Medium
8682;42332;142333;1;Low
8683;37253;137254;1;Low
8684;27273;127274;3;Medium
8685;23708;123709;2;Medium
8686;21702;121703;4;Medium
8687;12890;112891;4;High
8688;1551;101552;1;Low
8689;12442;112443;2;Low
8690;39385;139386;1;High
8691;11351;111352;4;High
8692;42683;142684;3;Low
8693;38018;138019;4;High
8694;46345;146346;2;Medium
8695;14613;114614;1;Low
8696;44029;144030;0;High
8697;35864;135865;0;Low
8698;37958;137959;2;Low
8699;18168;118169;3;Low
8700;6930;106931;3;Medium
8701;5913;105914;2;Medium
8702;39938;139939;4;High
8703;32211;132212;2;Medium
8704;39782;139783;2;Medium
8705;9469;109470;2;Low
8706;15554;115555;0;Medium
8707;36580;136581;2;High
8708;19087;119088;0;High
8709;41351;141352;3;Low
8710;4527;104528;0;Medium
8711;36707;136708;1;Medium
8712;18671;118672;4;Medium
8713;47369;147370;3;Medium
8714;6524;106525;2;Low
8715;1585;101586;2;Low
8716;32477;132478;4;Medium
8717;1391;101392;0;Medium
8718;30143;130144;4;Low
8719;11578;111579;4;Medium
8720;37537;137538;4;High
8721;29007;129008;1;High
8722;48095;148096;1;Medium
8723;10358;110359;4;Low
8724;15130;115131;0;Medium
8725;12229;112230;1;Low
8726;12728;112729;1;Low
8727;7913;107914;3;Low
8728;34870;134871;2;High
8729;31070;131071;2;Medium
8730;32350;132351;2;Medium
8731;49667;149668;0;High
8732;24760;124761;1;Low
8733;7617;107618;2;High
8734;42808;142809;2;Medium
8735;16760;116761;0;Medium
8736;33667;133668;3;Medium
8737;45604;145605;4;High
8738;27062;127063;4;Medium
8739;42688;142689;3;Low
8740;17085;117086;1;Medium
8741;45334;145335;0;Low
8742;30420;130421;1;Medium
8743;3334;103335;1;High
8744;41947;141948;2;High
8745;38396;138397;3;Medium
8746;15729;115730;2;High
8747;42019;142020;4;Medium
8748;9702;109703;3;High
8749;48991;148992;4;Medium
8750;22288;122289;0;Low
8751;34814;134815;2;High
8752;44131;144132;0;Low
8753;37610;137611;1;Low
8754;4157;104158;1;Medium
8755;21816;121817;0;Medium
8756;2969;102970;1;Medium
8757;41995;141996;4;Medium
8758;42679;142680;2;Medium
8759;11761;111762;3;High
8760;28073;128074;1;Low
8761;14632;114633;3;Medium
8762;12123;112124;2;Medium
8763;30328;130329;2;High
8764;5599;105600;0;Low
8765;21597;121598;2;Low
8766;20678;120679;1;Medium
8767;3969;103970;2;Medium
8768;36085;136086;3;Medium
8769;34306;134307;3;Low
8770;40924;140925;3;Low
8771;27163;127164;1;Medium
8772;28010;128011;1;Low
8773;47638;147639;1;High
8774;49680;149681;0;Low
8775;42138;142139;0;Low
8776;21387;121388;0;Medium
8777;3906;103907;2;Medium
8778;15660;115661;2;High
8779;10222;110223;2;Low
8780;2865;102866;1;Medium
8781;15362;115363;4;High
8782;48532;148533;3;Medium
8783;11599;111600;1;Medium
8784;16504;116505;4;Medium
8785;29950;129951;4;Low
8786;7151;107152;1;Low
8787;27514;127515;2;Low
8788;3733;103734;2;Low
8789;7748;107749;2;Medium
8790;5765;105766;2;Medium
8791;20080;120081;0;Low
8792;40550;140551;4;High
8793;32238;132239;2;Medium
8794;13535;113536;1;High
8795;16181;116182;4;Low
8796;23632;123633;2;Low
8797;29332;129333;1;Low
8798;24260;124261;3;Low
8799;43301;143302;1;High
8800;650;100651;4;High
8801;13336;113337;1;Medium
8802;35891;135892;3;Medium
8803;31426;131427;2;Low
8804;2178;102179;3;High
8805;42958;142959;3;Low
8806;11195;111196;2;High
8807;47960;147961;1;Low
8808;37711;137712;4;Low
8809;7663;107664;3;Medium
8810;35696;135697;3;Medium
8811;20524;120525;1;High
8812;3293;103294;1;Medium
8813;4079;104080;3;Low
8814;44706;144707;3;Medium
8815;25543;125544;4;Low
8816;16721;116722;2;Low
8817;44170;144171;3;Low
8818;7511;107512;3;Medium
8819;17565;117566;2;Low
8820;24140;124141;1;High
8821;48516;148517;0;Low
8822;898;100899;4;Medium
8823;13422;113423;3;Low
8824;14047;114048;3;Low
8825;19286;119287;2;Medium
8826;49866;149867;2;High
8827;2120;102121;3;High
8828;6096;106097;4;Medium
8829;46073;146074;0;Medium
8830;42281;142282;3;Medium
8831;37713;137714;3;High
8832;30596;130597;1;Medium
8833;49765;149766;2;Low
8834;2710;102711;4;High
8835;900;100901;0;Low
8836;48601;148602;4;High
8837;29127;129128;2;Medium
8838;31597;131598;4;Medium
8839;15091;115092;0;Medium
8840;5181;105182;2;Medium
8841;31163;131164;0;Medium
8842;2267;102268;3;Medium
8843;3624;103625;1;High
8844;9090;109091;2;Medium
8845;7466;107467;2;High
8846;37548;137549;1;High
8847;1431;101432;1;Medium
8848;20402;120403;3;Medium
8849;20648;120649;3;High
8850;32072;132073;1;Low
8851;29184;129185;2;High
8852;35964;135965;0;Medium
8853;460;100461;2;High
8854;48671;148672;1;Low
8855;13261;113262;2;Low
8856;36664;136665;0;Low
8857;38659;138660;2;Medium
8858;49209;149210;3;High
8859;26299;126300;3;Medium
8860;46982;146983;4;Medium
8861;23340;123341;4;Low
8862;38233;138234;3;Low
8863;47543;147544;2;High
8864;16942;116943;4;High
8865;25767;125768;3;Medium
8866;31868;131869;2;Low
8867;31433;131434;1;Medium
8868;39754;139755;4;High
8869;43473;143474;4;Low
8870;48139;148140;0;High
8871;33603;133604;4;Medium
8872;38846;138847;1;Medium
8873;29568;129569;4;Low
8874;9198;109199;2;High
8875;10463;110464;0;Low
8876;6392;106393;1;Low
8877;15990;115991;1;Medium
8878;15896;115897;2;Low
8879;7033;107034;2;High
8880;3668;103669;1;Medium
8881;1784;101785;0;Low
8882;46204;146205;3;Low
8883;18793;118794;0;Medium
8884;380;100381;1;High
8885;31473;131474;3;Medium
8886;18422;118423;3;Medium
8887;41516;141517;1;High
8888;40328;140329;4;Low
8889;29520;129521;2;Low
8890;38208;138209;1;Medium
8891;32978;132979;0;Medium
8892;45964;145965;2;Low
8893;46339;146340;3;Low
8894;47679;147680;4;Low
8895;3641;103642;1;Medium
8896;2740;102741;1;Medium
8897;36100;136101;3;Low
8898;49372;149373;1;Medium
8899;44534;144535;3;Medium
8900;26615;126616;4;High
8901;16027;116028;3;Low
8902;23625;123626;2;Medium
8903;15067;115068;0;High
8904;24510;124511;0;Low
8905;40039;140040;1;High
8906;48186;148187;2;Medium
8907;14380;114381;3;High
8908;7278;107279;3;Medium
8909;48211;148212;3;Medium
8910;41617;141618;1;Medium
8911;16348;116349;1;High
8912;13066;113067;1;Medium
8913;4034;104035;4;Medium
8914;30802;130803;3;Medium
8915;8834;108835;2;High
8916;16636;116637;3;High
8917;30810;130811;3;Medium
8918;246;100247;1;High
8919;19262;119263;3;High
8920;13474;113475;2;Medium
8921;45262;145263;3;Low
8922;45434;145435;1;Low
8923;42826;142827;3;Low
8924;41760;141761;3;Medium
8925;26828;126829;0;Low
8926;8899;108900;1;Low
8927;40722;140723;0;Low
8928;14557;114558;2;Medium
8929;30969;130970;2;Low
8930;21323;121324;3;Low
8931;21206;121207;1;Medium
8932;36573;136574;2;Low
8933;4193;104194;1;Medium
8934;2093;102094;0;Low
8935;10331;110332;3;Medium
8936;32295;132296;3;Low
8937;31538;131539;0;High
8938;7723;107724;1;Low
8939;1847;101848;3;Low
8940;16232;116233;0;Low
8941;49951;149952;3;Low
8942;4226;104227;3;High
8943;10603;110604;0;High
8944;45914;145915;2;Medium
8945;5166;105167;3;High
8946;45275;145276;1;Low
8947;18768;118769;2;Medium
8948;26186;126187;4;Low
8949;45074;145075;3;Low
8950;20650;120651;0;Medium
8951;4122;104123;4;Low
8952;35438;135439;1;Low
8953;24446;124447;1;Medium
8954;40466;140467;1;Low
8955;5563;105564;4;Medium
8956;16787;116788;0;Low
8957;47482;147483;0;Medium
8958;13523;113524;2;High
8959;39476;139477;1;Medium
8960;33004;133005;1;Medium
8961;18248;118249;1;Medium
8962;40084;140085;0;Medium
8963;33049;133050;4;Medium
8964;36921;136922;4;Low
8965;15258;115259;2;Low
8966;1339;101340;1;High
8967;27559;127560;0;Medium
8968;26854;126855;0;Medium
8969;4577;104578;3;Low
8970;47554;147555;0;High
8971;12905;112906;2;Medium
8972;47367;147368;3;Low
8973;34483;134484;4;Medium
8974;20529;120530;4;High
8975;49762;149763;0;High
8976;27579;127580;1;High
8977;24433;124434;2;Low
8978;18984;118985;4;Low
8979;40959;140960;0;Medium
8980;41079;141080;3;Low
8981;27407;127408;0;Medium
8982;10507;110508;3;Medium
8983;32928;132929;1;Low
8984;22865;122866;2;Low
8985;31149;131150;0;Medium
8986;32798;132799;2;High
8987;12583;112584;4;Medium
8988;31394;131395;1;Medium
8989;13902;113903;4;Low
8990;22089;122090;3;Medium
8991;38167;138168;2;Medium
8992;46707;146708;1;Medium
8993;19705;119706;1;High
8994;1325;101326;4;Low
8995;32559;132560;0;High
8996;33319;133320;4;Medium
8997;29641;129642;1;Low
8998;34954;134955;3;Medium
8999;18282;118283;0;High
9000;39289;139290;4;Low
9001;7689;107690;1;Medium
9002;36530;136531;4;Medium
9003;35318;135319;2;Medium
9004;30509;130510;3;Medium
9005;12347;112348;3;Medium
9006;16565;116566;3;High
9007;9274;109275;3;High
9008;18729;118730;3;Medium
9009;9321;109322;2;Medium
9010;31331;131332;3;Medium
9011;34281;134282;0;High
9012;3588;103589;0;Low
9013;47837;147838;3;Medium
9014;12193;112194;4;High
9015;12948;112949;4;Medium
9016;23539;123540;3;High
9017;19360;119361;2;Medium
9018;40472;140473;1;Medium
9019;445;100446;2;Low
9020;34071;134072;0;Medium
9021;22008;122009;4;Medium
9022;42728;142729;0;Medium
9023;16742;116743;3;Medium
9024;43303;143304;1;Medium
9025;16255;116256;1;Low
9026;25736;125737;3;Low
9027;34482;134483;0;Low
9028;32820;132821;2;Low
9029;41727;141728;1;Low
9030;30190;130191;1;Medium
9031;45088;145089;0;Medium
9032;32585;132586;1;Medium
9033;37318;137319;4;Medium
9034;11781;111782;1;Medium
9035;43728;143729;2;Medium
9036;23755;123756;2;Low
9037;21986;121987;3;High
9038;49751;149752;3;Medium
9039;41639;141640;4;High
9040;43684;143685;2;Low
9041;49167;149168;4;Medium
9042;21104;121105;3;Low
9043;7794;107795;4;Medium
9044;33728;133729;4;High
9045;14304;114305;3;High
9046;21070;121071;0;Low
9047;39223;139224;2;Low
9048;40116;140117;4;Medium
9049;19203;119204;4;Medium
9050;24020;124021;0;Medium
9051;32225;132226;4;High
9052;47672;147673;0;High
9053;46586;146587;2;Low
9054;11409;111410;3;High
9055;20438;120439;0;Low
9056;4396;104397;2;Medium
9057;23926;123927;2;Low
9058;26138;126139;2;High
9059;19941;119942;1;Medium
9060;34850;134851;0;Medium
9061;46163;146164;2;Medium
9062;30465;130466;1;High
9063;44576;144577;3;High
9064;42750;142751;4;Medium
9065;17336;117337;0;Medium
9066;3911;103912;4;High
9067;46022;146023;2;Low
9068;22991;122992;2;Low
9069;34472;134473;2;Low
9070;31108;131109;4;Medium
9071;9901;109902;4;Low
9072;26801;126802;4;High
9073;30186;130187;3;High
9074;31900;131901;4;Low
9075;34879;134880;3;Low
9076;27304;127305;4;Low
9077;48798;148799;1;Medium
9078;45281;145282;2;Low
9079;30027;130028;0;Medium
9080;34781;134782;4;Medium
9081;26520;126521;3;High
9082;26761;126762;3;Low
9083;15810;115811;2;Low
9084;37970;137971;1;High
9085;47961;147962;4;Medium
9086;8443;108444;3;Medium
9087;5757;105758;4;Medium
9088;29095;129096;1;Medium
9089;21398;121399;2;High
9090;22135;122136;4;Medium
9091;12975;112976;0;Medium
9092;3409;103410;4;High
9093;47859;147860;1;Low
9094;21652;121653;0;Medium
9095;17830;117831;4;Low
9096;22438;122439;2;Medium
9097;18858;118859;2;Medium
9098;24354;124355;3;Low
9099;48594;148595;0;Low
9100;37778;137779;2;Low
9101;38914;138915;3;Low
9102;27418;127419;0;Medium
9103;1045;101046;0;Low
9104;19491;119492;2;Medium
9105;23154;123155;4;High
9106;9746;109747;3;Medium
9107;10866;110867;2;Low
9108;41362;141363;2;High
9109;5233;105234;4;Low
9110;33196;133197;3;Medium
9111;49925;149926;3;Medium
9112;5918;105919;1;Medium
9113;45076;145077;2;Medium
9114;36384;136385;0;High
9115;47975;147976;2;High
9116;36894;136895;1;High
9117;12210;112211;4;Medium
9118;41418;141419;0;Low
9119;27765;127766;4;Medium
9120;31620;131621;0;High
9121;18227;118228;2;Low
9122;36560;136561;1;High
9123;7247;107248;2;Medium
9124;25401;125402;0;Medium
9125;46328;146329;1;Low
9126;21259;121260;2;Low
9127;36033;136034;4;Low
9128;38222;138223;3;Medium
9129;42817;142818;3;High
9130;19022;119023;0;Medium
9131;4411;104412;1;Low
9132;49596;149597;2;Medium
9133;7857;107858;1;Low
9134;25104;125105;4;Medium
9135;4131;104132;2;Medium
9136;29370;129371;2;High
9137;12352;112353;1;Low
9138;3762;103763;0;Low
9139;9100;109101;2;Medium
9140;35894;135895;3;Low
9141;28460;128461;1;High
9142;29121;129122;4;Low
9143;40201;140202;4;Medium
9144;45984;145985;1;Medium
9145;6933;106934;1;High
9146;15804;115805;3;Medium
9147;31901;131902;3;Medium
9148;34777;134778;0;Medium
9149;41064;141065;2;Medium
9150;1989;101990;0;High
9151;2490;102491;4;Low
9152;5439;105440;0;Low
9153;29833;129834;1;Medium
9154;25759;125760;3;Low
9155;34710;134711;0;Low
9156;15575;115576;1;Low
9157;26325;126326;4;Medium
9158;10019;110020;1;High
9159;16640;116641;2;High
9160;37137;137138;3;Medium
9161;20653;120654;1;High
9162;32402;132403;3;High
9163;29088;129089;0;High
9164;5861;105862;1;Low
9165;34414;134415;2;High
9166;14019;114020;0;High
9167;6359;106360;0;Medium
9168;4265;104266;2;High
9169;21649;121650;1;Medium
9170;15627;115628;2;Medium
9171;21560;121561;4;Medium
9172;8320;108321;4;High
9173;20957;120958;0;High
9174;12922;112923;4;High
9175;38138;138139;3;High
9176;44563;144564;0;Low
9177;35068;135069;0;Medium
9178;29669;129670;4;Low
9179;40270;140271;0;Low
9180;21687;121688;4;High
9181;41103;141104;1;Low
9182;11591;111592;1;Medium
9183;10967;110968;4;Low
9184;32208;132209;1;Low
9185;49831;149832;1;High
9186;3229;103230;0;Low
9187;46210;146211;2;Low
9188;44321;144322;3;Low
9189;37003;137004;0;Medium
9190;3146;103147;0;Medium
9191;18237;118238;0;Medium
9192;6089;106090;3;Medium
9193;31636;131637;4;Medium
9194;31578;131579;4;Low
9195;32203;132204;3;Low
9196;8863;108864;3;Medium
9197;26613;126614;1;Medium
9198;22542;122543;4;Medium
9199;36939;136940;1;Medium
9200;4589;104590;2;Low
9201;46494;146495;4;Low
9202;2314;102315;3;Medium
9203;38054;138055;2;High
9204;33970;133971;2;Low
9205;12711;112712;3;Medium
9206;39874;139875;2;Medium
9207;514;100515;2;Medium
9208;41301;141302;1;High
9209;39152;139153;4;Low
9210;37192;137193;1;Low
9211;1623;101624;4;Medium
9212;44338;144339;1;High
9213;1893;101894;0;High
9214;30555;130556;0;Medium
9215;24828;124829;2;High
9216;9846;109847;0;Low
9217;31446;131447;1;Medium
9218;41352;141353;4;Medium
9219;16756;116757;2;Medium
9220;17770;117771;1;Low
9221;22200;122201;3;Medium
9222;26183;126184;1;Low
9223;49366;149367;0;Medium
9224;41710;141711;2;Medium
9225;2255;102256;1;Low
9226;47932;147933;1;Low
9227;35900;135901;4;Low
9228;44569;144570;3;High
9229;14149;114150;4;Medium
9230;36114;136115;4;High
9231;26456;126457;1;High
9232;13023;113024;3;Medium
9233;45184;145185;0;Medium
9234;8697;108698;4;Low
9235;49642;149643;1;Medium
9236;21581;121582;0;High
9237;1353;101354;2;High
9238;21531;121532;3;High
9239;34442;134443;3;High
9240;3671;103672;4;Medium
9241;15234;115235;1;Medium
9242;39753;139754;0;Low
9243;2156;102157;3;Medium
9244;29564;129565;4;Low
9245;45474;145475;3;Medium
9246;26623;126624;1;Medium
9247;751;100752;1;High
9248;44934;144935;3;High
9249;18850;118851;4;Medium
9250;42009;142010;0;High
9251;7806;107807;0;Medium
9252;42464;142465;1;Medium
9253;16143;116144;1;Medium
9254;4915;104916;0;Medium
9255;31456;131457;2;High
9256;12195;112196;1;Medium
9257;34199;134200;0;High
9258;40069;140070;1;Medium
9259;46646;146647;0;Medium
9260;38150;138151;2;Low
9261;11208;111209;0;Medium
9262;38284;138285;3;Low
9263;26228;126229;4;High
9264;19193;119194;1;High
9265;12089;112090;2;Low
9266;30549;130550;3;Medium
9267;38001;138002;1;Medium
9268;12263;112264;4;High
9269;44432;144433;4;Medium
9270;41126;141127;4;Medium
9271;19765;119766;3;High
9272;37294;137295;1;Medium
9273;7064;107065;4;Medium
9274;45387;145388;4;High
9275;7484;107485;4;High
9276;7107;107108;2;Medium
9277;31669;131670;1;Low
9278;33939;133940;3;Low
9279;49202;149203;4;Low
9280;18435;118436;2;High
9281;29607;129608;4;High
9282;21057;121058;2;Medium
9283;26251;126252;0;Medium
9284;13319;113320;1;Low
9285;7690;107691;2;High
9286;30498;130499;1;Low
9287;2913;102914;0;High
9288;6372;106373;1;Medium
9289;26967;126968;4;Low
9290;16352;116353;3;High
9291;12859;112860;1;High
9292;12593;112594;1;Medium
9293;23927;123928;4;Low
9294;39028;139029;2;High
9295;30651;130652;1;High
9296;41990;141991;2;High
9297;35860;135861;0;Low
9298;21197;121198;3;Low
9299;12543;112544;3;Medium
9300;7303;107304;4;Medium
9301;37883;137884;4;High
9302;19237;119238;4;Medium
9303;5331;105332;1;Low
9304;20201;120202;1;Low
9305;23172;123173;3;Medium
9306;25547;125548;4;High
9307;5434;105435;1;High
9308;10436;110437;0;Medium
9309;36212;136213;2;High
9310;3825;103826;2;High
9311;32063;132064;0;Low
9312;27336;127337;4;High
9313;3394;103395;0;Medium
9314;23028;123029;0;Medium
9315;13820;113821;4;High
9316;48193;148194;3;High
9317;39524;139525;1;Medium
9318;22665;122666;3;Medium
9319;4481;104482;0;Medium
9320;43084;143085;0;Medium
9321;1141;101142;1;Medium
9322;32821;132822;4;High
9323;22714;122715;4;Medium
9324;22567;122568;4;High
9325;37596;137597;3;Medium
9326;38368;138369;4;Low
9327;28736;128737;4;High
9328;6596;106597;1;Low
9329;43255;143256;1;Low
9330;18224;118225;1;Medium
9331;39251;139252;2;High
9332;11443;111444;0;High
9333;14950;114951;2;Medium
9334;4659;104660;2;High
9335;27371;127372;4;Low
9336;4338;104339;2;Medium
9337;29492;129493;3;Low
9338;35669;135670;4;Medium
9339;15114;115115;1;Low
9340;36296;136297;2;Low
9341;47661;147662;3;Medium
9342;20750;120751;3;High
9343;10490;110491;2;Low
9344;27059;127060;0;Medium
9345;22144;122145;2;Medium
9346;30296;130297;1;Low
9347;42273;142274;1;Medium
9348;15718;115719;2;High
9349;27335;127336;1;Medium
9350;40049;140050;2;Medium
9351;20471;120472;1;Medium
9352;37966;137967;0;Low
9353;40533;140534;4;Medium
9354;7875;107876;4;Medium
9355;10205;110206;4;Medium
9356;1708;101709;4;High
9357;47112;147113;1;Low
9358;20333;120334;2;Medium
9359;27132;127133;1;Low
9360;31691;131692;0;High
9361;29999;130000;2;High
9362;11266;111267;0;Medium
9363;43434;143435;0;Medium
9364;33307;133308;4;Medium
9365;7937;107938;4;Low
9366;24867;124868;3;Medium
9367;41035;141036;2;Medium
9368;27507;127508;0;Medium
9369;7769;107770;3;Low
9370;23897;123898;4;Medium
9371;37630;137631;2;Low
9372;11794;111795;4;High
9373;11453;111454;4;Medium
9374;27334;127335;4;High
9375;29744;129745;2;High
9376;3133;103134;0;High
9377;48399;148400;1;Medium
9378;4571;104572;2;High
9379;29034;129035;1;Low
9380;23024;123025;4;Low
9381;44058;144059;3;Medium
9382;27148;127149;1;Medium
9383;17339;117340;1;Low
9384;24881;124882;3;Medium
9385;28858;128859;3;Medium
9386;45104;145105;1;Medium
9387;2242;102243;0;Medium
9388;7022;107023;1;High
9389;25261;125262;4;Medium
9390;19483;119484;4;High
9391;39763;139764;1;High
9392;45839;145840;3;Medium
9393;31346;131347;2;High
9394;35842;135843;2;Low
9395;10430;110431;2;Low
9396;4379;104380;4;Medium
9397;12489;112490;0;Low
9398;42318;142319;1;Medium
9399;24746;124747;0;Low
9400;28563;128564;4;High
9401;35001;135002;2;High
9402;21122;121123;3;Medium
9403;49378;149379;4;High
9404;20720;120721;3;Medium
9405;40754;140755;4;Low
9406;12670;112671;1;Low
9407;736;100737;4;Low
9408;47496;147497;4;Low
9409;29890;129891;0;High
9410;12638;112639;3;High
9411;20926;120927;1;Medium
9412;45671;145672;2;High
9413;46403;146404;0;Low
9414;36092;136093;1;High
9415;27736;127737;3;Medium
9416;749;100750;3;Medium
9417;8873;108874;0;High
9418;19665;119666;3;Low
9419;27152;127153;2;High
9420;23569;123570;1;Low
9421;5325;105326;2;Medium
9422;49872;149873;4;Low
9423;32479;132480;3;Medium
9424;3729;103730;1;Medium
9425;26641;126642;0;Medium
9426;48014;148015;3;High
9427;44085;144086;4;Low
9428;49222;149223;2;High
9429;47173;147174;2;Medium
9430;13892;113893;3;Low
9431;7819;107820;3;High
9432;17025;117026;1;Low
9433;8793;108794;0;Low
9434;4211;104212;0;High
9435;31986;131987;2;Medium
9436;49705;149706;2;High
9437;20824;120825;0;High
9438;27906;127907;3;High
9439;47208;147209;4;Medium
9440;34941;134942;2;Medium
9441;37461;137462;1;Medium
9442;44607;144608;3;Medium
9443;47934;147935;4;Low
9444;36782;136783;1;High
9445;40442;140443;2;High
9446;37164;137165;2;Medium
9447;24687;124688;4;High
9448;3237;103238;4;Medium
9449;18698;118699;4;Medium
9450;2817;102818;3;Low
9451;8887;108888;3;High
9452;48008;148009;2;Medium
9453;12740;112741;3;Low
9454;18592;118593;0;Low
9455;502;100503;2;Low
9456;11842;111843;2;Medium
9457;10698;110699;4;Medium
9458;44759;144760;4;Medium
9459;18495;118496;3;Medium
9460;32573;132574;0;Low
9461;45192;145193;2;Medium
9462;12474;112475;2;Medium
9463;48494;148495;3;Low
9464;31982;131983;2;Low
9465;1133;101134;2;High
9466;21798;121799;1;High
9467;19080;119081;3;Medium
9468;46856;146857;0;High
9469;14846;114847;1;Medium
9470;4130;104131;3;Medium
9471;46848;146849;0;Low
9472;7271;107272;3;High
9473;49869;149870;1;Medium
9474;34902;134903;3;Medium
9475;27344;127345;3;High
9476;22237;122238;2;Medium
9477;4995;104996;4;Low
9478;15354;115355;0;Medium
9479;32142;132143;2;High
9480;1271;101272;1;High
9481;2204;102205;2;Low
9482;39371;139372;2;Low
9483;2296;102297;2;Medium
9484;24854;124855;4;Low
9485;14173;114174;2;Medium
9486;33424;133425;3;Low
9487;40416;140417;3;Medium
9488;47079;147080;0;High
9489;4749;104750;2;Medium
9490;491;100492;3;High
9491;46114;146115;2;High
9492;5350;105351;3;Medium
9493;46159;146160;1;Medium
9494;22317;122318;0;Medium
9495;46274;146275;4;Medium
9496;33327;133328;3;High
9497;16413;116414;2;High
9498;10251;110252;1;Low
9499;13203;113204;2;Medium
9500;10468;110469;1;Low
9501;46775;146776;2;Medium
9502;22649;122650;4;Medium
9503;42261;142262;3;Medium
9504;32329;132330;2;Low
9505;23828;123829;1;Medium
9506;34778;134779;1;High
9507;23810;123811;3;Low
9508;24620;124621;3;High
9509;4567;104568;0;Medium
9510;37274;137275;0;Low
9511;33214;133215;2;Low
9512;28587;128588;0;Low
9513;24706;124707;2;High
9514;36290;136291;1;Low
9515;45119;145120;1;High
9516;37691;137692;2;High
9517;38663;138664;3;Low
9518;20760;120761;4;High
9519;23542;123543;2;High
9520;34119;134120;0;Low
9521;31859;131860;1;Low
9522;16004;116005;3;Medium
9523;47273;147274;2;Low
9524;36686;136687;1;Medium
9525;14957;114958;2;Low
9526;27967;127968;0;High
9527;36011;136012;0;Medium
9528;34531;134532;3;Low
9529;44921;144922;3;High
9530;5465;105466;0;High
9531;30816;130817;3;Low
9532;42580;142581;0;Low
9533;23546;123547;2;Low
9534;5513;105514;3;Medium
9535;3452;103453;1;Low
9536;20030;120031;0;Medium
9537;31947;131948;2;Medium
9538;47170;147171;4;Medium
9539;30209;130210;4;Medium
9540;42621;142622;3;High
9541;8224;108225;3;Medium
9542;16584;116585;0;High
9543;45091;145092;4;Medium
9544;32622;132623;1;Medium
9545;7953;107954;0;Medium
9546;6205;106206;2;Medium
9547;44318;144319;1;Low
9548;18034;118035;1;High
9549;6484;106485;2;Low
9550;15521;115522;4;Low
9551;31808;131809;4;Medium
9552;45487;145488;2;Medium
9553;20606;120607;4;Low
9554;30407;130408;1;High
9555;25070;125071;2;Medium
9556;23881;123882;1;Medium
9557;30517;130518;4;Low
9558;260;100261;0;Medium
9559;37442;137443;4;Medium
9560;14898;114899;0;Low
9561;19965;119966;0;Medium
9562;36872;136873;2;Low
9563;46787;146788;0;Medium
9564;42434;142435;3;Low
9565;6038;106039;4;Medium
9566;12746;112747;3;Medium
9567;34807;134808;1;Medium
9568;26242;126243;4;High
9569;43345;143346;4;Low
9570;48987;148988;2;High
9571;18436;118437;0;Medium
9572;8356;108357;4;High
9573;14112;114113;3;Medium
9574;31200;131201;0;Medium
9575;19417;119418;0;High
9576;32511;132512;4;Low
9577;8575;108576;2;Medium
9578;7283;107284;0;Low
9579;42972;142973;0;Medium
9580;15875;115876;2;Low
9581;44343;144344;2;High
9582;21533;121534;2;Medium
9583;28820;128821;0;High
9584;23400;123401;2;Medium
9585;5840;105841;1;Medium
9586;7792;107793;1;Low
9587;16534;116535;3;Medium
9588;34365;134366;0;Medium
9589;47485;147486;1;Medium
9590;40918;140919;1;Medium
9591;35615;135616;2;Medium
9592;44438;144439;0;High
9593;36418;136419;4;Medium
9594;33173;133174;2;Low
9595;11492;111493;3;Medium
9596;16715;116716;1;Medium
9597;16971;116972;3;Medium
9598;36608;136609;2;Low
9599;39066;139067;2;Low
9600;30720;130721;0;High
9601;31406;131407;3;Low
9602;27451;127452;2;Medium
9603;13940;113941;1;Medium
9604;27809;127810;4;Medium
9605;24451;124452;1;High
9606;40601;140602;2;Medium
9607;13760;113761;4;High
9608;19554;119555;4;Low
9609;26762;126763;3;Medium
9610;26246;126247;3;Low
9611;28389;128390;0;Medium
9612;2075;102076;4;Medium
9613;25801;125802;0;Medium
9614;21129;121130;2;Medium
9615;37783;137784;1;Low
9616;11924;111925;3;High
9617;35908;135909;3;High
9618;3811;103812;4;Low
9619;17678;117679;4;Low
9620;42790;142791;2;High
9621;10230;110231;3;High
9622;3041;103042;0;High
9623;44273;144274;4;Low
9624;43299;143300;4;Medium
9625;22734;122735;3;Medium
9626;16597;116598;2;High
9627;2845;102846;1;Medium
9628;11828;111829;3;Low
9629;7620;107621;2;Low
9630;3207;103208;3;Medium
9631;24552;124553;1;Medium
9632;29750;129751;0;Low
9633;23642;123643;0;Low
9634;3332;103333;1;High
9635;40297;140298;4;Low
9636;8513;108514;1;High
9637;29306;129307;1;Low
9638;8005;108006;4;High
9639;27853;127854;1;Low
9640;25086;125087;0;Medium
9641;39383;139384;0;Medium
9642;49867;149868;0;Low
9643;311;100312;3;Medium
9644;28745;128746;0;High
9645;49718;149719;1;Medium
9646;12629;112630;0;High
9647;48656;148657;0;Low
9648;42951;142952;1;Medium
9649;28307;128308;2;Medium
9650;11686;111687;3;Medium
9651;18326;118327;0;High
9652;344;100345;1;High
9653;47765;147766;2;Low
9654;49105;149106;4;Low
9655;34131;134132;4;Medium
9656;48604;148605;1;Medium
9657;39346;139347;0;Medium
9658;23086;123087;1;High
9659;44637;144638;2;Low
9660;48613;148614;3;Low
9661;20202;120203;4;Medium
9662;26496;126497;3;Low
9663;49768;149769;0;Medium
9664;22833;122834;2;Medium
9665;37223;137224;0;Medium
9666;3471;103472;0;High
9667;8148;108149;1;Low
9668;28811;128812;2;High
9669;10451;110452;4;Low
9670;13851;113852;1;Medium
9671;30694;130695;0;Low
9672;20931;120932;4;Medium
9673;37810;137811;1;Medium
9674;29148;129149;3;Low
9675;41881;141882;1;Low
9676;4372;104373;4;Medium
9677;1190;101191;1;High
9678;49895;149896;0;Low
9679;41851;141852;4;High
9680;12946;112947;3;Medium
9681;28478;128479;4;High
9682;43317;143318;2;Medium
9683;43244;143245;0;Medium
9684;48491;148492;2;Medium
9685;16150;116151;4;Medium
9686;128;100129;0;Medium
9687;39603;139604;4;High
9688;15215;115216;3;Low
9689;45714;145715;3;Low
9690;32855;132856;2;Medium
9691;8057;108058;4;Medium
9692;22318;122319;3;Low
9693;3381;103382;2;High
9694;12550;112551;0;Low
9695;24249;124250;1;High
9696;632;100633;0;High
9697;31098;131099;4;High
9698;18464;118465;2;High
9699;47212;147213;1;Medium
9700;21196;121197;1;Low
9701;44194;144195;1;Low
9702;21944;121945;1;Low
9703;8716;108717;3;Low
9704;10162;110163;3;Low
9705;17638;117639;1;High
9706;23152;123153;2;Medium
9707;40643;140644;3;Medium
9708;39086;139087;2;Low
9709;25507;125508;0;High
9710;46652;146653;2;Low
9711;47703;147704;4;Medium
9712;11382;111383;3;Medium
9713;518;100519;2;Medium
9714;29514;129515;1;High
9715;38625;138626;0;High
9716;43123;143124;1;Medium
9717;45835;145836;1;Medium
9718;47809;147810;1;High
9719;42004;142005;3;Medium
9720;23319;123320;4;Medium
9721;23316;123317;3;Medium
9722;24934;124935;4;Low
9723;8258;108259;0;Low
9724;7123;107124;1;High
9725;40733;140734;4;Low
9726;17633;117634;2;Medium
9727;35040;135041;1;Low
9728;18790;118791;2;High
9729;26081;126082;4;High
9730;10587;110588;0;Low
9731;21123;121124;4;High
9732;47861;147862;2;High
9733;7019;107020;3;High
9734;12882;112883;1;Medium
9735;22206;122207;4;High
9736;30450;130451;0;Medium
9737;24848;124849;2;High
9738;27024;127025;2;Medium
9739;38511;138512;1;Medium
9740;39577;139578;2;Medium
9741;13114;113115;3;Medium
9742;47329;147330;2;High
9743;11417;111418;4;Medium
9744;41259;141260;1;Low
9745;24570;124571;3;High
9746;7113;107114;1;Medium
9747;44504;144505;4;Low
9748;11597;111598;3;Low
9749;8377;108378;2;High
9750;21543;121544;3;Low
9751;28040;128041;2;Medium
9752;9974;109975;1;Medium
9753;21236;121237;3;Medium
9754;6564;106565;4;Medium
9755;48541;148542;2;Medium
9756;46659;146660;1;High
9757;27843;127844;2;High
9758;41219;141220;1;Medium
9759;48015;148016;0;Low
9760;7878;107879;2;Medium
9761;7128;107129;4;Medium
9762;30361;130362;4;Medium
9763;34107;134108;2;High
9764;45177;145178;4;Medium
9765;13508;113509;2;High
9766;37350;137351;1;Medium
9767;48721;148722;1;Low
9768;9299;109300;0;Medium
9769;38771;138772;0;Low
9770;17920;117921;3;High
9771;47231;147232;0;Low
9772;14206;114207;0;Low
9773;34001;134002;0;Low
9774;45190;145191;2;Medium
9775;43203;143204;4;Medium
9776;46016;146017;3;Medium
9777;7028;107029;4;Medium
9778;30106;130107;3;High
9779;35226;135227;2;Low
9780;26944;126945;4;Medium
9781;6793;106794;0;Low
9782;49609;149610;3;Medium
9783;46115;146116;4;Low
9784;30102;130103;4;Medium
9785;14110;114111;4;Medium
9786;28888;128889;4;Medium
9787;28293;128294;3;Medium
9788;33016;133017;3;Medium
9789;24068;124069;1;High
9790;36;100037;2;Low
9791;4464;104465;4;Medium
9792;2184;102185;1;Medium
9793;9893;109894;1;Low
9794;10695;110696;3;High
9795;604;100605;3;Medium
9796;28603;128604;3;Medium
9797;1610;101611;4;Low
9798;45927;145928;2;Low
9799;24198;124199;3;Low
9800;29054;129055;3;Low
9801;42494;142495;0;Medium
9802;12144;112145;2;High
9803;17492;117493;3;Medium
9804;14027;114028;1;Medium
9805;9340;109341;0;Medium
9806;8416;108417;4;High
9807;13037;113038;3;Medium
9808;27555;127556;1;Low
9809;36583;136584;3;Medium
9810;4771;104772;2;High
9811;3451;103452;3;High
9812;14822;114823;0;High
9813;48865;148866;1;Medium
9814;42422;142423;1;Medium
9815;48794;148795;0;Medium
9816;4179;104180;4;Medium
9817;3841;103842;3;Low
9818;37127;137128;0;Low
9819;14702;114703;3;Low
9820;8275;108276;1;Low
9821;16754;116755;3;Medium
9822;34424;134425;0;Low
9823;1281;101282;4;Medium
9824;25637;125638;1;Medium
9825;7093;107094;0;High
9826;4081;104082;2;Medium
9827;21105;121106;0;Low
9828;27067;127068;2;High
9829;28517;128518;3;Medium
9830;11628;111629;3;High
9831;30487;130488;3;High
9832;44024;144025;0;Low
9833;33237;133238;3;High
9834;1034;101035;0;High
9835;40502;140503;4;Low
9836;22083;122084;2;High
9837;32812;132813;4;Low
9838;42636;142637;1;Medium
9839;10644;110645;3;Medium
9840;17252;117253;0;Medium
9841;43276;143277;3;Low
9842;42884;142885;0;Medium
9843;28326;128327;0;Medium
9844;5378;105379;4;Medium
9845;38818;138819;0;Low
9846;34478;134479;1;High
9847;15168;115169;4;High
9848;29679;129680;0;Medium
9849;43813;143814;3;Low
9850;35168;135169;2;High
9851;19082;119083;1;Medium
9852;13260;113261;2;Low
9853;49578;149579;3;Low
9854;22267;122268;3;Low
9855;5801;105802;4;Medium
9856;41975;141976;2;Medium
9857;12692;112693;4;Low
9858;16423;116424;0;Low
9859;39628;139629;2;Medium
9860;43726;143727;3;Low
9861;11898;111899;4;High
9862;11564;111565;4;Low
9863;16624;116625;2;Medium
9864;46311;146312;4;Low
9865;33190;133191;4;High
9866;893;100894;0;Low
9867;28744;128745;2;Medium
9868;5507;105508;1;Medium
9869;10318;110319;2;High
9870;25356;125357;0;Medium
9871;27463;127464;2;Low
9872;11770;111771;4;Medium
9873;10907;110908;1;Medium
9874;46535;146536;3;Low
9875;29175;129176;2;Low
9876;49917;149918;0;Medium
9877;1160;101161;3;Low
9878;1825;101826;1;Low
9879;46938;146939;1;Medium
9880;45305;145306;3;High
9881;34372;134373;0;Medium
9882;29208;129209;0;High
9883;6381;106382;1;Medium
9884;20118;120119;3;High
9885;16635;116636;2;Medium
9886;14043;114044;0;Low
9887;32170;132171;2;High
9888;3361;103362;4;Low
9889;24298;124299;0;Medium
9890;35993;135994;3;Medium
9891;459;100460;0;High
9892;17761;117762;1;Medium
9893;34488;134489;2;High
9894;6611;106612;1;Medium
9895;10830;110831;3;High
9896;22492;122493;1;Low
9897;38934;138935;2;Low
9898;45877;145878;3;High
9899;31710;131711;3;Medium
9900;18726;118727;4;Medium
9901;36541;136542;1;Medium
9902;9329;109330;0;High
9903;36840;136841;4;High
9904;14093;114094;1;Low
9905;3676;103677;0;Low
9906;13550;113551;2;Medium
9907;39060;139061;0;Medium
9908;6436;106437;0;Low
9909;14618;114619;1;Low
9910;45987;145988;0;Low
9911;46087;146088;2;Low
9912;20872;120873;2;Medium
9913;14325;114326;3;High
9914;7600;107601;0;Medium
9915;19899;119900;0;Medium
9916;31175;131176;1;Medium
9917;28741;128742;1;Medium
9918;1752;101753;1;High
9919;6433;106434;2;Medium
9920;49164;149165;0;High
9921;10655;110656;4;Medium
9922;8273;108274;2;Medium
9923;37803;137804;3;Low
9924;4284;104285;0;Low
9925;27231;127232;0;High
9926;19255;119256;1;Low
9927;41314;141315;0;Low
9928;45795;145796;0;High
9929;8705;108706;2;High
9930;44729;144730;3;Medium
9931;14109;114110;2;Medium
9932;3186;103187;1;Low
9933;19380;119381;2;Low
9934;5085;105086;3;Low
9935;35679;135680;3;Medium
9936;47033;147034;3;High
9937;43966;143967;4;Low
9938;30655;130656;1;High
9939;19280;119281;4;Medium
9940;44668;144669;0;Medium
9941;9632;109633;1;Medium
9942;2401;102402;3;High
9943;17112;117113;2;Low
9944;34297;134298;4;Low
9945;27511;127512;4;Medium
9946;9610;109611;0;Low
9947;45762;145763;4;Low
9948;15376;115377;0;Medium
9949;22780;122781;0;Low
9950;36287;136288;4;High
9951;17323;117324;0;Low
9952;6444;106445;1;Low
9953;3427;103428;0;Low
9954;37561;137562;0;Low
9955;10072;110073;0;Low
9956;6959;106960;3;Low
9957;417;100418;3;Medium
9958;49658;149659;3;Medium
9959;1961;101962;1;Medium
9960;37151;137152;4;Low
9961;4349;104350;4;Medium
9962;34908;134909;0;High
9963;18816;118817;1;Medium
9964;780;100781;2;Low
9965;40310;140311;2;High
9966;42988;142989;2;Low
9967;22954;122955;3;High
9968;31839;131840;0;High
9969;35231;135232;1;High
9970;38915;138916;2;Medium
9971;23113;123114;4;Medium
9972;46080;146081;1;Low
9973;33892;133893;4;High
9974;21471;121472;4;Medium
9975;42063;142064;0;Medium
9976;31756;131757;2;Medium
9977;41286;141287;3;Medium
9978;18951;118952;2;Low
9979;42995;142996;0;Low
9980;6309;106310;1;Low
9981;14971;114972;0;High
9982;46749;146750;4;Low
9983;21741;121742;3;High
9984;48449;148450;1;High
9985;15270;115271;4;Medium
9986;29069;129070;3;Medium
9987;42851;142852;1;Low
9988;23522;123523;0;High
9989;16758;116759;4;Low
9990;32713;132714;2;Medium
9991;37705;137706;0;Medium
9992;28298;128299;1;Medium
9993;37280;137281;4;Low
9994;20304;120305;0;High
9995;28768;128769;4;Medium
9996;3392;103393;4;High
9997;12535;112536;1;Medium
9998;13118;113119;1;Low
9999;34224;134225;4;Medium
10000;24956;124957;0;High
10001;27040;127041;3;Medium
10002;39364;139365;2;Medium
10003;12468;112469;3;High
10004;8891;108892;4;Medium
10005;44156;144157;3;Low
10006;26417;126418;2;Medium
10007;11705;111706;0;Medium
10008;30896;130897;0;Low
10009;37088;137089;1;Medium
10010;136;100137;4;Medium
10011;47539;147540;0;Medium
10012;27094;127095;4;Low
10013;15455;115456;3;Medium
10014;3901;103902;1;Medium
10015;39293;139294;0;High
10016;791;100792;0;Medium
10017;42114;142115;0;High
10018;44660;144661;4;Low
10019;3861;103862;4;Medium
10020;1031;101032;1;Medium
10021;49220;149221;2;High
10022;31948;131949;1;High
10023;2564;102565;0;Low
10024;13242;113243;1;High
10025;16405;116406;2;High
10026;47869;147870;0;High
10027;20910;120911;2;Medium
10028;32810;132811;1;Low
10029;33817;133818;0;Medium
10030;28249;128250;3;Medium
10031;7888;107889;4;Medium
10032;13209;113210;3;Medium
10033;41222;141223;0;High
10034;3250;103251;3;Medium
10035;27810;127811;1;Low
10036;20758;120759;4;High
10037;40692;140693;1;High
10038;35918;135919;1;Medium
10039;25318;125319;2;High
10040;9895;109896;4;High
10041;46773;146774;1;Medium
10042;22715;122716;0;Low
10043;43032;143033;0;Low
10044;31536;131537;3;Medium
10045;40966;140967;0;Low
10046;15744;115745;0;High
10047;8770;108771;0;Medium
10048;46993;146994;0;High
10049;11940;111941;4;Medium
10050;24572;124573;0;Medium
10051;6406;106407;2;Medium
10052;35887;135888;2;High
10053;4414;104415;4;Medium
10054;20069;120070;0;High
10055;15700;115701;2;High
10056;1022;101023;4;Medium
10057;16879;116880;4;High
10058;47357;147358;3;Low
10059;37406;137407;0;Medium
10060;2870;102871;2;Medium
10061;637;100638;0;Low
10062;8502;108503;4;High
10063;25373;125374;2;Medium
10064;11337;111338;4;Medium
10065;46044;146045;1;Low
10066;37053;137054;2;Low
10067;7513;107514;3;High
10068;21840;121841;1;Medium
10069;46781;146782;3;High
10070;37062;137063;4;Low
10071;44890;144891;2;Medium
10072;11015;111016;0;High
10073;42012;142013;0;Medium
10074;17991;117992;4;High
10075;19576;119577;3;Low
10076;34143;134144;2;Low
10077;22114;122115;4;Low
10078;40391;140392;2;Medium
10079;46557;146558;4;Low
10080;14415;114416;4;Low
10081;23088;123089;3;High
10082;30630;130631;1;Low
10083;40702;140703;4;Medium
10084;42536;142537;0;High
10085;44443;144444;3;Medium
10086;47521;147522;3;Low
10087;28331;128332;4;Low
10088;1087;101088;4;Low
10089;10787;110788;3;High
10090;45922;145923;1;Low
10091;31229;131230;2;Medium
10092;46525;146526;4;Medium
10093;28824;128825;1;Medium
10094;20317;120318;3;High
10095;13555;113556;2;Low
10096;27255;127256;3;Medium
10097;27874;127875;0;Low
10098;40797;140798;4;High
10099;41665;141666;4;Medium
10100;25141;125142;2;Low
10101;18998;118999;1;High
10102;960;100961;0;High
10103;8137;108138;1;Medium
10104;10167;110168;0;Medium
10105;1299;101300;0;High
10106;25854;125855;1;Medium
10107;11742;111743;0;Low
10108;19361;119362;2;Low
10109;36836;136837;2;Medium
10110;38973;138974;1;High
10111;12700;112701;0;Medium
10112;27279;127280;1;Low
10113;23103;123104;2;Low
10114;26785;126786;1;Low
10115;22372;122373;0;Medium
10116;35104;135105;4;Medium
10117;11322;111323;2;Medium
10118;11059;111060;0;Medium
10119;44460;144461;4;High
10120;41646;141647;2;Medium
10121;33056;133057;2;High
10122;20788;120789;0;Low
10123;5808;105809;4;Medium
10124;38999;139000;4;Medium
10125;28626;128627;4;High
10126;48767;148768;4;Low
10127;43844;143845;1;High
10128;42906;142907;4;Low
10129;17527;117528;3;High
10130;49559;149560;2;High
10131;42169;142170;4;Medium
10132;26677;126678;2;Medium
10133;33980;133981;2;Low
10134;11822;111823;4;Low
10135;8943;108944;2;Medium
10136;45103;145104;4;High
10137;3496;103497;4;Medium
10138;39370;139371;0;Medium
10139;14670;114671;2;Medium
10140;35428;135429;2;Medium
10141;23269;123270;3;High
10142;23218;123219;2;Medium
10143;9251;109252;0;Low
10144;4940;104941;1;High
10145;29631;129632;1;Low
10146;1464;101465;3;Low
10147;18903;118904;1;Low
10148;17572;117573;0;Medium
10149;35531;135532;2;Medium
10150;35607;135608;0;Low
10151;26842;126843;2;Medium
10152;38157;138158;4;Medium
10153;34171;134172;4;Low
10154;22394;122395;2;Medium
10155;16618;116619;2;High
10156;28778;128779;1;Medium
10157;49467;149468;4;High
10158;5789;105790;0;Low
10159;44918;144919;3;Medium
10160;276;100277;3;High
10161;42339;142340;4;Medium
10162;41496;141497;3;Low
10163;45951;145952;2;Medium
10164;3875;103876;4;Low
10165;1345;101346;1;Medium
10166;7721;107722;1;Medium
10167;22878;122879;1;Medium
10168;13204;113205;1;Low
10169;18283;118284;2;Medium
10170;24724;124725;2;Medium
10171;2362;102363;3;High
10172;9476;109477;1;Medium
10173;49674;149675;0;Low
10174;23116;123117;4;High
10175;24630;124631;3;High
10176;27367;127368;3;Low
10177;44236;144237;2;Medium
10178;18069;118070;1;Low
10179;38206;138207;3;Medium
10180;99;100100;4;High
10181;15111;115112;4;Medium
10182;9790;109791;0;Medium
10183;11860;111861;0;Low
10184;34055;134056;0;High
10185;4579;104580;3;Medium
10186;3294;103295;3;Medium
10187;5200;105201;1;Medium
10188;27610;127611;0;Low
10189;14001;114002;3;Low
10190;1851;101852;0;Low
10191;4102;104103;3;Low
10192;29286;129287;1;Medium
10193;12223;112224;4;Low
10194;40572;140573;1;Medium
10195;31368;131369;1;High
10196;33474;133475;2;Medium
10197;41841;141842;1;Medium
10198;6248;106249;2;Medium
10199;15652;115653;4;Low
10200;37890;137891;0;Medium
10201;35101;135102;2;Medium
10202;40971;140972;4;Low
10203;12436;112437;1;Medium
10204;48537;148538;1;Medium
10205;36563;136564;4;Low
10206;28072;128073;0;Medium
10207;6018;106019;4;Medium
10208;46745;146746;0;High
10209;35821;135822;3;Medium
10210;40814;140815;0;Low
10211;38967;138968;1;High
10212;27528;127529;0;Low
10213;20538;120539;0;Medium
10214;9592;109593;0;Medium
10215;1421;101422;3;Low
10216;13337;113338;2;Medium
10217;2099;102100;4;High
10218;35950;135951;0;Medium
10219;30885;130886;0;High
10220;8993;108994;2;High
10221;18214;118215;3;Low
10222;35865;135866;1;High
10223;26592;126593;0;High
10224;48611;148612;0;Low
10225;47324;147325;3;Low
10226;5447;105448;4;Medium
10227;41891;141892;3;Medium
10228;22740;122741;4;Medium
10229;2797;102798;2;High
10230;42070;142071;3;Low
10231;20913;120914;4;Low
10232;31026;131027;3;Low
10233;39317;139318;0;Low
10234;3896;103897;4;Medium
10235;41208;141209;2;Medium
10236;22241;122242;3;High
10237;8527;108528;4;Medium
10238;41651;141652;2;Low
10239;706;100707;1;Medium
10240;37884;137885;0;Low
10241;41812;141813;3;Medium
10242;41989;141990;3;Low
10243;27969;127970;2;Low
10244;18615;118616;2;Medium
10245;34704;134705;4;High
10246;47409;147410;1;Low
10247;33759;133760;2;Low
10248;18767;118768;0;Medium
10249;35377;135378;3;Medium
10250;31364;131365;1;Medium
10251;31128;131129;3;Medium
10252;18623;118624;1;Low
10253;35582;135583;0;High
10254;17813;117814;0;High
10255;22993;122994;1;High
10256;48447;148448;1;Low
10257;3684;103685;0;Medium
10258;34529;134530;2;Medium
10259;10321;110322;1;Low
10260;10371;110372;0;Medium
10261;37228;137229;0;High
10262;15847;115848;1;Low
10263;45563;145564;0;High
10264;28228;128229;0;Low
10265;35870;135871;4;Low
10266;31369;131370;2;High
10267;16382;116383;2;Medium
10268;22040;122041;0;High
10269;11274;111275;4;Medium
10270;16012;116013;2;High
10271;4829;104830;1;High
10272;44907;144908;3;Low
10273;40577;140578;2;Low
10274;32370;132371;0;Low
10275;14574;114575;2;Medium
10276;47599;147600;1;Low
10277;46445;146446;2;Medium
10278;6539;106540;1;Medium
10279;17519;117520;4;Low
10280;15756;115757;3;Low
10281;1032;101033;0;High
10282;24247;124248;1;Low
10283;3170;103171;1;Low
10284;20565;120566;1;High
10285;12235;112236;1;Low
10286;22315;122316;2;Medium
10287;15208;115209;2;Medium
10288;30378;130379;4;Low
10289;28651;128652;1;Medium
10290;33092;133093;0;Low
10291;46138;146139;0;Medium
10292;40703;140704;0;Low
10293;45620;145621;3;Medium
10294;34701;134702;4;High
10295;3441;103442;1;Medium
10296;48293;148294;1;Medium
10297;41772;141773;4;Low
10298;40071;140072;1;Medium
10299;30206;130207;0;High
10300;44502;144503;0;High
10301;49483;149484;0;Medium
10302;6808;106809;3;Medium
10303;21408;121409;0;High
10304;35431;135432;4;Low
10305;18539;118540;0;Medium
10306;2167;102168;3;Medium
10307;11774;111775;3;High
10308;18416;118417;3;High
10309;3755;103756;0;Medium
10310;8281;108282;1;Low
10311;36505;136506;1;High
10312;24209;124210;2;Medium
10313;42163;142164;1;High
10314;18865;118866;1;Medium
10315;13813;113814;0;Medium
10316;17708;117709;1;Low
10317;15064;115065;1;Medium
10318;43706;143707;2;High
10319;19623;119624;2;Low
10320;42011;142012;0;Medium
10321;2250;102251;0;High
10322;17060;117061;0;High
10323;39350;139351;1;Medium
10324;18528;118529;3;Low
10325;41770;141771;1;Low
10326;46733;146734;2;High
10327;16595;116596;4;Medium
10328;41310;141311;3;High
10329;45052;145053;2;High
10330;24035;124036;4;Low
10331;45326;145327;2;Low
10332;27188;127189;0;Medium
10333;26196;126197;4;High
10334;16645;116646;0;Low
10335;11825;111826;3;High
10336;42563;142564;0;High
10337;25276;125277;2;High
10338;18952;118953;1;High
10339;30638;130639;4;Medium
10340;17670;117671;2;Low
10341;46229;146230;3;Low
10342;44102;144103;3;High
10343;15778;115779;0;High
10344;14465;114466;3;Medium
10345;39391;139392;2;Medium
10346;794;100795;0;Medium
10347;30261;130262;2;High
10348;31786;131787;1;Medium
10349;28550;128551;3;Medium
10350;11139;111140;4;High
10351;27119;127120;1;High
10352;38121;138122;1;Low
10353;18389;118390;0;Medium
10354;1403;101404;0;High
10355;34305;134306;1;Medium
10356;41251;141252;0;Low
10357;22432;122433;2;High
10358;45318;145319;0;Medium
10359;22512;122513;2;Medium
10360;46359;146360;3;Medium
10361;28294;128295;1;High
10362;41607;141608;2;Medium
10363;38897;138898;0;Medium
10364;20269;120270;0;Medium
10365;36440;136441;0;Low
10366;38674;138675;4;High
10367;42885;142886;2;High
10368;49449;149450;3;Medium
10369;16837;116838;3;Medium
10370;21262;121263;0;Medium
10371;35224;135225;4;Low
10372;49812;149813;2;Low
10373;47113;147114;4;High
10374;45393;145394;1;Medium
10375;35844;135845;3;Medium
10376;19658;119659;0;Medium
10377;1146;101147;4;Low
10378;9288;109289;4;Low
10379;3150;103151;4;Medium
10380;39298;139299;2;Medium
10381;8407;108408;2;Medium
10382;34054;134055;1;Medium
10383;16019;116020;4;Low
10384;18130;118131;2;Medium
10385;8569;108570;3;Low
10386;7757;107758;2;Medium
10387;20509;120510;0;Medium
10388;19864;119865;4;Low
10389;22997;122998;1;Low
10390;15830;115831;3;Low
10391;43580;143581;0;Low
10392;46471;146472;4;Medium
10393;14441;114442;2;High
10394;23976;123977;1;Medium
10395;44734;144735;0;Low
10396;7018;107019;3;Low
10397;40817;140818;4;Medium
10398;24837;124838;3;Low
10399;7447;107448;2;Low
10400;8083;108084;2;Low
10401;23043;123044;3;Low
10402;12657;112658;1;Medium
10403;18593;118594;2;Medium
10404;30113;130114;3;High
10405;20535;120536;3;Medium
10406;20541;120542;4;Low
10407;4296;104297;3;Medium
10408;7405;107406;2;Medium
10409;24499;124500;2;Low
10410;6619;106620;4;Medium
10411;46924;146925;1;Medium
10412;47513;147514;0;Medium
10413;47948;147949;3;Medium
10414;12835;112836;3;Medium
10415;25285;125286;3;High
10416;27470;127471;2;Medium
10417;37160;137161;4;Low
10418;24425;124426;0;Medium
10419;6167;106168;0;Low
10420;12476;112477;2;Medium
10421;39975;139976;4;Medium
10422;33858;133859;4;Low
10423;31352;131353;4;Low
10424;40990;140991;0;Low
10425;31148;131149;0;High
10426;36906;136907;1;High
10427;3131;103132;2;Medium
10428;27149;127150;0;Medium
10429;38969;138970;4;High
10430;7914;107915;2;High
10431;36104;136105;4;High
10432;32906;132907;4;High
10433;33096;133097;3;Low
10434;14369;114370;4;Low
10435;34829;134830;0;Medium
10436;47895;147896;4;Low
10437;44302;144303;1;High
10438;33919;133920;0;Low
10439;35465;135466;2;Medium
10440;14406;114407;0;Low
10441;37315;137316;3;High
10442;11120;111121;3;High
10443;30151;130152;4;Low
10444;8440;108441;2;Low
10445;10812;110813;0;Low
10446;34866;134867;2;High
10447;40148;140149;4;Low
10448;23066;123067;2;High
10449;15818;115819;1;High
10450;16321;116322;1;Medium
10451;32543;132544;4;High
10452;46376;146377;3;Medium
10453;40119;140120;0;Low
10454;16062;116063;2;High
10455;29155;129156;0;Low
10456;6791;106792;1;High
10457;33408;133409;2;High
10458;8895;108896;3;Low
10459;2363;102364;2;Low
10460;20781;120782;3;Low
10461;35602;135603;2;High
10462;15121;115122;4;Low
10463;44166;144167;3;Medium
10464;1012;101013;0;Low
10465;13558;113559;1;Medium
10466;11572;111573;0;Low
10467;21994;121995;0;Medium
10468;13435;113436;4;Low
10469;19856;119857;4;Medium
10470;7843;107844;2;High
10471;42980;142981;1;Low
10472;23033;123034;0;Medium
10473;5285;105286;0;Medium
10474;3950;103951;1;Low
10475;19689;119690;1;Medium
10476;20864;120865;4;High
10477;49817;149818;3;High
10478;18572;118573;0;High
10479;38283;138284;4;Low
10480;36749;136750;1;Low
10481;25469;125470;4;Medium
10482;26956;126957;4;High
10483;30820;130821;2;Low
10484;9134;109135;4;High
10485;4934;104935;0;Low
10486;21617;121618;1;High
10487;24039;124040;1;Low
10488;38836;138837;2;High
10489;26552;126553;3;Medium
10490;37360;137361;2;Medium
10491;15714;115715;1;Medium
10492;15523;115524;4;Medium
10493;23081;123082;0;High
10494;49531;149532;4;High
10495;44040;144041;4;Low
10496;38185;138186;4;Low
10497;1810;101811;2;Medium
10498;33161;133162;0;Medium
10499;27923;127924;4;Medium
10500;26447;126448;0;High
10501;32309;132310;0;Medium
10502;7755;107756;1;Low
10503;25016;125017;2;High
10504;8213;108214;1;Low
10505;841;100842;3;High
10506;31432;131433;0;Medium
10507;33586;133587;0;High
10508;1304;101305;2;Medium
10509;24809;124810;0;Medium
10510;20282;120283;4;High
10511;14787;114788;3;High
10512;36281;136282;0;Medium
10513;5351;105352;4;Low
10514;2732;102733;0;Low
10515;47414;147415;3;Low
10516;44974;144975;3;High
10517;24312;124313;4;Medium
10518;36676;136677;2;High
10519;30153;130154;4;High
10520;17027;117028;1;Medium
10521;1596;101597;3;High
10522;26365;126366;2;High
10523;24776;124777;2;Medium
10524;22011;122012;0;Medium
10525;5695;105696;4;Medium
10526;43984;143985;4;Low
10527;18446;118447;3;Low
10528;34811;134812;3;High
10529;15937;115938;4;Medium
10530;45558;145559;4;Low
10531;7448;107449;4;Low
10532;3582;103583;4;Medium
10533;16511;116512;4;Low
10534;18249;118250;1;Low
10535;11669;111670;0;High
10536;2847;102848;4;Medium
10537;37833;137834;1;Low
10538;12264;112265;3;Medium
10539;12081;112082;1;High
10540;22000;122001;4;Low
10541;1535;101536;2;Low
10542;40719;140720;1;Low
10543;33773;133774;4;Low
10544;1221;101222;1;Low
10545;25739;125740;1;Medium
10546;31532;131533;3;High
10547;26058;126059;4;Medium
10548;21202;121203;0;Low
10549;15649;115650;1;Low
10550;24044;124045;4;Medium
10551;11912;111913;3;Low
10552;2912;102913;4;High
10553;32374;132375;2;Medium
10554;7575;107576;0;High
10555;43443;143444;4;Medium
10556;3978;103979;3;Low
10557;1134;101135;1;High
10558;25257;125258;2;Medium
10559;21997;121998;3;Medium
10560;10221;110222;1;Medium
10561;42979;142980;3;Low
10562;33369;133370;2;Low
10563;10170;110171;0;Medium
10564;46334;146335;4;Low
10565;43550;143551;0;High
10566;49834;149835;1;Low
10567;28365;128366;2;Medium
10568;35309;135310;1;High
10569;19049;119050;1;Medium
10570;10193;110194;0;High
10571;7537;107538;4;Medium
10572;23688;123689;3;Medium
10573;38565;138566;4;Medium
10574;1218;101219;3;Medium
10575;36246;136247;1;Medium
10576;4713;104714;4;Medium
10577;43184;143185;4;Medium
10578;16271;116272;0;Low
10579;35077;135078;2;Medium
10580;13605;113606;2;Medium
10581;46021;146022;0;Low
10582;31650;131651;4;High
10583;1544;101545;1;High
10584;38131;138132;3;Low
10585;27395;127396;4;Low
10586;27947;127948;0;High
10587;36269;136270;4;Low
10588;4761;104762;4;Medium
10589;20947;120948;0;High
10590;4340;104341;0;High
10591;4563;104564;1;Medium
10592;27300;127301;1;Medium
10593;26543;126544;3;High
10594;18286;118287;3;Low
10595;2671;102672;3;Medium
10596;46428;146429;1;High
10597;35611;135612;1;Low
10598;35234;135235;2;Medium
10599;26177;126178;3;Low
10600;2341;102342;2;High
10601;21001;121002;4;High
10602;5144;105145;2;High
10603;12553;112554;0;Medium
10604;36905;136906;2;High
10605;3428;103429;0;Medium
10606;21906;121907;1;Medium
10607;18877;118878;0;Medium
10608;19629;119630;1;Medium
10609;6070;106071;0;High
10610;16021;116022;0;Medium
10611;11493;111494;0;Low
10612;818;100819;1;Medium
10613;48166;148167;4;High
10614;25196;125197;4;High
10615;2045;102046;0;Low
10616;10726;110727;4;Medium
10617;34895;134896;3;Medium
10618;18483;118484;0;Medium
10619;21396;121397;1;Medium
10620;2899;102900;2;Medium
10621;24701;124702;0;High
10622;29782;129783;4;Low
10623;17268;117269;1;Medium
10624;25968;125969;4;High
10625;3460;103461;4;Medium
10626;1689;101690;4;Medium
10627;39393;139394;3;High
10628;7261;107262;4;Medium
10629;28197;128198;1;Low
10630;7370;107371;0;Low
10631;5354;105355;4;Medium
10632;26467;126468;3;Medium
10633;2381;102382;4;Medium
10634;13286;113287;3;High
10635;34225;134226;1;Low
10636;1144;101145;0;Medium
10637;10519;110520;1;Low
10638;38796;138797;1;Medium
10639;17583;117584;4;High
10640;4347;104348;1;Low
10641;1696;101697;0;High
10642;47518;147519;2;Low
10643;31921;131922;3;Medium
10644;2202;102203;1;Medium
10645;42525;142526;0;Low
10646;38619;138620;2;Medium
10647;32963;132964;3;Low
10648;18238;118239;2;High
10649;29058;129059;0;Low
10650;26698;126699;1;Medium
10651;12801;112802;3;High
10652;16227;116228;4;Low
10653;16867;116868;1;High
10654;14028;114029;2;Medium
10655;32325;132326;4;Medium
10656;12464;112465;3;Medium
10657;33745;133746;2;Medium
10658;6385;106386;0;Medium
10659;31917;131918;4;High
10660;37804;137805;3;High
10661;18477;118478;2;High
10662;44239;144240;4;Low
10663;27363;127364;1;High
10664;22168;122169;0;Medium
10665;41340;141341;1;Medium
10666;18430;118431;2;High
10667;22183;122184;1;Medium
10668;38519;138520;2;High
10669;33911;133912;0;Medium
10670;45348;145349;4;Low
10671;27454;127455;1;High
10672;35528;135529;4;Medium
10673;15218;115219;4;Low
10674;23343;123344;2;Medium
10675;25981;125982;3;Low
10676;4635;104636;0;Low
10677;28360;128361;1;Low
10678;1399;101400;2;Medium
10679;42769;142770;2;Low
10680;12312;112313;0;Low
10681;35760;135761;0;High
10682;34840;134841;0;High
10683;1998;101999;2;High
10684;33208;133209;2;High
10685;44798;144799;3;Low
10686;45985;145986;2;High
10687;11467;111468;0;Medium
10688;5929;105930;2;High
10689;18496;118497;4;High
10690;2298;102299;4;Low
10691;44745;144746;1;Medium
10692;43193;143194;2;Medium
10693;35923;135924;2;Medium
10694;20341;120342;2;High
10695;11670;111671;1;Low
10696;29463;129464;0;Medium
10697;10761;110762;3;High
10698;17442;117443;1;Low
10699;15400;115401;0;Low
10700;25176;125177;4;High
10701;162;100163;1;High
10702;36152;136153;0;Medium
10703;26396;126397;2;Medium
10704;40213;140214;3;Low
10705;33316;133317;4;High
10706;15991;115992;1;Medium
10707;39023;139024;0;Medium
10708;18763;118764;1;Medium
10709;49434;149435;1;Medium
10710;22885;122886;2;Low
10711;44543;144544;1;Low
10712;45496;145497;0;Low
10713;47364;147365;1;High
10714;33431;133432;2;Medium
10715;21137;121138;4;High
10716;33393;133394;4;Medium
10717;20445;120446;3;Medium
10718;1697;101698;4;Low
10719;43775;143776;0;High
10720;41799;141800;3;Low
10721;42437;142438;2;Medium
10722;24731;124732;3;High
10723;19156;119157;3;High
10724;28074;128075;0;Low
10725;14567;114568;1;Low
10726;48761;148762;0;Medium
10727;19125;119126;2;Medium
10728;32489;132490;3;Medium
10729;27287;127288;1;Low
10730;34791;134792;3;Medium
10731;43469;143470;0;Medium
10732;20376;120377;3;High
10733;28503;128504;3;Medium
10734;5306;105307;1;Low
10735;12227;112228;4;Medium
10736;37878;137879;2;Low
10737;2504;102505;0;Medium
10738;14833;114834;3;Low
10739;37579;137580;2;Low
10740;30829;130830;0;Medium
10741;30923;130924;3;Low
10742;31365;131366;2;High
10743;2979;102980;4;Medium
10744;49547;149548;2;Medium
10745;38499;138500;1;Medium
10746;12837;112838;1;Low
10747;33657;133658;3;Medium
10748;18276;118277;0;Medium
10749;29144;129145;3;Medium
10750;26392;126393;1;Medium
10751;25108;125109;2;Low
10752;4000;104001;1;Low
10753;19841;119842;4;High
10754;23005;123006;4;High
10755;47711;147712;1;Medium
10756;48017;148018;3;Low
10757;8212;108213;3;Medium
10758;34152;134153;2;Medium
10759;39970;139971;4;Low
10760;31490;131491;0;Low
10761;27415;127416;4;Medium
10762;25517;125518;0;Medium
10763;7154;107155;1;Low
10764;34755;134756;2;Low
10765;18400;118401;4;Medium
10766;30092;130093;2;High
10767;29912;129913;1;Medium
10768;11687;111688;3;Low
10769;26;100027;4;Medium
10770;35537;135538;2;Medium
10771;19397;119398;1;Medium
10772;39204;139205;1;High
10773;9095;109096;4;Medium
10774;4258;104259;1;High
10775;23432;123433;4;Medium
10776;41597;141598;1;Low
10777;47355;147356;2;Low
10778;9208;109209;4;Low
10779;47402;147403;4;Low
10780;43453;143454;3;Medium
10781;21572;121573;4;Medium
10782;36502;136503;2;High
10783;5428;105429;1;Medium
10784;44013;144014;2;Medium
10785;19198;119199;0;Low
10786;33013;133014;1;Low
10787;9421;109422;0;Medium
10788;33521;133522;1;Low
10789;2495;102496;3;Medium
10790;4992;104993;2;High
10791;28998;128999;1;Medium
10792;5790;105791;4;Medium
10793;1621;101622;4;High
10794;41169;141170;3;Low
10795;11156;111157;0;High
10796;26997;126998;1;Medium
10797;16386;116387;4;Medium
10798;5657;105658;2;Low
10799;44482;144483;4;Low
10800;34439;134440;4;Medium
10801;5437;105438;3;Medium
10802;34676;134677;1;Low
10803;16809;116810;3;High
10804;14179;114180;2;Medium
10805;41706;141707;2;Medium
10806;42298;142299;1;Low
10807;38068;138069;2;Medium
10808;12819;112820;4;Medium
10809;9089;109090;4;Medium
10810;30290;130291;0;Medium
10811;4566;104567;2;Medium
10812;8120;108121;3;Low
10813;34166;134167;4;High
10814;10069;110070;2;Low
10815;32514;132515;0;Medium
10816;24057;124058;1;Medium
10817;28801;128802;2;Medium
10818;44073;144074;0;Low
10819;22876;122877;4;Low
10820;40056;140057;2;High
10821;18712;118713;2;High
10822;46455;146456;3;Low
10823;17393;117394;2;Low
10824;31768;131769;0;Low
10825;4094;104095;4;Medium
10826;2087;102088;2;High
10827;9644;109645;0;Medium
10828;45787;145788;2;Medium
10829;9460;109461;1;Low
10830;7911;107912;4;Medium
10831;21417;121418;4;Low
10832;38867;138868;4;Medium
10833;38514;138515;3;High
10834;28372;128373;0;High
10835;20041;120042;0;Low
10836;28387;128388;1;Low
10837;23661;123662;1;Medium
10838;11023;111024;1;Low
10839;48593;148594;4;Medium
10840;44591;144592;0;Low
10841;30750;130751;0;Medium
10842;24970;124971;4;Low
10843;10412;110413;1;High
10844;29584;129585;1;Medium
10845;25173;125174;1;Low
10846;14631;114632;4;Medium
10847;38385;138386;1;Medium
10848;42047;142048;2;Low
10849;37664;137665;1;Low
10850;10894;110895;2;Low
10851;44329;144330;2;Medium
10852;46134;146135;1;Low
10853;638;100639;0;High
10854;13683;113684;1;Medium
10855;30493;130494;4;Medium
10856;3026;103027;2;Low
10857;3345;103346;0;Medium
10858;49728;149729;0;Medium
10859;36719;136720;1;Medium
10860;19196;119197;1;High
10861;1841;101842;4;Low
10862;125;100126;1;Medium
10863;47555;147556;2;Medium
10864;4040;104041;1;Medium
10865;35208;135209;1;Medium
10866;24342;124343;0;Medium
10867;24631;124632;0;Low
10868;25582;125583;2;Medium
10869;31989;131990;3;High
10870;37729;137730;0;High
10871;32877;132878;2;Medium
10872;39645;139646;2;Low
10873;45484;145485;3;High
10874;18887;118888;1;Low
10875;38594;138595;0;High
10876;26691;126692;3;Low
10877;7314;107315;3;Low
10878;25047;125048;4;Medium
10879;420;100421;4;Medium
10880;26271;126272;3;Medium
10881;12894;112895;3;Low
10882;22425;122426;1;Low
10883;28575;128576;3;Low
10884;16259;116260;2;Medium
10885;16193;116194;1;Medium
10886;15493;115494;4;High
10887;44031;144032;2;Low
10888;26818;126819;1;Low
10889;5182;105183;3;High
10890;9756;109757;4;Medium
10891;14192;114193;0;Low
10892;45577;145578;4;Medium
10893;12702;112703;1;High
10894;3298;103299;2;Low
10895;49590;149591;1;Low
10896;25301;125302;1;Low
10897;171;100172;3;Medium
10898;40417;140418;2;High
10899;13616;113617;2;Medium
10900;47903;147904;3;Medium
10901;2350;102351;3;High
10902;41491;141492;3;Medium
10903;43701;143702;4;Medium
10904;6669;106670;2;Medium
10905;11315;111316;4;Low
10906;36347;136348;3;Low
10907;25019;125020;4;High
10908;7424;107425;3;Medium
10909;7521;107522;0;High
10910;26101;126102;3;High
10911;30204;130205;3;Medium
10912;15233;115234;4;Low
10913;12961;112962;0;High
10914;42304;142305;4;Medium
10915;16131;116132;0;Medium
10916;3145;103146;0;High
10917;48461;148462;2;High
10918;19410;119411;0;High
10919;10128;110129;0;High
10920;20223;120224;2;Medium
10921;19200;119201;2;High
10922;42813;142814;3;Medium
10923;9652;109653;0;High
10924;3927;103928;4;Low
10925;46639;146640;3;Medium
10926;9936;109937;1;Medium
10927;12714;112715;4;High
10928;20941;120942;2;High
10929;47352;147353;0;Medium
10930;29878;129879;2;Medium
10931;39404;139405;1;Low
10932;7633;107634;2;Medium
10933;17484;117485;4;Low
10934;16136;116137;4;Medium
10935;49401;149402;0;Low
10936;11218;111219;4;Medium
10937;42666;142667;4;Low
10938;11826;111827;4;Low
10939;44528;144529;1;Low
10940;8271;108272;1;Low
10941;13125;113126;1;High
10942;27581;127582;1;Medium
10943;37598;137599;3;Low
10944;42448;142449;3;Medium
10945;47754;147755;4;Low
10946;11405;111406;1;High
10947;43914;143915;3;Medium
10948;27524;127525;4;Medium
10949;22066;122067;2;Low
10950;44245;144246;0;Low
10951;33925;133926;0;Medium
10952;30425;130426;0;Low
10953;24525;124526;4;Low
10954;47820;147821;0;Low
10955;335;100336;2;Medium
10956;7628;107629;0;High
10957;7844;107845;0;Medium
10958;44611;144612;4;Medium
10959;49005;149006;3;Medium
10960;13219;113220;0;Low
10961;43215;143216;0;High
10962;25065;125066;4;Medium
10963;3953;103954;1;Low
10964;30401;130402;4;High
10965;38726;138727;0;High
10966;39800;139801;1;Low
10967;27383;127384;1;High
10968;22647;122648;3;High
10969;26819;126820;4;Medium
10970;12618;112619;4;Medium
10971;11524;111525;2;Medium
10972;41447;141448;1;Low
10973;43235;143236;4;Low
10974;45306;145307;3;High
10975;43926;143927;4;Medium
10976;46940;146941;3;Medium
10977;22173;122174;1;Medium
10978;2409;102410;1;Low
10979;40267;140268;1;High
10980;10564;110565;2;High
10981;28907;128908;1;High
10982;42597;142598;3;High
10983;1342;101343;4;Medium
10984;2871;102872;1;Medium
10985;6328;106329;0;Low
10986;41015;141016;4;Medium
10987;25682;125683;1;Medium
10988;35781;135782;1;Medium
10989;20792;120793;2;Medium
10990;22680;122681;0;Low
10991;5877;105878;2;Medium
10992;4733;104734;3;Medium
10993;17271;117272;3;Low
10994;36715;136716;0;Low
10995;8535;108536;1;Low
10996;42433;142434;0;Low
10997;25422;125423;4;Low
10998;6124;106125;4;Medium
10999;6949;106950;2;High
11000;20695;120696;3;Low
11001;39565;139566;2;Medium
11002;16044;116045;2;Low
11003;5688;105689;2;High
11004;26153;126154;4;Low
11005;20190;120191;3;High
11006;36166;136167;2;Low
11007;8465;108466;4;High
11008;44008;144009;4;Medium
11009;43575;143576;3;Medium
11010;31217;131218;2;High
11011;27751;127752;2;Low
11012;39429;139430;3;Medium
11013;5396;105397;2;Low
11014;45819;145820;4;Medium
11015;12004;112005;0;Medium
11016;40228;140229;4;Low
11017;14857;114858;0;Medium
11018;25812;125813;2;High
11019;30048;130049;2;High
11020;21303;121304;3;Medium
11021;3459;103460;1;Low
11022;38044;138045;4;Low
11023;46534;146535;2;Low
11024;23791;123792;4;Low
11025;25908;125909;0;Low
11026;31324;131325;2;Low
11027;44992;144993;3;High
11028;49971;149972;2;Medium
11029;2065;102066;0;Medium
11030;29273;129274;4;Medium
11031;47073;147074;2;Low
11032;40186;140187;4;High
11033;33542;133543;3;Low
11034;48431;148432;0;High
11035;6420;106421;3;Medium
11036;43378;143379;2;Medium
11037;40137;140138;3;Low
11038;27732;127733;3;Low
11039;17834;117835;0;Medium
11040;11682;111683;2;Medium
11041;34557;134558;0;High
11042;32177;132178;2;Low
11043;49638;149639;4;Low
11044;3156;103157;4;High
11045;13959;113960;1;Medium
11046;17517;117518;0;High
11047;44681;144682;4;Low
11048;3285;103286;1;High
11049;11928;111929;4;Medium
11050;3930;103931;0;High
11051;39098;139099;1;Medium
11052;22624;122625;0;Medium
11053;30479;130480;2;Medium
11054;46211;146212;2;Medium
11055;35989;135990;2;Low
11056;21330;121331;3;Low
11057;8455;108456;1;High
11058;253;100254;2;Medium
11059;29303;129304;3;Medium
11060;46792;146793;1;High
11061;42553;142554;0;High
11062;10279;110280;1;High
11063;13179;113180;0;High
11064;27432;127433;0;Low
11065;20346;120347;4;Medium
11066;4156;104157;3;Low
11067;12040;112041;4;Low
11068;14738;114739;1;Low
11069;24491;124492;3;Medium
11070;8605;108606;4;Medium
11071;26487;126488;1;Low
11072;35238;135239;1;Medium
11073;29281;129282;1;High
11074;25729;125730;0;Low
11075;4996;104997;3;Medium
11076;11435;111436;1;High
11077;37136;137137;4;High
11078;27879;127880;4;Medium
11079;5102;105103;4;High
11080;36863;136864;4;High
11081;40828;140829;1;Medium
11082;42023;142024;3;Medium
11083;48053;148054;1;High
11084;49390;149391;0;High
11085;21909;121910;1;Medium
11086;15105;115106;2;Medium
11087;15578;115579;2;Medium
11088;13803;113804;2;Medium
11089;46124;146125;2;Medium
11090;29087;129088;1;High
11091;21626;121627;1;High
11092;3913;103914;3;Medium
11093;31211;131212;0;Low
11094;23495;123496;2;Medium
11095;12362;112363;3;Medium
11096;24897;124898;2;Medium
11097;41132;141133;0;Medium
11098;17072;117073;4;High
11099;10308;110309;1;Medium
11100;44396;144397;1;Medium
11101;46736;146737;1;Medium
11102;5239;105240;1;High
11103;41394;141395;1;High
11104;48155;148156;1;Medium
11105;36890;136891;4;Medium
11106;44351;144352;1;Low
11107;12475;112476;2;Medium
11108;21148;121149;1;Medium
11109;38948;138949;4;Medium
11110;20171;120172;1;Medium
11111;37952;137953;3;Medium
11112;47717;147718;4;Low
11113;46317;146318;1;Medium
11114;42155;142156;3;High
11115;34695;134696;3;Low
11116;2758;102759;0;Medium
11117;34391;134392;0;High
11118;9307;109308;0;Medium
11119;107;100108;3;Low
11120;37226;137227;3;Medium
11121;15545;115546;3;Low
11122;26079;126080;0;High
11123;4933;104934;0;Medium
11124;40509;140510;4;Medium
11125;29579;129580;1;Medium
11126;25614;125615;4;Medium
11127;993;100994;3;Medium
11128;29834;129835;4;Low
11129;14481;114482;2;Medium
11130;7691;107692;3;Low
11131;6785;106786;0;High
11132;20081;120082;3;Medium
11133;13241;113242;0;Medium
11134;21558;121559;2;High
11135;11840;111841;0;High
11136;36352;136353;0;High
11137;7739;107740;4;High
11138;3059;103060;1;Low
11139;40708;140709;3;Medium
11140;4462;104463;4;Medium
11141;9799;109800;3;High
11142;45901;145902;4;High
11143;25264;125265;3;Low
11144;9851;109852;2;High
11145;12644;112645;2;Medium
11146;19128;119129;1;Low
11147;43605;143606;3;Medium
11148;28219;128220;1;Low
11149;4218;104219;4;Low
11150;23508;123509;4;Low
11151;16289;116290;1;High
11152;4531;104532;4;Medium
11153;43231;143232;4;Low
11154;1602;101603;0;High
11155;20435;120436;4;High
11156;17402;117403;0;Low
11157;1005;101006;0;Low
11158;43920;143921;0;Low
11159;9673;109674;3;High
11160;3819;103820;0;Medium
11161;8789;108790;0;Medium
11162;21188;121189;0;Low
11163;21827;121828;3;High
11164;38255;138256;4;Low
11165;2975;102976;0;High
11166;24054;124055;3;Low
11167;11539;111540;1;Medium
11168;2029;102030;3;High
11169;33566;133567;2;Medium
11170;40143;140144;0;Medium
11171;13354;113355;0;High
11172;44403;144404;3;Low
11173;19953;119954;3;Low
11174;32809;132810;3;Medium
11175;20186;120187;4;High
11176;23063;123064;2;High
11177;17786;117787;0;Low
11178;9560;109561;1;Medium
11179;23229;123230;0;Medium
11180;5403;105404;3;Medium
11181;23502;123503;4;Medium
11182;2028;102029;2;Low
11183;16041;116042;3;Low
11184;6447;106448;0;Low
11185;26832;126833;3;Medium
11186;12365;112366;3;Medium
11187;31205;131206;3;High
11188;46977;146978;4;Medium
11189;7789;107790;2;High
11190;3039;103040;1;High
11191;3593;103594;4;Low
11192;25458;125459;1;Medium
11193;7149;107150;4;Medium
11194;18095;118096;1;High
11195;8712;108713;1;Low
11196;31630;131631;2;Medium
11197;41906;141907;0;Low
11198;12633;112634;1;Medium
11199;35416;135417;4;Medium
11200;24458;124459;0;Medium
11201;40022;140023;1;Low
11202;39113;139114;4;High
11203;25428;125429;4;Medium
11204;22259;122260;4;High
11205;46465;146466;1;Low
11206;4435;104436;0;High
11207;39978;139979;0;Medium
11208;48341;148342;3;Low
11209;44141;144142;4;High
11210;24907;124908;1;Medium
11211;48970;148971;1;High
11212;49592;149593;2;Low
11213;2330;102331;2;Low
11214;14661;114662;0;Medium
11215;46017;146018;0;Low
11216;20810;120811;2;Low
11217;33297;133298;4;Low
11218;16882;116883;1;High
11219;37885;137886;4;Medium
11220;40578;140579;3;Low
11221;36010;136011;1;High
11222;6058;106059;3;Low
11223;7766;107767;3;Medium
11224;6483;106484;3;Low
11225;6635;106636;4;Low
11226;42248;142249;0;Low
11227;33956;133957;2;Low
11228;22518;122519;3;High
11229;29462;129463;3;High
11230;10865;110866;0;Medium
11231;39389;139390;2;Medium
11232;45793;145794;4;High
11233;3579;103580;4;Low
11234;42203;142204;2;High
11235;680;100681;3;Medium
11236;14754;114755;3;Medium
11237;3581;103582;2;Medium
11238;21552;121553;1;Medium
11239;36438;136439;1;High
11240;2633;102634;0;Low
11241;18016;118017;2;High
11242;46031;146032;0;Low
11243;8815;108816;0;Low
11244;49250;149251;3;Medium
11245;32199;132200;1;Medium
11246;11983;111984;2;Low
11247;12003;112004;2;High
11248;31579;131580;3;High
11249;39390;139391;0;High
11250;43736;143737;2;Medium
11251;42570;142571;2;Low
11252;22465;122466;0;Medium
11253;37067;137068;3;Medium
11254;22514;122515;0;Medium
11255;41640;141641;2;Low
11256;37459;137460;3;High
11257;19870;119871;0;Medium
11258;15267;115268;4;Medium
11259;25237;125238;4;Medium
11260;7186;107187;0;Low
11261;15863;115864;2;Low
11262;25123;125124;0;Low
11263;9928;109929;1;High
11264;21026;121027;2;Low
11265;20386;120387;2;Low
11266;36833;136834;0;High
11267;13613;113614;3;High
11268;41596;141597;0;Medium
11269;37181;137182;3;High
11270;5590;105591;3;Medium
11271;8833;108834;2;Medium
11272;24258;124259;4;Low
11273;24087;124088;4;Medium
11274;46880;146881;4;Low
11275;39166;139167;3;High
11276;14346;114347;4;Medium
11277;23084;123085;2;High
11278;47304;147305;2;Medium
11279;4078;104079;1;Low
11280;39766;139767;1;Medium
11281;35727;135728;4;Low
11282;2537;102538;2;High
11283;1248;101249;2;Medium
11284;27318;127319;2;Medium
11285;2219;102220;4;High
11286;31698;131699;0;Medium
11287;26903;126904;1;Medium
11288;1039;101040;3;Low
11289;5951;105952;0;High
11290;5863;105864;3;Medium
11291;44068;144069;3;High
11292;6247;106248;4;High
11293;6464;106465;3;Medium
11294;29922;129923;0;Low
11295;8014;108015;1;High
11296;30256;130257;4;Low
11297;36779;136780;4;High
11298;37060;137061;0;High
11299;1;100002;1;Low
11300;10973;110974;0;High
11301;9544;109545;4;Low
11302;6092;106093;4;Low
11303;5743;105744;4;Low
11304;20064;120065;2;Low
11305;36494;136495;3;Medium
11306;13931;113932;1;Medium
11307;21478;121479;0;Low
11308;1661;101662;4;Low
11309;47408;147409;3;Low
11310;17663;117664;3;Medium
11311;29823;129824;1;Low
11312;40157;140158;1;Medium
11313;20927;120928;0;Medium
11314;29455;129456;1;Low
11315;45080;145081;4;Low
11316;43156;143157;1;Low
11317;29722;129723;0;High
11318;36545;136546;1;Low
11319;34552;134553;3;High
11320;5049;105050;2;High
11321;24208;124209;0;Low
11322;38032;138033;0;Medium
11323;39511;139512;4;Medium
11324;34530;134531;2;Low
11325;28343;128344;2;High
11326;28952;128953;0;High
11327;16632;116633;3;Low
11328;45156;145157;4;Medium
11329;24251;124252;1;Medium
11330;24389;124390;4;Low
11331;9607;109608;4;Medium
11332;39309;139310;0;Low
11333;24554;124555;3;Medium
11334;48652;148653;3;High
11335;8049;108050;1;Low
11336;40621;140622;4;Low
11337;21860;121861;2;Low
11338;42280;142281;3;Low
11339;11960;111961;4;High
11340;307;100308;3;Medium
11341;9223;109224;4;High
11342;30780;130781;0;Low
11343;11304;111305;2;Medium
11344;5198;105199;0;Low
11345;9996;109997;4;Low
11346;46764;146765;2;Low
11347;9533;109534;0;Low
11348;29059;129060;2;Low
11349;47786;147787;3;Low
11350;37998;137999;3;Medium
11351;21557;121558;0;Medium
11352;15923;115924;4;High
11353;30057;130058;4;Low
11354;27951;127952;2;Medium
11355;46803;146804;4;High
11356;13288;113289;3;Medium
11357;35359;135360;2;Medium
11358;36920;136921;1;High
11359;7616;107617;4;Medium
11360;5852;105853;2;Low
11361;18655;118656;2;Medium
11362;23710;123711;3;Low
11363;17020;117021;3;Medium
11364;48832;148833;4;Low
11365;25412;125413;0;Low
11366;38289;138290;0;Low
11367;42000;142001;0;High
11368;21520;121521;3;Low
11369;32137;132138;3;Medium
11370;34797;134798;3;Low
11371;34288;134289;4;Low
11372;11870;111871;1;Medium
11373;49986;149987;3;High
11374;38366;138367;1;Low
11375;5898;105899;2;High
11376;21696;121697;1;High
11377;23187;123188;3;Low
11378;37926;137927;3;Medium
11379;48614;148615;4;Medium
11380;10591;110592;3;High
11381;17437;117438;2;Medium
11382;7787;107788;2;Medium
11383;38274;138275;0;Medium
11384;9948;109949;2;Medium
11385;5737;105738;0;Low
11386;3932;103933;4;Medium
11387;28552;128553;4;Medium
11388;2289;102290;1;High
11389;40985;140986;3;Medium
11390;32633;132634;4;Medium
11391;41878;141879;3;Medium
11392;28691;128692;4;Medium
11393;47007;147008;0;Medium
11394;10913;110914;2;Low
11395;43173;143174;3;Low
11396;46589;146590;1;Medium
11397;9574;109575;4;Low
11398;33861;133862;4;Low
11399;4139;104140;0;Low
11400;41401;141402;4;Low
11401;49046;149047;0;Low
11402;3413;103414;0;Low
11403;28011;128012;0;High
11404;3576;103577;0;Low
11405;22043;122044;0;Low
11406;21170;121171;4;Medium
11407;28429;128430;4;Medium
11408;38526;138527;0;Low
11409;26264;126265;1;High
11410;30968;130969;2;High
11411;32104;132105;4;Medium
11412;49507;149508;0;Medium
11413;32188;132189;1;Medium
11414;892;100893;3;Medium
11415;36566;136567;3;High
11416;38026;138027;2;Low
11417;25589;125590;4;Medium
11418;27924;127925;0;Low
11419;17156;117157;4;Low
11420;24757;124758;4;High
11421;18288;118289;4;High
11422;44520;144521;3;Low
11423;28835;128836;1;High
11424;36171;136172;2;Low
11425;18707;118708;1;High
11426;9783;109784;0;Medium
11427;26774;126775;4;Low
11428;18433;118434;3;Medium
11429;43721;143722;4;High
11430;8155;108156;1;Medium
11431;46067;146068;0;Low
11432;13886;113887;3;Low
11433;45640;145641;3;Low
11434;31060;131061;3;Low
11435;31355;131356;2;Medium
11436;34125;134126;2;Medium
11437;11748;111749;1;Medium
11438;24237;124238;1;Low
11439;21679;121680;2;Medium
11440;11332;111333;1;Low
11441;17404;117405;2;Medium
11442;40693;140694;2;Low
11443;9192;109193;1;Medium
11444;20084;120085;0;Medium
11445;40408;140409;3;Medium
11446;21692;121693;1;Low
11447;9542;109543;0;Low
11448;34559;134560;4;Low
11449;3716;103717;0;Medium
11450;8351;108352;3;High
11451;29712;129713;3;Medium
11452;487;100488;3;Medium
11453;5384;105385;0;High
11454;12787;112788;0;High
11455;47562;147563;1;High
11456;25283;125284;2;Low
11457;6097;106098;0;Medium
11458;41725;141726;4;Medium
11459;24506;124507;4;Low
11460;8241;108242;1;Medium
11461;45871;145872;4;Medium
11462;9660;109661;2;Low
11463;31641;131642;2;Medium
11464;34576;134577;0;Medium
11465;34714;134715;0;High
11466;9488;109489;3;Low
11467;12265;112266;2;Low
11468;17450;117451;0;Medium
11469;4766;104767;4;Low
11470;17337;117338;1;Medium
11471;7817;107818;1;Medium
11472;42572;142573;2;High
11473;34664;134665;1;High
11474;31333;131334;2;Medium
11475;37916;137917;4;Low
11476;39979;139980;3;Medium
11477;6907;106908;2;Low
11478;35906;135907;1;High
11479;17843;117844;1;High
11480;41027;141028;4;Low
11481;10070;110071;3;Low
11482;49481;149482;0;Low
11483;44928;144929;3;Medium
11484;7109;107110;4;Low
11485;28143;128144;0;Medium
11486;13676;113677;2;Low
11487;25794;125795;1;Medium
11488;40761;140762;3;Medium
11489;47437;147438;3;High
11490;23989;123990;0;Medium
11491;20191;120192;4;High
11492;49936;149937;1;Medium
11493;6228;106229;1;Low
11494;37145;137146;1;Medium
11495;47447;147448;0;High
11496;34681;134682;0;Medium
11497;28548;128549;2;Low
11498;14731;114732;3;Low
11499;37463;137464;3;Medium
11500;17696;117697;3;Low
11501;1028;101029;0;Medium
11502;27429;127430;1;Low
11503;22823;122824;4;Medium
11504;10423;110424;1;Medium
11505;35823;135824;0;Medium
11506;5589;105590;2;Medium
11507;24176;124177;0;Medium
11508;14238;114239;4;Medium
11509;47613;147614;2;Low
11510;29355;129356;0;Low
11511;40758;140759;0;Medium
11512;26963;126964;4;Low
11513;16989;116990;0;Low
11514;14219;114220;0;Medium
11515;714;100715;0;High
11516;15137;115138;3;Low
11517;3808;103809;4;Low
11518;40000;140001;2;High
11519;33318;133319;2;Medium
11520;33085;133086;1;High
11521;42218;142219;1;Medium
11522;615;100616;0;High
11523;2396;102397;0;Medium
11524;16394;116395;3;Low
11525;9002;109003;1;High
11526;34449;134450;2;Medium
11527;14594;114595;1;Medium
11528;47291;147292;4;Low
11529;19268;119269;4;Low
11530;31271;131272;0;High
11531;47158;147159;4;Medium
11532;39896;139897;1;Low
11533;37747;137748;0;Low
11534;28532;128533;4;High
11535;21101;121102;0;Medium
11536;43278;143279;2;Low
11537;35137;135138;1;Low
11538;29609;129610;1;Low
11539;29524;129525;0;High
11540;23130;123131;3;Low
11541;28210;128211;1;Low
11542;2753;102754;3;Low
11543;32145;132146;0;High
11544;5338;105339;4;Medium
11545;45039;145040;1;High
11546;2776;102777;3;Medium
11547;21256;121257;4;Low
11548;6199;106200;4;High
11549;32266;132267;2;Medium
11550;20385;120386;4;Medium
11551;3594;103595;4;Low
11552;6587;106588;2;Medium
11553;22305;122306;0;Low
11554;20241;120242;1;High
11555;17399;117400;0;Medium
11556;18805;118806;3;High
11557;19884;119885;0;Medium
11558;29545;129546;2;Low
11559;22185;122186;1;Medium
11560;35201;135202;2;Medium
11561;1125;101126;4;Medium
11562;28159;128160;3;Medium
11563;12766;112767;4;High
11564;14534;114535;3;Medium
11565;22223;122224;3;Medium
11566;9074;109075;0;High
11567;15941;115942;2;High
11568;18482;118483;2;High
11569;44488;144489;4;Low
11570;47207;147208;0;High
11571;27209;127210;1;Low
11572;10548;110549;0;High
11573;13246;113247;1;High
11574;952;100953;1;High
11575;12596;112597;0;Medium
11576;47074;147075;2;Low
11577;11185;111186;2;Low
11578;17460;117461;1;High
11579;31547;131548;1;High
11580;47928;147929;1;Low
11581;41954;141955;2;Medium
11582;48054;148055;0;Low
11583;38311;138312;0;Medium
11584;35778;135779;3;Medium
11585;18510;118511;4;Medium
11586;13462;113463;4;Low
11587;32346;132347;1;High
11588;36298;136299;2;High
11589;36093;136094;4;High
11590;39422;139423;2;Low
11591;34989;134990;0;High
11592;37207;137208;1;Medium
11593;9706;109707;4;Low
11594;23608;123609;4;High
11595;14930;114931;0;High
11596;47203;147204;1;Medium
11597;33676;133677;1;Medium
11598;16570;116571;2;Medium
11599;9190;109191;3;High
11600;26663;126664;0;Medium
11601;45362;145363;0;High
11602;32828;132829;1;Medium
11603;6511;106512;3;Low
11604;49091;149092;3;Low
11605;5715;105716;0;High
11606;31390;131391;4;Medium
11607;1823;101824;1;Medium
11608;1400;101401;2;Medium
11609;37615;137616;3;High
11610;8765;108766;2;Medium
11611;43039;143040;4;Low
11612;32917;132918;2;Low
11613;44566;144567;0;Medium
11614;8114;108115;2;Medium
11615;44213;144214;2;Medium
11616;9940;109941;4;Medium
11617;24730;124731;3;Low
11618;19685;119686;3;Low
11619;33137;133138;4;Medium
11620;19723;119724;0;Medium
11621;49518;149519;3;Low
11622;42282;142283;0;Medium
11623;2427;102428;1;Medium
11624;47056;147057;2;High
11625;23666;123667;3;High
11626;40731;140732;1;Medium
11627;44975;144976;1;Low
11628;41948;141949;4;Low
11629;47325;147326;0;Medium
11630;7679;107680;0;High
11631;18503;118504;3;Medium
11632;44782;144783;1;Medium
11633;3194;103195;3;Medium
11634;7720;107721;3;Medium
11635;49106;149107;4;Low
11636;49957;149958;0;High
11637;29450;129451;2;Medium
11638;9388;109389;1;Medium
11639;24065;124066;1;Medium
11640;44866;144867;3;Medium
11641;18162;118163;0;Medium
11642;24736;124737;2;Low
11643;17370;117371;4;Low
11644;15912;115913;0;Medium
11645;48189;148190;4;Low
11646;12158;112159;3;Low
11647;1525;101526;1;Low
11648;20764;120765;3;High
11649;22571;122572;0;Low
11650;10876;110877;3;Low
11651;24359;124360;0;High
11652;33420;133421;3;Low
11653;29113;129114;3;High
11654;7360;107361;4;High
11655;26952;126953;2;High
11656;6339;106340;3;High
11657;46580;146581;3;Low
11658;41282;141283;2;Medium
11659;20350;120351;0;Medium
11660;10759;110760;0;High
11661;41472;141473;2;Low
11662;16988;116989;2;Low
11663;8507;108508;4;Medium
11664;26192;126193;1;Low
11665;11909;111910;2;High
11666;46233;146234;3;Medium
11667;13311;113312;1;Low
11668;39234;139235;1;Medium
11669;5997;105998;4;Medium
11670;27768;127769;0;Low
11671;10635;110636;1;Low
11672;37150;137151;3;Medium
11673;10756;110757;3;Medium
11674;19313;119314;0;Medium
11675;17927;117928;2;Medium
11676;21956;121957;1;Low
11677;24596;124597;2;Low
11678;26115;126116;2;Medium
11679;49218;149219;1;Low
11680;19610;119611;4;High
11681;41359;141360;4;Low
11682;18600;118601;1;Medium
11683;20443;120444;1;Medium
11684;12259;112260;0;Medium
11685;27921;127922;0;High
11686;38309;138310;4;High
11687;1495;101496;0;Medium
11688;14011;114012;4;Medium
11689;2320;102321;1;Medium
11690;9952;109953;2;Low
11691;8211;108212;3;Medium
11692;3005;103006;2;Low
11693;39716;139717;0;High
11694;49753;149754;3;High
11695;27234;127235;3;Medium
11696;2947;102948;4;Low
11697;20992;120993;1;Low
11698;22825;122826;1;Medium
11699;6735;106736;0;Medium
11700;13481;113482;2;High
11701;21095;121096;0;High
11702;10415;110416;4;Medium
11703;38041;138042;3;Medium
11704;34299;134300;0;Medium
11705;47987;147988;2;Medium
11706;13070;113071;0;High
11707;43388;143389;0;Low
11708;13806;113807;2;Low
11709;7956;107957;3;Low
11710;9729;109730;2;Medium
11711;9518;109519;1;Medium
11712;28448;128449;0;Medium
11713;21157;121158;1;Low
11714;49511;149512;1;High
11715;48083;148084;3;Low
11716;47180;147181;1;High
11717;8986;108987;3;Low
11718;8817;108818;2;Low
11719;43376;143377;0;Medium
11720;7768;107769;1;Low
11721;15822;115823;2;Low
11722;37341;137342;1;Medium
11723;629;100630;0;Medium
11724;41032;141033;2;Low
11725;6160;106161;2;Low
11726;39213;139214;0;Low
11727;44521;144522;0;Medium
11728;18211;118212;2;Medium
11729;1635;101636;2;High
11730;18150;118151;0;Low
11731;44223;144224;1;Low
11732;20331;120332;4;Medium
11733;5275;105276;2;Medium
11734;14848;114849;0;Medium
11735;14520;114521;4;Low
11736;47882;147883;2;High
11737;25447;125448;4;High
11738;47828;147829;4;Medium
11739;32148;132149;3;High
11740;21375;121376;1;Low
11741;43946;143947;0;High
11742;13280;113281;1;Low
11743;3738;103739;3;Medium
11744;16915;116916;4;High
11745;45341;145342;1;High
11746;46199;146200;0;Low
11747;27190;127191;2;Low
11748;26005;126006;2;Medium
11749;45955;145956;1;Low
11750;14834;114835;4;Low
11751;41748;141749;3;Low
11752;48089;148090;4;Low
11753;17994;117995;4;Low
11754;44497;144498;1;High
11755;32229;132230;3;Medium
11756;26163;126164;3;Medium
11757;21239;121240;4;Low
11758;31274;131275;3;Low
11759;47135;147136;1;Medium
11760;46426;146427;1;High
11761;17610;117611;1;High
11762;2586;102587;1;Medium
11763;7394;107395;4;Low
11764;48706;148707;2;Medium
11765;14793;114794;1;High
11766;1123;101124;0;Medium
11767;28781;128782;2;Low
11768;7846;107847;1;High
11769;3529;103530;2;Medium
11770;583;100584;4;Low
11771;47981;147982;0;Medium
11772;32395;132396;3;Medium
11773;10937;110938;0;Medium
11774;20061;120062;0;High
11775;42598;142599;1;High
11776;44007;144008;3;Medium
11777;24804;124805;1;Medium
11778;2077;102078;0;Medium
11779;11715;111716;1;Medium
11780;32691;132692;0;Medium
11781;41793;141794;0;Medium
11782;18198;118199;2;Low
11783;27943;127944;4;Medium
11784;34674;134675;3;Medium
11785;8016;108017;3;Medium
11786;27294;127295;3;High
11787;2931;102932;0;Low
11788;1554;101555;2;High
11789;28275;128276;4;High
11790;12420;112421;3;Medium
11791;37179;137180;1;High
11792;2436;102437;3;Medium
11793;46620;146621;0;High
11794;24226;124227;1;Medium
11795;1243;101244;4;Medium
11796;39401;139402;0;High
11797;37910;137911;0;High
11798;24295;124296;2;High
11799;21402;121403;2;High
11800;33574;133575;0;Low
11801;20493;120494;4;Medium
11802;17544;117545;1;Low
11803;48220;148221;4;High
11804;4376;104377;2;Medium
11805;45008;145009;1;Medium
11806;4453;104454;2;Medium
11807;49274;149275;4;Low
11808;21308;121309;2;Medium
11809;45110;145111;2;Medium
11810;31116;131117;2;Low
11811;38404;138405;4;Medium
11812;31972;131973;0;Low
11813;4449;104450;1;High
11814;21204;121205;0;High
11815;21364;121365;1;Medium
11816;45264;145265;4;Medium
11817;21619;121620;3;Medium
11818;9033;109034;4;Low
11819;35872;135873;2;High
11820;48695;148696;4;High
11821;1984;101985;3;High
11822;44763;144764;3;High
11823;35158;135159;4;High
11824;15954;115955;0;Low
11825;21565;121566;2;High
11826;37399;137400;4;Low
11827;5372;105373;1;High
11828;40711;140712;0;Medium
11829;15332;115333;0;Low
11830;977;100978;4;High
11831;45083;145084;0;Medium
11832;42253;142254;1;Medium
11833;49289;149290;4;High
11834;36902;136903;2;Medium
11835;37538;137539;1;High
11836;45849;145850;4;Low
11837;11141;111142;4;Low
11838;30871;130872;2;Medium
11839;14509;114510;1;Medium
11840;48504;148505;1;Medium
11841;43333;143334;4;Medium
11842;21214;121215;3;Low
11843;29165;129166;1;Medium
11844;16706;116707;4;Low
11845;12202;112203;4;High
11846;47202;147203;4;Low
11847;12143;112144;1;Low
11848;21962;121963;2;Low
11849;37522;137523;2;Low
11850;10906;110907;2;High
11851;47969;147970;2;High
11852;10280;110281;2;Low
11853;15638;115639;0;Medium
11854;37302;137303;0;Low
11855;12774;112775;1;Low
11856;40427;140428;1;Low
11857;15098;115099;2;Low
11858;36738;136739;1;Medium
11859;7703;107704;2;Low
11860;44294;144295;0;Medium
11861;2033;102034;1;Medium
11862;9415;109416;0;High
11863;8420;108421;0;High
11864;38364;138365;2;Medium
11865;17946;117947;4;Medium
11866;26394;126395;4;Medium
11867;34307;134308;2;Medium
11868;20231;120232;4;High
11869;23406;123407;3;High
11870;18187;118188;1;High
11871;46172;146173;4;Low
11872;34443;134444;3;Medium
11873;30955;130956;0;High
11874;33620;133621;2;Medium
11875;33278;133279;1;Low
11876;7990;107991;0;Low
11877;20133;120134;1;Medium
11878;9040;109041;3;Low
11879;13743;113744;2;Low
11880;31099;131100;3;Low
11881;20;100021;0;Low
11882;46872;146873;1;Medium
11883;4624;104625;4;Medium
11884;2532;102533;0;High
11885;35508;135509;0;Medium
11886;45903;145904;3;Low
11887;25255;125256;0;Low
11888;11735;111736;3;Low
11889;47528;147529;4;Medium
11890;1195;101196;0;Medium
11891;30628;130629;1;High
11892;34542;134543;0;High
11893;20694;120695;1;High
11894;14307;114308;2;Low
11895;14039;114040;1;Medium
11896;32674;132675;2;Medium
11897;3312;103313;2;Low
11898;6592;106593;3;High
11899;46373;146374;3;Low
11900;17898;117899;0;Medium
11901;4312;104313;2;High
11902;7938;107939;3;Low
11903;33930;133931;2;Medium
11904;6739;106740;2;Low
11905;35947;135948;1;Medium
11906;41200;141201;3;High
11907;12902;112903;1;Medium
11908;32491;132492;3;Low
11909;5825;105826;2;Low
11910;7191;107192;0;Medium
11911;25290;125291;4;Low
11912;12244;112245;0;Medium
11913;9453;109454;1;Medium
11914;29366;129367;2;Low
11915;9384;109385;3;High
11916;30272;130273;1;Medium
11917;15755;115756;0;Medium
11918;26027;126028;1;Medium
11919;44638;144639;2;Medium
11920;6748;106749;4;Low
11921;11243;111244;4;High
11922;11949;111950;1;Medium
11923;20009;120010;2;Medium
11924;19161;119162;2;High
11925;22610;122611;2;Low
11926;7119;107120;0;Low
11927;38798;138799;3;Medium
11928;22456;122457;1;Medium
11929;12752;112753;0;Low
11930;48851;148852;1;Medium
11931;13604;113605;2;Medium
11932;31243;131244;2;Medium
11933;48864;148865;2;Low
11934;19729;119730;2;Medium
11935;37802;137803;0;Medium
11936;42391;142392;4;Medium
11937;33897;133898;0;Medium
11938;5707;105708;3;Low
11939;18414;118415;2;Low
11940;34331;134332;3;High
11941;27697;127698;3;High
11942;39719;139720;1;Medium
11943;20522;120523;2;Low
11944;47426;147427;0;Low
11945;49166;149167;2;Low
11946;13969;113970;0;Medium
11947;11328;111329;1;Medium
11948;18024;118025;1;High
11949;45568;145569;2;Medium
11950;47845;147846;0;Medium
11951;44649;144650;2;High
11952;22143;122144;1;Low
11953;4980;104981;0;Medium
11954;48426;148427;4;Low
11955;19283;119284;0;Low
11956;44849;144850;3;High
11957;29151;129152;2;Medium
11958;36280;136281;1;Low
11959;27329;127330;4;Medium
11960;6345;106346;1;Low
11961;46785;146786;1;High
11962;14536;114537;0;Low
11963;29143;129144;1;Low
11964;8236;108237;4;High
11965;14142;114143;1;Medium
11966;623;100624;4;Medium
11967;11767;111768;1;High
11968;7071;107072;4;High
11969;10563;110564;1;Low
11970;23185;123186;1;Medium
11971;48223;148224;2;Low
11972;25592;125593;4;Medium
11973;12880;112881;4;Low
11974;48739;148740;3;Low
11975;33344;133345;3;Medium
11976;45610;145611;4;Medium
11977;43315;143316;2;Low
11978;21762;121763;0;Low
11979;46473;146474;0;Medium
11980;43188;143189;2;Medium
11981;30074;130075;2;Medium
11982;24937;124938;2;Medium
11983;18200;118201;2;Medium
11984;40993;140994;2;High
11985;34169;134170;3;Medium
11986;3598;103599;3;Medium
11987;17955;117956;1;Medium
11988;29866;129867;0;Medium
11989;25220;125221;2;Low
11990;33339;133340;4;Medium
11991;13293;113294;1;Medium
11992;30087;130088;3;Low
11993;11265;111266;1;Medium
11994;5616;105617;3;Low
11995;39715;139716;2;Low
11996;40738;140739;0;Medium
11997;6508;106509;2;Medium
11998;38981;138982;0;Medium
11999;18643;118644;3;Medium
12000;28562;128563;2;High
12001;22146;122147;3;Medium
12002;47822;147823;4;Low
12003;12167;112168;0;Low
12004;18681;118682;2;Low
12005;47461;147462;3;Low
12006;47620;147621;3;Low
12007;23365;123366;1;Medium
12008;30880;130881;4;Medium
12009;31076;131077;1;Medium
12010;29605;129606;4;High
12011;6439;106440;3;Low
12012;33038;133039;1;Low
12013;47572;147573;3;Low
12014;47125;147126;3;Low
12015;350;100351;2;Medium
12016;25140;125141;3;Low
12017;24580;124581;2;High
12018;21243;121244;1;Low
12019;9713;109714;3;Medium
12020;3445;103446;4;Low
12021;5106;105107;3;Low
12022;9877;109878;2;Low
12023;37531;137532;4;Low
12024;25530;125531;4;Medium
12025;11239;111240;4;Low
12026;29092;129093;3;High
12027;1266;101267;1;Medium
12028;24430;124431;3;Low
12029;21264;121265;0;High
12030;5469;105470;0;Low
12031;22723;122724;2;Medium
12032;37186;137187;4;High
12033;25457;125458;1;Medium
12034;8382;108383;1;Medium
12035;37858;137859;1;Medium
12036;26595;126596;1;Medium
12037;768;100769;0;Low
12038;12170;112171;2;Medium
12039;6171;106172;1;High
12040;10450;110451;2;High
12041;5759;105760;4;Medium
12042;26444;126445;4;Low
12043;11525;111526;0;High
12044;1140;101141;3;Medium
12045;34268;134269;3;Low
12046;47694;147695;4;High
12047;45643;145644;2;Medium
12048;13469;113470;4;Low
12049;5633;105634;1;Low
12050;3699;103700;3;Low
12051;39985;139986;0;Medium
12052;14165;114166;2;Low
12053;13716;113717;0;High
12054;8488;108489;2;High
12055;35325;135326;0;High
12056;8328;108329;0;Medium
12057;47746;147747;2;Medium
12058;16267;116268;3;Medium
12059;39556;139557;2;Low
12060;38046;138047;3;Medium
12061;48404;148405;1;Medium
12062;27420;127421;2;Medium
12063;17849;117850;0;Low
12064;41610;141611;2;Low
12065;17824;117825;1;High
12066;42321;142322;4;Low
12067;23001;123002;2;Low
12068;18219;118220;4;Medium
12069;46605;146606;2;Medium
12070;48586;148587;1;Medium
12071;38069;138070;3;Medium
12072;2884;102885;4;High
12073;44526;144527;1;Low
12074;41550;141551;0;High
12075;1305;101306;0;Medium
12076;15971;115972;1;Low
12077;34315;134316;3;High
12078;41065;141066;3;High
12079;49682;149683;4;Medium
12080;34839;134840;3;Low
12081;41267;141268;1;Low
12082;15946;115947;4;High
12083;32794;132795;3;Low
12084;19187;119188;2;High
12085;35232;135233;2;High
12086;835;100836;0;High
12087;38484;138485;3;Medium
12088;6494;106495;1;Medium
12089;1059;101060;1;Medium
12090;37001;137002;3;High
12091;6943;106944;2;High
12092;20989;120990;1;Low
12093;33732;133733;0;High
12094;44192;144193;1;High
12095;21832;121833;1;Medium
12096;47178;147179;3;Low
12097;37744;137745;3;Low
12098;39392;139393;3;High
12099;34349;134350;1;Low
12100;26925;126926;2;Medium
12101;35130;135131;1;High
12102;37020;137021;2;High
12103;39140;139141;2;High
12104;32121;132122;0;High
12105;40027;140028;3;Medium
12106;22969;122970;4;High
12107;6742;106743;4;Low
12108;30850;130851;2;Low
12109;44847;144848;1;Medium
12110;18004;118005;1;Medium
12111;47831;147832;2;Low
12112;21967;121968;1;High
12113;39652;139653;0;Medium
12114;14689;114690;1;Low
12115;35125;135126;4;High
12116;42443;142444;3;Medium
12117;28559;128560;3;Medium
12118;21948;121949;2;Low
12119;6091;106092;0;Medium
12120;20805;120806;2;High
12121;32562;132563;4;Medium
12122;19951;119952;4;Medium
12123;2176;102177;0;Low
12124;33143;133144;0;High
12125;21872;121873;4;Low
12126;20001;120002;4;Medium
12127;46462;146463;1;Medium
12128;17693;117694;4;Medium
12129;33014;133015;2;High
12130;42463;142464;3;Low
12131;46232;146233;4;Medium
12132;39698;139699;3;Low
12133;29383;129384;2;Low
12134;7572;107573;3;Medium
12135;40780;140781;0;Medium
12136;22491;122492;1;Low
12137;24505;124506;1;Low
12138;33656;133657;2;Low
12139;41728;141729;0;Low
12140;40650;140651;0;Low
12141;12490;112491;0;Low
12142;17672;117673;2;High
12143;6653;106654;4;Medium
12144;29923;129924;0;Medium
12145;12292;112293;1;Medium
12146;222;100223;4;High
12147;45554;145555;2;High
12148;20431;120432;0;Medium
12149;3328;103329;2;Medium
12150;40526;140527;4;High
12151;11480;111481;4;High
12152;23326;123327;2;Medium
12153;33227;133228;0;High
12154;17206;117207;2;Medium
12155;2141;102142;1;High
12156;23970;123971;0;Medium
12157;9330;109331;3;High
12158;38452;138453;1;Medium
12159;26385;126386;1;Low
12160;40715;140716;2;High
12161;6002;106003;0;High
12162;42565;142566;3;Medium
12163;36604;136605;3;Medium
12164;21410;121411;0;Medium
12165;2256;102257;0;Medium
12166;12552;112553;4;Low
12167;2650;102651;1;Medium
12168;1751;101752;1;High
12169;24882;124883;4;Medium
12170;16914;116915;3;Medium
12171;39702;139703;2;Low
12172;38361;138362;4;Low
12173;41907;141908;4;Medium
12174;18147;118148;1;Medium
12175;49814;149815;0;Medium
12176;18692;118693;3;Medium
12177;1941;101942;1;High
12178;30634;130635;1;Medium
12179;38807;138808;4;Medium
12180;29590;129591;1;Medium
12181;17157;117158;2;Medium
12182;17593;117594;0;Medium
12183;16167;116168;4;High
12184;32159;132160;0;Low
12185;10995;110996;1;Medium
12186;38419;138420;1;Low
12187;6101;106102;3;Low
12188;28551;128552;0;Medium
12189;48877;148878;0;Medium
12190;27565;127566;3;Low
12191;14805;114806;2;Low
12192;8347;108348;3;High
12193;35265;135266;3;Low
12194;10763;110764;3;Medium
12195;32766;132767;0;Low
12196;25020;125021;2;Medium
12197;1106;101107;0;High
12198;887;100888;1;High
12199;17295;117296;4;High
12200;49412;149413;0;Medium
12201;40822;140823;0;Low
12202;24117;124118;4;Low
12203;8783;108784;2;Medium
12204;3453;103454;4;Medium
12205;1571;101572;3;Medium
12206;35060;135061;3;Medium
12207;5160;105161;1;Medium
12208;42554;142555;3;Medium
12209;13453;113454;1;Medium
12210;34761;134762;3;Medium
12211;9397;109398;2;Medium
12212;11532;111533;4;High
12213;25959;125960;0;Low
12214;40376;140377;4;Medium
12215;19025;119026;1;Low
12216;13717;113718;3;Medium
12217;28621;128622;0;Low
12218;43480;143481;0;Low
12219;4168;104169;4;Low
12220;49069;149070;2;Medium
12221;22207;122208;2;Medium
12222;48118;148119;3;High
12223;23268;123269;4;Medium
12224;23893;123894;0;Medium
12225;48622;148623;2;High
12226;30149;130150;3;Low
12227;12903;112904;1;High
12228;36462;136463;4;Medium
12229;21973;121974;1;High
12230;40465;140466;2;High
12231;673;100674;2;Medium
12232;31601;131602;4;High
12233;36874;136875;2;Medium
12234;13854;113855;3;Low
12235;8092;108093;4;Medium
12236;23534;123535;1;Low
12237;40810;140811;0;Low
12238;32171;132172;2;Medium
12239;5474;105475;3;Low
12240;8918;108919;1;Medium
12241;31476;131477;4;High
12242;38736;138737;4;High
12243;35893;135894;4;Low
12244;45908;145909;4;High
12245;28743;128744;0;Medium
12246;23869;123870;0;High
12247;2068;102069;4;Medium
12248;3085;103086;1;Medium
12249;24677;124678;0;Low
12250;6175;106176;2;High
12251;6851;106852;0;Medium
12252;42835;142836;2;Low
12253;48949;148950;2;Medium
12254;12242;112243;2;Medium
12255;38161;138162;0;Low
12256;8538;108539;4;Low
12257;30814;130815;2;Medium
12258;35808;135809;4;Medium
12259;20121;120122;4;Medium
12260;18371;118372;4;Medium
12261;8475;108476;0;Low
12262;29437;129438;1;Medium
12263;39921;139922;4;Low
12264;32369;132370;1;Medium
12265;17115;117116;4;Medium
12266;48548;148549;3;High
12267;13332;113333;1;Medium
12268;18591;118592;4;High
12269;15422;115423;0;Low
12270;33289;133290;2;High
12271;47483;147484;0;Medium
12272;23809;123810;0;Low
12273;2129;102130;2;Medium
12274;30012;130013;2;Low
12275;11287;111288;4;Medium
12276;21421;121422;1;Low
12277;21153;121154;2;Medium
12278;20537;120538;3;Medium
12279;40260;140261;2;High
12280;1618;101619;2;Medium
12281;36299;136300;2;Low
12282;22859;122860;2;Low
12283;20831;120832;0;Low
12284;49885;149886;1;Medium
12285;4382;104383;2;Medium
12286;44599;144600;3;Medium
12287;33730;133731;3;High
12288;9426;109427;4;High
12289;5412;105413;3;High
12290;43456;143457;4;High
12291;23413;123414;3;Low
12292;13848;113849;1;High
12293;3897;103898;4;Medium
12294;37063;137064;2;Medium
12295;13233;113234;2;High
12296;29532;129533;3;High
12297;48751;148752;0;Medium
12298;48748;148749;3;Medium
12299;35874;135875;3;Medium
12300;43194;143195;0;Low
12301;5819;105820;4;Medium
12302;1406;101407;3;Low
12303;10095;110096;3;Low
12304;1716;101717;0;Low
12305;38666;138667;4;Medium
12306;6563;106564;3;Low
12307;39954;139955;4;High
12308;13438;113439;4;High
12309;25230;125231;4;Medium
12310;49259;149260;4;Low
12311;33253;133254;1;Medium
12312;34088;134089;4;High
12313;22101;122102;1;Medium
12314;11267;111268;2;Medium
12315;32698;132699;2;High
12316;49190;149191;1;Low
12317;40523;140524;0;Low
12318;14851;114852;2;High
12319;8132;108133;2;Medium
12320;29505;129506;1;High
12321;32528;132529;0;High
12322;16962;116963;3;Medium
12323;40483;140484;0;Low
12324;15406;115407;3;High
12325;40041;140042;1;Medium
12326;38587;138588;3;Low
12327;48898;148899;0;Medium
12328;32632;132633;3;Low
12329;39929;139930;4;Medium
12330;32231;132232;3;Low
12331;48800;148801;4;High
12332;32247;132248;4;Low
12333;34647;134648;1;Medium
12334;30904;130905;4;Medium
12335;48585;148586;3;Low
12336;21363;121364;3;Medium
12337;1071;101072;4;Medium
12338;32725;132726;1;High
12339;12005;112006;3;High
12340;5508;105509;2;Low
12341;13473;113474;3;Low
12342;35866;135867;0;Medium
12343;29361;129362;4;Medium
12344;41139;141140;2;Medium
12345;44009;144010;1;Medium
12346;9350;109351;4;Low
12347;3108;103109;2;High
12348;18882;118883;0;Medium
12349;34212;134213;3;High
12350;5097;105098;3;Medium
12351;32246;132247;0;High
12352;41;100042;1;Low
12353;21475;121476;3;Medium
12354;19227;119228;4;Low
12355;32638;132639;3;Low
12356;15595;115596;0;Low
12357;26375;126376;2;Low
12358;8045;108046;4;High
12359;28129;128130;3;Medium
12360;29684;129685;4;Low
12361;45745;145746;1;Medium
12362;34123;134124;4;High
12363;163;100164;3;Low
12364;46013;146014;2;Medium
12365;2302;102303;0;Medium
12366;22861;122862;4;Medium
12367;25633;125634;3;Low
12368;35913;135914;1;Medium
12369;34180;134181;1;High
12370;21332;121333;0;Low
12371;30459;130460;4;Medium
12372;46947;146948;1;Medium
12373;504;100505;3;Medium
12374;40535;140536;0;Low
12375;10949;110950;2;Medium
12376;33033;133034;4;Medium
12377;33450;133451;2;Low
12378;24799;124800;3;Medium
12379;12072;112073;0;High
12380;489;100490;2;Medium
12381;12098;112099;1;Medium
12382;28126;128127;1;High
12383;17674;117675;4;Low
12384;34243;134244;0;Medium
12385;42635;142636;2;Medium
12386;9818;109819;2;High
12387;14145;114146;1;Medium
12388;6714;106715;1;Low
12389;37510;137511;1;Medium
12390;25438;125439;1;Medium
12391;4820;104821;4;Medium
12392;6189;106190;4;Medium
12393;4050;104051;3;Medium
12394;37967;137968;2;Medium
12395;43655;143656;2;Medium
12396;8379;108380;2;Medium
12397;30666;130667;4;Low
12398;12387;112388;2;Medium
12399;13844;113845;2;Medium
12400;4493;104494;3;Low
12401;40612;140613;2;Low
12402;21825;121826;1;Medium
12403;43357;143358;0;Low
12404;20433;120434;4;High
12405;10135;110136;0;Low
12406;39950;139951;0;Low
12407;26724;126725;3;Medium
12408;27895;127896;0;High
12409;6258;106259;3;Medium
12410;39813;139814;2;High
12411;48529;148530;3;Medium
12412;47749;147750;2;Low
12413;43046;143047;1;Medium
12414;5468;105469;4;High
12415;40638;140639;2;Low
12416;15647;115648;2;Low
12417;32901;132902;3;High
12418;30687;130688;1;Low
12419;40940;140941;1;High
12420;18071;118072;4;Medium
12421;49023;149024;4;Medium
12422;41854;141855;3;Medium
12423;12561;112562;0;Low
12424;39802;139803;3;Low
12425;11661;111662;2;Medium
12426;46854;146855;4;Low
12427;46636;146637;3;Low
12428;44199;144200;0;Medium
12429;42143;142144;1;Medium
12430;7700;107701;2;Low
12431;32019;132020;0;High
12432;4858;104859;3;High
12433;29985;129986;3;Low
12434;9478;109479;1;High
12435;32092;132093;3;High
12436;16146;116147;0;High
12437;12273;112274;3;Low
12438;39265;139266;1;High
12439;30963;130964;4;Medium
12440;47310;147311;2;High
12441;32494;132495;2;Medium
12442;6695;106696;4;Medium
12443;37281;137282;0;High
12444;25505;125506;0;Medium
12445;42931;142932;3;Medium
12446;21612;121613;1;High
12447;22378;122379;4;Medium
12448;3463;103464;0;High
12449;2044;102045;3;Medium
12450;10231;110232;2;Low
12451;17532;117533;4;Medium
12452;36904;136905;3;High
12453;20586;120587;4;Medium
12454;510;100511;2;Medium
12455;20754;120755;4;High
12456;39789;139790;1;High
12457;22031;122032;0;Medium
12458;35820;135821;3;Medium
12459;45396;145397;3;Low
12460;42297;142298;1;Medium
12461;49444;149445;4;Low
12462;13695;113696;2;High
12463;34416;134417;1;Low
12464;19014;119015;3;High
12465;6770;106771;2;Medium
12466;8559;108560;1;Medium
12467;42747;142748;3;High
12468;44625;144626;1;Medium
12469;16442;116443;0;Medium
12470;18862;118863;2;Medium
12471;25598;125599;0;Medium
12472;2391;102392;1;Low
12473;9567;109568;1;Medium
12474;41092;141093;1;Low
12475;19875;119876;0;High
12476;29658;129659;3;Medium
12477;29133;129134;1;High
12478;22813;122814;2;Low
12479;28042;128043;0;High
12480;3264;103265;3;Low
12481;1892;101893;1;Medium
12482;22253;122254;2;Low
12483;26040;126041;3;Low
12484;37263;137264;4;Medium
12485;48206;148207;1;Medium
12486;5655;105656;2;Medium
12487;35083;135084;3;Medium
12488;49368;149369;1;Medium
12489;37344;137345;4;Medium
12490;42856;142857;3;Medium
12491;39032;139033;0;Low
12492;11474;111475;4;Medium
12493;26433;126434;3;High
12494;44077;144078;1;High
12495;49399;149400;2;Medium
12496;30668;130669;4;Low
12497;16919;116920;3;Medium
12498;931;100932;2;High
12499;38533;138534;2;Medium
12500;25793;125794;4;Medium
12501;18620;118621;0;Medium
12502;34277;134278;2;Low
12503;25459;125460;0;Low
12504;3031;103032;2;Low
12505;29688;129689;2;Medium
12506;38412;138413;2;Medium
12507;29309;129310;3;Medium
12508;38380;138381;3;High
12509;23429;123430;2;Medium
12510;5868;105869;2;Medium
12511;10853;110854;4;High
12512;45031;145032;2;Low
12513;23564;123565;4;Medium
12514;49066;149067;3;Medium
12515;26469;126470;2;Medium
12516;41605;141606;3;Medium
12517;11852;111853;4;Medium
12518;48201;148202;2;Medium
12519;44470;144471;1;Low
12520;26159;126160;0;Medium
12521;21974;121975;1;Low
12522;41236;141237;1;Medium
12523;31192;131193;3;Medium
12524;11548;111549;0;Medium
12525;49941;149942;2;Medium
12526;46986;146987;1;Medium
12527;19974;119975;0;High
12528;48458;148459;3;Low
12529;27535;127536;0;Low
12530;49345;149346;4;Medium
12531;43489;143490;3;Medium
12532;24595;124596;4;Medium
12533;46422;146423;2;Medium
12534;15428;115429;0;High
12535;13757;113758;3;Low
12536;22261;122262;3;Medium
12537;32642;132643;2;Medium
12538;28440;128441;1;High
12539;4059;104060;4;Medium
12540;41965;141966;1;Medium
12541;22286;122287;4;High
12542;10891;110892;4;High
12543;9814;109815;1;Low
12544;12313;112314;1;High
12545;36102;136103;0;High
12546;20661;120662;4;High
12547;12176;112177;3;Medium
12548;25677;125678;4;Low
12549;42601;142602;4;Medium
12550;5669;105670;1;Low
12551;12569;112570;0;Low
12552;14208;114209;4;Low
12553;43083;143084;1;Medium
12554;19762;119763;4;High
12555;6172;106173;4;High
12556;47274;147275;2;Medium
12557;42112;142113;2;Medium
12558;1650;101651;3;Low
12559;10411;110412;0;Medium
12560;18628;118629;3;Low
12561;43075;143076;4;Medium
12562;44752;144753;4;Low
12563;1335;101336;4;High
12564;25829;125830;4;High
12565;26582;126583;1;Medium
12566;23047;123048;4;Low
12567;20271;120272;0;High
12568;47792;147793;4;Medium
12569;3355;103356;3;High
12570;6926;106927;4;Medium
12571;14863;114864;4;Medium
12572;14876;114877;4;Medium
12573;2565;102566;1;Low
12574;14843;114844;2;Low
12575;26197;126198;1;Medium
12576;16832;116833;1;Low
12577;39123;139124;1;Low
12578;18501;118502;2;Low
12579;2086;102087;0;Medium
12580;28627;128628;0;Low
12581;26656;126657;3;High
12582;43120;143121;2;High
12583;34934;134935;3;High
12584;13855;113856;4;Low
12585;18617;118618;4;Low
12586;43781;143782;3;Medium
12587;4832;104833;4;Low
12588;49346;149347;1;Medium
12589;41982;141983;4;High
12590;27206;127207;0;Low
12591;47815;147816;3;Medium
12592;26367;126368;2;Medium
12593;22959;122960;0;Low
12594;42507;142508;1;Medium
12595;39040;139041;3;Low
12596;19005;119006;1;High
12597;33780;133781;0;Low
12598;1279;101280;3;High
12599;4451;104452;0;High
12600;34232;134233;1;Low
12601;1624;101625;2;Medium
12602;49215;149216;2;Medium
12603;35414;135415;4;High
12604;40973;140974;0;Medium
12605;48674;148675;4;Medium
12606;49782;149783;1;Low
12607;13235;113236;2;Medium
12608;12708;112709;0;Low
12609;42936;142937;2;Medium
12610;2544;102545;3;Medium
12611;30961;130962;2;Medium
12612;35151;135152;4;Medium
12613;5890;105891;2;Low
12614;25084;125085;3;Medium
12615;38779;138780;2;Low
12616;47435;147436;3;Medium
12617;34181;134182;3;Low
12618;4303;104304;0;Medium
12619;49204;149205;4;Medium
12620;47294;147295;3;High
12621;46038;146039;4;Medium
12622;11672;111673;0;Medium
12623;2303;102304;0;Medium
12624;30416;130417;2;Medium
12625;25556;125557;4;Medium
12626;20028;120029;2;Low
12627;42685;142686;4;Medium
12628;37139;137140;3;Medium
12629;49117;149118;2;Medium
12630;33659;133660;3;Low
12631;23987;123988;2;Low
12632;10349;110350;3;Medium
12633;9570;109571;1;High
12634;3007;103008;3;Medium
12635;15147;115148;2;Medium
12636;8994;108995;1;Medium
12637;49626;149627;4;High
12638;1898;101899;3;Medium
12639;1512;101513;3;High
12640;7301;107302;2;Medium
12641;3424;103425;0;Medium
12642;25719;125720;3;Low
12643;30901;130902;3;Low
12644;30851;130852;0;Medium
12645;29319;129320;3;Medium
12646;37981;137982;2;Medium
12647;27435;127436;0;Medium
12648;10976;110977;1;Medium
12649;44115;144116;4;Medium
12650;27221;127222;3;High
12651;47920;147921;4;Medium
12652;37089;137090;2;Medium
12653;49440;149441;3;Medium
12654;15360;115361;3;High
12655;17067;117068;1;Low
12656;48769;148770;1;Medium
12657;40586;140587;4;Medium
12658;30639;130640;2;Medium
12659;17347;117348;0;Medium
12660;21629;121630;2;High
12661;27438;127439;1;Low
12662;7446;107447;4;High
12663;25179;125180;4;Medium
12664;48197;148198;1;Medium
12665;12912;112913;3;Low
12666;3448;103449;3;Medium
12667;31831;131832;0;Medium
12668;29326;129327;0;High
12669;173;100174;3;Low
12670;43401;143402;2;Medium
12671;48124;148125;1;Low
12672;23711;123712;2;Low
12673;23679;123680;4;Medium
12674;34385;134386;2;High
12675;42963;142964;1;Low
12676;8230;108231;2;Low
12677;11001;111002;2;High
12678;39681;139682;2;Low
12679;32683;132684;1;High
12680;7175;107176;1;Medium
12681;13057;113058;3;Low
12682;1443;101444;0;Low
12683;24411;124412;3;Medium
12684;47801;147802;3;High
12685;43110;143111;3;Low
12686;10071;110072;4;Medium
12687;42325;142326;3;Medium
12688;15872;115873;2;High
12689;46912;146913;0;Low
12690;28737;128738;3;Low
12691;29180;129181;1;Medium
12692;38929;138930;3;Medium
12693;19271;119272;0;Low
12694;14319;114320;3;Medium
12695;34907;134908;1;High
12696;32774;132775;3;Low
12697;40891;140892;2;Medium
12698;1671;101672;4;Medium
12699;30942;130943;0;Medium
12700;4417;104418;4;Medium
12701;18231;118232;2;High
12702;3350;103351;1;High
12703;30622;130623;2;Medium
12704;45518;145519;4;Low
12705;22384;122385;1;Medium
12706;45259;145260;1;Low
12707;12953;112954;1;High
12708;30710;130711;1;Medium
12709;25303;125304;1;Medium
12710;25606;125607;4;Medium
12711;13323;113324;4;Medium
12712;24406;124407;0;Medium
12713;48705;148706;3;High
12714;28028;128029;0;Low
12715;26935;126936;2;Medium
12716;27922;127923;0;Low
12717;572;100573;0;Medium
12718;48867;148868;4;Low
12719;2166;102167;1;Low
12720;48187;148188;0;High
12721;8127;108128;0;Medium
12722;5510;105511;4;Low
12723;46239;146240;2;High
12724;47343;147344;4;Medium
12725;10375;110376;2;Low
12726;4595;104596;0;Medium
12727;3092;103093;4;Medium
12728;348;100349;1;Low
12729;4339;104340;3;Low
12730;14745;114746;3;Low
12731;32293;132294;0;High
12732;12068;112069;4;Medium
12733;8432;108433;1;Low
12734;2123;102124;1;Medium
12735;4557;104558;3;Low
12736;4575;104576;0;Low
12737;44756;144757;1;High
12738;27877;127878;1;High
12739;12962;112963;3;Low
12740;26344;126345;4;Low
12741;20031;120032;3;Medium
12742;34586;134587;3;Low
12743;33266;133267;0;Medium
12744;17879;117880;4;Medium
12745;27781;127782;0;Medium
12746;18088;118089;3;Medium
12747;37287;137288;1;Medium
12748;25721;125722;2;Low
12749;30647;130648;1;Medium
12750;38531;138532;2;Medium
12751;38393;138394;1;High
12752;42959;142960;4;High
12753;46517;146518;0;Medium
12754;35316;135317;3;Low
12755;6239;106240;2;Low
12756;46432;146433;1;Low
12757;33277;133278;0;Medium
12758;29552;129553;3;Medium
12759;14427;114428;2;Low
12760;37180;137181;1;Low
12761;21750;121751;4;High
12762;28727;128728;3;Medium
12763;21662;121663;1;Low
12764;9107;109108;2;Low
12765;10435;110436;0;High
12766;20531;120532;0;High
12767;36947;136948;0;High
12768;26974;126975;1;Low
12769;14825;114826;4;Medium
12770;17989;117990;0;Low
12771;39667;139668;2;Low
12772;2122;102123;2;High
12773;17779;117780;1;Low
12774;2154;102155;3;High
12775;17481;117482;3;Low
12776;24842;124843;3;Medium
12777;13342;113343;4;Low
12778;3097;103098;4;Low
12779;35348;135349;3;Low
12780;14907;114908;4;Low
12781;14951;114952;4;High
12782;31284;131285;1;High
12783;21874;121875;0;Low
12784;9515;109516;0;Medium
12785;1122;101123;3;Low
12786;27281;127282;2;Medium
12787;22645;122646;4;High
12788;20266;120267;2;Medium
12789;4125;104126;2;Low
12790;7457;107458;0;Low
12791;27885;127886;4;Low
12792;13971;113972;4;Medium
12793;30400;130401;4;Medium
12794;33559;133560;1;Medium
12795;6284;106285;1;Medium
12796;42949;142950;1;High
12797;49480;149481;4;High
12798;49770;149771;2;Low
12799;48872;148873;0;Medium
12800;5003;105004;0;Low
12801;18836;118837;0;Low
12802;7670;107671;2;Low
12803;21555;121556;2;High
12804;11062;111063;2;Low
12805;28775;128776;1;Medium
12806;44968;144969;4;Medium
12807;45765;145766;2;Medium
12808;12669;112670;4;Medium
12809;46222;146223;2;Medium
12810;43515;143516;3;Medium
12811;27380;127381;0;High
12812;38365;138366;0;Medium
12813;25520;125521;0;Low
12814;21344;121345;1;Medium
12815;27194;127195;0;Low
12816;48808;148809;4;Medium
12817;22353;122354;2;Low
12818;14037;114038;1;Low
12819;37437;137438;1;Medium
12820;1129;101130;1;High
12821;17871;117872;1;High
12822;36351;136352;4;Medium
12823;25208;125209;4;Medium
12824;29879;129880;3;High
12825;7273;107274;0;High
12826;19116;119117;2;Medium
12827;33243;133244;2;High
12828;26315;126316;3;Medium
12829;25015;125016;0;Medium
12830;17564;117565;0;Medium
12831;42056;142057;3;Medium
12832;29676;129677;2;Medium
12833;19384;119385;3;Medium
12834;27427;127428;2;Low
12835;18319;118320;0;High
12836;40011;140012;3;High
12837;31755;131756;0;Medium
12838;26816;126817;0;High
12839;44639;144640;2;Medium
12840;29752;129753;4;Medium
12841;47459;147460;2;Low
12842;49727;149728;2;Medium
12843;36486;136487;0;High
12844;24163;124164;1;High
12845;31010;131011;1;Low
12846;17212;117213;3;Low
12847;18560;118561;0;High
12848;22501;122502;3;Low
12849;25309;125310;3;Medium
12850;2497;102498;3;Medium
12851;46263;146264;2;Medium
12852;34120;134121;0;Low
12853;21772;121773;4;Low
12854;43199;143200;2;Medium
12855;40776;140777;3;Low
12856;6303;106304;0;Medium
12857;16800;116801;0;Medium
12858;48292;148293;4;Low
12859;5256;105257;3;Medium
12860;33993;133994;2;Medium
12861;20923;120924;2;Medium
12862;763;100764;0;High
12863;760;100761;4;Medium
12864;18814;118815;1;Medium
12865;6686;106687;4;Medium
12866;46679;146680;3;Medium
12867;18151;118152;1;Low
12868;26534;126535;1;Low
12869;13755;113756;2;Low
12870;27886;127887;1;High
12871;2748;102749;4;Low
12872;14728;114729;0;High
12873;44283;144284;4;Medium
12874;21925;121926;3;Low
12875;11954;111955;2;Low
12876;33457;133458;4;Medium
12877;46130;146131;0;Medium
12878;45036;145037;4;Medium
12879;5273;105274;1;Medium
12880;5722;105723;1;Low
12881;40349;140350;0;Low
12882;33198;133199;3;Medium
12883;26892;126893;4;Medium
12884;34278;134279;3;Medium
12885;30597;130598;3;Low
12886;7790;107791;1;Medium
12887;35365;135366;0;High
12888;18717;118718;4;High
12889;47045;147046;1;Low
12890;1390;101391;0;High
12891;2051;102052;4;Medium
12892;660;100661;0;Medium
12893;38827;138828;3;Medium
12894;4336;104337;4;Low
12895;34236;134237;3;Medium
12896;37275;137276;4;Medium
12897;11783;111784;2;Medium
12898;24849;124850;3;Low
12899;8541;108542;1;Medium
12900;15893;115894;0;Medium
12901;7512;107513;1;Low
12902;27960;127961;1;Low
12903;19071;119072;0;High
12904;22436;122437;0;Low
12905;11192;111193;4;High
12906;12911;112912;0;High
12907;48415;148416;0;Medium
12908;30891;130892;0;Medium
12909;36066;136067;1;Medium
12910;22655;122656;1;Low
12911;16494;116495;3;Medium
12912;11577;111578;0;Medium
12913;2449;102450;2;Medium
12914;33639;133640;2;Low
12915;33512;133513;4;Medium
12916;7651;107652;2;Low
12917;14891;114892;4;Medium
12918;48281;148282;4;Medium
12919;33951;133952;2;High
12920;13719;113720;2;Medium
12921;16332;116333;0;Low
12922;3074;103075;2;High
12923;23173;123174;4;Medium
12924;33275;133276;0;Medium
12925;5930;105931;1;High
12926;24152;124153;3;High
12927;26128;126129;2;High
12928;49243;149244;3;Medium
12929;43878;143879;4;High
12930;12674;112675;1;Medium
12931;49255;149256;1;Low
12932;5312;105313;2;High
12933;14472;114473;3;High
12934;42799;142800;4;High
12935;38776;138777;2;High
12936;25302;125303;4;Medium
12937;24672;124673;4;Low
12938;6880;106881;4;Medium
12939;48328;148329;0;High
12940;3246;103247;2;Medium
12941;10773;110774;4;High
12942;44958;144959;2;High
12943;16687;116688;0;Medium
12944;10396;110397;1;Medium
12945;29905;129906;3;Medium
12946;36591;136592;0;Medium
12947;19202;119203;3;Low
12948;3507;103508;4;High
12949;10924;110925;2;Low
12950;38540;138541;2;Medium
12951;34953;134954;3;Medium
12952;1717;101718;2;Low
12953;7270;107271;1;Medium
12954;42171;142172;0;Medium
12955;1232;101233;4;Medium
12956;2127;102128;3;High
12957;22430;122431;1;Low
12958;28920;128921;0;Low
12959;21501;121502;2;High
12960;28655;128656;4;Low
12961;44989;144990;4;Medium
12962;21420;121421;3;Medium
12963;9071;109072;0;Medium
12964;20181;120182;1;High
12965;35885;135886;1;High
12966;35264;135265;0;Low
12967;7568;107569;2;Low
12968;10102;110103;1;Low
12969;13;100014;1;Medium
12970;30612;130613;4;High
12971;25568;125569;2;Medium
12972;16050;116051;2;Medium
12973;44336;144337;0;Medium
12974;41621;141622;3;Medium
12975;33924;133925;4;Medium
12976;25821;125822;2;Medium
12977;32894;132895;2;High
12978;9084;109085;3;Medium
12979;3162;103163;1;High
12980;9499;109500;2;High
12981;49144;149145;2;Medium
12982;24453;124454;4;Low
12983;5834;105835;0;High
12984;1508;101509;0;Low
12985;14289;114290;3;Medium
12986;47378;147379;0;High
12987;42301;142302;2;Medium
12988;36690;136691;3;Low
12989;21027;121028;0;Medium
12990;45246;145247;1;Medium
12991;35520;135521;2;Medium
12992;1842;101843;3;Medium
12993;33632;133633;1;Low
12994;21846;121847;0;High
12995;9576;109577;4;Low
12996;32282;132283;0;High
12997;30329;130330;0;Medium
12998;3878;103879;0;Low
12999;20302;120303;1;Medium
13000;47087;147088;2;Low
13001;2955;102956;3;Low
13002;39745;139746;4;Low
13003;18072;118073;1;Low
13004;15248;115249;2;High
13005;37183;137184;3;Medium
13006;38751;138752;2;Medium
13007;42429;142430;4;Low
13008;39335;139336;0;Medium
13009;34176;134177;0;Low
13010;35189;135190;4;High
13011;32903;132904;3;Medium
13012;43383;143384;0;High
13013;47217;147218;3;Low
13014;16532;116533;4;Low
13015;23364;123365;4;Low
13016;42174;142175;3;Medium
13017;30104;130105;1;High
13018;22222;122223;0;Medium
13019;1503;101504;1;High
13020;35741;135742;2;High
13021;21964;121965;3;High
13022;35250;135251;3;High
13023;36375;136376;4;Medium
13024;25866;125867;0;Medium
13025;47265;147266;0;Medium
13026;609;100610;3;Low
13027;13884;113885;4;High
13028;6647;106648;1;Low
13029;37011;137012;4;Medium
13030;22522;122523;1;Low
13031;39797;139798;4;Low
13032;46041;146042;4;Low
13033;12949;112950;1;Medium
13034;17639;117640;2;Medium
13035;14;100015;3;Low
13036;22175;122176;1;Medium
13037;44037;144038;2;Low
13038;11631;111632;3;High
13039;32043;132044;3;High
13040;7562;107563;2;Low
13041;15725;115726;1;Medium
13042;49879;149880;1;Low
13043;14311;114312;0;Low
13044;15871;115872;3;Low
13045;30308;130309;2;Medium
13046;21607;121608;1;Medium
13047;28966;128967;4;Medium
13048;48267;148268;4;High
13049;28583;128584;0;Low
13050;27928;127929;3;Low
13051;32265;132266;4;High
13052;20655;120656;2;Medium
13053;4150;104151;2;Medium
13054;27695;127696;0;High
13055;14177;114178;0;Medium
13056;40906;140907;2;Low
13057;15590;115591;4;Low
13058;10329;110330;1;Low
13059;10639;110640;2;Medium
13060;27254;127255;1;Medium
13061;35546;135547;4;Medium
13062;36570;136571;1;Medium
13063;27634;127635;1;Low
13064;5145;105146;3;Low
13065;28922;128923;1;Medium
13066;11886;111887;4;High
13067;38597;138598;3;Low
13068;39965;139966;1;Medium
13069;45668;145669;2;Medium
13070;45001;145002;4;High
13071;42952;142953;1;Medium
13072;45502;145503;0;High
13073;5010;105011;2;Low
13074;22498;122499;2;Low
13075;43633;143634;0;Medium
13076;9304;109305;3;Medium
13077;3042;103043;3;Low
13078;9047;109048;1;Medium
13079;37214;137215;4;High
13080;40749;140750;4;Low
13081;14690;114691;2;Low
13082;19185;119186;0;Low
13083;18582;118583;2;High
13084;29732;129733;4;Low
13085;45516;145517;2;Medium
13086;19447;119448;0;Low
13087;11175;111176;4;Medium
13088;25857;125858;2;High
13089;46408;146409;0;High
13090;12481;112482;3;High
13091;46526;146527;4;High
13092;22042;122043;3;Medium
13093;8734;108735;2;Low
13094;40501;140502;4;High
13095;15494;115495;1;Medium
13096;42257;142258;1;High
13097;42908;142909;1;Low
13098;17931;117932;0;High
13099;49999;150000;0;Low
13100;18321;118322;4;Low
13101;45159;145160;4;Low
13102;37473;137474;4;Low
13103;26125;126126;1;High
13104;43364;143365;1;Medium
13105;6698;106699;2;Medium
13106;34940;134941;3;Low
13107;30121;130122;1;Medium
13108;30984;130985;1;High
13109;27167;127168;3;High
13110;39220;139221;3;Medium
13111;35636;135637;1;Medium
13112;17706;117707;3;Medium
13113;31573;131574;2;High
13114;4332;104333;1;Low
13115;16764;116765;4;Low
13116;23073;123074;3;Medium
13117;45400;145401;3;Medium
13118;12047;112048;1;Low
13119;30859;130860;2;Medium
13120;33763;133764;0;Medium
13121;20674;120675;1;High
13122;13367;113368;3;High
13123;2792;102793;0;Low
13124;29601;129602;3;High
13125;23239;123240;4;Medium
13126;4136;104137;0;Low
13127;10307;110308;2;Low
13128;28050;128051;2;High
13129;120;100121;4;Medium
13130;2148;102149;0;Medium
13131;38775;138776;2;Medium
13132;20026;120027;1;Medium
13133;18289;118290;1;Low
13134;1330;101331;3;Low
13135;37543;137544;0;Low
13136;22236;122237;3;Low
13137;37478;137479;4;High
13138;23562;123563;0;High
13139;20400;120401;1;High
13140;8449;108450;2;Low
13141;29285;129286;4;Low
13142;16826;116827;3;Low
13143;31183;131184;1;Low
13144;27493;127494;4;Medium
13145;39679;139680;1;Medium
13146;9829;109830;3;High
13147;29250;129251;2;Medium
13148;4675;104676;2;Medium
13149;48463;148464;3;High
13150;25587;125588;2;High
13151;34170;134171;1;High
13152;2737;102738;2;High
13153;35799;135800;1;Low
13154;4688;104689;1;Low
13155;44774;144775;3;Low
13156;40429;140430;1;Low
13157;9683;109684;3;Medium
13158;4364;104365;2;Medium
13159;13427;113428;2;High
13160;25954;125955;3;Low
13161;30781;130782;4;Low
13162;15853;115854;1;Low
13163;18756;118757;4;High
13164;24975;124976;2;Low
13165;41908;141909;4;Medium
13166;4854;104855;3;High
13167;28756;128757;1;Medium
13168;10359;110360;4;Medium
13169;35452;135453;0;High
13170;13714;113715;2;Medium
13171;44344;144345;3;High
13172;30910;130911;2;High
13173;32615;132616;2;Low
13174;9532;109533;2;Medium
13175;47867;147868;1;Low
13176;26572;126573;2;Low
13177;8759;108760;1;High
13178;38609;138610;0;Low
13179;44500;144501;0;Medium
13180;37388;137389;3;Medium
13181;32394;132395;2;Medium
13182;21060;121061;0;High
13183;31720;131721;0;Medium
13184;34883;134884;0;High
13185;32611;132612;4;High
13186;31034;131035;3;Medium
13187;7834;107835;4;Medium
13188;20167;120168;3;Medium
13189;25244;125245;3;Low
13190;43238;143239;4;High
13191;38444;138445;1;Medium
13192;11555;111556;3;Low
13193;22127;122128;1;Low
13194;1405;101406;1;Medium
13195;9156;109157;3;High
13196;42278;142279;1;Low
13197;943;100944;4;High
13198;28495;128496;0;Medium
13199;45630;145631;4;Medium
13200;40518;140519;3;Low
13201;27797;127798;3;High
13202;16015;116016;4;Low
13203;20918;120919;1;Low
13204;24192;124193;2;Medium
13205;17207;117208;1;Medium
13206;28179;128180;2;Low
13207;7815;107816;2;Medium
13208;35295;135296;4;High
13209;9861;109862;4;Medium
13210;43764;143765;4;Medium
13211;15268;115269;4;Medium
13212;38862;138863;1;Medium
13213;25951;125952;4;Medium
13214;43590;143591;3;High
13215;13778;113779;2;Low
13216;11197;111198;1;High
13217;39604;139605;4;Low
13218;3754;103755;4;High
13219;28510;128511;2;Medium
13220;7701;107702;3;Low
13221;450;100451;1;Medium
13222;3269;103270;1;High
13223;12377;112378;0;Low
13224;2769;102770;2;High
13225;25695;125696;1;High
13226;37870;137871;3;Low
13227;41749;141750;0;High
13228;17270;117271;4;High
13229;47004;147005;4;Medium
13230;42505;142506;3;Medium
13231;427;100428;2;High
13232;43784;143785;3;Low
13233;2812;102813;2;High
13234;49649;149650;3;High
13235;3940;103941;3;Medium
13236;21573;121574;4;Medium
13237;4169;104170;2;Medium
13238;12898;112899;0;High
13239;47523;147524;3;Medium
13240;1790;101791;4;Medium
13241;18098;118099;3;Low
13242;10670;110671;1;Low
13243;11808;111809;3;High
13244;27018;127019;0;High
13245;12360;112361;0;Medium
13246;8903;108904;4;High
13247;24614;124615;1;High
13248;18091;118092;3;Medium
13249;33675;133676;2;Medium
13250;20782;120783;4;High
13251;32377;132378;4;High
13252;38518;138519;4;Low
13253;49551;149552;4;High
13254;15612;115613;4;Low
13255;17885;117886;4;Medium
13256;7096;107097;0;High
13257;14856;114857;4;High
13258;8773;108774;4;Low
13259;5183;105184;0;Medium
13260;27665;127666;1;High
13261;35956;135957;4;Low
13262;28494;128495;1;Low
13263;21390;121391;1;Medium
13264;34074;134075;4;High
13265;31735;131736;1;High
13266;119;100120;1;Low
13267;45666;145667;3;High
13268;49211;149212;1;Medium
13269;14795;114796;4;Low
13270;16363;116364;0;Medium
13271;47677;147678;3;High
13272;8584;108585;3;Low
13273;29809;129810;0;Medium
13274;46496;146497;0;Low
13275;41495;141496;0;Medium
13276;35709;135710;4;Low
13277;1683;101684;4;High
13278;18659;118660;4;Low
13279;15773;115774;3;Low
13280;16046;116047;0;Medium
13281;18172;118173;0;High
13282;47742;147743;4;Medium
13283;2853;102854;1;Medium
13284;47438;147439;1;Low
13285;41460;141461;1;Low
13286;48242;148243;0;Medium
13287;259;100260;4;Medium
13288;19745;119746;3;Low
13289;27666;127667;0;Low
13290;12042;112043;3;Low
13291;3844;103845;0;Medium
13292;46182;146183;3;Low
13293;26540;126541;2;Low
13294;26372;126373;3;Medium
13295;47741;147742;2;High
13296;37165;137166;4;Low
13297;19886;119887;3;Low
13298;16212;116213;4;Medium
13299;29867;129868;2;Medium
13300;20137;120138;3;Medium
13301;2889;102890;4;Low
13302;3991;103992;0;Medium
13303;2180;102181;1;Medium
13304;8788;108789;2;Medium
13305;10945;110946;2;Medium
13306;45258;145259;4;High
13307;27840;127841;0;Medium
13308;39629;139630;0;High
13309;33986;133987;0;Low
13310;37309;137310;0;Low
13311;30809;130810;1;Medium
13312;37671;137672;0;Low
13313;11694;111695;0;Medium
13314;20139;120140;0;Medium
13315;15488;115489;3;High
13316;9752;109753;1;Low
13317;17811;117812;2;Low
13318;5377;105378;4;Medium
13319;23954;123955;2;High
13320;8408;108409;4;Medium
13321;44210;144211;1;Medium
13322;37412;137413;0;Medium
13323;1228;101229;3;Medium
13324;38841;138842;2;Medium
13325;16400;116401;4;Medium
13326;23627;123628;1;Medium
13327;32596;132597;4;Low
13328;34159;134160;0;High
13329;28312;128313;4;High
13330;9183;109184;3;Medium
13331;17862;117863;2;High
13332;14016;114017;2;Low
13333;31027;131028;4;Medium
13334;27908;127909;0;High
13335;36896;136897;1;Medium
13336;27648;127649;1;Low
13337;39115;139116;3;Medium
13338;46228;146229;2;Low
13339;8522;108523;1;Low
13340;808;100809;1;Medium
13341;10406;110407;4;Medium
13342;23972;123973;1;High
13343;19972;119973;0;Medium
13344;12058;112059;4;Low
13345;15565;115566;2;High
13346;49548;149549;0;Medium
13347;36263;136264;4;Medium
13348;24144;124145;2;Low
13349;30594;130595;4;Medium
13350;2135;102136;2;High
13351;6031;106032;4;Low
13352;6491;106492;3;High
13353;22609;122610;2;Medium
13354;44821;144822;1;High
13355;37539;137540;4;Low
13356;44689;144690;1;Low
13357;10922;110923;3;Low
13358;18019;118020;3;High
13359;41549;141550;1;Medium
13360;21998;121999;1;High
13361;41462;141463;4;Low
13362;4629;104630;1;Medium
13363;13777;113778;0;High
13364;17979;117980;0;Medium
13365;46266;146267;3;Medium
13366;35624;135625;2;High
13367;18801;118802;1;Medium
13368;21711;121712;4;Medium
13369;2688;102689;0;Low
13370;809;100810;3;High
13371;47621;147622;4;Medium
13372;7414;107415;1;Low
13373;34462;134463;1;Low
13374;37248;137249;2;Medium
13375;48842;148843;2;Medium
13376;11972;111973;2;Medium
13377;484;100485;4;Medium
13378;26745;126746;1;Low
13379;23179;123180;3;High
13380;35586;135587;4;Low
13381;45261;145262;0;Low
13382;31961;131962;2;Low
13383;36039;136040;4;Medium
13384;23386;123387;1;Medium
13385;47858;147859;2;Low
13386;22752;122753;3;High
13387;17414;117415;4;Medium
13388;11570;111571;4;Medium
13389;2679;102680;1;Low
13390;39840;139841;1;Low
13391;21220;121221;1;Low
13392;19513;119514;4;Medium
13393;32399;132400;0;High
13394;46227;146228;1;Low
13395;42065;142066;1;Medium
13396;22156;122157;2;Medium
13397;4378;104379;2;High
13398;37219;137220;0;High
13399;35663;135664;2;High
13400;23271;123272;4;Medium
13401;44971;144972;3;Low
13402;1888;101889;0;Low
13403;30671;130672;1;Medium
13404;3956;103957;2;Low
13405;40729;140730;4;High
13406;12823;112824;4;Medium
13407;35080;135081;4;High
13408;39547;139548;1;Low
13409;3816;103817;2;Low
13410;32676;132677;4;High
13411;17381;117382;0;Low
13412;39194;139195;1;Medium
13413;23543;123544;2;Medium
13414;22355;122356;0;Low
13415;38105;138106;4;High
13416;33072;133073;3;Low
13417;15557;115558;1;Low
13418;9055;109056;3;High
13419;14984;114985;0;Low
13420;37590;137591;4;Medium
13421;15918;115919;2;High
13422;36582;136583;3;Low
13423;3663;103664;3;Medium
13424;28301;128302;4;High
13425;6362;106363;0;High
13426;35819;135820;4;Medium
13427;49258;149259;3;Medium
13428;44535;144536;3;Medium
13429;31158;131159;3;Medium
13430;19632;119633;0;Medium
13431;33232;133233;1;High
13432;48119;148120;0;Low
13433;23071;123072;3;Low
13434;45828;145829;0;High
13435;14503;114504;4;Medium
13436;10224;110225;1;Medium
13437;47976;147977;1;High
13438;43822;143823;3;High
13439;1586;101587;4;Low
13440;32629;132630;0;Medium
13441;23923;123924;4;Medium
13442;19205;119206;4;High
13443;9979;109980;2;Medium
13444;3653;103654;3;Low
13445;49212;149213;4;Medium
13446;7499;107500;0;Low
13447;6413;106414;2;High
13448;23473;123474;4;High
13449;14935;114936;2;High
13450;18524;118525;2;Medium
13451;922;100923;1;High
13452;2221;102222;2;Medium
13453;9504;109505;2;Medium
13454;37187;137188;3;Medium
13455;45543;145544;3;Medium
13456;9114;109115;4;Low
13457;27113;127114;0;Medium
13458;33118;133119;1;High
13459;30976;130977;4;Low
13460;40927;140928;3;High
13461;46294;146295;1;High
13462;32242;132243;4;High
13463;6043;106044;4;Medium
13464;10392;110393;1;High
13465;39593;139594;1;Medium
13466;23359;123360;3;Low
13467;22743;122744;2;Low
13468;46149;146150;4;Low
13469;46209;146210;1;Medium
13470;24014;124015;0;Low
13471;22061;122062;2;Low
13472;45308;145309;4;Medium
13473;3048;103049;0;Medium
13474;46919;146920;0;Low
13475;40877;140878;4;High
13476;32723;132724;0;Low
13477;7613;107614;3;High
13478;11407;111408;3;Low
13479;28707;128708;1;Low
13480;7924;107925;3;Medium
13481;4492;104493;2;Medium
13482;4617;104618;4;Medium
13483;14030;114031;2;Low
13484;9692;109693;3;Medium
13485;4543;104544;0;Low
13486;34136;134137;3;Low
13487;26766;126767;3;High
13488;48978;148979;4;High
13489;24336;124337;4;Low
13490;43433;143434;1;Medium
13491;4248;104249;0;Medium
13492;46120;146121;2;Medium
13493;8124;108125;0;Low
13494;32803;132804;0;High
13495;17394;117395;1;Low
13496;19401;119402;0;High
13497;15146;115147;0;Low
13498;32603;132604;0;Medium
13499;5330;105331;4;High
13500;937;100938;4;Low
13501;47314;147315;0;Medium
13502;43007;143008;4;High
13503;19911;119912;3;Low
13504;18251;118252;0;Medium
13505;20185;120186;0;Medium
13506;27929;127930;3;Medium
13507;4006;104007;2;Medium
13508;31643;131644;0;Low
13509;42650;142651;2;Low
13510;44622;144623;0;Low
13511;13840;113841;4;Medium
13512;2942;102943;4;Low
13513;30232;130233;3;Medium
13514;36498;136499;2;Medium
13515;17188;117189;0;High
13516;2226;102227;1;Low
13517;34201;134202;3;Medium
13518;20082;120083;2;High
13519;17864;117865;0;Low
13520;22329;122330;2;Medium
13521;5796;105797;4;High
13522;44143;144144;3;Medium
13523;21641;121642;4;Medium
13524;16314;116315;2;Medium
13525;47140;147141;1;High
13526;10616;110617;2;Low
13527;35748;135749;4;High
13528;40265;140266;4;Medium
13529;21577;121578;3;Medium
13530;19656;119657;3;High
13531;25384;125385;0;Low
13532;28856;128857;3;Medium
13533;8947;108948;3;Low
13534;42371;142372;4;High
13535;48266;148267;4;Low
13536;25573;125574;4;Medium
13537;27182;127183;2;Medium
13538;12401;112402;4;Medium
13539;3812;103813;2;Medium
13540;37078;137079;4;Low
13541;24966;124967;4;Medium
13542;43608;143609;2;Low
13543;49082;149083;4;Low
13544;37034;137035;0;Low
13545;42050;142051;0;Low
13546;7997;107998;4;Medium
13547;17126;117127;1;High
13548;41303;141304;2;Medium
13549;22666;122667;3;Medium
13550;46806;146807;4;Medium
13551;42452;142453;1;High
13552;30323;130324;0;Medium
13553;20971;120972;1;High
13554;24483;124484;2;Medium
13555;40224;140225;0;Medium
13556;9111;109112;4;High
13557;14262;114263;3;Medium
13558;25235;125236;2;Low
13559;29229;129230;2;Medium
13560;5073;105074;4;Medium
13561;24940;124941;2;Medium
13562;37247;137248;4;Medium
13563;42470;142471;0;Medium
13564;25781;125782;3;Medium
13565;16716;116717;1;High
13566;47545;147546;1;Medium
13567;18175;118176;0;Medium
13568;3271;103272;0;High
13569;18837;118838;1;Medium
13570;22598;122599;2;Low
13571;34044;134045;2;High
13572;43368;143369;3;High
13573;27689;127690;0;Medium
13574;9138;109139;4;Low
13575;41337;141338;1;Medium
13576;31848;131849;0;Medium
13577;47055;147056;1;Low
13578;11719;111720;0;Medium
13579;13093;113094;2;High
13580;25083;125084;4;Medium
13581;27805;127806;4;Medium
13582;42734;142735;3;Medium
13583;35073;135074;3;Medium
13584;4773;104774;4;Medium
13585;34805;134806;4;Medium
13586;46699;146700;1;Medium
13587;38305;138306;0;Low
13588;44510;144511;1;Medium
13589;27220;127221;1;High
13590;28497;128498;3;Low
13591;38958;138959;1;Medium
13592;47110;147111;3;Medium
13593;8380;108381;3;High
13594;21576;121577;1;Low
13595;21216;121217;1;Low
13596;273;100274;3;Medium
13597;47614;147615;4;Medium
13598;16895;116896;4;Medium
13599;19608;119609;3;Medium
13600;41184;141185;1;Medium
13601;49393;149394;3;Low
13602;11801;111802;1;Medium
13603;35271;135272;3;Medium
13604;22841;122842;3;Medium
13605;21149;121150;0;Medium
13606;6287;106288;0;Low
13607;33432;133433;0;Medium
13608;15527;115528;1;Low
13609;29185;129186;4;Low
13610;15566;115567;3;High
13611;20539;120540;3;Medium
13612;21807;121808;3;Low
13613;41000;141001;0;High
13614;46082;146083;0;Medium
13615;10374;110375;2;High
13616;5375;105376;3;Medium
13617;42338;142339;1;Medium
13618;23360;123361;2;Medium
13619;46910;146911;2;Medium
13620;35560;135561;0;Medium
13621;12868;112869;0;Medium
13622;28739;128740;0;High
13623;43794;143795;1;Low
13624;6431;106432;2;Medium
13625;26871;126872;2;High
13626;4532;104533;1;Medium
13627;42625;142626;4;Medium
13628;42343;142344;1;Medium
13629;17344;117345;4;High
13630;6132;106133;3;Low
13631;46644;146645;1;Low
13632;36128;136129;0;High
13633;8540;108541;1;Medium
13634;25484;125485;0;Medium
13635;38748;138749;2;Low
13636;48953;148954;0;Medium
13637;15720;115721;3;Low
13638;28979;128980;1;Low
13639;36332;136333;1;High
13640;31822;131823;2;Medium
13641;14161;114162;3;Low
13642;28577;128578;1;Medium
13643;30579;130580;1;Medium
13644;46162;146163;4;Low
13645;26927;126928;0;Medium
13646;10715;110716;0;Medium
13647;26440;126441;2;Medium
13648;38426;138427;4;Medium
13649;22311;122312;0;Medium
13650;22217;122218;0;Medium
13651;10997;110998;3;Medium
13652;6784;106785;2;High
13653;11769;111770;3;Medium
13654;10736;110737;2;Medium
13655;28317;128318;1;High
13656;39718;139719;3;Low
13657;28376;128377;3;Low
13658;7427;107428;3;Low
13659;12829;112830;1;Low
13660;14134;114135;2;High
13661;4225;104226;3;Medium
13662;2877;102878;1;High
13663;15543;115544;3;Low
13664;43674;143675;3;Low
13665;33140;133141;1;Medium
13666;39586;139587;1;Low
13667;44169;144170;0;Low
13668;40263;140264;1;High
13669;15041;115042;4;Low
13670;11183;111184;1;High
13671;4337;104338;1;Medium
13672;14059;114060;4;High
13673;41279;141280;1;High
13674;45166;145167;0;Medium
13675;24636;124637;3;Medium
13676;19429;119430;4;High
13677;23348;123349;1;High
13678;18345;118346;2;Low
13679;2125;102126;1;Low
13680;11408;111409;4;Medium
13681;17899;117900;4;Medium
13682;26333;126334;2;Medium
13683;5617;105618;0;Medium
13684;16579;116580;3;Low
13685;34619;134620;1;High
13686;14082;114083;0;Medium
13687;34328;134329;2;Low
13688;19869;119870;2;Low
13689;40818;140819;2;Low
13690;6289;106290;0;Medium
13691;703;100704;0;Low
13692;34323;134324;1;Medium
13693;39285;139286;1;High
13694;34387;134388;3;Medium
13695;26126;126127;0;Medium
13696;21151;121152;0;Low
13697;19076;119077;0;Low
13698;2548;102549;2;High
13699;18885;118886;1;Low
13700;5592;105593;2;Medium
13701;48380;148381;4;Medium
13702;26523;126524;1;High
13703;1838;101839;1;High
13704;49600;149601;2;Medium
13705;45215;145216;0;Low
13706;32619;132620;0;Low
13707;5337;105338;1;Low
13708;41468;141469;2;High
13709;33867;133868;2;High
13710;34691;134692;0;Low
13711;40796;140797;0;High
13712;27920;127921;0;Medium
13713;15772;115773;1;Medium
13714;29067;129068;2;Low
13715;10130;110131;2;Low
13716;47899;147900;0;Medium
13717;21603;121604;4;Medium
13718;15654;115655;3;Medium
13719;42749;142750;4;Low
13720;36176;136177;4;High
13721;47238;147239;2;Low
13722;44905;144906;4;High
13723;28156;128157;1;Low
13724;27174;127175;4;Low
13725;127;100128;4;Medium
13726;14471;114472;0;Medium
13727;2967;102968;4;Low
13728;7431;107432;1;Medium
13729;40289;140290;2;Medium
13730;36702;136703;1;Medium
13731;1980;101981;2;Medium
13732;16003;116004;0;Medium
13733;38602;138603;2;Low
13734;17850;117851;1;Medium
13735;47406;147407;0;Medium
13736;15864;115865;4;Medium
13737;19502;119503;1;High
13738;46085;146086;1;High
13739;26061;126062;4;Medium
13740;42233;142234;1;Medium
13741;24025;124026;1;Medium
13742;40787;140788;3;Low
13743;17801;117802;3;Medium
13744;9870;109871;0;Medium
13745;26256;126257;1;Medium
13746;20656;120657;0;Low
13747;35041;135042;0;Low
13748;49527;149528;3;Medium
13749;33982;133983;1;Medium
13750;30052;130053;0;Low
13751;9293;109294;4;High
13752;29742;129743;4;Medium
13753;16815;116816;0;Low
13754;48416;148417;0;Low
13755;27808;127809;3;Medium
13756;17045;117046;4;Low
13757;22172;122173;3;High
13758;8164;108165;2;Medium
13759;40082;140083;0;High
13760;7975;107976;3;Medium
13761;1209;101210;0;Medium
13762;36235;136236;2;High
13763;47133;147134;0;Medium
13764;38908;138909;4;Low
13765;26114;126115;0;High
13766;40623;140624;2;Low
13767;42879;142880;1;Low
13768;26515;126516;4;Medium
13769;33394;133395;4;Medium
13770;47307;147308;3;Medium
13771;35644;135645;2;Low
13772;29795;129796;4;Low
13773;32815;132816;4;High
13774;17294;117295;0;Low
13775;25964;125965;1;Low
13776;40233;140234;2;Low
13777;10703;110704;3;High
13778;48044;148045;4;Low
13779;13394;113395;2;Low
13780;25443;125444;4;High
13781;16141;116142;2;High
13782;37588;137589;2;High
13783;20380;120381;2;Medium
13784;9416;109417;3;Low
13785;23988;123989;4;Medium
13786;39991;139992;3;Low
13787;35721;135722;3;Medium
13788;12484;112485;4;Medium
13789;23462;123463;0;Medium
13790;45866;145867;1;Medium
13791;49987;149988;4;Low
13792;772;100773;3;Medium
13793;15538;115539;4;Medium
13794;4321;104322;4;Low
13795;29979;129980;4;Low
13796;10935;110936;0;Low
13797;432;100433;4;High
13798;5441;105442;0;Medium
13799;33028;133029;1;Low
13800;29776;129777;4;Medium
13801;31325;131326;1;Medium
13802;14113;114114;1;Low
13803;49890;149891;2;Medium
13804;13536;113537;1;Low
13805;30440;130441;0;Low
13806;49617;149618;4;Medium
13807;8537;108538;4;Medium
13808;3374;103375;1;Low
13809;28455;128456;3;Low
13810;3422;103423;0;Low
13811;49789;149790;3;Medium
13812;22387;122388;4;Medium
13813;18080;118081;2;High
13814;15012;115013;0;Low
13815;31005;131006;2;Medium
13816;47248;147249;1;Low
13817;49089;149090;4;Low
13818;13483;113484;2;Low
13819;32886;132887;1;Low
13820;25217;125218;4;Medium
13821;39632;139633;3;Low
13822;31374;131375;1;Medium
13823;49919;149920;3;Low
13824;45980;145981;4;Medium
13825;24188;124189;1;Medium
13826;20409;120410;3;Medium
13827;4565;104566;2;Low
13828;19113;119114;4;High
13829;35698;135699;1;High
13830;30282;130283;0;High
13831;22264;122265;0;High
13832;11077;111078;2;Low
13833;5530;105531;4;Medium
13834;37009;137010;2;Medium
13835;35828;135829;0;Low
13836;39461;139462;0;Medium
13837;7471;107472;2;High
13838;10461;110462;2;Medium
13839;18686;118687;2;Medium
13840;8949;108950;2;Low
13841;31712;131713;2;Medium
13842;43181;143182;0;Low
13843;21604;121605;4;Low
13844;24187;124188;2;Low
13845;31882;131883;0;Medium
13846;8858;108859;0;Low
13847;45689;145690;0;Low
13848;12224;112225;2;Medium
13849;24553;124554;1;Medium
13850;47454;147455;2;High
13851;10271;110272;3;Medium
13852;29748;129749;1;Medium
13853;48957;148958;3;Medium
13854;37941;137942;0;Low
13855;5896;105897;1;High
13856;8853;108854;2;Low
13857;20664;120665;1;Medium
13858;24381;124382;3;Medium
13859;11465;111466;4;Medium
13860;36901;136902;2;Medium
13861;7653;107654;2;High
13862;1895;101896;2;Low
13863;31521;131522;0;Medium
13864;13331;113332;3;Medium
13865;49260;149261;2;Medium
13866;17346;117347;3;Medium
13867;24115;124116;1;Low
13868;42152;142153;3;Medium
13869;2245;102246;3;Medium
13870;641;100642;3;Medium
13871;3015;103016;2;Medium
13872;15615;115616;0;Low
13873;11980;111981;1;High
13874;22942;122943;3;Medium
13875;27937;127938;3;Medium
13876;6825;106826;2;Medium
13877;28342;128343;2;Low
13878;15200;115201;1;Medium
13879;21145;121146;3;High
13880;42858;142859;4;Low
13881;13592;113593;4;Medium
13882;24269;124270;1;High
13883;22980;122981;0;High
13884;1054;101055;0;Medium
13885;13452;113453;4;Low
13886;44891;144892;0;High
13887;13733;113734;2;Medium
13888;37600;137601;0;High
13889;24598;124599;3;Low
13890;37016;137017;0;Medium
13891;37661;137662;3;High
13892;30255;130256;1;Low
13893;49435;149436;2;Medium
13894;6482;106483;2;Low
13895;23383;123384;1;Low
13896;18648;118649;2;High
13897;45414;145415;0;Medium
13898;33742;133743;1;High
13899;49998;149999;4;Medium
13900;49278;149279;4;High
13901;1128;101129;1;Medium
13902;40807;140808;0;High
13903;43523;143524;0;Low
13904;8835;108836;3;Medium
13905;2794;102795;2;High
13906;7969;107970;0;High
13907;27043;127044;4;Medium
13908;23427;123428;1;High
13909;36429;136430;1;Low
13910;926;100927;4;High
13911;48312;148313;3;Medium
13912;26151;126152;1;Medium
13913;7848;107849;3;Low
13914;16435;116436;2;Medium
13915;42584;142585;1;Medium
13916;16514;116515;2;High
13917;33040;133041;1;Low
13918;29868;129869;2;Medium
13919;20885;120886;2;High
13920;41427;141428;0;Medium
13921;3300;103301;2;High
13922;1937;101938;3;Low
13923;11109;111110;1;High
13924;19273;119274;3;Medium
13925;30252;130253;3;Medium
13926;21674;121675;3;Medium
13927;49163;149164;4;High
13928;43487;143488;2;Medium
13929;8284;108285;0;Medium
13930;6011;106012;2;Medium
13931;26821;126822;2;Low
13932;690;100691;0;High
13933;36993;136994;1;Low
13934;44306;144307;3;High
13935;48791;148792;2;High
13936;42373;142374;2;Medium
13937;22065;122066;4;Low
13938;46398;146399;1;Medium
13939;11971;111972;2;Low
13940;7866;107867;2;High
13941;26881;126882;4;Medium
13942;32957;132958;1;High
13943;14188;114189;0;High
13944;35301;135302;1;Medium
13945;4541;104542;4;High
13946;16376;116377;3;Medium
13947;25817;125818;0;Medium
13948;47795;147796;1;Low
13949;19895;119896;0;Low
13950;906;100907;0;High
13951;30135;130136;1;Medium
13952;25888;125889;3;Medium
13953;19372;119373;0;Medium
13954;19815;119816;0;Low
13955;24565;124566;4;Medium
13956;44988;144989;3;Low
13957;8362;108363;0;High
13958;6118;106119;4;Low
13959;34317;134318;0;Medium
13960;33310;133311;1;Low
13961;28796;128797;2;Medium
13962;21855;121856;2;Low
13963;12325;112326;2;Medium
13964;17255;117256;2;Low
13965;43835;143836;1;Medium
13966;47322;147323;4;Low
13967;32972;132973;3;Medium
13968;46537;146538;0;High
13969;44126;144127;0;Medium
13970;7558;107559;4;High
13971;9418;109419;0;Low
13972;26649;126650;0;Low
13973;31309;131310;3;High
13974;47971;147972;2;Medium
13975;22407;122408;0;High
13976;33152;133153;4;Medium
13977;36441;136442;1;Low
13978;11014;111015;3;High
13979;14198;114199;1;High
13980;23208;123209;4;Medium
13981;26568;126569;4;Medium
13982;40319;140320;2;High
13983;37964;137965;4;High
13984;1995;101996;3;Low
13985;33741;133742;0;Medium
13986;29714;129715;0;Low
13987;18129;118130;1;Medium
13988;36990;136991;4;High
13989;31328;131329;0;High
13990;35009;135010;1;Low
13991;7835;107836;2;Low
13992;27154;127155;0;Low
13993;24998;124999;1;High
13994;21950;121951;4;High
13995;25292;125293;3;Medium
13996;13992;113993;3;High
13997;18612;118613;1;High
13998;11171;111172;2;Medium
13999;48935;148936;0;Medium
14000;45435;145436;2;Medium
14001;3558;103559;3;Low
14002;22525;122526;2;Low
14003;4389;104390;2;High
14004;6014;106015;1;Low
14005;46989;146990;0;Medium
14006;21876;121877;3;Medium
14007;3739;103740;4;Medium
14008;31798;131799;1;High
14009;35350;135351;2;Low
14010;14969;114970;4;Low
14011;7263;107264;2;Low
14012;48782;148783;3;Medium
14013;26240;126241;0;Medium
14014;20055;120056;2;Low
14015;11819;111820;0;Low
14016;38263;138264;2;High
14017;30930;130931;2;Medium
14018;42046;142047;3;Medium
14019;38045;138046;2;Medium
14020;4809;104810;4;Low
14021;45082;145083;1;High
14022;30249;130250;4;High
14023;11721;111722;0;Low
14024;32982;132983;2;Medium
14025;9594;109595;0;Medium
14026;25516;125517;4;Low
14027;49713;149714;2;Medium
14028;30514;130515;4;Low
14029;25001;125002;0;High
14030;32618;132619;3;Medium
14031;26025;126026;4;Low
14032;27748;127749;3;High
14033;36982;136983;3;Low
14034;8746;108747;3;Low
14035;16109;116110;0;Medium
14036;215;100216;3;Low
14037;35598;135599;2;Low
14038;21245;121246;2;Medium
14039;36893;136894;0;Medium
14040;10630;110631;3;Low
14041;44540;144541;2;Medium
14042;428;100429;0;Low
14043;5104;105105;2;Medium
14044;9590;109591;2;Low
14045;5905;105906;4;Medium
14046;47939;147940;1;High
14047;41552;141553;2;Low
14048;34264;134265;1;High
14049;22503;122504;2;Low
14050;46367;146368;1;Medium
14051;8902;108903;2;Low
14052;30357;130358;0;Medium
14053;4530;104531;0;Low
14054;33506;133507;3;Low
14055;39951;139952;3;Medium
14056;31629;131630;4;Medium
14057;2206;102207;3;High
14058;5785;105786;2;Medium
14059;6913;106914;0;Low
14060;16326;116327;3;Medium
14061;42051;142052;3;Medium
14062;12114;112115;0;Medium
14063;36491;136492;2;High
14064;29814;129815;4;Medium
14065;38472;138473;0;Low
14066;25227;125228;2;Low
14067;12131;112132;2;Medium
14068;25238;125239;4;Low
14069;47849;147850;0;Medium
14070;16859;116860;4;Medium
14071;24511;124512;0;Low
14072;22857;122858;0;Medium
14073;232;100233;1;Low
14074;7574;107575;1;Medium
14075;9810;109811;4;Medium
14076;42865;142866;4;Medium
14077;46070;146071;4;Medium
14078;44801;144802;1;Low
14079;3628;103629;0;High
14080;15052;115053;4;High
14081;29293;129294;3;Low
14082;37682;137683;3;Low
14083;21756;121757;1;Low
14084;11140;111141;4;High
14085;13636;113637;2;Medium
14086;33960;133961;1;High
14087;1553;101554;4;High
14088;39880;139881;3;Medium
14089;41085;141086;0;Medium
14090;40564;140565;4;High
14091;33017;133018;3;Medium
14092;45372;145373;1;Medium
14093;30948;130949;2;Low
14094;38377;138378;0;High
14095;29060;129061;2;High
14096;9205;109206;1;Low
14097;48253;148254;1;High
14098;2581;102582;0;Low
14099;10927;110928;1;High
14100;6471;106472;0;Low
14101;30982;130983;0;Low
14102;21138;121139;0;High
14103;19251;119252;1;Medium
14104;22416;122417;2;Medium
14105;23405;123406;1;Medium
14106;36410;136411;4;Medium
14107;6298;106299;0;High
14108;12067;112068;3;Low
14109;822;100823;0;Medium
14110;13649;113650;2;High
14111;47206;147207;0;Low
14112;24579;124580;3;Medium
14113;8838;108839;2;Low
14114;21522;121523;4;Low
14115;25396;125397;3;Low
14116;27338;127339;4;Medium
14117;27460;127461;1;Medium
14118;34039;134040;3;High
14119;19887;119888;4;Medium
14120;47650;147651;2;Low
14121;26401;126402;0;Low
14122;49610;149611;1;High
14123;42673;142674;0;Medium
14124;18390;118391;1;High
14125;28328;128329;2;Low
14126;34764;134765;4;Low
14127;21358;121359;4;Medium
14128;36503;136504;1;Medium
14129;32663;132664;0;Low
14130;35944;135945;3;Medium
14131;4290;104291;3;Medium
14132;32539;132540;4;High
14133;15013;115014;0;Low
14134;29672;129673;2;Low
14135;46728;146729;2;Low
14136;24742;124743;0;Medium
14137;9817;109818;4;High
14138;13622;113623;4;Low
14139;33499;133500;0;Low
14140;29154;129155;4;Medium
14141;27730;127731;3;Low
14142;24835;124836;1;Medium
14143;39310;139311;0;Low
14144;14343;114344;4;Low
14145;49236;149237;4;High
14146;5884;105885;0;Medium
14147;37736;137737;3;High
14148;195;100196;0;Medium
14149;27247;127248;4;Medium
14150;5294;105295;3;High
14151;16323;116324;1;Medium
14152;49398;149399;3;High
14153;10149;110150;3;Medium
14154;5927;105928;1;Medium
14155;44020;144021;4;Low
14156;9747;109748;0;Low
14157;46821;146822;2;Low
14158;31722;131723;2;High
14159;17681;117682;3;Low
14160;12153;112154;3;Medium
14161;11557;111558;0;Low
14162;9904;109905;0;Low
14163;37107;137108;2;Low
14164;17088;117089;3;High
14165;37071;137072;1;Medium
14166;40824;140825;0;Medium
14167;41428;141429;2;Low
14168;30297;130298;2;Medium
14169;37665;137666;2;High
14170;16814;116815;2;High
14171;43645;143646;1;Low
14172;3972;103973;2;Medium
14173;19991;119992;0;High
14174;20142;120143;2;Medium
14175;34763;134764;2;High
14176;46581;146582;3;Medium
14177;19624;119625;0;Low
14178;19751;119752;3;Medium
14179;43498;143499;1;High
14180;48918;148919;3;High
14181;19780;119781;1;High
14182;18845;118846;3;Low
14183;47718;147719;0;Medium
14184;22900;122901;1;Medium
14185;13625;113626;2;Medium
14186;33187;133188;0;Medium
14187;27232;127233;2;High
14188;22984;122985;4;High
14189;10028;110029;2;High
14190;48376;148377;4;Medium
14191;19646;119647;0;Medium
14192;48750;148751;4;Medium
14193;45284;145285;0;Low
14194;6165;106166;3;High
14195;34397;134398;4;Low
14196;42803;142804;3;High
14197;40080;140081;0;High
14198;1175;101176;0;High
14199;7415;107416;0;High
14200;19020;119021;4;Low
14201;25253;125254;0;Medium
14202;26105;126106;0;Medium
14203;15868;115869;3;High
14204;32367;132368;3;Medium
14205;8317;108318;3;Medium
14206;8581;108582;1;Medium
14207;9322;109323;4;Medium
14208;19862;119863;3;Medium
14209;42823;142824;1;Low
14210;34633;134634;1;High
14211;42586;142587;2;Medium
14212;37648;137649;3;Medium
14213;35921;135922;4;Low
14214;36054;136055;0;Low
14215;8976;108977;1;Medium
14216;42907;142908;1;Medium
14217;15076;115077;2;Low
14218;15334;115335;0;High
14219;7170;107171;3;Low
14220;23895;123896;2;Medium
14221;23621;123622;3;Low
14222;48345;148346;0;Medium
14223;30395;130396;4;Low
14224;32317;132318;3;Medium
14225;36202;136203;2;Medium
14226;8006;108007;2;High
14227;8035;108036;4;Low
14228;29023;129024;2;Medium
14229;11148;111149;3;High
14230;38527;138528;1;Medium
14231;49954;149955;2;Medium
14232;47086;147087;2;Low
14233;49521;149522;1;Low
14234;1067;101068;0;Medium
14235;35673;135674;0;Medium
14236;11318;111319;1;Medium
14237;39064;139065;0;High
14238;3100;103101;2;Medium
14239;12725;112726;1;High
14240;23274;123275;4;High
14241;27763;127764;2;Low
14242;34274;134275;3;Medium
14243;22943;122944;3;Medium
14244;33554;133555;3;Medium
14245;27088;127089;2;Low
14246;8919;108920;0;Medium
14247;37030;137031;4;Low
14248;46693;146694;3;Medium
14249;3857;103858;0;Low
14250;12016;112017;2;High
14251;46951;146952;3;Medium
14252;20636;120637;1;Medium
14253;28800;128801;0;Medium
14254;33165;133166;4;High
14255;15342;115343;4;Medium
14256;14462;114463;1;Medium
14257;11085;111086;0;Low
14258;2780;102781;1;Medium
14259;6208;106209;2;Low
14260;10475;110476;4;High
14261;41804;141805;4;Medium
14262;39221;139222;1;Medium
14263;19714;119715;4;Medium
14264;2846;102847;0;Medium
14265;12165;112166;4;Low
14266;25945;125946;1;Medium
14267;36447;136448;2;Low
14268;22678;122679;2;Low
14269;7886;107887;3;High
14270;47687;147688;1;High
14271;29780;129781;0;Medium
14272;31500;131501;3;High
14273;33849;133850;4;Medium
14274;8463;108464;1;Medium
14275;42394;142395;1;Medium
14276;14770;114771;0;Medium
14277;9072;109073;3;Low
14278;21924;121925;1;High
14279;36189;136190;0;Low
14280;10088;110089;1;Low
14281;35478;135479;2;Medium
14282;3655;103656;4;Medium
14283;40306;140307;2;High
14284;42846;142847;1;High
14285;48288;148289;0;High
14286;11234;111235;4;Medium
14287;25339;125340;4;Low
14288;47503;147504;1;High
14289;47654;147655;2;High
14290;40605;140606;0;High
14291;34455;134456;4;High
14292;25183;125184;3;Medium
14293;24227;124228;4;High
14294;13397;113398;0;Low
14295;43654;143655;0;Medium
14296;40173;140174;2;Medium
14297;1663;101664;4;Medium
14298;43890;143891;2;High
14299;48091;148092;1;Low
14300;25613;125614;1;High
14301;10126;110127;2;High
14302;22638;122639;2;High
14303;26024;126025;0;Medium
14304;14611;114612;0;Medium
14305;12117;112118;4;High
14306;49396;149397;3;High
14307;11834;111835;0;Medium
14308;28375;128376;4;Medium
14309;42466;142467;2;High
14310;20791;120792;3;Medium
14311;857;100858;4;Medium
14312;43751;143752;2;Medium
14313;2528;102529;0;Low
14314;31226;131227;0;Medium
14315;1389;101390;1;Medium
14316;44334;144335;3;Low
14317;12845;112846;3;Medium
14318;37128;137129;3;Low
14319;33047;133048;0;Medium
14320;36098;136099;1;Medium
14321;19281;119282;0;Low
14322;35095;135096;0;High
14323;22442;122443;0;Medium
14324;24528;124529;3;Low
14325;46008;146009;0;Medium
14326;14339;114340;1;Medium
14327;36194;136195;3;Medium
14328;25429;125430;3;High
14329;42;100043;0;Medium
14330;6604;106605;2;High
14331;46835;146836;3;High
14332;12095;112096;4;Low
14333;35879;135880;2;Medium
14334;22444;122445;4;Medium
14335;24351;124352;1;Medium
14336;14591;114592;2;Low
14337;1612;101613;3;Medium
14338;27238;127239;1;Low
14339;28794;128795;3;Medium
14340;32468;132469;3;High
14341;25624;125625;3;Low
14342;3664;103665;0;Low
14343;36009;136010;0;Medium
14344;7058;107059;1;Medium
14345;20979;120980;3;Low
14346;17735;117736;2;Medium
14347;47312;147313;1;High
14348;46808;146809;1;Low
14349;997;100998;2;High
14350;27341;127342;4;Medium
14351;46928;146929;4;Medium
14352;25432;125433;4;High
14353;6905;106906;3;High
14354;13315;113316;4;Low
14355;33242;133243;1;Low
14356;43614;143615;2;Medium
14357;41084;141085;2;Low
14358;45529;145530;0;High
14359;44220;144221;2;Medium
14360;16218;116219;2;Medium
14361;22150;122151;1;High
14362;8633;108634;1;Medium
14363;11787;111788;2;Low
14364;15992;115993;1;Medium
14365;42614;142615;1;Low
14366;37956;137957;2;Medium
14367;49635;149636;4;Medium
14368;38901;138902;3;Medium
14369;32716;132717;0;Low
14370;27926;127927;3;Low
14371;23732;123733;0;Low
14372;4887;104888;3;Medium
14373;2673;102674;4;Low
14374;35320;135321;4;High
14375;41148;141149;1;High
14376;41521;141522;1;Medium
14377;11372;111373;2;Low
14378;8911;108912;4;Low
14379;9218;109219;1;Low
14380;34901;134902;3;High
14381;25644;125645;0;Medium
14382;21020;121021;0;Medium
14383;48381;148382;0;Medium
14384;30736;130737;3;High
14385;12000;112001;4;Medium
14386;28717;128718;2;Medium
14387;31692;131693;0;Medium
14388;6181;106182;2;Medium
14389;27244;127245;2;Low
14390;7750;107751;4;Low
14391;28104;128105;1;Medium
14392;22930;122931;3;High
14393;40964;140965;1;Low
14394;29081;129082;0;Low
14395;35207;135208;0;Low
14396;13637;113638;4;High
14397;42740;142741;4;High
14398;12323;112324;0;Medium
14399;47787;147788;2;Medium
14400;5561;105562;3;Low
14401;15609;115610;4;Low
14402;28789;128790;0;Medium
14403;17043;117044;2;Low
14404;40863;140864;4;High
14405;29300;129301;3;Low
14406;48544;148545;1;Medium
14407;1649;101650;1;Low
14408;25671;125672;4;Low
14409;39733;139734;1;High
14410;40361;140362;2;Medium
14411;17226;117227;3;Medium
14412;45757;145758;2;Medium
14413;1349;101350;0;Medium
14414;30989;130990;0;Low
14415;31494;131495;4;High
14416;47037;147038;2;High
14417;35631;135632;3;Low
14418;13190;113191;3;Medium
14419;38585;138586;1;High
14420;46158;146159;3;High
14421;33375;133376;4;High
14422;35734;135735;0;Low
14423;18636;118637;3;Low
14424;33296;133297;4;Low
14425;36389;136390;1;Medium
14426;36306;136307;0;Low
14427;44784;144785;0;Low
14428;24305;124306;4;Medium
14429;37422;137423;0;Medium
14430;26019;126020;0;Low
14431;6775;106776;4;Medium
14432;33477;133478;4;Medium
14433;46470;146471;1;High
14434;17867;117868;3;Low
14435;25787;125788;0;Low
14436;46514;146515;0;Medium
14437;15866;115867;1;Low
14438;36437;136438;3;Medium
14439;7565;107566;1;Medium
14440;24833;124834;1;High
14441;39804;139805;2;Low
14442;9998;109999;2;Medium
14443;36264;136265;0;High
14444;7189;107190;0;Medium
14445;19437;119438;0;Medium
14446;30696;130697;4;Low
14447;42103;142104;0;Medium
14448;33560;133561;0;Medium
14449;28999;129000;4;Low
14450;48497;148498;1;Medium
14451;23307;123308;1;Medium
14452;46722;146723;4;Medium
14453;33081;133082;4;Low
14454;38160;138161;2;Low
14455;3493;103494;3;Medium
14456;32128;132129;2;Medium
14457;5937;105938;0;Medium
14458;15159;115160;4;Low
14459;10547;110548;4;Medium
14460;17890;117891;4;High
14461;27719;127720;4;High
14462;26123;126124;3;High
14463;26139;126140;2;Medium
14464;22797;122798;1;Low
14465;10039;110040;2;Medium
14466;7654;107655;0;High
14467;25867;125868;1;Medium
14468;16315;116316;2;High
14469;9271;109272;0;Low
14470;48350;148351;2;High
14471;22657;122658;0;Medium
14472;10429;110430;2;Medium
14473;42053;142054;4;High
14474;47095;147096;0;Low
14475;42698;142699;0;Medium
14476;39564;139565;0;Medium
14477;32419;132420;3;High
14478;20414;120415;4;High
14479;14928;114929;4;High
14480;49829;149830;4;Medium
14481;2890;102891;4;High
14482;10970;110971;4;Medium
14483;40555;140556;4;Low
14484;33834;133835;0;Low
14485;16925;116926;3;Low
14486;29328;129329;1;Low
14487;28058;128059;2;Low
14488;540;100541;0;Medium
14489;43925;143926;0;High
14490;29627;129628;1;High
14491;36980;136981;2;High
14492;28592;128593;0;Medium
14493;11458;111459;4;Medium
14494;24348;124349;0;Medium
14495;27589;127590;1;Medium
14496;14895;114896;2;Medium
14497;40970;140971;1;Low
14498;9789;109790;4;Medium
14499;38664;138665;1;High
14500;43670;143671;4;High
14501;36053;136054;1;Low
14502;44348;144349;3;High
14503;19169;119170;3;High
14504;9053;109054;1;Low
14505;43263;143264;4;Medium
14506;10061;110062;4;Medium
14507;46934;146935;3;Low
14508;25139;125140;0;High
14509;46945;146946;1;Medium
14510;1374;101375;2;High
14511;1216;101217;1;High
14512;22415;122416;3;High
14513;44137;144138;1;Low
14514;11342;111343;0;Medium
14515;29371;129372;3;Medium
14516;33534;133535;4;Low
14517;47499;147500;4;High
14518;32283;132284;3;Low
14519;18848;118849;0;High
14520;43307;143308;0;Medium
14521;38762;138763;4;High
14522;47618;147619;1;Low
14523;13565;113566;0;High
14524;165;100166;2;High
14525;48755;148756;2;Medium
14526;38822;138823;4;High
14527;32565;132566;1;Low
14528;42038;142039;2;Medium
14529;2570;102571;4;Medium
14530;40113;140114;3;Medium
14531;34860;134861;2;Medium
14532;20874;120875;3;Medium
14533;13377;113378;1;Low
14534;18962;118963;1;Medium
14535;16518;116519;2;Low
14536;18323;118324;2;Medium
14537;41914;141915;4;High
14538;42828;142829;0;High
14539;47664;147665;3;Low
14540;11754;111755;2;Medium
14541;23175;123176;1;Low
14542;20826;120827;4;Low
14543;44771;144772;3;Medium
14544;36606;136607;0;Medium
14545;20461;120462;4;Medium
14546;6983;106984;0;Low
14547;23537;123538;0;Medium
14548;1536;101537;3;Low
14549;42156;142157;3;High
14550;22820;122821;0;Low
14551;39909;139910;3;Low
14552;39582;139583;4;Medium
14553;13883;113884;1;Medium
14554;25807;125808;0;Medium
14555;8135;108136;4;Medium
14556;27364;127365;3;Medium
14557;27796;127797;2;Medium
14558;11002;111003;4;Medium
14559;15480;115481;1;High
14560;46628;146629;0;Low
14561;25738;125739;3;Low
14562;11902;111903;0;Low
14563;11639;111640;3;Low
14564;6658;106659;4;Low
14565;11;100012;1;Medium
14566;40493;140494;2;Low
14567;3195;103196;1;Low
14568;34793;134794;3;Medium
14569;14762;114763;2;Medium
14570;8154;108155;1;High
14571;42110;142111;3;High
14572;3327;103328;3;Low
14573;31481;131482;3;High
14574;42407;142408;2;Medium
14575;7779;107780;4;High
14576;43915;143916;0;Medium
14577;15034;115035;3;Medium
14578;19971;119972;4;Medium
14579;43800;143801;1;Low
14580;34960;134961;0;Low
14581;20932;120933;1;Medium
14582;31133;131134;1;Low
14583;3286;103287;2;Medium
14584;8251;108252;2;Low
14585;45585;145586;3;High
14586;4534;104535;4;High
14587;26076;126077;3;Medium
14588;47890;147891;2;Medium
14589;41356;141357;4;Low
14590;13284;113285;4;High
14591;27570;127571;1;Low
14592;21842;121843;1;Medium
14593;32729;132730;4;High
14594;34115;134116;3;High
14595;31493;131494;2;High
14596;27892;127893;1;Low
14597;8163;108164;3;Low
14598;25969;125970;4;High
14599;2472;102473;2;Low
14600;37840;137841;0;Low
14601;31856;131857;3;Low
14602;6719;106720;3;High
14603;40149;140150;1;Low
14604;14416;114417;2;High
14605;1900;101901;1;Low
14606;37458;137459;3;Medium
14607;11326;111327;1;Medium
14608;12134;112135;2;High
14609;22836;122837;4;Medium
14610;8597;108598;4;Medium
14611;27516;127517;2;Medium
14612;35140;135141;3;High
14613;20161;120162;3;Medium
14614;28656;128657;1;Low
14615;1491;101492;0;Medium
14616;37364;137365;0;Low
14617;14504;114505;1;Medium
14618;17446;117447;4;Low
14619;17833;117834;2;Medium
14620;4520;104521;4;Low
14621;47922;147923;0;Medium
14622;25975;125976;1;High
14623;38147;138148;2;Medium
14624;38673;138674;4;Medium
14625;9196;109197;0;Medium
14626;3386;103387;2;Medium
14627;9830;109831;3;Low
14628;7320;107321;1;Low
14629;13710;113711;3;Medium
14630;17540;117541;1;Medium
14631;12527;112528;3;Medium
14632;41849;141850;4;Medium
14633;21515;121516;1;Medium
14634;38588;138589;1;Low
14635;8681;108682;4;Medium
14636;10768;110769;1;Low
14637;1770;101771;4;Low
14638;16585;116586;1;Low
14639;12130;112131;4;Medium
14640;47029;147030;3;Low
14641;17664;117665;1;Low
14642;41004;141005;3;Medium
14643;218;100219;0;Low
14644;1773;101774;1;Medium
14645;48041;148042;4;High
14646;9804;109805;1;Medium
14647;25588;125589;0;Medium
14648;41726;141727;4;Medium
14649;3919;103920;3;Medium
14650;41950;141951;0;Low
14651;10332;110333;4;Low
14652;8160;108161;3;Medium
14653;3051;103052;0;Low
14654;46500;146501;2;Low
14655;37096;137097;3;High
14656;20742;120743;3;Medium
14657;11876;111877;2;Low
14658;20901;120902;2;Medium
14659;45705;145706;0;Low
14660;45642;145643;1;Medium
14661;22448;122449;4;Medium
14662;19633;119634;2;Low
14663;18898;118899;2;High
14664;42362;142363;3;High
14665;48704;148705;2;Medium
14666;34384;134385;4;Medium
14667;35145;135146;0;Medium
14668;25814;125815;0;High
14669;3660;103661;1;Medium
14670;9887;109888;3;Medium
14671;4093;104094;4;Medium
14672;28180;128181;3;Medium
14673;31182;131183;2;High
14674;31978;131979;2;High
14675;16297;116298;3;Medium
14676;180;100181;3;High
14677;33622;133623;0;Medium
14678;34403;134404;3;High
14679;7929;107930;4;High
14680;47788;147789;0;High
14681;5596;105597;4;Low
14682;13237;113238;2;High
14683;30187;130188;1;Low
14684;6016;106017;0;High
14685;11745;111746;4;Medium
14686;22211;122212;2;Medium
14687;6663;106664;2;High
14688;46564;146565;3;Low
14689;46148;146149;1;Low
14690;41255;141256;0;Low
14691;25987;125988;1;Low
14692;28390;128391;2;High
14693;48685;148686;2;Medium
14694;29079;129080;3;Low
14695;40126;140127;2;High
14696;1581;101582;4;Medium
14697;11737;111738;2;Medium
14698;33944;133945;0;High
14699;42268;142269;0;Low
14700;43589;143590;2;High
14701;37993;137994;4;Low
14702;19988;119989;2;Medium
14703;40881;140882;2;Low
14704;49152;149153;3;High
14705;37507;137508;4;Medium
14706;31987;131988;0;Low
14707;28958;128959;1;Medium
14708;44919;144920;4;Medium
14709;29848;129849;1;High
14710;27583;127584;1;High
14711;47270;147271;0;Low
14712;32664;132665;4;High
14713;4013;104014;2;High
14714;43744;143745;3;Medium
14715;24788;124789;4;Medium
14716;45841;145842;1;Low
14717;36177;136178;1;Medium
14718;7850;107851;4;Low
14719;35118;135119;2;High
14720;46992;146993;0;High
14721;7931;107932;0;Medium
14722;4646;104647;0;High
14723;6384;106385;4;Medium
14724;32727;132728;0;High
14725;32055;132056;1;Low
14726;14372;114373;4;Medium
14727;5315;105316;3;Medium
14728;17311;117312;4;High
14729;4399;104400;3;Medium
14730;22091;122092;4;High
14731;6128;106129;1;High
14732;34970;134971;3;High
14733;43454;143455;1;Low
14734;33064;133065;0;High
14735;20066;120067;0;Medium
14736;2675;102676;0;Medium
14737;20393;120394;3;Medium
14738;25247;125248;3;Medium
14739;43818;143819;0;Low
14740;12856;112857;3;Medium
14741;44642;144643;0;High
14742;2706;102707;1;High
14743;22333;122334;4;Medium
14744;37276;137277;2;Medium
14745;10284;110285;0;Medium
14746;10638;110639;1;Medium
14747;39749;139750;2;Medium
14748;3889;103890;3;Low
14749;24494;124495;2;Medium
14750;46143;146144;1;Low
14751;13109;113110;2;Low
14752;14873;114874;1;High
14753;665;100666;4;Medium
14754;12772;112773;1;Medium
14755;30038;130039;0;Medium
14756;34456;134457;0;Low
14757;22064;122065;4;Medium
14758;17822;117823;3;High
14759;13729;113730;0;Medium
14760;9694;109695;1;Medium
14761;21068;121069;2;Medium
14762;31275;131276;4;High
14763;41502;141503;4;High
14764;26037;126038;2;Low
14765;19605;119606;1;Medium
14766;4634;104635;3;Medium
14767;2609;102610;0;Low
14768;9363;109364;3;Low
14769;47228;147229;4;High
14770;23912;123913;4;Low
14771;22586;122587;2;Medium
14772;32214;132215;2;Low
14773;35425;135426;0;Low
14774;29779;129780;0;High
14775;24759;124760;1;Medium
14776;43522;143523;4;Low
14777;10651;110652;1;Medium
14778;37706;137707;0;Medium
14779;28901;128902;1;Low
14780;34637;134638;1;Medium
14781;7367;107368;1;Low
14782;30098;130099;4;Low
14783;2521;102522;0;Medium
14784;27141;127142;4;Medium
14785;32547;132548;3;Medium
14786;43927;143928;4;Low
14787;39787;139788;0;Medium
14788;3018;103019;3;Low
14789;45490;145491;4;Low
14790;16288;116289;2;High
14791;21930;121931;4;High
14792;47806;147807;3;Medium
14793;20314;120315;0;Low
14794;45241;145242;1;Low
14795;646;100647;1;High
14796;31674;131675;2;Low
14797;8304;108305;4;Low
14798;6752;106753;3;Low
14799;9602;109603;0;Medium
14800;29891;129892;1;Low
14801;40831;140832;2;Low
14802;18993;118994;1;High
14803;43672;143673;3;High
14804;11404;111405;0;Low
14805;14636;114637;4;Low
14806;30739;130740;0;High
14807;13911;113912;4;Low
14808;42142;142143;1;Low
14809;2585;102586;2;Medium
14810;9939;109940;1;Medium
14811;8879;108880;2;Low
14812;21849;121850;1;Medium
14813;37498;137499;0;High
14814;6152;106153;2;High
14815;25012;125013;0;Medium
14816;48549;148550;1;High
14817;14046;114047;1;Low
14818;26678;126679;4;Medium
14819;26687;126688;4;Medium
14820;28408;128409;2;High
14821;37823;137824;4;Medium
14822;34057;134058;2;High
14823;41070;141071;4;High
14824;49943;149944;1;High
14825;48777;148778;2;Low
14826;5257;105258;4;High
14827;38448;138449;2;Low
14828;20930;120931;0;Low
14829;46000;146001;1;High
14830;14819;114820;2;Low
14831;1967;101968;1;Low
14832;40046;140047;3;Medium
14833;20964;120965;3;High
14834;6481;106482;1;Medium
14835;27919;127920;3;Low
14836;49935;149936;1;High
14837;35620;135621;4;Medium
14838;19392;119393;1;Low
14839;22295;122296;3;High
14840;2392;102393;3;High
14841;10820;110821;3;Low
14842;2100;102101;0;Medium
14843;2431;102432;2;Medium
14844;35998;135999;4;High
14845;30915;130916;4;Medium
14846;5022;105023;1;Low
14847;14105;114106;3;High
14848;42743;142744;3;Medium
14849;3895;103896;2;Medium
14850;49180;149181;3;Medium
14851;20859;120860;3;Medium
14852;32034;132035;0;Low
14853;28595;128596;4;Medium
14854;10168;110169;1;Low
14855;37855;137856;0;Medium
14856;40943;140944;1;Low
14857;11440;111441;3;Medium
14858;43882;143883;0;Low
14859;8948;108949;1;Medium
14860;25871;125872;2;Low
14861;8439;108440;4;Medium
14862;1021;101022;0;Low
14863;44244;144245;4;Medium
14864;27472;127473;1;Low
14865;20657;120658;2;Medium
14866;14376;114377;2;Medium
14867;4625;104626;4;Low
14868;34944;134945;4;Low
14869;19140;119141;3;High
14870;23186;123187;3;Medium
14871;45022;145023;4;Medium
14872;2205;102206;4;High
14873;48600;148601;1;High
14874;39959;139960;0;Low
14875;29917;129918;0;Medium
14876;19122;119123;2;High
14877;27600;127601;0;High
14878;24232;124233;2;High
14879;39358;139359;2;High
14880;5259;105260;3;Low
14881;36017;136018;3;Medium
14882;42732;142733;3;Low
14883;12781;112782;1;High
14884;19163;119164;0;Medium
14885;36434;136435;1;High
14886;6932;106933;3;Medium
14887;21141;121142;2;High
14888;27713;127714;2;High
14889;10370;110371;4;Low
14890;24190;124191;0;High
14891;7951;107952;1;Low
14892;18637;118638;4;Medium
14893;12578;112579;4;Medium
14894;18897;118898;3;Low
14895;25044;125045;0;High
14896;39102;139103;2;Medium
14897;27980;127981;2;Medium
14898;2623;102624;2;Medium
14899;11196;111197;3;Low
14900;27143;127144;3;High
14901;13175;113176;1;Medium
14902;14725;114726;0;Medium
14903;46129;146130;2;Medium
14904;27718;127719;3;Low
14905;26262;126263;4;Medium
14906;3423;103424;0;Medium
14907;45565;145566;3;Medium
14908;33183;133184;3;High
14909;19883;119884;4;Medium
14910;18948;118949;2;Low
14911;35028;135029;4;Low
14912;24920;124921;2;Medium
14913;23663;123664;0;Low
14914;16865;116866;4;Low
14915;7087;107088;4;Low
14916;24504;124505;1;Medium
14917;49569;149570;4;Medium
14918;18547;118548;0;Medium
14919;30582;130583;2;Medium
14920;16462;116463;0;Medium
14921;34203;134204;0;Medium
14922;3715;103716;3;High
14923;30872;130873;2;Medium
14924;17709;117710;4;High
14925;21631;121632;1;Low
14926;17804;117805;3;Low
14927;16115;116116;3;Low
14928;39413;139414;4;Medium
14929;34380;134381;1;Low
14930;25374;125375;0;Medium
14931;2647;102648;0;Medium
14932;5425;105426;1;Medium
14933;11585;111586;4;Medium
14934;6251;106252;2;Low
14935;1669;101670;4;Medium
14936;23631;123632;0;High
14937;17567;117568;1;Medium
14938;23752;123753;4;Low
14939;21926;121927;3;Low
14940;20942;120943;0;Medium
14941;225;100226;2;Medium
14942;9088;109089;0;Medium
14943;16233;116234;1;Medium
14944;38506;138507;1;Low
14945;49757;149758;0;Medium
14946;32076;132077;4;Medium
14947;30627;130628;0;Low
14948;48152;148153;4;High
14949;2690;102691;3;Medium
14950;38789;138790;1;Low
14951;39508;139509;2;Low
14952;43209;143210;0;Low
14953;25345;125346;0;High
14954;1454;101455;1;High
14955;32285;132286;4;High
14956;37940;137941;4;High
14957;19489;119490;4;Medium
14958;46121;146122;3;Medium
14959;23604;123605;2;High
14960;3231;103232;1;Low
14961;41127;141128;1;Low
14962;13532;113533;2;High
14963;21110;121111;1;Medium
14964;15140;115141;4;Low
14965;4278;104279;1;Medium
14966;26793;126794;4;Medium
14967;7724;107725;1;Medium
14968;15173;115174;4;High
14969;34052;134053;4;Medium
14970;14492;114493;0;High
14971;31488;131489;3;Medium
14972;32406;132407;1;High
14973;33305;133306;1;Medium
14974;20259;120260;4;Medium
14975;31245;131246;2;High
14976;19190;119191;1;Medium
14977;19844;119845;0;High
14978;49847;149848;3;Medium
14979;34312;134313;0;Low
14980;48429;148430;4;Low
14981;47647;147648;4;Medium
14982;40445;140446;2;Low
14983;8144;108145;3;Medium
14984;47116;147117;3;High
14985;6572;106573;3;Low
14986;41539;141540;3;Medium
14987;23574;123575;0;Low
14988;23527;123528;0;Medium
14989;23079;123080;0;Medium
14990;3183;103184;0;High
14991;36226;136227;0;Low
14992;29565;129566;2;Medium
14993;3335;103336;4;Medium
14994;16604;116605;3;High
14995;32881;132882;1;Medium
14996;679;100680;0;High
14997;23481;123482;3;High
14998;12944;112945;1;High
14999;18236;118237;1;Medium
15000;26743;126744;0;Low
15001;6532;106533;2;Medium
15002;40035;140036;4;Low
15003;22451;122452;0;High
15004;41936;141937;2;High
15005;13648;113649;0;Low
15006;11173;111174;0;Medium
15007;26377;126378;0;High
15008;41395;141396;3;Low
15009;16223;116224;1;High
15010;3551;103552;1;High
15011;1645;101646;4;High
15012;7423;107424;1;High
15013;6768;106769;0;Medium
15014;15908;115909;2;Medium
15015;19311;119312;2;Medium
15016;36799;136800;0;High
15017;15630;115631;3;Medium
15018;23727;123728;3;High
15019;22679;122680;0;Low
15020;9984;109985;1;Medium
15021;16968;116969;1;Low
15022;41422;141423;3;Medium
15023;36797;136798;1;Medium
15024;17281;117282;3;Medium
15025;47838;147839;1;High
15026;26858;126859;1;Medium
15027;26031;126032;4;Low
15028;48257;148258;3;Low
15029;47527;147528;2;High
15030;6315;106316;2;High
15031;3679;103680;0;Medium
15032;24674;124675;4;Medium
15033;15997;115998;0;Medium
15034;46262;146263;2;High
15035;44797;144798;3;Low
15036;31461;131462;0;Medium
15037;44902;144903;2;Medium
15038;38322;138323;1;Low
15039;12802;112803;4;High
15040;31728;131729;3;Medium
15041;27076;127077;1;High
15042;38739;138740;2;High
15043;44750;144751;0;Low
15044;24994;124995;3;High
15045;88;100089;1;High
15046;13505;113506;0;Medium
15047;27621;127622;2;High
15048;49488;149489;2;Medium
15049;30415;130416;3;Medium
15050;8884;108885;4;Medium
15051;27914;127915;1;Medium
15052;31939;131940;4;Medium
15053;30044;130045;1;Medium
15054;22917;122918;4;Low
15055;15209;115210;0;Medium
15056;32813;132814;1;Low
15057;9562;109563;1;High
15058;43625;143626;3;Medium
15059;26995;126996;4;Low
15060;19968;119969;0;Low
15061;7944;107945;1;Low
15062;7771;107772;4;Low
15063;13169;113170;2;High
15064;40730;140731;1;Medium
15065;43239;143240;3;Medium
15066;8062;108063;0;Low
15067;24605;124606;1;Medium
15068;21250;121251;4;Medium
15069;8342;108343;2;Medium
15070;1256;101257;2;Low
15071;12886;112887;0;Medium
15072;24350;124351;2;Medium
15073;41873;141874;3;Low
15074;42201;142202;0;Medium
15075;26562;126563;1;Medium
15076;22482;122483;2;Medium
15077;7129;107130;0;Medium
15078;21790;121791;2;Low
15079;7145;107146;2;Low
15080;9228;109229;3;High
15081;5295;105296;3;High
15082;30342;130343;3;Medium
15083;16678;116679;4;High
15084;30177;130178;1;Low
15085;10267;110268;0;Low
15086;15349;115350;2;Medium
15087;43020;143021;3;Medium
15088;16245;116246;0;Low
15089;43782;143783;3;High
15090;4999;105000;0;Low
15091;12086;112087;4;Low
15092;41186;141187;4;Medium
15093;32653;132654;3;Medium
15094;16430;116431;1;Low
15095;23140;123141;2;High
15096;38113;138114;4;Medium
15097;26524;126525;0;High
15098;6294;106295;1;Low
15099;18324;118325;0;Low
15100;47785;147786;4;High
15101;30998;130999;0;Low
15102;3830;103831;2;Low
15103;49335;149336;0;Medium
15104;19423;119424;3;Medium
15105;29170;129171;0;Low
15106;4261;104262;2;Low
15107;7060;107061;4;High
15108;35929;135930;2;Low
15109;27455;127456;3;Low
15110;43089;143090;1;Medium
15111;19892;119893;3;Medium
15112;10813;110814;0;Medium
15113;17415;117416;0;Medium
15114;39540;139541;0;Low
15115;28270;128271;1;High
15116;28450;128451;3;Medium
15117;16717;116718;3;High
15118;16878;116879;3;Medium
15119;17249;117250;1;Low
15120;14349;114350;1;High
15121;48440;148441;4;Medium
15122;3777;103778;0;Low
15123;4202;104203;0;Medium
15124;27635;127636;0;Medium
15125;25427;125428;1;Low
15126;18160;118161;0;Medium
15127;21161;121162;0;High
15128;30314;130315;3;Medium
15129;39308;139309;0;High
15130;7897;107898;0;Medium
15131;13016;113017;4;Low
15132;1082;101083;4;High
15133;35149;135150;2;High
15134;24229;124230;1;Medium
15135;31817;131818;4;Low
15136;34913;134914;0;High
15137;5728;105729;0;Low
15138;9770;109771;3;Low
15139;47157;147158;0;Medium
15140;2376;102377;1;Medium
15141;46956;146957;0;Low
15142;38225;138226;2;Medium
15143;9349;109350;2;High
15144;19579;119580;4;High
15145;8198;108199;2;Low
15146;15629;115630;3;Medium
15147;34533;134534;2;Low
15148;41504;141505;0;High
15149;15019;115020;3;Medium
15150;15477;115478;3;Low
15151;26874;126875;1;High
15152;35071;135072;2;Low
15153;18954;118955;3;High
15154;10347;110348;2;Low
15155;49195;149196;0;Low
15156;49537;149538;0;Low
15157;28579;128580;1;Low
15158;17952;117953;0;Medium
15159;2026;102027;2;Low
15160;25586;125587;2;Medium
15161;5672;105673;4;High
15162;42705;142706;4;Medium
15163;18417;118418;0;High
15164;33874;133875;2;Medium
15165;4516;104517;3;Low
15166;685;100686;0;Medium
15167;14724;114725;2;Medium
15168;13302;113303;4;Low
15169;371;100372;1;Low
15170;11565;111566;4;Medium
15171;24242;124243;2;Low
15172;30873;130874;1;Medium
15173;8159;108160;2;Medium
15174;34465;134466;2;Low
15175;41170;141171;2;Low
15176;35233;135234;2;Low
15177;42465;142466;1;Low
15178;36843;136844;3;Low
15179;31625;131626;0;Low
15180;39340;139341;4;Medium
15181;10735;110736;1;Low
15182;12607;112608;4;High
15183;4016;104017;2;High
15184;33540;133541;0;Medium
15185;17083;117084;2;High
15186;35283;135284;3;High
15187;9931;109932;1;Low
15188;27393;127394;1;Medium
15189;31955;131956;0;Medium
15190;13533;113534;0;Medium
15191;10160;110161;0;Low
15192;48607;148608;0;Medium
15193;25162;125163;4;High
15194;17535;117536;1;Low
15195;14428;114429;1;Low
15196;48179;148180;0;Medium
15197;8851;108852;0;Low
15198;14964;114965;2;Low
15199;24132;124133;4;Low
15200;21287;121288;2;Medium
15201;43808;143809;2;Medium
15202;32162;132163;4;Medium
15203;1222;101223;2;High
15204;29289;129290;1;Low
15205;38947;138948;3;Low
15206;37591;137592;4;Low
15207;19912;119913;4;High
15208;11278;111279;4;Medium
15209;26093;126094;3;Low
15210;10366;110367;4;Medium
15211;24184;124185;1;High
15212;28664;128665;1;Medium
15213;14312;114313;4;High
15214;6007;106008;0;Low
15215;27653;127654;4;Low
15216;28525;128526;1;Low
15217;20226;120227;1;Medium
15218;34141;134142;4;Low
15219;38065;138066;4;Low
15220;13941;113942;3;Medium
15221;29435;129436;4;Medium
15222;22269;122270;2;Medium
15223;25939;125940;3;Medium
15224;8442;108443;0;High
15225;37229;137230;1;Medium
15226;45986;145987;3;Low
15227;44605;144606;2;Low
15228;47846;147847;1;Low
15229;2982;102983;3;Low
15230;21897;121898;0;Low
15231;16404;116405;3;Low
15232;36107;136108;3;High
15233;11613;111614;2;Medium
15234;41938;141939;3;Low
15235;39271;139272;4;Medium
15236;14260;114261;3;High
15237;26443;126444;1;Low
15238;49772;149773;0;Low
15239;36615;136616;4;Medium
15240;1952;101953;1;High
15241;42516;142517;2;High
15242;32077;132078;0;High
15243;4912;104913;2;Medium
15244;28880;128881;3;Low
15245;2261;102262;1;Low
15246;6295;106296;2;Low
15247;35380;135381;2;Medium
15248;32059;132060;2;Low
15249;45051;145052;0;Low
15250;21100;121101;0;High
15251;47914;147915;0;Low
15252;32995;132996;1;Low
15253;21217;121218;3;Medium
15254;16300;116301;4;Medium
15255;27464;127465;0;High
15256;19630;119631;0;Low
15257;32018;132019;1;Medium
15258;45300;145301;1;Low
15259;33909;133910;0;High
15260;3533;103534;0;High
15261;49725;149726;1;Low
15262;11931;111932;1;Low
15263;11993;111994;3;Low
15264;139;100140;3;Low
15265;24409;124410;3;High
15266;14882;114883;4;High
15267;22187;122188;4;Low
15268;821;100822;4;High
15269;29228;129229;4;High
15270;5390;105391;0;Medium
15271;11864;111865;3;High
15272;17973;117974;0;High
15273;45645;145646;0;High
15274;31140;131141;0;Medium
15275;31293;131294;3;Medium
15276;30903;130904;4;Low
15277;48144;148145;4;High
15278;45280;145281;2;Medium
15279;2388;102389;1;Low
15280;38029;138030;3;Medium
15281;23644;123645;1;Low
15282;47520;147521;4;Low
15283;46448;146449;2;Low
15284;43240;143241;0;Medium
15285;38918;138919;1;High
15286;17277;117278;2;High
15287;44612;144613;2;High
15288;1124;101125;2;Medium
15289;32392;132393;4;Low
15290;30570;130571;2;Low
15291;29077;129078;3;Low
15292;7157;107158;4;Low
15293;7481;107482;2;Low
15294;33496;133497;4;Low
15295;18154;118155;1;Medium
15296;2;100003;3;Medium
15297;16417;116418;4;Medium
15298;41243;141244;4;Low
15299;26047;126048;0;Medium
15300;22016;122017;0;Medium
15301;5080;105081;1;Medium
15302;6156;106157;1;Medium
15303;31505;131506;4;Medium
15304;39402;139403;0;Medium
15305;36594;136595;2;High
15306;34234;134235;1;Medium
15307;20530;120531;3;High
15308;8892;108893;4;Low
15309;11728;111729;4;Low
15310;46958;146959;1;Medium
15311;3652;103653;1;Low
15312;1084;101085;0;High
15313;38487;138488;1;High
15314;16103;116104;2;Low
15315;49426;149427;4;High
15316;15675;115676;4;Medium
15317;49564;149565;2;High
15318;23285;123286;3;Low
15319;25932;125933;4;High
15320;33525;133526;4;Low
15321;41980;141981;2;Medium
15322;30965;130966;1;Medium
15323;26241;126242;2;Medium
15324;48437;148438;2;Low
15325;40596;140597;4;Low
15326;16932;116933;0;High
15327;34773;134774;2;Low
15328;27223;127224;0;Low
15329;14809;114810;0;Medium
15330;31599;131600;0;Medium
15331;41380;141381;0;Medium
15332;16459;116460;4;Medium
15333;4823;104824;3;High
15334;22722;122723;4;Medium
15335;38767;138768;0;Medium
15336;40436;140437;3;Medium
15337;32464;132465;3;Low
15338;34167;134168;4;Medium
15339;8069;108070;4;High
15340;24214;124215;3;Low
15341;14330;114331;2;Medium
15342;8175;108176;0;High
15343;31300;131301;4;Medium
15344;33422;133423;2;Medium
15345;38579;138580;2;Medium
15346;19446;119447;4;Medium
15347;49031;149032;0;Medium
15348;43815;143816;4;Low
15349;22243;122244;3;Low
15350;40197;140198;2;Medium
15351;39338;139339;3;Low
15352;29110;129111;0;High
15353;24420;124421;2;Medium
15354;41953;141954;3;High
15355;39354;139355;0;High
15356;7960;107961;4;Low
15357;12493;112494;3;Low
15358;12574;112575;2;Medium
15359;13639;113640;2;Medium
15360;23031;123032;3;High
15361;2253;102254;4;Medium
15362;12502;112503;2;Low
15363;18395;118396;2;Low
15364;14374;114375;3;Medium
15365;4528;104529;4;Medium
15366;14794;114795;1;High
15367;40277;140278;4;Low
15368;14681;114682;0;Medium
15369;38832;138833;0;Medium
15370;41426;141427;2;Medium
15371;6694;106695;1;High
15372;32253;132254;0;Medium
15373;41365;141366;3;Medium
15374;37670;137671;2;Low
15375;4825;104826;4;Low
15376;4138;104139;1;Medium
15377;44929;144930;0;Low
15378;32837;132838;1;Medium
15379;31105;131106;4;High
15380;4622;104623;0;Medium
15381;29959;129960;4;Low
15382;21183;121184;4;Low
15383;16961;116962;3;High
15384;2674;102675;2;Medium
15385;40652;140653;0;Medium
15386;49574;149575;1;High
15387;14688;114689;3;High
15388;10592;110593;3;Low
15389;1702;101703;2;Medium
15390;16000;116001;4;Medium
15391;15043;115044;2;Medium
15392;45129;145130;0;Low
15393;18596;118597;4;Medium
15394;13131;113132;3;High
15395;16840;116841;1;Medium
15396;22791;122792;3;High
15397;7332;107333;2;Medium
15398;35953;135954;3;Low
15399;24628;124629;2;Medium
15400;45617;145618;0;Low
15401;38749;138750;3;Low
15402;46407;146408;2;Low
15403;49784;149785;3;Low
15404;20014;120015;0;Medium
15405;38778;138779;3;Medium
15406;910;100911;4;High
15407;19037;119038;2;Medium
15408;2351;102352;4;High
15409;30567;130568;1;High
15410;35505;135506;4;Medium
15411;6140;106141;3;Medium
15412;14166;114167;3;Medium
15413;37597;137598;1;Low
15414;8503;108504;1;High
15415;28705;128706;1;Low
15416;6057;106058;2;High
15417;41940;141941;2;High
15418;34448;134449;2;High
15419;25717;125718;3;Medium
15420;8452;108453;4;Low
15421;43494;143495;0;Medium
15422;7877;107878;4;Low
15423;34563;134564;1;Medium
15424;19390;119391;4;Low
15425;33151;133152;2;High
15426;23046;123047;1;Medium
15427;33320;133321;0;High
15428;5902;105903;4;Medium
15429;40388;140389;1;High
15430;36142;136143;1;Low
15431;31661;131662;4;Medium
15432;38175;138176;0;Low
15433;30883;130884;0;Low
15434;21286;121287;4;High
15435;35476;135477;3;Medium
15436;21369;121370;4;Low
15437;43044;143045;4;Medium
15438;3823;103824;0;Medium
15439;20698;120699;2;Low
15440;32114;132115;1;Low
15441;998;100999;3;High
15442;32382;132383;2;Medium
15443;45347;145348;0;Medium
15444;45143;145144;1;Low
15445;33717;133718;4;High
15446;42044;142045;0;Medium
15447;9201;109202;2;Medium
15448;44648;144649;2;High
15449;43581;143582;1;Low
15450;1226;101227;0;Medium
15451;26567;126568;4;Low
15452;734;100735;4;Low
15453;41671;141672;2;Medium
15454;31242;131243;0;High
15455;43971;143972;1;Medium
15456;12148;112149;3;High
15457;7534;107535;4;Low
15458;12791;112792;3;Medium
15459;2070;102071;1;Medium
15460;48123;148124;1;Medium
15461;32941;132942;0;Medium
15462;47109;147110;4;High
15463;12063;112064;3;Medium
15464;15993;115994;2;Medium
15465;40774;140775;1;Medium
15466;32947;132948;1;Medium
15467;39177;139178;3;Low
15468;6675;106676;2;Medium
15469;9348;109349;1;Low
15470;30082;130083;1;Medium
15471;16490;116491;3;High
15472;20950;120951;4;Low
15473;43715;143716;3;Low
15474;43442;143443;4;Low
15475;38158;138159;1;High
15476;20249;120250;4;High
15477;48811;148812;3;Low
15478;44608;144609;4;High
15479;14197;114198;0;High
15480;33701;133702;4;Medium
15481;13774;113775;0;Medium
15482;10882;110883;3;Medium
15483;19003;119004;4;Medium
15484;43250;143251;1;Low
15485;40255;140256;2;Medium
15486;47700;147701;1;Low
15487;23279;123280;3;Medium
15488;44555;144556;2;High
15489;37260;137261;3;High
15490;22030;122031;0;Low
15491;37322;137323;1;High
15492;26220;126221;1;Low
15493;26150;126151;4;Medium
15494;20570;120571;2;Low
15495;14517;114518;2;Low
15496;34496;134497;0;Medium
15497;30203;130204;2;Medium
15498;35613;135614;0;High
15499;46751;146752;0;High
15500;26606;126607;0;Medium
15501;18820;118821;4;High
15502;32340;132341;3;Medium
15503;25771;125772;4;Low
15504;1657;101658;1;High
15505;7098;107099;0;Medium
15506;44962;144963;1;Medium
15507;16318;116319;0;Medium
15508;44587;144588;3;Medium
15509;28893;128894;4;Medium
15510;8383;108384;0;Low
15511;8764;108765;4;High
15512;28208;128209;4;High
15513;9722;109723;2;Medium
15514;33751;133752;0;Medium
15515;31498;131499;2;Low
15516;29875;129876;1;Medium
15517;19100;119101;0;High
15518;18268;118269;4;Medium
15519;14377;114378;0;High
15520;40372;140373;0;Low
15521;3983;103984;0;High
15522;20533;120534;3;Low
15523;17690;117691;4;High
15524;38814;138815;1;Low
15525;48779;148780;4;High
15526;34983;134984;2;High
15527;3744;103745;4;Low
15528;33022;133023;2;Low
15529;790;100791;2;Medium
15530;44250;144251;4;Low
15531;38551;138552;3;Low
15532;14640;114641;1;Low
15533;48759;148760;4;Medium
15534;4790;104791;1;High
15535;10316;110317;4;High
15536;27539;127540;1;Medium
15537;7993;107994;3;Low
15538;1988;101989;0;Low
15539;11203;111204;1;Low
15540;37976;137977;2;High
15541;5237;105238;3;Medium
15542;14816;114817;0;Medium
15543;48860;148861;4;Medium
15544;44953;144954;4;Medium
15545;15436;115437;0;Low
15546;33853;133854;2;Medium
15547;10044;110045;0;Low
15548;32987;132988;4;Medium
15549;24061;124062;1;Medium
15550;49993;149994;0;High
15551;16301;116302;0;Low
15552;39529;139530;0;Medium
15553;33523;133524;0;High
15554;30077;130078;4;High
15555;39590;139591;0;Low
15556;28584;128585;0;Low
15557;17260;117261;3;High
15558;25529;125530;3;Low
15559;21634;121635;3;Medium
15560;20124;120125;4;High
15561;30716;130717;4;Medium
15562;39490;139491;0;Medium
15563;15821;115822;0;Medium
15564;47129;147130;2;Medium
15565;41547;141548;3;High
15566;28757;128758;4;Low
15567;28466;128467;3;Low
15568;1676;101677;3;High
15569;34897;134898;0;Medium
15570;12530;112531;2;Low
15571;19715;119716;2;High
15572;35915;135916;1;Low
15573;9376;109377;1;High
15574;27639;127640;4;High
15575;18568;118569;0;Medium
15576;39862;139863;2;Medium
15577;226;100227;4;Low
15578;20814;120815;2;Low
15579;47487;147488;4;Medium
15580;15945;115946;1;High
15581;42775;142776;2;Low
15582;26546;126547;2;Medium
15583;31554;131555;3;High
15584;3618;103619;3;Medium
15585;22802;122803;3;Medium
15586;38833;138834;3;Low
15587;29200;129201;2;High
15588;28978;128979;3;Low
15589;27070;127071;0;Low
15590;37889;137890;4;Medium
15591;24135;124136;1;Medium
15592;24952;124953;3;High
15593;29120;129121;3;Medium
15594;48542;148543;4;High
15595;28199;128200;3;Low
15596;46777;146778;0;Medium
15597;5153;105154;2;Low
15598;18050;118051;1;High
15599;27290;127291;0;Medium
15600;20174;120175;4;High
15601;26018;126019;1;High
15602;47088;147089;0;Low
15603;38254;138255;0;Low
15604;28861;128862;2;Low
15605;39962;139963;1;Medium
15606;17734;117735;0;High
15607;2933;102934;4;Medium
15608;10846;110847;1;High
15609;33036;133037;0;Low
15610;17359;117360;2;Low
15611;617;100618;2;High
15612;41842;141843;2;High
15613;17196;117197;2;High
15614;35867;135868;1;Medium
15615;26577;126578;2;High
15616;19901;119902;4;Medium
15617;2607;102608;2;Medium
15618;20784;120785;0;Low
15619;47681;147682;1;Medium
15620;3362;103363;2;Low
15621;45494;145495;2;High
15622;24213;124214;0;Medium
15623;9682;109683;4;Medium
15624;41588;141589;4;Low
15625;17975;117976;0;Medium
15626;28350;128351;1;Medium
15627;19814;119815;2;High
15628;6860;106861;1;Low
15629;48140;148141;2;High
15630;34621;134622;3;Medium
15631;13407;113408;4;Low
15632;24202;124203;3;Low
15633;8866;108867;4;Medium
15634;12240;112241;1;Low
15635;26720;126721;1;Medium
15636;36065;136066;4;Low
15637;33280;133281;2;Low
15638;45802;145803;3;Medium
15639;24670;124671;3;Medium
15640;44122;144123;4;Low
15641;3785;103786;4;Low
15642;23093;123094;1;Low
15643;20494;120495;1;Low
15644;38462;138463;1;Low
15645;32264;132265;3;High
15646;24764;124765;2;High
15647;1908;101909;0;Low
15648;43519;143520;2;Medium
15649;21306;121307;0;High
15650;2199;102200;0;Medium
15651;20948;120949;0;High
15652;14623;114624;2;Low
15653;31676;131677;1;Medium
15654;44458;144459;1;High
15655;4803;104804;2;High
15656;38954;138955;2;Low
15657;31716;131717;3;Low
15658;46406;146407;0;Medium
15659;36407;136408;0;Low
15660;3243;103244;0;Medium
15661;1356;101357;1;Low
15662;16874;116875;2;Low
15663;38848;138849;2;Medium
15664;43554;143555;4;High
15665;8296;108297;4;Medium
15666;869;100870;3;Low
15667;36922;136923;3;Medium
15668;5594;105595;1;High
15669;42381;142382;3;High
15670;45432;145433;0;Low
15671;32135;132136;3;High
15672;3417;103418;0;Medium
15673;15057;115058;4;Medium
15674;48973;148974;2;High
15675;31253;131254;2;High
15676;5006;105007;0;High
15677;35988;135989;2;Medium
15678;19981;119982;0;Medium
15679;30371;130372;3;Low
15680;49034;149035;0;Medium
15681;39300;139301;0;High
15682;32065;132066;0;Low
15683;25118;125119;1;High
15684;8110;108111;2;Low
15685;44791;144792;1;Medium
15686;41560;141561;3;Medium
15687;17114;117115;4;Medium
15688;62;100063;0;High
15689;43047;143048;4;Low
15690;40324;140325;3;Medium
15691;35902;135903;1;Medium
15692;28841;128842;0;Medium
15693;1945;101946;0;Low
15694;38442;138443;0;High
15695;48891;148892;3;Low
15696;34859;134860;0;Low
15697;41967;141968;1;Medium
15698;38910;138911;0;Low
15699;37861;137862;2;High
15700;32706;132707;1;High
15701;916;100917;2;Medium
15702;38463;138464;1;Low
15703;11897;111898;4;Low
15704;28263;128264;2;Medium
15705;28675;128676;4;Medium
15706;5705;105706;3;Medium
15707;27222;127223;0;Low
15708;18087;118088;4;Medium
15709;32738;132739;1;Medium
15710;5727;105728;2;High
15711;8116;108117;1;High
15712;905;100906;0;Medium
15713;38267;138268;4;High
15714;16886;116887;0;Medium
15715;26142;126143;2;Medium
15716;9999;110000;4;Low
15717;16555;116556;1;High
15718;10580;110581;1;Medium
15719;34930;134931;2;High
15720;29710;129711;3;Low
15721;11807;111808;1;Low
15722;39421;139422;2;Medium
15723;21252;121253;4;High
15724;622;100623;3;Low
15725;22110;122111;2;High
15726;33130;133131;4;Medium
15727;39616;139617;4;Medium
15728;49197;149198;0;Low
15729;19732;119733;2;Medium
15730;23421;123422;2;Low
15731;3640;103641;3;High
15732;1450;101451;2;High
15733;20584;120585;0;Medium
15734;15237;115238;1;Medium
15735;7202;107203;2;Medium
15736;21965;121966;4;Low
15737;22924;122925;4;Low
15738;43531;143532;4;Low
15739;46179;146180;2;Medium
15740;46941;146942;1;Medium
15741;4004;104005;1;Low
15742;34151;134152;4;High
15743;38687;138688;3;Low
15744;28969;128970;3;Low
15745;16342;116343;4;High
15746;11621;111622;0;Medium
15747;14983;114984;2;High
15748;22287;122288;1;Medium
15749;20786;120787;3;Medium
15750;48550;148551;2;Medium
15751;25317;125318;1;Low
15752;9641;109642;4;Medium
15753;34592;134593;1;Medium
15754;46493;146494;0;Low
15755;14572;114573;1;Medium
15756;1359;101360;1;Low
15757;34432;134433;2;Medium
15758;22216;122217;3;High
15759;40517;140518;4;Medium
15760;4020;104021;1;Medium
15761;44772;144773;1;Medium
15762;34967;134968;3;Low
15763;27080;127081;0;Low
15764;34436;134437;1;High
15765;30945;130946;0;Low
15766;5741;105742;0;Medium
15767;9425;109426;2;Low
15768;11310;111311;0;Low
15769;16387;116388;4;Low
15770;13521;113522;4;Low
15771;25005;125006;1;Low
15772;27894;127895;0;Low
15773;48920;148921;2;High
15774;40301;140302;0;Low
15775;31151;131152;2;Medium
15776;48409;148410;2;High
15777;25106;125107;2;Medium
15778;45390;145391;4;Medium
15779;47260;147261;4;High
15780;26051;126052;1;High
15781;21458;121459;4;Low
15782;43945;143946;0;Low
15783;32307;132308;0;Low
15784;38486;138487;2;High
15785;24853;124854;1;High
15786;5070;105071;4;Medium
15787;6023;106024;0;High
15788;3421;103422;2;High
15789;35962;135963;3;Medium
15790;11021;111022;2;High
15791;19356;119357;0;Medium
15792;23131;123132;0;Medium
15793;8969;108970;3;Medium
15794;20447;120448;4;Medium
15795;36865;136866;2;Medium
15796;10909;110910;4;Medium
15797;41387;141388;0;High
15798;49285;149286;1;Low
15799;7824;107825;2;Medium
15800;39947;139948;2;Medium
15801;10809;110810;2;High
15802;16816;116817;2;Low
15803;30765;130766;4;Low
15804;12296;112297;3;Low
15805;41347;141348;3;Low
15806;16633;116634;1;High
15807;6370;106371;1;Medium
15808;22081;122082;3;Low
15809;8397;108398;2;Low
15810;49640;149641;0;Medium
15811;48556;148557;4;High
15812;32697;132698;1;Low
15813;15762;115763;0;Medium
15814;6486;106487;2;Medium
15815;26682;126683;2;High
15816;23836;123837;3;Low
15817;14655;114656;3;Low
15818;32254;132255;1;High
15819;37211;137212;2;Medium
15820;169;100170;2;High
15821;15063;115064;4;Medium
15822;6108;106109;4;Medium
15823;25478;125479;4;Medium
15824;15345;115346;4;Medium
15825;11202;111203;4;High
15826;32505;132506;3;Medium
15827;45833;145834;4;Medium
15828;16726;116727;3;Low
15829;15828;115829;2;High
15830;23753;123754;1;Medium
15831;45773;145774;3;Low
15832;3508;103509;2;Medium
15833;42970;142971;3;Low
15834;14560;114561;4;Medium
15835;9505;109506;2;Medium
15836;48162;148163;2;Low
15837;10152;110153;4;Low
15838;39631;139632;1;Low
15839;29613;129614;1;Medium
15840;26399;126400;4;High
15841;13786;113787;3;High
15842;10769;110770;4;Medium
15843;32009;132010;4;High
15844;17467;117468;3;Medium
15845;47908;147909;3;Low
15846;43291;143292;1;Medium
15847;39157;139158;3;Low
15848;7667;107668;1;Low
15849;41716;141717;3;Medium
15850;1631;101632;4;Low
15851;41778;141779;4;Low
15852;15826;115827;2;High
15853;29973;129974;3;High
15854;42520;142521;3;Medium
15855;25017;125018;3;High
15856;17940;117941;2;Low
15857;2287;102288;0;High
15858;20149;120150;4;Medium
15859;18879;118880;3;Medium
15860;40888;140889;3;Low
15861;30586;130587;3;Medium
15862;11324;111325;4;Medium
15863;31626;131627;3;Medium
15864;31736;131737;2;Low
15865;5129;105130;2;Medium
15866;11947;111948;0;Medium
15867;9588;109589;4;Medium
15868;38268;138269;0;Medium
15869;9782;109783;1;Medium
15870;10648;110649;3;Low
15871;29486;129487;3;Medium
15872;48459;148460;4;Medium
15873;15466;115467;1;Low
15874;34741;134742;1;Medium
15875;8648;108649;4;Medium
15876;30525;130526;2;Low
15877;24608;124609;4;High
15878;28141;128142;1;Medium
15879;36780;136781;1;Medium
15880;42623;142624;0;Medium
15881;17961;117962;1;Low
15882;17720;117721;4;Low
15883;14367;114368;4;Medium
15884;40965;140966;3;High
15885;37961;137962;2;Medium
15886;32913;132914;1;Low
15887;12595;112596;3;High
15888;46867;146868;4;Low
15889;15548;115549;1;Low
15890;34175;134176;1;Medium
15891;20662;120663;1;Low
15892;28506;128507;2;Low
15893;44405;144406;1;Medium
15894;12375;112376;2;High
15895;9170;109171;2;Medium
15896;2146;102147;3;Medium
15897;17541;117542;4;Low
15898;19846;119847;2;Low
15899;49700;149701;1;Medium
15900;42469;142470;0;Medium
15901;28905;128906;2;Low
15902;44350;144351;2;Medium
15903;7130;107131;1;Medium
15904;24416;124417;3;Low
15905;36062;136063;1;Medium
15906;7275;107276;0;Medium
15907;23368;123369;3;High
15908;39208;139209;1;Medium
15909;26470;126471;3;Low
15910;10330;110331;3;Medium
15911;6185;106186;2;Medium
15912;16457;116458;4;Low
15913;11410;111411;3;Low
15914;32201;132202;2;Medium
15915;20151;120152;3;High
15916;35355;135356;1;Low
15917;47819;147820;3;High
15918;30526;130527;4;High
15919;35067;135068;1;Medium
15920;16211;116212;1;Low
15921;49793;149794;1;Medium
15922;21319;121320;0;Medium
15923;5677;105678;1;Medium
15924;25210;125211;2;Medium
15925;45161;145162;2;Low
15926;24297;124298;4;Low
15927;30607;130608;1;Medium
15928;42855;142856;0;Medium
15929;38496;138497;3;Medium
15930;6202;106203;2;Low
15931;19537;119538;2;Low
15932;49115;149116;0;Low
15933;5492;105493;4;Medium
15934;6270;106271;2;Low
15935;43746;143747;0;Medium
15936;7110;107111;3;Medium
15937;34156;134157;0;Medium
15938;39818;139819;4;Low
15939;27073;127074;3;Medium
15940;46053;146054;3;High
15941;18044;118045;3;Low
15942;17216;117217;3;Low
15943;31038;131039;3;Low
15944;32882;132883;1;Medium
15945;22090;122091;2;Low
15946;48029;148030;0;Medium
15947;33643;133644;4;High
15948;33381;133382;0;Medium
15949;21527;121528;1;Low
15950;39777;139778;4;Low
15951;21112;121113;2;Medium
15952;31891;131892;1;High
15953;23512;123513;2;Low
15954;24410;124411;3;High
15955;38014;138015;3;High
15956;41963;141964;1;Medium
15957;44364;144365;1;Low
15958;48807;148808;0;Medium
15959;33293;133294;2;Medium
15960;43541;143542;3;Low
15961;31627;131628;4;High
15962;20982;120983;3;Low
15963;18132;118133;3;Low
15964;40956;140957;0;Medium
15965;3094;103095;1;Medium
15966;18919;118920;1;Medium
15967;32218;132219;1;Low
15968;46673;146674;0;Low
15969;30677;130678;2;Medium
15970;33435;133436;0;Medium
15971;27077;127078;0;High
15972;11339;111340;1;Medium
15973;9082;109083;3;Medium
15974;22296;122297;4;Low
15975;19890;119891;1;Low
15976;42514;142515;1;Medium
15977;12233;112234;1;Medium
15978;15877;115878;3;Low
15979;2196;102197;0;Low
15980;7753;107754;1;Medium
15981;4726;104727;2;Low
15982;3737;103738;3;Medium
15983;18445;118446;0;Low
15984;42416;142417;2;High
15985;12538;112539;0;Low
15986;1755;101756;1;Medium
15987;6710;106711;2;Medium
15988;5546;105547;1;Medium
15989;12750;112751;1;Low
15990;31210;131211;2;Low
15991;659;100660;2;Low
15992;4045;104046;4;Low
15993;22488;122489;1;Low
15994;5274;105275;4;High
15995;27829;127830;0;Medium
15996;2249;102250;2;Low
15997;35419;135420;1;High
15998;2193;102194;3;Low
15999;42483;142484;1;High
16000;12015;112016;3;Medium
16001;38760;138761;4;Medium
16002;21506;121507;1;Low
16003;29724;129725;1;Low
16004;20627;120628;1;High
16005;9462;109463;4;High
16006;47021;147022;0;Medium
16007;21899;121900;3;Medium
16008;33646;133647;4;Medium
16009;33815;133816;3;Medium
16010;15682;115683;4;High
16011;20696;120697;1;High
16012;23465;123466;4;Low
16013;46981;146982;3;Low
16014;31389;131390;2;Low
16015;13997;113998;0;Low
16016;32512;132513;0;Medium
16017;20714;120715;3;Medium
16018;41638;141639;4;Medium
16019;27392;127393;0;Medium
16020;16743;116744;3;Medium
16021;27125;127126;1;Low
16022;1439;101440;3;Medium
16023;16720;116721;3;Low
16024;3899;103900;3;Medium
16025;5833;105834;1;High
16026;6412;106413;3;High
16027;44997;144998;0;Medium
16028;9649;109650;1;High
16029;6056;106057;4;High
16030;37767;137768;1;Low
16031;42087;142088;0;Medium
16032;45365;145366;1;Low
16033;30403;130404;1;High
16034;10227;110228;3;High
16035;24502;124503;3;High
16036;46930;146931;4;Low
16037;35482;135483;1;Medium
16038;27241;127242;2;High
16039;37808;137809;1;Medium
16040;36930;136931;3;Low
16041;6184;106185;4;Medium
16042;6060;106061;4;Low
16043;43279;143280;3;High
16044;6265;106266;2;Medium
16045;21267;121268;2;High
16046;32586;132587;0;Medium
16047;13920;113921;0;High
16048;48873;148874;4;High
16049;34505;134506;4;Medium
16050;17751;117752;0;Low
16051;20841;120842;1;Low
16052;24845;124846;4;Low
16053;42225;142226;1;High
16054;5580;105581;1;High
16055;41862;141863;0;Low
16056;26070;126071;4;Medium
16057;39555;139556;3;Medium
16058;20902;120903;1;Medium
16059;44347;144348;3;High
16060;27356;127357;4;Low
16061;3644;103645;4;Medium
16062;40356;140357;4;Low
16063;15669;115670;2;Low
16064;33790;133791;3;Low
16065;28260;128261;1;Low
16066;16573;116574;0;Medium
16067;34605;134606;1;Medium
16068;32126;132127;2;Medium
16069;22506;122507;3;Medium
16070;42069;142070;4;Medium
16071;12315;112316;1;Medium
16072;6677;106678;4;Low
16073;3261;103262;1;Medium
16074;21774;121775;4;High
16075;43571;143572;4;Low
16076;6818;106819;3;Low
16077;29287;129288;3;Medium
16078;21885;121886;0;Medium
16079;37848;137849;0;Medium
16080;25770;125771;1;High
16081;43634;143635;1;Medium
16082;10610;110611;1;Low
16083;36790;136791;2;Medium
16084;27476;127477;3;Medium
16085;11922;111923;0;Medium
16086;37509;137510;3;Low
16087;30547;130548;0;Low
16088;2655;102656;0;High
16089;10575;110576;0;High
16090;6727;106728;2;Medium
16091;11112;111113;1;Medium
16092;41216;141217;2;Medium
16093;46048;146049;4;High
16094;39301;139302;0;Low
16095;38002;138003;4;Low
16096;35261;135262;2;Low
16097;27959;127960;2;Low
16098;41023;141024;4;Medium
16099;33356;133357;0;High
16100;7234;107235;3;Medium
16101;26291;126292;3;Medium
16102;5578;105579;1;Medium
16103;1891;101892;3;Medium
16104;21608;121609;1;Medium
16105;24105;124106;1;Medium
16106;22467;122468;2;Low
16107;14127;114128;1;Medium
16108;15633;115634;4;Medium
16109;17158;117159;3;Low
16110;11235;111236;2;Medium
16111;26631;126632;0;Low
16112;398;100399;3;High
16113;31285;131286;1;Low
16114;24136;124137;0;Medium
16115;446;100447;2;Low
16116;47745;147746;3;Low
16117;45960;145961;0;Low
16118;11736;111737;0;Low
16119;48552;148553;2;High
16120;28256;128257;1;Low
16121;39045;139046;3;Medium
16122;32969;132970;4;High
16123;44650;144651;2;Medium
16124;36091;136092;2;Low
16125;18183;118184;0;Low
16126;5501;105502;1;Medium
16127;33207;133208;4;Low
16128;40953;140954;0;Medium
16129;10986;110987;2;Medium
16130;27640;127641;3;Medium
16131;36001;136002;0;Medium
16132;29403;129404;1;Medium
16133;2133;102134;2;Low
16134;154;100155;4;Medium
16135;49118;149119;1;Low
16136;35629;135630;4;Medium
16137;31071;131072;1;Medium
16138;16070;116071;4;Low
16139;12641;112642;1;High
16140;18037;118038;3;Low
16141;35243;135244;4;High
16142;18782;118783;3;Medium
16143;35136;135137;0;Low
16144;8339;108340;3;High
16145;25976;125977;4;Medium
16146;18222;118223;1;Medium
16147;26121;126122;3;Medium
16148;34218;134219;3;High
16149;16690;116691;3;Low
16150;49783;149784;4;Low
16151;22517;122518;2;Low
16152;5782;105783;2;Medium
16153;25287;125288;1;Medium
16154;24801;124802;4;High
16155;43750;143751;4;Medium
16156;45663;145664;3;High
16157;430;100431;3;Medium
16158;404;100405;2;Medium
16159;42080;142081;4;Medium
16160;42642;142643;4;Low
16161;8735;108736;4;Low
16162;44606;144607;1;Medium
16163;14940;114941;1;Medium
16164;23259;123260;2;Medium
16165;7336;107337;2;High
16166;2549;102550;2;Medium
16167;16497;116498;2;High
16168;13609;113610;4;Medium
16169;45912;145913;1;Low
16170;44627;144628;4;Medium
16171;9176;109177;3;High
16172;7591;107592;3;Medium
16173;44046;144047;2;High
16174;37162;137163;0;High
16175;19197;119198;3;High
16176;28419;128420;1;Low
16177;7326;107327;2;Low
16178;5632;105633;2;Medium
16179;1953;101954;1;Low
16180;21084;121085;2;Low
16181;21480;121481;2;Low
16182;12755;112756;1;Medium
16183;42678;142679;4;Medium
16184;14352;114353;0;Medium
16185;21030;121031;4;Low
16186;14608;114609;4;Low
16187;13036;113037;2;Medium
16188;9006;109007;3;Low
16189;553;100554;2;Medium
16190;4165;104166;3;Medium
16191;19963;119964;1;High
16192;12724;112725;4;Low
16193;10617;110618;0;Medium
16194;31314;131315;3;High
16195;7335;107336;0;High
16196;6910;106911;2;Low
16197;21731;121732;1;High
16198;37698;137699;2;High
16199;35550;135551;2;Low
16200;19861;119862;0;Medium
16201;42263;142264;1;High
16202;29509;129510;1;Low
16203;49319;149320;2;Medium
16204;17683;117684;3;Low
16205;10278;110279;2;Medium
16206;12110;112111;0;Medium
16207;41029;141030;1;Low
16208;37603;137604;2;Medium
16209;23476;123477;0;High
16210;45125;145126;4;Medium
16211;27690;127691;4;Low
16212;15752;115753;3;Medium
16213;45854;145855;1;Low
16214;12930;112931;3;Medium
16215;18229;118230;1;High
16216;37734;137735;0;Low
16217;2529;102530;0;Medium
16218;2470;102471;2;Medium
16219;8785;108786;4;Low
16220;22808;122809;0;Low
16221;34742;134743;3;Low
16222;34023;134024;0;Low
16223;14947;114948;3;Medium
16224;2308;102309;4;Low
16225;33758;133759;2;Low
16226;38541;138542;0;Medium
16227;20503;120504;1;High
16228;41270;141271;0;Medium
16229;26127;126128;3;High
16230;10896;110897;3;High
16231;23735;123736;3;High
16232;33885;133886;0;High
16233;26157;126158;1;Medium
16234;25191;125192;3;High
16235;34988;134989;3;High
16236;5103;105104;0;Medium
16237;4662;104663;4;Medium
16238;31380;131381;4;Low
16239;6207;106208;1;High
16240;5038;105039;3;Low
16241;18385;118386;4;Medium
16242;12381;112382;3;Low
16243;32051;132052;0;Low
16244;20152;120153;3;Low
16245;3316;103317;2;Low
16246;45647;145648;2;Low
16247;16598;116599;4;Medium
16248;30069;130070;1;Medium
16249;25851;125852;4;High
16250;46841;146842;3;Low
16251;47391;147392;3;Medium
16252;929;100930;0;Medium
16253;20869;120870;4;Medium
16254;6911;106912;1;Low
16255;35164;135165;3;High
16256;31139;131140;2;Low
16257;42133;142134;3;Medium
16258;20355;120356;3;Low
16259;26308;126309;3;High
16260;6021;106022;4;Low
16261;17551;117552;1;Medium
16262;35331;135332;4;Low
16263;9491;109492;4;Medium
16264;10426;110427;4;Medium
16265;22112;122113;4;Medium
16266;40183;140184;2;Low
16267;7692;107693;1;Medium
16268;49586;149587;1;Low
16269;13552;113553;2;High
16270;45172;145173;2;High
16271;8625;108626;1;Low
16272;37676;137677;4;Low
16273;28686;128687;2;Medium
16274;2722;102723;3;Medium
16275;3701;103702;0;Medium
16276;34991;134992;2;Medium
16277;1620;101621;1;Medium
16278;32823;132824;1;Low
16279;37396;137397;3;Medium
16280;15559;115560;1;Low
16281;9635;109636;0;Medium
16282;48104;148105;0;Medium
16283;3519;103520;4;Medium
16284;39830;139831;3;High
16285;49856;149857;4;Low
16286;42436;142437;1;Low
16287;735;100736;2;High
16288;1153;101154;2;Low
16289;38821;138822;3;Medium
16290;12412;112413;1;Low
16291;27437;127438;0;High
16292;34084;134085;3;High
16293;40086;140087;0;Medium
16294;34265;134266;2;High
16295;8;100009;1;Medium
16296;39833;139834;2;Low
16297;32437;132438;3;Medium
16298;48621;148622;1;Low
16299;13254;113255;4;Medium
16300;4556;104557;3;Medium
16301;13186;113187;1;Low
16302;44862;144863;4;High
16303;12867;112868;0;Medium
16304;48716;148717;1;Low
16305;12872;112873;1;High
16306;47640;147641;3;High
16307;2061;102062;0;Medium
16308;6845;106846;1;Medium
16309;49514;149515;0;High
16310;25988;125989;1;Medium
16311;30697;130698;2;Medium
16312;49125;149126;4;Medium
16313;3759;103760;0;Medium
16314;26590;126591;3;Medium
16315;25280;125281;1;Low
16316;39070;139071;0;Low
16317;16399;116400;0;Medium
16318;30858;130859;3;Medium
16319;28244;128245;2;Low
16320;2574;102575;4;Medium
16321;42167;142168;4;Medium
16322;34092;134093;4;Medium
16323;4482;104483;1;Low
16324;22628;122629;4;Medium
16325;42973;142974;1;Low
16326;39571;139572;3;Medium
16327;47439;147440;0;Medium
16328;20359;120360;1;High
16329;39973;139974;4;Medium
16330;7556;107557;4;High
16331;44830;144831;4;Low
16332;48033;148034;3;Medium
16333;29706;129707;0;High
16334;31988;131989;4;Low
16335;6263;106264;4;Medium
16336;45117;145118;1;High
16337;2937;102938;2;Medium
16338;18536;118537;3;Medium
16339;27593;127594;0;Low
16340;30616;130617;0;Low
16341;20834;120835;4;Low
16342;1550;101551;2;Medium
16343;33449;133450;1;Low
16344;31779;131780;3;Medium
16345;6838;106839;2;High
16346;7351;107352;2;Medium
16347;43524;143525;1;High
16348;150;100151;1;Medium
16349;29074;129075;3;High
16350;22700;122701;2;High
16351;6064;106065;0;Medium
16352;42395;142396;1;Low
16353;23418;123419;4;High
16354;34835;134836;2;Low
16355;34651;134652;1;Low
16356;44345;144346;2;High
16357;39267;139268;0;Low
16358;35493;135494;1;Low
16359;43329;143330;3;Low
16360;4581;104582;0;Medium
16361;28975;128976;2;Medium
16362;7089;107090;3;High
16363;11229;111230;4;Low
16364;1174;101175;1;Low
16365;23889;123890;0;Low
16366;539;100540;1;Medium
16367;16876;116877;3;High
16368;9992;109993;4;Low
16369;24531;124532;1;Medium
16370;38704;138705;1;Medium
16371;3188;103189;2;Low
16372;14031;114032;0;Medium
16373;26000;126001;3;Medium
16374;13948;113949;3;Low
16375;18185;118186;2;High
16376;44735;144736;1;Medium
16377;39292;139293;4;Medium
16378;30676;130677;0;Medium
16379;6113;106114;3;Medium
16380;3196;103197;2;Medium
16381;45115;145116;4;High
16382;30894;130895;2;High
16383;26758;126759;0;Low
16384;13072;113073;3;Medium
16385;4490;104491;2;Low
16386;13978;113979;0;High
16387;27650;127651;3;Medium
16388;5307;105308;2;High
16389;14181;114182;3;Low
16390;23662;123663;4;Low
16391;47318;147319;0;Medium
16392;27996;127997;3;Low
16393;38188;138189;0;High
16394;17002;117003;0;Medium
16395;21938;121939;3;Medium
16396;43000;143001;4;High
16397;10668;110669;2;Medium
16398;30318;130319;1;Medium
16399;35809;135810;3;Medium
16400;12156;112157;3;Medium
16401;46820;146821;1;High
16402;48895;148896;0;High
16403;47592;147593;2;Medium
16404;29886;129887;2;High
16405;44483;144484;1;Low
16406;37581;137582;1;Medium
16407;11905;111906;4;Medium
16408;27064;127065;0;High
16409;44392;144393;3;Low
16410;32623;132624;2;Medium
16411;49968;149969;0;Medium
16412;15246;115247;1;Medium
16413;24743;124744;3;Low
16414;18331;118332;0;High
16415;34598;134599;2;High
16416;26155;126156;1;Medium
16417;28402;128403;3;Medium
16418;32529;132530;3;Medium
16419;1727;101728;4;High
16420;10481;110482;0;Medium
16421;4822;104823;1;Low
16422;4088;104089;4;Low
16423;40756;140757;0;Medium
16424;7803;107804;3;Medium
16425;45353;145354;3;Medium
16426;34202;134203;4;Medium
16427;5516;105517;1;Low
16428;21583;121584;0;Medium
16429;27419;127420;4;Low
16430;15797;115798;1;Low
16431;42031;142032;0;Low
16432;18277;118278;3;Medium
16433;41049;141050;2;High
16434;28255;128256;2;High
16435;19408;119409;2;Medium
16436;9404;109405;1;Medium
16437;24293;124294;3;Low
16438;23255;123256;0;Medium
16439;29930;129931;4;Low
16440;22693;122694;0;Medium
16441;38917;138918;2;Medium
16442;26130;126131;0;Low
16443;6896;106897;0;High
16444;46791;146792;0;Low
16445;32445;132446;3;High
16446;32564;132565;4;High
16447;38865;138866;4;High
16448;9859;109860;2;High
16449;10688;110689;2;Medium
16450;47660;147661;3;Low
16451;14489;114490;2;Low
16452;101;100102;4;Medium
16453;48785;148786;0;High
16454;6978;106979;2;Medium
16455;42869;142870;0;Low
16456;40330;140331;3;High
16457;23857;123858;1;Medium
16458;9693;109694;4;Low
16459;30294;130295;0;Medium
16460;13139;113140;2;High
16461;23669;123670;1;Low
16462;32466;132467;3;Medium
16463;15721;115722;3;Medium
16464;43016;143017;2;High
16465;26316;126317;4;Medium
16466;41714;141715;3;Medium
16467;48884;148885;0;Medium
16468;32551;132552;3;Medium
16469;38899;138900;2;Low
16470;26098;126099;2;Medium
16471;30881;130882;1;Medium
16472;25728;125729;2;Medium
16473;18210;118211;3;High
16474;29739;129740;0;High
16475;23439;123440;1;Medium
16476;11290;111291;1;Low
16477;28271;128272;3;Medium
16478;2270;102271;3;High
16479;13495;113496;0;Low
16480;39266;139267;3;Low
16481;40311;140312;4;Low
16482;18565;118566;1;High
16483;8267;108268;3;High
16484;14932;114933;4;Medium
16485;2454;102455;1;Medium
16486;663;100664;1;Medium
16487;22726;122727;2;Low
16488;22521;122522;1;High
16489;47657;147658;4;Low
16490;22197;122198;3;Medium
16491;18679;118680;0;Medium
16492;33964;133965;0;Medium
16493;15398;115399;0;Low
16494;12592;112593;1;High
16495;11398;111399;3;Medium
16496;37853;137854;0;Low
16497;47201;147202;3;Medium
16498;21754;121755;4;Low
16499;27784;127785;4;High
16500;34735;134736;3;Medium
16501;9914;109915;4;Low
16502;16091;116092;1;Low
16503;23252;123253;2;Medium
16504;28653;128654;2;High
16505;8146;108147;2;Low
16506;16920;116921;4;Medium
16507;29845;129846;2;High
16508;42526;142527;1;High
16509;47210;147211;2;Low
16510;5316;105317;3;Medium
16511;48845;148846;1;Medium
16512;4572;104573;0;High
16513;3657;103658;1;Medium
16514;2338;102339;2;Low
16515;39572;139573;1;High
16516;6136;106137;0;Medium
16517;44089;144090;4;Medium
16518;2105;102106;2;Low
16519;38066;138067;4;Medium
16520;19622;119623;2;Low
16521;14507;114508;1;High
16522;27348;127349;3;Medium
16523;7818;107819;0;Medium
16524;43621;143622;3;Low
16525;9820;109821;4;Low
16526;26010;126011;0;Medium
16527;20408;120409;1;Low
16528;19405;119406;0;Medium
16529;23795;123796;1;Medium
16530;33145;133146;0;Low
16531;35595;135596;4;Low
16532;42541;142542;0;Medium
16533;23294;123295;4;Medium
16534;7206;107207;3;Medium
16535;37054;137055;2;Medium
16536;18908;118909;1;Medium
16537;23619;123620;0;Medium
16538;31095;131096;4;Medium
16539;36251;136252;1;Low
16540;21150;121151;2;High
16541;39814;139815;0;High
16542;32527;132528;3;High
16543;45412;145413;3;Low
16544;18056;118057;3;Low
16545;36350;136351;2;High
16546;40951;140952;1;Low
16547;31671;131672;2;Medium
16548;40525;140526;1;Medium
16549;25365;125366;4;Medium
16550;2223;102224;3;Medium
16551;13318;113319;1;Medium
16552;45232;145233;0;Low
16553;46123;146124;3;Medium
16554;45331;145332;1;Medium
16555;17818;117819;0;Low
16556;38102;138103;2;Medium
16557;49558;149559;2;High
16558;39531;139532;4;Low
16559;7250;107251;2;Low
16560;35969;135970;1;High
16561;26665;126666;0;High
16562;35290;135291;2;Medium
16563;12531;112532;0;Medium
16564;40870;140871;4;Medium
16565;16506;116507;2;Medium
16566;32386;132387;2;High
16567;44903;144904;4;Medium
16568;4472;104473;2;Medium
16569;10593;110594;2;High
16570;29283;129284;0;Low
16571;2420;102421;4;High
16572;13245;113246;0;High
16573;10858;110859;1;Medium
16574;25327;125328;4;Medium
16575;33830;133831;0;Low
16576;33226;133227;0;High
16577;18742;118743;3;Medium
16578;15024;115025;2;Medium
16579;13018;113019;1;Medium
16580;24443;124444;0;High
16581;36047;136048;2;Medium
16582;13425;113426;0;Low
16583;45545;145546;4;High
16584;36824;136825;4;Low
16585;21908;121909;0;Low
16586;5057;105058;0;Medium
16587;18204;118205;2;High
16588;43438;143439;3;High
16589;18939;118940;1;Low
16590;40285;140286;2;Medium
16591;32934;132935;0;Medium
16592;41825;141826;1;Medium
16593;37913;137914;4;Low
16594;2887;102888;2;High
16595;27240;127241;4;Low
16596;39984;139985;3;Medium
16597;48040;148041;3;Medium
16598;28016;128017;0;Low
16599;19460;119461;1;Low
16600;25916;125917;3;Low
16601;49871;149872;1;Medium
16602;18541;118542;0;Medium
16603;30833;130834;3;High
16604;24963;124964;0;High
16605;25213;125214;1;Medium
16606;49731;149732;1;Low
16607;8784;108785;4;High
16608;4488;104489;0;Low
16609;11914;111915;3;High
16610;36473;136474;1;Medium
16611;49915;149916;2;Medium
16612;44367;144368;2;Low
16613;43697;143698;4;Low
16614;4171;104172;1;High
16615;34680;134681;2;Low
16616;36509;136510;1;Medium
16617;1818;101819;4;Low
16618;21305;121306;3;Medium
16619;47942;147943;1;Medium
16620;20057;120058;4;Medium
16621;9482;109483;0;Low
16622;19088;119089;4;Low
16623;44740;144741;4;High
16624;49371;149372;0;Medium
16625;6061;106062;1;Medium
16626;45614;145615;4;High
16627;43777;143778;1;Low
16628;10367;110368;0;High
16629;15086;115087;0;Low
16630;23516;123517;4;Medium
16631;20212;120213;3;Medium
16632;45618;145619;3;High
16633;3159;103160;3;Medium
16634;47601;147602;0;Medium
16635;10035;110036;3;Low
16636;3536;103537;3;Medium
16637;19939;119940;3;Low
16638;24154;124155;3;High
16639;39913;139914;3;Medium
16640;16014;116015;1;Medium
16641;23266;123267;1;Medium
16642;15303;115304;3;Medium
16643;20827;120828;2;Medium
16644;12478;112479;4;Medium
16645;26065;126066;4;Medium
16646;23965;123966;1;Medium
16647;44197;144198;1;Medium
16648;6378;106379;0;Medium
16649;35344;135345;0;Low
16650;376;100377;3;Low
16651;15154;115155;2;Medium
16652;22957;122958;4;High
16653;18205;118206;2;Medium
16654;11491;111492;3;Low
16655;36032;136033;1;Low
16656;38793;138794;4;High
16657;27002;127003;3;Low
16658;28665;128666;2;High
16659;3090;103091;2;High
16660;27902;127903;4;Low
16661;25117;125118;4;High
16662;36552;136553;0;Low
16663;6432;106433;4;Low
16664;29464;129465;0;High
16665;34302;134303;4;Medium
16666;9873;109874;2;High
16667;32863;132864;1;Medium
16668;36307;136308;1;Medium
16669;8998;108999;2;Low
16670;36130;136131;0;High
16671;14115;114116;1;Medium
16672;44874;144875;1;Medium
16673;4906;104907;0;Medium
16674;6788;106789;3;High
16675;31770;131771;0;Medium
16676;10551;110552;0;Medium
16677;687;100688;2;Low
16678;42153;142154;1;Low
16679;39332;139333;1;Medium
16680;45503;145504;2;Medium
16681;33705;133706;2;Medium
16682;14003;114004;2;High
16683;34062;134063;3;Low
16684;29292;129293;3;Low
16685;19085;119086;3;Low
16686;35905;135906;3;Medium
16687;38433;138434;1;Low
16688;19451;119452;2;Medium
16689;45621;145622;4;Low
16690;8824;108825;0;High
16691;17413;117414;4;Medium
16692;36075;136076;0;Medium
16693;15499;115500;4;High
16694;25501;125502;3;High
16695;24307;124308;2;Low
16696;46653;146654;4;Medium
16697;2866;102867;0;Low
16698;18117;118118;3;Medium
16699;2323;102324;0;High
16700;35089;135090;0;High
16701;5973;105974;0;Low
16702;23826;123827;4;Low
16703;10050;110051;3;Medium
16704;43895;143896;1;Medium
16705;27145;127146;0;Low
16706;32048;132049;3;Medium
16707;43734;143735;2;Medium
16708;15897;115898;1;Medium
16709;24683;124684;0;High
16710;41632;141633;0;High
16711;24923;124924;2;Medium
16712;4276;104277;2;Medium
16713;7035;107036;1;Medium
16714;7241;107242;3;Low
16715;25258;125259;3;Medium
16716;13549;113550;4;Medium
16717;2743;102744;3;High
16718;5527;105528;3;High
16719;19247;119248;2;Medium
16720;11359;111360;1;Low
16721;23966;123967;4;Low
16722;13192;113193;2;Low
16723;18852;118853;0;Low
16724;1467;101468;3;Low
16725;12923;112924;3;High
16726;22973;122974;0;Low
16727;33273;133274;1;Low
16728;28411;128412;2;High
16729;46245;146246;1;Medium
16730;14892;114893;1;Medium
16731;17142;117143;3;High
16732;30001;130002;1;High
16733;12453;112454;4;Medium
16734;3395;103396;1;Low
16735;29637;129638;4;High
16736;39397;139398;2;Low
16737;12455;112456;0;Low
16738;7056;107057;3;Medium
16739;14715;114716;4;Medium
16740;1142;101143;1;Medium
16741;40800;140801;3;Low
16742;37856;137857;1;Medium
16743;6428;106429;1;High
16744;46896;146897;4;Low
16745;1187;101188;0;High
16746;39875;139876;3;High
16747;25752;125753;2;Low
16748;3353;103354;0;Medium
16749;17422;117423;2;High
16750;5329;105330;4;Low
16751;22181;122182;4;Medium
16752;14371;114372;4;Medium
16753;37170;137171;0;Low
16754;7926;107927;3;Low
16755;4080;104081;0;Medium
16756;2377;102378;3;Medium
16757;3843;103844;1;Medium
16758;27104;127105;3;Medium
16759;6332;106333;2;High
16760;29040;129041;3;Medium
16761;35266;135267;1;Low
16762;43140;143141;3;High
16763;31619;131620;0;Medium
16764;39353;139354;4;Low
16765;49337;149338;4;Low
16766;20851;120852;4;Medium
16767;37844;137845;2;Low
16768;9145;109146;3;High
16769;21553;121554;1;Medium
16770;4273;104274;0;Low
16771;5720;105721;1;High
16772;37488;137489;4;Medium
16773;6448;106449;4;Low
16774;41837;141838;0;High
16775;1061;101062;4;High
16776;39042;139043;3;Medium
16777;1206;101207;3;Low
16778;16266;116267;3;Low
16779;17650;117651;3;Medium
16780;1641;101642;0;Low
16781;9325;109326;4;Low
16782;36374;136375;2;Medium
16783;46680;146681;0;Medium
16784;29895;129896;3;Medium
16785;23902;123903;0;High
16786;24203;124204;2;Medium
16787;12160;112161;0;High
16788;42064;142065;2;Medium
16789;45418;145419;3;Medium
16790;37650;137651;1;Low
16791;34881;134882;1;Low
16792;29206;129207;2;Medium
16793;6423;106424;4;Low
16794;29236;129237;2;High
16795;5996;105997;2;High
16796;45221;145222;0;Medium
16797;27616;127617;0;High
16798;15241;115242;4;Medium
16799;41922;141923;3;Low
16800;45836;145837;4;High
16801;16179;116180;2;Low
16802;48731;148732;0;High
16803;16251;116252;0;High
16804;27604;127605;1;Medium
16805;38879;138880;1;Medium
16806;20361;120362;0;Low
16807;49706;149707;1;Low
16808;30458;130459;1;High
16809;6620;106621;0;Medium
16810;19557;119558;3;Low
16811;47059;147060;1;Medium
16812;10365;110366;1;Low
16813;46014;146015;3;Medium
16814;1315;101316;1;Medium
16815;23349;123350;2;Low
16816;8617;108618;0;Medium
16817;36193;136194;1;High
16818;16973;116974;2;Medium
16819;14575;114576;2;Medium
16820;12874;112875;0;Medium
16821;3728;103729;4;Low
16822;26274;126275;3;Low
16823;13519;113520;3;Medium
16824;10889;110890;2;High
16825;25323;125324;2;Medium
16826;43961;143962;0;High
16827;43583;143584;2;Medium
16828;10801;110802;1;Medium
16829;24466;124467;1;High
16830;45900;145901;4;Low
16831;25410;125411;4;Low
16832;43481;143482;0;High
16833;40410;140411;2;Low
16834;48790;148791;1;High
16835;10202;110203;4;Low
16836;33923;133924;0;Low
16837;35502;135503;4;High
16838;10092;110093;0;Low
16839;9439;109440;3;High
16840;32259;132260;1;Low
16841;5261;105262;0;Medium
16842;7348;107349;2;High
16843;8371;108372;1;Low
16844;23622;123623;0;High
16845;42322;142323;1;Medium
16846;38227;138228;1;Medium
16847;32561;132562;3;Medium
16848;22895;122896;2;Low
16849;48265;148266;2;High
16850;4596;104597;2;High
16851;24669;124670;0;Low
16852;44308;144309;4;High
16853;48055;148056;0;High
16854;10930;110931;0;Medium
16855;27308;127309;4;Medium
16856;38270;138271;2;Low
16857;45004;145005;4;High
16858;13183;113184;3;Low
16859;37288;137289;4;Medium
16860;8958;108959;2;Low
16861;39216;139217;0;High
16862;18502;118503;4;Medium
16863;37430;137431;1;Low
16864;33692;133693;2;Medium
16865;12194;112195;3;Low
16866;9878;109879;4;Medium
16867;16711;116712;1;High
16868;30244;130245;2;Medium
16869;32444;132445;0;High
16870;39949;139950;0;Medium
16871;48406;148407;1;Low
16872;14982;114983;0;Low
16873;31469;131470;2;Medium
16874;30369;130370;1;Medium
16875;31752;131753;3;Medium
16876;1233;101234;3;Low
16877;3685;103686;1;Medium
16878;9195;109196;3;Medium
16879;147;100148;4;Low
16880;39538;139539;3;High
16881;21199;121200;1;Low
16882;26043;126044;2;Medium
16883;36811;136812;3;Low
16884;23111;123112;1;High
16885;19706;119707;3;Medium
16886;49221;149222;1;Medium
16887;11297;111298;2;Low
16888;22933;122934;1;Medium
16889;29122;129123;0;Medium
16890;22605;122606;2;Medium
16891;18302;118303;0;Medium
16892;1192;101193;4;High
16893;28467;128468;4;Low
16894;43532;143533;2;Low
16895;5485;105486;4;Medium
16896;12647;112648;2;Medium
16897;11402;111403;3;Low
16898;11594;111595;3;High
16899;24559;124560;0;Low
16900;29516;129517;2;Low
16901;8961;108962;2;Medium
16902;9772;109773;4;High
16903;9243;109244;0;Medium
16904;26202;126203;4;Medium
16905;33938;133939;1;High
16906;8193;108194;1;Medium
16907;32053;132054;0;Medium
16908;27564;127565;1;Medium
16909;18861;118862;4;High
16910;36655;136656;2;Low
16911;46669;146670;3;Low
16912;26661;126662;3;Medium
16913;18180;118181;2;High
16914;30912;130913;3;High
16915;2949;102950;4;Medium
16916;1121;101122;1;Low
16917;13583;113584;4;Low
16918;17713;117714;0;Medium
16919;35592;135593;4;Medium
16920;21735;121736;1;Low
16921;25698;125699;1;Medium
16922;25769;125770;3;Low
16923;15690;115691;3;High
16924;12860;112861;3;Medium
16925;31051;131052;0;Medium
16926;15606;115607;1;Low
16927;25341;125342;2;Medium
16928;2788;102789;1;Medium
16929;34249;134250;3;High
16930;26856;126857;1;Low
16931;1154;101155;0;High
16932;26107;126108;3;Low
16933;24206;124207;1;Low
16934;49716;149717;0;Medium
16935;15931;115932;0;Low
16936;21361;121362;4;Medium
16937;24735;124736;3;Medium
16938;31322;131323;0;High
16939;9957;109958;3;Low
16940;6578;106579;1;Low
16941;29501;129502;1;High
16942;14991;114992;4;High
16943;3611;103612;4;Medium
16944;15781;115782;4;High
16945;39446;139447;4;Low
16946;10273;110274;0;Medium
16947;10363;110364;2;Low
16948;32899;132900;2;Medium
16949;10494;110495;0;Low
16950;34854;134855;3;Low
16951;14170;114171;3;High
16952;15928;115929;1;Low
16953;33416;133417;2;High
16954;9668;109669;1;Medium
16955;16389;116390;4;Medium
16956;10568;110569;3;Low
16957;19337;119338;3;High
16958;47298;147299;0;Low
16959;36949;136950;0;High
16960;9057;109058;1;Low
16961;9092;109093;2;Medium
16962;7983;107984;3;Low
16963;24586;124587;4;High
16964;17790;117791;2;Low
16965;21069;121070;4;Medium
16966;44899;144900;0;Medium
16967;49643;149644;1;High
16968;43960;143961;1;Medium
16969;26571;126572;2;Low
16970;43526;143527;0;Medium
16971;321;100322;0;Medium
16972;11154;111155;2;High
16973;29086;129087;2;Low
16974;42481;142482;3;Medium
16975;14601;114602;3;High
16976;33756;133757;3;Medium
16977;7998;107999;0;High
16978;14435;114436;0;Medium
16979;24091;124092;1;High
16980;28112;128113;3;Low
16981;19428;119429;4;Medium
16982;35910;135911;4;Medium
16983;16330;116331;4;Medium
16984;18519;118520;1;Low
16985;15249;115250;4;Medium
16986;19322;119323;0;Medium
16987;26414;126415;1;Low
16988;12955;112956;0;Medium
16989;8100;108101;3;Medium
16990;23442;123443;2;Low
16991;29904;129905;0;Low
16992;3219;103220;1;Low
16993;10345;110346;2;Low
16994;16792;116793;2;Low
16995;39038;139039;2;Medium
16996;12075;112076;3;Medium
16997;8995;108996;3;Low
16998;13085;113086;3;High
16999;36973;136974;1;Low
17000;29288;129289;2;Medium
17001;47224;147225;1;High
17002;44179;144180;2;Medium
17003;43328;143329;0;Low
17004;7655;107656;1;High
17005;28052;128053;4;Low
17006;45073;145074;1;Medium
17007;10144;110145;0;High
17008;1297;101298;3;Low
17009;6889;106890;4;Low
17010;42475;142476;3;Medium
17011;46254;146255;2;Medium
17012;3382;103383;4;Medium
17013;42435;142436;2;Medium
17014;1829;101830;0;Low
17015;20693;120694;3;High
17016;30571;130572;4;Low
17017;48984;148985;3;Medium
17018;31160;131161;3;Medium
17019;25778;125779;2;High
17020;6039;106040;2;High
17021;23065;123066;1;Medium
17022;42919;142920;4;Medium
17023;29341;129342;3;Low
17024;7148;107149;1;Medium
17025;32860;132861;2;Low
17026;24659;124660;3;Low
17027;40450;140451;4;High
17028;41884;141885;4;Low
17029;17503;117504;2;High
17030;18374;118375;3;Medium
17031;13845;113846;2;Low
17032;27447;127448;2;Medium
17033;8073;108074;1;Medium
17034;19871;119872;3;Low
17035;36841;136842;2;Medium
17036;21481;121482;0;Low
17037;48025;148026;3;High
17038;8739;108740;3;Low
17039;18330;118331;0;Low
17040;25550;125551;3;Medium
17041;19509;119510;4;Medium
17042;17047;117048;0;Low
17043;45579;145580;2;Low
17044;20806;120807;0;Low
17045;18514;118515;0;Medium
17046;21669;121670;4;Medium
17047;39101;139102;3;Medium
17048;39682;139683;4;Medium
17049;34145;134146;0;High
17050;34163;134164;4;High
17051;48888;148889;3;Medium
17052;32020;132021;0;High
17053;38028;138029;2;Medium
17054;23587;123588;4;Medium
17055;46793;146794;3;Low
17056;46952;146953;4;Medium
17057;337;100338;3;High
17058;43251;143252;1;Medium
17059;24166;124167;0;Medium
17060;448;100449;4;Low
17061;23350;123351;1;Medium
17062;32911;132912;0;Medium
17063;44898;144899;3;Low
17064;42016;142017;4;High
17065;37957;137958;1;High
17066;1890;101891;1;Low
17067;29896;129897;2;Medium
17068;11067;111068;2;High
17069;30414;130415;2;High
17070;9728;109729;1;Low
17071;4628;104629;1;High
17072;36685;136686;4;Medium
17073;11674;111675;4;Low
17074;2378;102379;1;High
17075;10056;110057;1;Medium
17076;42975;142976;2;High
17077;18544;118545;0;Low
17078;44725;144726;1;High
17079;13739;113740;4;Low
17080;40341;140342;0;Medium
17081;41121;141122;2;Low
17082;30037;130038;3;High
17083;31609;131610;3;Low
17084;31316;131317;3;Low
17085;35479;135480;2;High
17086;47512;147513;0;Medium
17087;4048;104049;0;Low
17088;471;100472;0;Medium
17089;35312;135313;1;Medium
17090;1208;101209;2;Medium
17091;15278;115279;1;High
17092;18831;118832;0;Medium
17093;19158;119159;0;Low
17094;9506;109507;4;Low
17095;20724;120725;4;Medium
17096;21351;121352;1;Medium
17097;8520;108521;4;Medium
17098;4305;104306;1;Medium
17099;41788;141789;1;Medium
17100;21143;121144;0;Low
17101;3257;103258;1;Medium
17102;47712;147713;3;Low
17103;31966;131967;1;Medium
17104;43045;143046;2;Medium
17105;42449;142450;1;Low
17106;39723;139724;4;High
17107;14241;114242;1;High
17108;16244;116245;2;High
17109;46277;146278;4;Medium
17110;17634;117635;1;Low
17111;34172;134173;2;Medium
17112;27487;127488;3;High
17113;14478;114479;2;Low
17114;10225;110226;4;Medium
17115;37755;137756;3;Medium
17116;29872;129873;4;Low
17117;27962;127963;1;Medium
17118;25595;125596;3;Low
17119;2625;102626;3;Low
17120;39193;139194;4;High
17121;40059;140060;0;Medium
17122;38653;138654;4;Low
17123;12212;112213;1;Medium
17124;8688;108689;2;Medium
17125;27310;127311;0;Medium
17126;5963;105964;4;Medium
17127;29138;129139;3;Low
17128;49734;149735;0;High
17129;18986;118987;4;High
17130;41067;141068;2;High
17131;47345;147346;2;Low
17132;24737;124738;3;High
17133;32022;132023;0;Medium
17134;47533;147534;0;Low
17135;11512;111513;1;Low
17136;6655;106656;1;Medium
17137;46069;146070;2;High
17138;16811;116812;1;Medium
17139;17605;117606;1;Medium
17140;32288;132289;3;High
17141;27060;127061;1;Low
17142;22716;122717;1;Low
17143;27328;127329;3;Medium
17144;31173;131174;0;Low
17145;45422;145423;2;High
17146;12161;112162;2;Medium
17147;43717;143718;0;High
17148;7550;107551;1;Low
17149;38217;138218;4;Low
17150;25566;125567;2;Medium
17151;20164;120165;4;High
17152;1546;101547;0;Medium
17153;4951;104952;3;High
17154;8381;108382;3;High
17155;18029;118030;4;Medium
17156;22037;122038;4;Medium
17157;35202;135203;4;High
17158;42178;142179;0;Low
17159;37902;137903;2;High
17160;46447;146448;0;High
17161;38473;138474;4;Low
17162;22100;122101;2;Low
17163;48554;148555;1;Medium
17164;3534;103535;4;High
17165;43616;143617;3;High
17166;16679;116680;1;Medium
17167;8937;108938;2;Medium
17168;12621;112622;0;Low
17169;36892;136893;2;Medium
17170;1767;101768;0;Low
17171;17729;117730;2;Low
17172;39009;139010;4;Medium
17173;21595;121596;3;High
17174;38998;138999;4;Low
17175;8590;108591;3;Low
17176;36924;136925;2;Medium
17177;9716;109717;1;Low
17178;8566;108567;1;Medium
17179;11138;111139;4;High
17180;6598;106599;0;Low
17181;24540;124541;3;Medium
17182;20723;120724;1;High
17183;7624;107625;3;Low
17184;12739;112740;1;Low
17185;46963;146964;3;Medium
17186;45798;145799;0;Medium
17187;32605;132606;0;Medium
17188;25113;125114;1;Medium
17189;44395;144396;1;High
17190;43374;143375;3;Low
17191;8772;108773;3;Low
17192;5019;105020;3;Low
17193;33177;133178;1;Medium
17194;7963;107964;0;Medium
17195;44980;144981;0;Low
17196;9230;109231;2;Medium
17197;46433;146434;2;Medium
17198;6154;106155;4;Medium
17199;31838;131839;2;High
17200;9510;109511;0;Low
17201;2058;102059;0;High
17202;32258;132259;0;High
17203;22125;122126;1;Medium
17204;21352;121353;0;High
17205;26669;126670;0;Low
17206;24914;124915;0;Medium
17207;12603;112604;1;Medium
17208;9833;109834;0;Medium
17209;34917;134918;3;Medium
17210;37301;137302;2;High
17211;33376;133377;4;Medium
17212;41785;141786;3;Medium
17213;3266;103267;3;High
17214;45092;145093;0;High
17215;37629;137630;4;Low
17216;33699;133700;2;High
17217;19419;119420;4;Medium
17218;2802;102803;0;High
17219;156;100157;2;High
17220;43689;143690;3;Low
17221;49090;149091;2;High
17222;24896;124897;0;Medium
17223;33241;133242;4;Medium
17224;10677;110678;3;Low
17225;16480;116481;1;High
17226;49139;149140;3;Low
17227;27374;127375;1;Medium
17228;39410;139411;1;Medium
17229;37240;137241;3;Low
17230;1394;101395;4;Low
17231;27525;127526;4;Medium
17232;901;100902;0;High
17233;18455;118456;1;Low
17234;10276;110277;2;Low
17235;32508;132509;1;Medium
17236;40874;140875;1;Medium
17237;31055;131056;3;Medium
17238;1284;101285;0;Medium
17239;37480;137481;2;Medium
17240;36616;136617;3;Low
17241;40717;140718;2;Low
17242;37065;137066;1;Medium
17243;4315;104316;2;Low
17244;20278;120279;3;Low
17245;46004;146005;3;Low
17246;34788;134789;2;Medium
17247;33176;133177;1;Medium
17248;23199;123200;4;High
17249;33826;133827;4;Low
17250;32164;132165;3;Low
17251;7808;107809;0;Medium
17252;6121;106122;3;Medium
17253;6330;106331;3;High
17254;31451;131452;3;Low
17255;22736;122737;4;High
17256;16786;116787;1;Low
17257;7671;107672;4;Medium
17258;37877;137878;1;Medium
17259;6405;106406;1;High
17260;23784;123785;4;Medium
17261;14354;114355;0;Medium
17262;42558;142559;0;Low
17263;18060;118061;2;High
17264;35091;135092;0;Medium
17265;26870;126871;3;Medium
17266;18660;118661;4;Medium
17267;26509;126510;0;Low
17268;15672;115673;3;Low
17269;33671;133672;2;Medium
17270;9636;109637;3;Medium
17271;7582;107583;1;High
17272;33334;133335;0;Medium
17273;38966;138967;1;Medium
17274;5446;105447;1;High
17275;14775;114776;1;Medium
17276;11153;111154;2;Low
17277;36727;136728;0;Medium
17278;12587;112588;2;Low
17279;40999;141000;3;High
17280;40558;140559;1;Low
17281;32396;132397;1;Medium
17282;9343;109344;4;High
17283;19809;119810;4;Medium
17284;34083;134084;1;High
17285;29528;129529;0;Medium
17286;16185;116186;2;High
17287;11004;111005;2;Low
17288;1500;101501;2;Medium
17289;34000;134001;1;High
17290;14599;114600;1;Low
17291;25480;125481;2;High
17292;37081;137082;3;High
17293;32679;132680;3;Medium
17294;32666;132667;3;Low
17295;2326;102327;2;Medium
17296;12152;112153;0;High
17297;19282;119283;4;High
17298;43944;143945;4;High
17299;38220;138221;2;High
17300;17601;117602;2;High
17301;47566;147567;4;Medium
17302;19523;119524;2;Low
17303;28454;128455;4;High
17304;22486;122487;4;Medium
17305;29806;129807;0;Medium
17306;29424;129425;3;Medium
17307;2492;102493;4;Low
17308;12069;112070;1;Medium
17309;23973;123974;2;Medium
17310;2876;102877;3;High
17311;46917;146918;2;Low
17312;2288;102289;3;Low
17313;38561;138562;3;Medium
17314;37343;137344;0;High
17315;41880;141881;3;Low
17316;16253;116254;4;Low
17317;32635;132636;0;Medium
17318;21694;121695;1;Medium
17319;8920;108921;1;Medium
17320;34406;134407;2;High
17321;25364;125365;3;Medium
17322;38343;138344;1;Medium
17323;10708;110709;3;Low
17324;1909;101910;1;Medium
17325;39976;139977;4;Medium
17326;45678;145679;0;High
17327;1677;101678;4;High
17328;27001;127002;4;Medium
17329;44683;144684;3;Medium
17330;3809;103810;1;Medium
17331;11008;111009;4;Low
17332;24310;124311;2;Low
17333;10721;110722;2;Medium
17334;3556;103557;1;Low
17335;14060;114061;1;Low
17336;10470;110471;1;Low
17337;17041;117042;0;Medium
17338;30918;130919;1;Medium
17339;23297;123298;2;Medium
17340;8900;108901;3;Medium
17341;39170;139171;1;High
17342;12249;112250;2;High
17343;6211;106212;2;High
17344;48907;148908;0;High
17345;22803;122804;2;High
17346;24546;124547;2;Low
17347;32702;132703;1;High
17348;2400;102401;1;Low
17349;11853;111854;1;High
17350;13690;113691;4;Low
17351;39684;139685;2;Medium
17352;37862;137863;3;Medium
17353;32327;132328;0;Low
17354;5087;105088;4;Medium
17355;45397;145398;3;Medium
17356;38679;138680;1;Medium
17357;28636;128637;3;Medium
17358;2836;102837;2;High
17359;5582;105583;0;High
17360;49618;149619;1;High
17361;47988;147989;0;Medium
17362;38943;138944;1;Medium
17363;44267;144268;2;High
17364;43504;143505;3;Low
17365;32932;132933;4;Low
17366;18375;118376;2;Low
17367;3321;103322;1;Low
17368;30337;130338;2;Medium
17369;4657;104658;0;High
17370;2662;102663;0;High
17371;7922;107923;1;High
17372;44117;144118;0;Low
17373;48536;148537;2;Low
17374;48855;148856;3;Low
17375;12812;112813;3;Medium
17376;36997;136998;0;Low
17377;35922;135923;0;Low
17378;31675;131676;4;Low
17379;46844;146845;1;High
17380;10314;110315;3;High
17381;16755;116756;0;Medium
17382;7930;107931;0;Medium
17383;17240;117241;2;Low
17384;18032;118033;1;Medium
17385;48192;148193;3;High
17386;12794;112795;0;High
17387;45327;145328;4;Low
17388;14284;114285;0;Medium
17389;15259;115260;1;Medium
17390;33766;133767;4;Medium
17391;15274;115275;3;Medium
17392;48246;148247;2;Medium
17393;36946;136947;4;Low
17394;22500;122501;0;High
17395;39885;139886;0;Medium
17396;18458;118459;2;Medium
17397;16779;116780;4;Low
17398;27582;127583;3;Medium
17399;3577;103578;3;Low
17400;15561;115562;4;Low
17401;5282;105283;1;Low
17402;5266;105267;4;Low
17403;11953;111954;4;Medium
17404;36228;136229;1;Medium
17405;45777;145778;3;Medium
17406;20840;120841;2;High
17407;2231;102232;3;Medium
17408;285;100286;2;High
17409;13084;113085;2;High
17410;17727;117728;0;Low
17411;28286;128287;2;High
17412;47738;147739;1;Medium
17413;39244;139245;4;Medium
17414;4301;104302;2;Medium
17415;24515;124516;3;High
17416;11800;111801;0;High
17417;24422;124423;1;High
17418;13763;113764;0;High
17419;20697;120698;1;Medium
17420;14393;114394;2;Medium
17421;27033;127034;2;Low
17422;1587;101588;0;Medium
17423;40347;140348;3;Medium
17424;2821;102822;3;High
17425;12683;112684;0;High
17426;26436;126437;1;Low
17427;11450;111451;1;High
17428;24273;124274;0;Medium
17429;21562;121563;0;High
17430;38135;138136;3;Medium
17431;39699;139700;4;Medium
17432;47571;147572;2;Low
17433;3627;103628;3;Medium
17434;4186;104187;1;Low
17435;4983;104984;2;Medium
17436;25805;125806;0;Medium
17437;23511;123512;3;Low
17438;39434;139435;1;Medium
17439;23866;123867;4;Medium
17440;13650;113651;1;Low
17441;11799;111800;3;High
17442;39480;139481;2;Medium
17443;44935;144936;0;Low
17444;1647;101648;3;Medium
17445;49311;149312;0;Low
17446;47326;147327;0;Medium
17447;9233;109234;1;Medium
17448;45808;145809;3;Medium
17449;43699;143700;4;Medium
17450;15686;115687;1;Medium
17451;48714;148715;0;High
17452;28732;128733;0;Low
17453;31793;131794;3;Medium
17454;40360;140361;0;High
17455;38495;138496;4;Low
17456;29582;129583;2;Medium
17457;29984;129985;1;Medium
17458;44658;144659;0;Low
17459;37042;137043;2;Medium
17460;35088;135089;2;Medium
17461;47144;147145;1;Medium
17462;33023;133024;2;Low
17463;45763;145764;0;High
17464;43778;143779;2;Low
17465;8651;108652;0;High
17466;31450;131451;2;Low
17467;22553;122554;4;Medium
17468;47366;147367;1;High
17469;19166;119167;2;Medium
17470;23744;123745;4;Medium
17471;3498;103499;0;Low
17472;45337;145338;1;Medium
17473;640;100641;3;High
17474;21746;121747;1;Medium
17475;14326;114327;2;Medium
17476;49924;149925;0;Medium
17477;3450;103451;4;Medium
17478;37124;137125;4;Low
17479;38654;138655;3;Medium
17480;3834;103835;1;Low
17481;10296;110297;3;High
17482;25281;125282;3;High
17483;4113;104114;4;High
17484;17911;117912;1;Medium
17485;9710;109711;4;High
17486;14108;114109;4;Medium
17487;36706;136707;3;Low
17488;20890;120891;4;Medium
17489;7074;107075;4;Medium
17490;2183;102184;2;High
17491;41129;141130;0;Medium
17492;24102;124103;0;Medium
17493;43068;143069;2;Low
17494;7371;107372;0;Low
17495;18734;118735;2;High
17496;22817;122818;1;Medium
17497;17458;117459;2;Medium
17498;9840;109841;1;Low
17499;9524;109525;1;Medium
17500;1932;101933;3;High
17501;5595;105596;3;High
17502;28283;128284;4;Medium
17503;25368;125369;0;Medium
17504;40911;140912;3;High
17505;16551;116552;0;Medium
17506;12680;112681;0;Medium
17507;33798;133799;0;High
17508;20207;120208;4;Low
17509;27055;127056;1;Medium
17510;18011;118012;1;Low
17511;46813;146814;2;Medium
17512;13825;113826;0;High
17513;23643;123644;3;High
17514;26929;126930;0;High
17515;28923;128924;0;Low
17516;28501;128502;0;Medium
17517;31492;131493;4;High
17518;42006;142007;4;Medium
17519;18177;118178;4;High
17520;21115;121116;0;Low
17521;40252;140253;0;Medium
17522;21486;121487;4;Low
17523;3263;103264;2;Medium
17524;32462;132463;2;Medium
17525;43133;143134;2;High
17526;9591;109592;4;High
17527;39465;139466;4;Low
17528;3535;103536;2;Medium
17529;10194;110195;1;Medium
17530;32805;132806;2;Medium
17531;43;100044;1;Medium
17532;28096;128097;2;Low
17533;31687;131688;4;High
17534;40678;140679;0;Low
17535;27759;127760;1;Medium
17536;594;100595;3;Medium
17537;18856;118857;4;Medium
17538;2542;102543;2;Low
17539;7050;107051;3;High
17540;20235;120236;0;Medium
17541;21894;121895;1;Low
17542;7010;107011;1;Low
17543;1347;101348;2;Medium
17544;24955;124956;3;High
17545;43261;143262;4;High
17546;6995;106996;4;Low
17547;37649;137650;4;High
17548;48950;148951;2;High
17549;2547;102548;4;Medium
17550;14450;114451;2;Low
17551;22204;122205;2;Low
17552;40625;140626;2;Low
17553;43021;143022;2;Medium
17554;15053;115054;2;High
17555;17675;117676;2;Medium
17556;8733;108734;3;Low
17557;39337;139338;4;Low
17558;6651;106652;0;Low
17559;7842;107843;3;Low
17560;17133;117134;1;High
17561;19956;119957;2;High
17562;635;100636;4;High
17563;34765;134766;3;Low
17564;949;100950;2;Medium
17565;26574;126575;0;Low
17566;4533;104534;4;Low
17567;29941;129942;1;High
17568;49634;149635;2;Low
17569;24591;124592;2;Medium
17570;15038;115039;3;High
17571;41720;141721;2;Low
17572;43824;143825;4;High
17573;13115;113116;3;Low
17574;769;100770;4;Medium
17575;23358;123359;1;Medium
17576;38937;138938;3;Low
17577;34833;134834;0;Medium
17578;32422;132423;4;Medium
17579;49816;149817;3;Low
17580;8398;108399;4;Medium
17581;45096;145097;1;Low
17582;20417;120418;2;High
17583;39458;139459;0;Medium
17584;23251;123252;2;High
17585;24588;124589;0;Low
17586;41925;141926;2;Medium
17587;14157;114158;4;High
17588;25843;125844;2;High
17589;5357;105358;2;Medium
17590;45450;145451;4;Medium
17591;16008;116009;3;High
17592;46708;146709;3;High
17593;37662;137663;4;Medium
17594;25228;125229;3;Medium
17595;19238;119239;4;Low
17596;30218;130219;4;Medium
17597;4126;104127;4;High
17598;39890;139891;2;Medium
17599;10288;110289;0;High
17600;4205;104206;4;Medium
17601;19214;119215;4;Low
17602;19292;119293;1;Low
17603;35749;135750;1;High
17604;19129;119130;3;Medium
17605;4496;104497;1;Medium
17606;47760;147761;0;Low
17607;29884;129885;0;High
17608;15456;115457;1;Medium
17609;45476;145477;0;Low
17610;36724;136725;2;Medium
17611;146;100147;4;High
17612;9018;109019;1;Medium
17613;24610;124611;0;Medium
17614;37797;137798;3;Medium
17615;11273;111274;2;Medium
17616;13518;113519;0;Low
17617;43092;143093;3;Medium
17618;3118;103119;0;Medium
17619;7540;107541;1;Medium
17620;47289;147290;3;Medium
17621;47338;147339;1;Medium
17622;3340;103341;2;Medium
17623;17170;117171;1;Medium
17624;34028;134029;2;Medium
17625;22062;122063;1;Medium
17626;35600;135601;1;High
17627;826;100827;3;Medium
17628;39850;139851;4;Medium
17629;45873;145874;3;Medium
17630;16950;116951;1;High
17631;40111;140112;2;Medium
17632;18924;118925;0;Medium
17633;32846;132847;0;Low
17634;14629;114630;3;Medium
17635;44436;144437;1;Medium
17636;3954;103955;1;High
17637;46235;146236;3;Low
17638;4128;104129;3;Low
17639;5041;105042;3;High
17640;3691;103692;1;Medium
17641;17366;117367;3;Low
17642;15450;115451;0;High
17643;5040;105041;1;Low
17644;29785;129786;2;Medium
17645;40871;140872;4;Medium
17646;6697;106698;0;Medium
17647;30393;130394;3;Low
17648;21367;121368;1;Low
17649;41040;141041;0;Low
17650;30211;130212;2;Medium
17651;47937;147938;3;Medium
17652;42182;142183;2;Medium
17653;20774;120775;3;Low
17654;1072;101073;4;Low
17655;33427;133428;1;Medium
17656;16515;116516;0;High
17657;32583;132584;1;Medium
17658;43420;143421;1;High
17659;7713;107714;2;Low
17660;327;100328;3;Low
17661;6837;106838;4;Medium
17662;16081;116082;4;Medium
17663;1432;101433;0;Low
17664;34103;134104;1;Medium
17665;15834;115835;2;High
17666;6600;106601;4;High
17667;25404;125405;0;Medium
17668;5089;105090;0;Low
17669;4904;104905;2;Medium
17670;624;100625;2;Low
17671;9051;109052;1;Medium
17672;16324;116325;2;Low
17673;42577;142578;2;High
17674;14407;114408;1;Medium
17675;39694;139695;0;Medium
17676;41237;141238;4;Low
17677;47149;147150;0;Medium
17678;35195;135196;4;Low
17679;36050;136051;2;Medium
17680;48308;148309;4;Low
17681;45188;145189;3;High
17682;43591;143592;3;Medium
17683;8288;108289;4;High
17684;37487;137488;4;Medium
17685;41112;141113;2;Medium
17686;20891;120892;0;High
17687;40288;140289;0;Medium
17688;39747;139748;3;High
17689;17861;117862;4;Medium
17690;18489;118490;2;Medium
17691;29349;129350;2;Low
17692;18881;118882;1;Low
17693;34269;134270;2;Low
17694;24280;124281;2;Low
17695;17385;117386;3;Low
17696;13602;113603;2;Low
17697;14669;114670;2;High
17698;15078;115079;4;Medium
17699;27140;127141;0;Low
17700;48511;148512;4;Medium
17701;26317;126318;4;High
17702;7706;107707;2;Medium
17703;24340;124341;4;Medium
17704;24233;124234;4;Low
17705;33841;133842;2;Medium
17706;47641;147642;0;Medium
17707;5369;105370;4;High
17708;39324;139325;1;Low
17709;17676;117677;0;High
17710;8747;108748;2;Low
17711;25658;125659;4;Medium
17712;15245;115246;3;Low
17713;11995;111996;0;Medium
17714;17040;117041;2;High
17715;30529;130530;0;High
17716;1626;101627;2;High
17717;13591;113592;4;Medium
17718;42761;142762;1;Medium
17719;18769;118770;1;High
17720;47522;147523;2;Low
17721;35754;135755;4;Low
17722;35187;135188;1;Medium
17723;13619;113620;3;Medium
17724;2754;102755;3;Medium
17725;47648;147649;1;Medium
17726;25103;125104;1;Medium
17727;33322;133323;0;High
17728;28398;128399;0;Medium
17729;37719;137720;0;Medium
17730;44673;144674;1;High
17731;29152;129153;3;Low
17732;9480;109481;4;Low
17733;32160;132161;2;Medium
17734;33066;133067;1;Low
17735;45944;145945;1;Low
17736;8885;108886;3;Low
17737;31645;131646;4;Medium
17738;44572;144573;2;Low
17739;19063;119064;2;Low
17740;6681;106682;4;Medium
17741;426;100427;0;Low
17742;5717;105718;2;Low
17743;46720;146721;2;Low
17744;25221;125222;1;High
17745;16669;116670;0;High
17746;48268;148269;4;Medium
17747;42611;142612;1;Low
17748;17388;117389;1;Medium
17749;17138;117139;2;Medium
17750;8781;108782;1;Medium
17751;42827;142828;2;Low
17752;12275;112276;4;High
17753;7300;107301;4;Low
17754;49670;149671;2;Medium
17755;13681;113682;2;Medium
17756;48145;148146;0;High
17757;16785;116786;2;Medium
17758;34345;134346;1;Medium
17759;20357;120358;4;Low
17760;10361;110362;2;High
17761;44760;144761;4;Low
17762;26579;126580;1;Medium
17763;23311;123312;1;High
17764;7416;107417;2;Medium
17765;14675;114676;2;Medium
17766;8578;108579;3;Medium
17767;9845;109846;4;Medium
17768;31926;131927;0;Medium
17769;11269;111270;2;Medium
17770;21419;121420;4;High
17771;275;100276;3;High
17772;36666;136667;0;Medium
17773;42608;142609;3;Low
17774;42543;142544;1;Low
17775;22190;122191;1;High
17776;49328;149329;0;Low
17777;29836;129837;4;Medium
17778;36197;136198;0;Medium
17779;29927;129928;4;Low
17780;49787;149788;1;High
17781;18312;118313;1;Medium
17782;15452;115453;1;Low
17783;46572;146573;3;Low
17784;21538;121539;1;High
17785;18755;118756;3;Medium
17786;18995;118996;3;Medium
17787;3885;103886;1;Medium
17788;7455;107456;2;Medium
17789;37901;137902;2;Medium
17790;31444;131445;3;Low
17791;42850;142851;0;Medium
17792;38606;138607;2;Medium
17793;26653;126654;2;High
17794;43618;143619;3;High
17795;5766;105767;1;High
17796;21130;121131;0;Low
17797;2494;102495;3;Medium
17798;5504;105505;0;Low
17799;42175;142176;4;Medium
17800;26232;126233;2;Low
17801;4352;104353;1;Medium
17802;39650;139651;4;Medium
17803;34566;134567;1;High
17804;27050;127051;1;Medium
17805;48131;148132;3;Medium
17806;37312;137313;2;Medium
17807;1714;101715;0;High
17808;26227;126228;2;Low
17809;26535;126536;1;Low
17810;42644;142645;0;Medium
17811;4779;104780;0;High
17812;47396;147397;1;Low
17813;1845;101846;3;Medium
17814;32910;132911;4;Low
17815;1210;101211;1;Low
17816;29277;129278;4;High
17817;16286;116287;1;Medium
17818;3385;103386;0;Medium
17819;1622;101623;4;Low
17820;12919;112920;0;Low
17821;33174;133175;2;High
17822;23684;123685;2;Medium
17823;23437;123438;1;Low
17824;34209;134210;4;Low
17825;33115;133116;1;Low
17826;8547;108548;1;Medium
17827;38802;138803;3;Medium
17828;43100;143101;1;Medium
17829;37577;137578;1;High
17830;33500;133501;4;Medium
17831;1598;101599;2;Low
17832;32705;132706;2;Medium
17833;37718;137719;0;Medium
17834;41695;141696;3;Low
17835;39514;139515;3;High
17836;7077;107078;0;High
17837;27442;127443;3;Low
17838;26347;126348;2;Low
17839;44559;144560;1;Medium
17840;43017;143018;4;High
17841;26378;126379;0;Medium
17842;10484;110485;4;Low
17843;12696;112697;3;High
17844;5761;105762;0;Low
17845;9112;109113;2;High
17846;31809;131810;1;Medium
17847;412;100413;3;Medium
17848;49358;149359;0;Low
17849;13962;113963;0;Low
17850;31171;131172;1;Medium
17851;4022;104023;1;Low
17852;45322;145323;1;Medium
17853;1662;101663;0;Medium
17854;4846;104847;3;Low
17855;16545;116546;2;High
17856;38497;138498;0;Low
17857;33731;133732;0;High
17858;17546;117547;4;High
17859;2535;102536;3;Low
17860;16367;116368;4;High
17861;10860;110861;1;Medium
17862;12619;112620;2;Low
17863;23021;123022;1;High
17864;25795;125796;2;Low
17865;23022;123023;1;Low
17866;20134;120135;3;Low
17867;4418;104419;4;Low
17868;49823;149824;2;High
17869;12169;112170;1;Medium
17870;33398;133399;2;Low
17871;3856;103857;3;High
17872;37131;137132;1;Low
17873;47353;147354;4;High
17874;44174;144175;4;High
17875;11752;111753;3;Low
17876;23928;123929;0;Medium
17877;45843;145844;2;High
17878;26060;126061;4;Low
17879;40139;140140;4;Low
17880;42941;142942;1;Medium
17881;2469;102470;2;Low
17882;35940;135941;0;Medium
17883;14881;114882;3;Low
17884;6643;106644;3;Medium
17885;22229;122230;3;High
17886;27099;127100;0;Medium
17887;13370;113371;3;Medium
17888;6053;106054;1;High
17889;38639;138640;0;Medium
17890;11434;111435;4;Medium
17891;37117;137118;2;Medium
17892;36657;136658;2;Medium
17893;28091;128092;3;High
17894;16060;116061;0;High
17895;15162;115163;1;Low
17896;1916;101917;1;Medium
17897;28399;128400;3;Medium
17898;4735;104736;0;High
17899;39151;139152;3;Medium
17900;12454;112455;2;High
17901;1358;101359;1;Low
17902;24123;124124;1;Medium
17903;38355;138356;1;Low
17904;20952;120953;4;High
17905;30760;130761;1;Low
17906;49025;149026;1;High
17907;21380;121381;2;Medium
17908;15409;115410;0;Low
17909;8875;108876;4;Low
17910;46264;146265;4;Low
17911;38468;138469;1;Medium
17912;35058;135059;3;Medium
17913;34537;134538;1;Medium
17914;41740;141741;1;Medium
17915;37057;137058;0;Low
17916;25119;125120;1;Low
17917;15624;115625;3;Low
17918;38415;138416;0;Low
17919;20075;120076;2;Low
17920;37120;137121;2;High
17921;48160;148161;1;Medium
17922;28474;128475;3;Medium
17923;17175;117176;0;High
17924;30751;130752;0;Low
17925;1265;101266;3;High
17926;15474;115475;0;Low
17927;13814;113815;2;Low
17928;23936;123937;1;Low
17929;45672;145673;0;Medium
17930;49690;149691;4;Medium
17931;47495;147496;2;High
17932;45187;145188;1;Low
17933;12515;112516;0;Low
17934;3419;103420;3;Medium
17935;7622;107623;2;High
17936;8500;108501;0;Low
17937;41245;141246;0;Medium
17938;12982;112983;1;Medium
17939;20273;120274;0;Medium
17940;14148;114149;4;High
17941;19413;119414;3;Low
17942;11087;111088;3;Low
17943;26195;126196;1;High
17944;18045;118046;2;Low
17945;22469;122470;1;Medium
17946;29433;129434;3;High
17947;10397;110398;4;Medium
17948;22731;122732;0;Low
17949;14183;114184;3;Medium
17950;1196;101197;3;Medium
17951;32200;132201;4;Low
17952;5353;105354;2;Low
17953;49695;149696;2;Medium
17954;31549;131550;0;Low
17955;48190;148191;3;High
17956;10602;110603;0;Medium
17957;31418;131419;0;Low
17958;23247;123248;0;Low
17959;33193;133194;4;High
17960;17198;117199;1;Low
17961;33527;133528;4;Low
17962;2605;102606;3;Low
17963;13279;113280;4;Medium
17964;46230;146231;3;Low
17965;16393;116394;3;Low
17966;24770;124771;0;High
17967;46391;146392;0;Low
17968;17127;117128;1;Medium
17969;28935;128936;3;Low
17970;49673;149674;2;High
17971;588;100589;2;Medium
17972;2972;102973;3;High
17973;6397;106398;0;Medium
17974;20685;120686;2;Medium
17975;6335;106336;4;Low
17976;39945;139946;3;Medium
17977;24387;124388;1;Medium
17978;27259;127260;2;High
17979;40975;140976;1;Medium
17980;33194;133195;4;Medium
17981;7304;107305;2;Medium
17982;9331;109332;0;Low
17983;1453;101454;3;High
17984;443;100444;4;Low
17985;41414;141415;1;Low
17986;13850;113851;2;High
17987;3605;103606;3;Medium
17988;11301;111302;3;High
17989;43195;143196;2;Medium
17990;47334;147335;0;Low
17991;34256;134257;4;Medium
17992;16197;116198;1;Medium
17993;39107;139108;2;Medium
17994;9038;109039;0;Low
17995;17076;117077;2;Medium
17996;23829;123830;3;Medium
17997;10743;110744;4;Medium
17998;42535;142536;1;Low
17999;20199;120200;0;Medium
18000;44498;144499;1;Medium
18001;43537;143538;1;High
18002;22209;122210;3;Low
18003;13269;113270;1;High
18004;32478;132479;1;Medium
18005;13603;113604;4;Medium
18006;20101;120102;4;Low
18007;10770;110771;0;Medium
18008;47731;147732;4;Medium
18009;1911;101912;3;Low
18010;8839;108840;1;High
18011;11146;111147;2;Medium
18012;15185;115186;1;Medium
18013;9449;109450;1;Medium
18014;20422;120423;3;Medium
18015;30146;130147;4;Medium
18016;19233;119234;4;High
18017;5753;105754;3;Low
18018;18297;118298;3;Medium
18019;49442;149443;1;Medium
18020;48448;148449;2;Medium
18021;9165;109166;2;High
18022;34114;134115;4;Medium
18023;29566;129567;1;Low
18024;13343;113344;0;Medium
18025;14347;114348;1;High
18026;48156;148157;4;High
18027;44211;144212;4;Medium
18028;47570;147571;1;Medium
18029;23493;123494;2;Low
18030;41001;141002;2;Low
18031;49130;149131;4;Medium
18032;9714;109715;0;High
18033;43427;143428;2;Low
18034;22606;122607;1;Medium
18035;46479;146480;3;Medium
18036;33309;133310;3;Medium
18037;16572;116573;4;Low
18038;27359;127360;0;Medium
18039;42242;142243;0;Medium
18040;36353;136354;2;Low
18041;49137;149138;2;Medium
18042;24765;124766;0;High
18043;254;100255;3;High
18044;14015;114016;2;Medium
18045;4408;104409;0;Low
18046;15011;115012;1;Low
18047;13420;113421;0;Medium
18048;11508;111509;3;Low
18049;7347;107348;0;Medium
18050;40741;140742;1;High
18051;12154;112155;3;Low
18052;19699;119700;3;Low
18053;27045;127046;1;Medium
18054;24930;124931;3;High
18055;9317;109318;2;Medium
18056;38953;138954;0;Medium
18057;28885;128886;0;High
18058;2109;102110;3;Medium
18059;38866;138867;0;High
18060;29225;129226;4;Medium
18061;13885;113886;4;Low
18062;48509;148510;4;Medium
18063;19253;119254;4;Medium
18064;25487;125488;0;High
18065;12279;112280;2;High
18066;4875;104876;1;Medium
18067;39199;139200;3;Low
18068;30674;130675;4;Medium
18069;42862;142863;2;High
18070;26214;126215;4;Medium
18071;23138;123139;0;Medium
18072;18351;118352;3;High
18073;22154;122155;3;High
18074;27357;127358;2;Medium
18075;47541;147542;2;Low
18076;10213;110214;4;Low
18077;6575;106576;3;High
18078;1846;101847;1;Low
18079;17200;117201;0;Low
18080;3517;103518;2;Low
18081;9883;109884;2;Medium
18082;33366;133367;1;Low
18083;33978;133979;3;High
18084;28101;128102;2;Medium
18085;14672;114673;2;Medium
18086;20454;120455;2;Low
18087;33753;133754;1;Medium
18088;38689;138690;2;High
18089;29967;129968;3;Medium
18090;39417;139418;3;High
18091;34009;134010;2;Low
18092;26744;126745;1;Low
18093;13040;113041;1;Medium
18094;38909;138910;4;High
18095;1484;101485;3;Low
18096;16237;116238;3;Medium
18097;4600;104601;1;Medium
18098;27826;127827;4;High
18099;40937;140938;2;Low
18100;21776;121777;0;High
18101;27205;127206;4;Medium
18102;31928;131929;1;Low
18103;2611;102612;3;Low
18104;37254;137255;3;High
18105;28311;128312;0;Medium
18106;10583;110584;2;Low
18107;782;100783;0;High
18108;24953;124954;1;High
18109;16605;116606;4;Low
18110;14337;114338;3;Medium
18111;28071;128072;3;High
18112;21658;121659;1;Medium
18113;28385;128386;3;Medium
18114;25720;125721;1;Low
18115;43602;143603;4;Medium
18116;3661;103662;2;Low
18117;11811;111812;1;High
18118;35523;135524;3;High
18119;21293;121294;0;Medium
18120;24976;124977;2;High
18121;23739;123740;0;Low
18122;17491;117492;0;Low
18123;40630;140631;4;Low
18124;21928;121929;3;High
18125;40785;140786;0;Medium
18126;32458;132459;4;Low
18127;25101;125102;0;High
18128;17120;117121;2;Low
18129;49584;149585;3;Low
18130;35852;135853;3;Medium
18131;42818;142819;0;Medium
18132;46280;146281;2;High
18133;1568;101569;3;Low
18134;31249;131250;3;Low
18135;18663;118664;4;Medium
18136;28020;128021;1;Low
18137;10920;110921;1;Low
18138;49912;149913;3;Low
18139;9995;109996;2;Medium
18140;882;100883;1;Low
18141;6919;106920;1;Low
18142;15737;115738;0;High
18143;12978;112979;3;Low
18144;37357;137358;2;High
18145;251;100252;3;Medium
18146;32838;132839;1;High
18147;46388;146389;3;Low
18148;32818;132819;1;Medium
18149;49053;149054;1;Medium
18150;1539;101540;0;High
18151;39838;139839;3;Medium
18152;5238;105239;4;Low
18153;11635;111636;0;Low
18154;9245;109246;3;Low
18155;41234;141235;0;Low
18156;37255;137256;4;Low
18157;45220;145221;4;Low
18158;5061;105062;2;Low
18159;33681;133682;2;High
18160;26830;126831;2;Medium
18161;1167;101168;3;Medium
18162;47850;147851;2;Medium
18163;48478;148479;3;High
18164;38618;138619;4;Low
18165;35162;135163;1;Low
18166;19505;119506;3;High
18167;23144;123145;3;Low
18168;29980;129981;0;Medium
18169;2649;102650;1;Medium
18170;9879;109880;2;Medium
18171;38104;138105;0;Medium
18172;8366;108367;2;Medium
18173;39883;139884;0;Medium
18174;36572;136573;2;Medium
18175;39154;139155;0;Medium
18176;40105;140106;1;Low
18177;39595;139596;1;Low
18178;423;100424;0;High
18179;37987;137988;1;High
18180;23921;123922;3;High
18181;22866;122867;4;Medium
18182;10822;110823;4;High
18183;16934;116935;4;Medium
18184;30379;130380;0;High
18185;33769;133770;4;High
18186;49316;149317;1;Medium
18187;19007;119008;3;Medium
18188;5478;105479;0;Medium
18189;25424;125425;3;Low
18190;35000;135001;3;Medium
18191;5345;105346;0;Medium
18192;14420;114421;4;Low
18193;36633;136634;3;High
18194;35252;135253;1;Medium
18195;9802;109803;3;High
18196;5665;105666;2;Medium
18197;8657;108658;4;Medium
18198;18987;118988;0;Medium
18199;35389;135390;1;Medium
18200;9073;109074;3;Medium
18201;30018;130019;3;Medium
18202;9847;109848;3;Medium
18203;49923;149924;1;Medium
18204;24086;124087;2;Medium
18205;48353;148354;2;Low
18206;27984;127985;4;Low
18207;40102;140103;4;Medium
18208;47612;147613;4;High
18209;37626;137627;3;Medium
18210;4439;104440;1;Medium
18211;25541;125542;0;Medium
18212;32935;132936;0;High
18213;48829;148830;4;Low
18214;39869;139870;2;Low
18215;28225;128226;1;Low
18216;24877;124878;3;High
18217;49591;149592;1;Low
18218;40400;140401;3;Medium
18219;10509;110510;0;Medium
18220;45079;145080;0;Low
18221;43896;143897;2;High
18222;20904;120905;2;High
18223;23192;123193;0;Medium
18224;13586;113587;3;Medium
18225;720;100721;1;High
18226;31850;131851;1;High
18227;1634;101635;0;High
18228;40068;140069;3;Low
18229;963;100964;4;High
18230;33405;133406;3;High
18231;38825;138826;3;High
18232;43144;143145;0;Low
18233;14211;114212;1;High
18234;12357;112358;2;Medium
18235;35023;135024;2;Low
18236;36703;136704;0;Low
18237;3160;103161;3;Low
18238;27183;127184;0;Low
18239;26497;126498;1;Low
18240;25907;125908;0;Low
18241;18927;118928;2;High
18242;32339;132340;1;High
18243;9440;109441;0;Medium
18244;13793;113794;2;High
18245;36203;136204;0;High
18246;32983;132984;1;Medium
18247;21284;121285;3;Medium
18248;14780;114781;4;Low
18249;35743;135744;3;High
18250;4606;104607;3;Medium
18251;12849;112850;4;Low
18252;39376;139377;4;Medium
18253;40614;140615;2;High
18254;16931;116932;3;High
18255;27012;127013;0;Low
18256;3543;103544;1;Low
18257;12858;112859;3;Low
18258;6571;106572;3;Low
18259;32091;132092;4;Medium
18260;38441;138442;1;Medium
18261;11414;111415;2;Low
18262;45475;145476;3;Medium
18263;30165;130166;1;High
18264;10238;110239;3;Low
18265;17004;117005;2;Medium
18266;12079;112080;2;Low
18267;43806;143807;2;Low
18268;1341;101342;3;Low
18269;40639;140640;1;Low
18270;46001;146002;1;Medium
18271;16936;116937;3;Medium
18272;8936;108937;4;High
18273;36818;136819;4;Medium
18274;29045;129046;4;High
18275;7319;107320;1;Medium
18276;7991;107992;3;Low
18277;40338;140339;0;Medium
18278;38700;138701;0;Medium
18279;12517;112518;2;Low
18280;12060;112061;0;Medium
18281;19111;119112;1;Low
18282;17351;117352;3;Low
18283;29567;129568;0;Low
18284;42923;142924;0;Medium
18285;29105;129106;1;Medium
18286;32336;132337;2;Low
18287;37290;137291;3;Low
18288;3736;103737;0;Low
18289;38193;138194;4;Medium
18290;30456;130457;4;High
18291;13882;113883;3;Medium
18292;22142;122143;1;Medium
18293;47714;147715;1;Medium
18294;47245;147246;2;Low
18295;25018;125019;0;Medium
18296;48297;148298;4;Low
18297;16940;116941;3;High
18298;23298;123299;3;High
18299;8990;108991;3;Low
18300;36510;136511;2;Low
18301;33688;133689;0;High
18302;45062;145063;4;Medium
18303;43753;143754;1;Low
18304;7714;107715;0;Medium
18305;39794;139795;0;Low
18306;32411;132412;2;Low
18307;46973;146974;3;High
18308;2952;102953;1;Low
18309;29398;129399;1;Low
18310;2858;102859;4;Medium
18311;24622;124623;1;Low
18312;20658;120659;1;High
18313;33949;133950;4;Low
18314;31949;131950;2;High
18315;368;100369;3;High
18316;8290;108291;3;High
18317;1565;101566;0;Medium
18318;36540;136541;2;Medium
18319;20808;120809;0;Low
18320;17725;117726;2;High
18321;17017;117018;2;Medium
18322;22452;122453;1;Medium
18323;27847;127848;3;Medium
18324;16759;116760;3;Medium
18325;18169;118170;3;Low
18326;29211;129212;1;Medium
18327;24657;124658;4;Low
18328;48103;148104;0;Medium
18329;14338;114339;0;High
18330;11168;111169;3;Low
18331;6457;106458;0;Medium
18332;44145;144146;4;High
18333;29414;129415;2;Low
18334;15335;115336;4;Medium
18335;39321;139322;0;Medium
18336;1015;101016;3;Medium
18337;10549;110550;3;Medium
18338;31201;131202;2;High
18339;696;100697;1;Low
18340;10989;110990;1;Medium
18341;44742;144743;3;Low
18342;44148;144149;2;Medium
18343;9394;109395;2;Medium
18344;26438;126439;1;High
18345;26217;126218;4;High
18346;4745;104746;2;High
18347;2615;102616;3;Medium
18348;17765;117766;3;High
18349;9890;109891;2;Medium
18350;7411;107412;1;Medium
18351;4663;104664;4;High
18352;24010;124011;3;Medium
18353;12445;112446;4;Low
18354;26872;126873;0;Medium
18355;14749;114750;4;Medium
18356;14864;114865;4;Medium
18357;32052;132053;0;Medium
18358;17092;117093;2;Low
18359;2367;102368;1;Low
18360;30707;130708;1;Low
18361;13657;113658;0;Low
18362;25652;125653;4;High
18363;31199;131200;0;Low
18364;9332;109333;2;Medium
18365;22119;122120;1;High
18366;20753;120754;3;High
18367;33878;133879;4;Medium
18368;39622;139623;0;Low
18369;37847;137848;0;Low
18370;10821;110822;1;Medium
18371;27979;127980;4;Medium
18372;39307;139308;0;Medium
18373;14614;114615;1;Low
18374;41287;141288;3;Medium
18375;41562;141563;2;Medium
18376;41415;141416;2;Medium
18377;47267;147268;0;High
18378;13630;113631;1;High
18379;35609;135610;0;Low
18380;7702;107703;1;Medium
18381;6050;106051;2;Medium
18382;7669;107670;0;Low
18383;30241;130242;2;High
18384;31925;131926;4;Low
18385;8365;108366;1;Medium
18386;19542;119543;1;Medium
18387;2861;102862;1;Low
18388;582;100583;2;Medium
18389;4681;104682;3;Low
18390;34671;134672;3;Low
18391;47442;147443;0;Medium
18392;10817;110818;1;Medium
18393;16257;116258;0;High
18394;9950;109951;1;High
18395;32651;132652;3;Medium
18396;28134;128135;2;Low
18397;3474;103475;4;Medium
18398;45203;145204;4;High
18399;17238;117239;4;Medium
18400;8727;108728;2;Medium
18401;20527;120528;4;Low
18402;1514;101515;2;High
18403;33109;133110;2;High
18404;4440;104441;4;Medium
18405;6138;106139;3;Medium
18406;30753;130754;3;Medium
18407;14357;114358;4;Medium
18408;27745;127746;1;High
18409;11624;111625;0;Medium
18410;38488;138489;3;Medium
18411;3883;103884;4;Medium
18412;39022;139023;3;Medium
18413;20967;120968;4;Medium
18414;29297;129298;4;Medium
18415;28994;128995;1;Low
18416;47421;147422;0;High
18417;8374;108375;2;Medium
18418;27492;127493;1;Medium
18419;24697;124698;1;Low
18420;48374;148375;0;High
18421;30267;130268;2;High
18422;28607;128608;0;Medium
18423;5098;105099;0;Low
18424;38529;138530;0;Medium
18425;28080;128081;2;High
18426;36955;136956;4;Medium
18427;12327;112328;0;High
18428;13494;113495;4;High
18429;36022;136023;2;Low
18430;24557;124558;4;Low
18431;27849;127850;1;Low
18432;38774;138775;4;High
18433;36978;136979;1;Medium
18434;18630;118631;0;Low
18435;35144;135145;3;High
18436;47282;147283;0;Medium
18437;4969;104970;1;Medium
18438;33217;133218;0;High
18439;5464;105465;2;Medium
18440;603;100604;1;Medium
18441;6442;106443;1;High
18442;9619;109620;0;Low
18443;29454;129455;3;Low
18444;39584;139585;1;Low
18445;12950;112951;4;Low
18446;20070;120071;2;Low
18447;20200;120201;1;Medium
18448;8880;108881;2;Low
18449;3574;103575;3;Low
18450;3302;103303;4;Low
18451;35477;135478;1;Low
18452;43375;143376;0;Medium
18453;21203;121204;0;Medium
18454;36432;136433;0;Medium
18455;1705;101706;4;High
18456;39005;139006;0;Medium
18457;44954;144955;4;Medium
18458;26312;126313;1;Medium
18459;11452;111453;4;Medium
18460;39081;139082;0;Medium
18461;16270;116271;2;Medium
18462;28799;128800;0;Low
18463;26113;126114;3;Medium
18464;1176;101177;4;High
18465;13872;113873;2;High
18466;17304;117305;1;Medium
18467;34692;134693;2;Medium
18468;14804;114805;0;High
18469;13537;113538;2;Medium
18470;23051;123052;0;High
18471;86;100087;1;High
18472;13737;113738;4;Medium
18473;2327;102328;0;High
18474;27664;127665;2;Medium
18475;33803;133804;4;Medium
18476;16478;116479;3;Medium
18477;45686;145687;3;High
18478;1656;101657;0;Low
18479;42420;142421;1;Medium
18480;21632;121633;4;Medium
18481;45478;145479;1;Low
18482;42643;142644;1;Low
18483;12547;112548;0;High
18484;44826;144827;3;Low
18485;12290;112291;3;Low
18486;3714;103715;2;Low
18487;37771;137772;2;High
18488;23838;123839;2;Medium
18489;49242;149243;3;High
18490;1131;101132;3;Low
18491;14213;114214;4;Low
18492;41686;141687;2;Medium
18493;29987;129988;3;High
18494;37830;137831;4;Low
18495;34069;134070;1;Low
18496;38933;138934;4;Medium
18497;1706;101707;0;Medium
18498;26588;126589;2;High
18499;34518;134519;0;High
18500;11201;111202;3;Medium
18501;13686;113687;4;Low
18502;9769;109770;4;Low
18503;33538;133539;3;Medium
18504;28633;128634;2;Medium
18505;29118;129119;2;Medium
18506;45151;145152;3;Medium
18507;40006;140007;0;High
18508;24862;124863;2;Low
18509;47321;147322;0;Medium
18510;38995;138996;0;Medium
18511;42480;142481;4;Low
18512;18380;118381;0;High
18513;4636;104637;2;Medium
18514;42722;142723;0;Low
18515;34280;134281;3;High
18516;34239;134240;3;Low
18517;1191;101192;2;Medium
18518;49192;149193;3;Medium
18519;17874;117875;3;High
18520;31789;131790;2;Medium
18521;674;100675;0;Medium
18522;6218;106219;2;High
18523;19827;119828;2;High
18524;976;100977;2;High
18525;27082;127083;0;Low
18526;43740;143741;0;High
18527;35485;135486;0;High
18528;6419;106420;2;High
18529;33454;133455;0;High
18530;22354;122355;0;Medium
18531;10488;110489;3;Medium
18532;30324;130325;2;Low
18533;18624;118625;4;Low
18534;34802;134803;2;Medium
18535;11302;111303;1;Medium
18536;10113;110114;0;High
18537;18661;118662;2;Low
18538;25348;125349;1;Medium
18539;34923;134924;1;Medium
18540;8842;108843;2;Low
18541;16652;116653;2;Low
18542;21519;121520;2;Low
18543;16474;116475;0;Low
18544;33201;133202;1;High
18545;25331;125332;0;Low
18546;36285;136286;3;High
18547;41346;141347;2;Medium
18548;14659;114660;1;Medium
18549;44550;144551;1;Medium
18550;46244;146245;2;Low
18551;21574;121575;4;Medium
18552;48650;148651;2;High
18553;2829;102830;1;Medium
18554;23834;123835;4;Medium
18555;16241;116242;4;Low
18556;44253;144254;1;Medium
18557;17356;117357;2;Low
18558;29157;129158;0;Low
18559;23929;123930;4;Medium
18560;24818;124819;4;Medium
18561;32331;132332;3;Low
18562;6408;106409;0;Low
18563;8704;108705;4;Low
18564;44985;144986;4;Medium
18565;12218;112219;3;Medium
18566;34583;134584;0;Low
18567;15635;115636;0;High
18568;47896;147897;2;Low
18569;22778;122779;1;Medium
18570;17985;117986;0;Medium
18571;44513;144514;3;Low
18572;26869;126870;3;High
18573;15315;115316;3;Low
18574;30528;130529;0;Medium
18575;15313;115314;4;Medium
18576;2147;102148;2;Medium
18577;29751;129752;1;Medium
18578;48362;148363;3;Low
18579;12302;112303;0;Medium
18580;22728;122729;4;Medium
18581;5609;105610;0;Low
18582;28323;128324;2;Medium
18583;13870;113871;0;Medium
18584;1769;101770;4;Medium
18585;20737;120738;1;Medium
18586;17780;117781;2;High
18587;16482;116483;2;Medium
18588;26764;126765;1;Medium
18589;16260;116261;4;Low
18590;12751;112752;0;Low
18591;6316;106317;3;Low
18592;27248;127249;3;High
18593;47649;147650;3;Medium
18594;44793;144794;1;High
18595;30841;130842;2;Low
18596;44914;144915;4;Medium
18597;36068;136069;3;Medium
18598;23730;123731;0;Medium
18599;42102;142103;2;Low
18600;20850;120851;2;Low
18601;11101;111102;1;Low
18602;17554;117555;2;Medium
18603;40930;140931;4;High
18604;4026;104027;2;Medium
18605;29418;129419;0;High
18606;27326;127327;1;Medium
18607;45974;145975;3;Medium
18608;35786;135787;1;High
18609;20943;120944;2;High
18610;44142;144143;4;Medium
18611;40982;140983;3;Medium
18612;34980;134981;2;Medium
18613;3098;103099;0;High
18614;29257;129258;4;High
18615;31195;131196;2;Low
18616;40184;140185;1;High
18617;24120;124121;3;Low
18618;5455;105456;0;Low
18619;16303;116304;4;Medium
18620;18867;118868;4;Low
18621;19796;119797;2;High
18622;49309;149310;3;Medium
18623;46918;146919;1;Low
18624;17549;117550;4;Medium
18625;34068;134069;0;Low
18626;42926;142927;0;Medium
18627;44987;144988;4;High
18628;6122;106123;3;Low
18629;25773;125774;0;Medium
18630;36198;136199;2;High
18631;34979;134980;0;Low
18632;45867;145868;1;Low
18633;8630;108631;3;Low
18634;32206;132207;0;Medium
18635;17447;117448;2;Low
18636;11797;111798;4;Medium
18637;34515;134516;1;Medium
18638;5822;105823;2;Medium
18639;44670;144671;2;Medium
18640;27807;127808;0;Medium
18641;12645;112646;3;Low
18642;46990;146991;4;Low
18643;4373;104374;2;Medium
18644;1509;101510;3;Low
18645;25498;125499;4;High
18646;32314;132315;4;Low
18647;33502;133503;4;Medium
18648;11944;111945;3;Medium
18649;30978;130979;2;High
18650;49603;149604;4;Medium
18651;13960;113961;1;High
18652;41741;141742;3;High
18653;3481;103482;1;High
18654;5489;105490;3;Low
18655;11357;111358;0;Low
18656;45890;145891;1;Medium
18657;18001;118002;2;Medium
18658;9880;109881;1;Low
18659;1594;101595;4;Medium
18660;34198;134199;0;Medium
18661;2325;102326;1;Medium
18662;20772;120773;1;Low
18663;44455;144456;3;High
18664;12286;112287;0;Low
18665;25328;125329;3;Low
18666;49060;149061;4;Low
18667;13128;113129;3;Low
18668;9625;109626;1;High
18669;49693;149694;3;High
18670;42049;142050;1;Low
18671;21275;121276;0;Medium
18672;48128;148129;1;Medium
18673;38830;138831;0;Low
18674;22215;122216;1;High
18675;12830;112831;3;Medium
18676;12356;112357;2;High
18677;42937;142938;2;Low
18678;40503;140504;4;Low
18679;24450;124451;2;High
18680;25147;125148;0;High
18681;42128;142129;1;Medium
18682;26096;126097;1;High
18683;19291;119292;1;Low
18684;45746;145747;1;Low
18685;16683;116684;0;Medium
18686;4167;104168;4;Low
18687;6900;106901;3;Medium
18688;44468;144469;2;Low
18689;23748;123749;2;High
18690;44404;144405;0;Low
18691;7784;107785;0;Medium
18692;23872;123873;2;High
18693;32296;132297;4;Medium
18694;15384;115385;3;Low
18695;27917;127918;0;Low
18696;10725;110726;1;Medium
18697;18794;118795;3;Medium
18698;20751;120752;1;High
18699;15260;115261;4;High
18700;2773;102774;4;Medium
18701;30626;130627;1;Medium
18702;12877;112878;0;Low
18703;37052;137053;2;Low
18704;30559;130560;3;High
18705;18638;118639;3;Medium
18706;11626;111627;0;Medium
18707;44092;144093;3;High
18708;11545;111546;2;High
18709;31453;131454;1;High
18710;28070;128071;0;Medium
18711;5906;105907;4;Medium
18712;3014;103015;3;Low
18713;19008;119009;2;Medium
18714;5758;105759;2;Medium
18715;16261;116262;1;High
18716;44657;144658;1;Medium
18717;7838;107839;2;Low
18718;19682;119683;0;High
18719;10682;110683;1;High
18720;42200;142201;1;Low
18721;4831;104832;1;Low
18722;10857;110858;0;High
18723;18736;118737;4;Low
18724;11447;111448;3;Medium
18725;33093;133094;0;High
18726;4868;104869;4;High
18727;7744;107745;1;Medium
18728;7923;107924;4;Low
18729;37684;137685;1;High
18730;45664;145665;4;Medium
18731;38971;138972;2;Low
18732;8264;108265;2;Low
18733;17417;117418;2;Medium
18734;23524;123525;3;Medium
18735;35723;135724;4;Medium
18736;48027;148028;2;Low
18737;28678;128679;0;Low
18738;8713;108714;2;Low
18739;36804;136805;4;High
18740;6336;106337;2;High
18741;19957;119958;4;Low
18742;33995;133996;1;Medium
18743;12221;112222;3;High
18744;15389;115390;1;High
18745;5532;105533;2;High
18746;25961;125962;3;High
18747;16761;116762;3;Medium
18748;38532;138533;3;Low
18749;8526;108527;3;High
18750;46758;146759;3;Low
18751;41526;141527;1;Low
18752;31313;131314;4;Low
18753;19104;119105;4;Medium
18754;40441;140442;2;High
18755;16727;116728;3;Medium
18756;309;100310;0;Low
18757;24220;124221;3;Low
18758;17648;117649;0;Low
18759;15454;115455;0;Low
18760;1590;101591;2;High
18761;4602;104603;2;High
18762;15381;115382;4;Low
18763;31012;131013;4;High
18764;27557;127558;1;Medium
18765;2848;102849;1;High
18766;32449;132450;0;Low
18767;20676;120677;1;Medium
18768;7994;107995;0;Low
18769;27795;127796;1;Medium
18770;37331;137332;4;Medium
18771;20160;120161;0;Low
18772;28119;128120;2;High
18773;16725;116726;4;Low
18774;44893;144894;4;High
18775;37176;137177;4;High
18776;7840;107841;1;Low
18777;7610;107611;2;Medium
18778;15621;115622;4;High
18779;47026;147027;4;Medium
18780;34142;134143;3;Medium
18781;26721;126722;4;Medium
18782;4690;104691;3;Medium
18783;16619;116620;1;Low
18784;6969;106970;2;Medium
18785;45021;145022;2;Medium
18786;3859;103860;4;Medium
18787;45061;145062;4;High
18788;19581;119582;0;Medium
18789;34693;134694;4;Medium
18790;32194;132195;0;Low
18791;28764;128765;2;Medium
18792;10215;110216;3;High
18793;39817;139818;0;Medium
18794;27774;127775;1;Medium
18795;28095;128096;4;Low
18796;15205;115206;2;Medium
18797;26689;126690;3;Medium
18798;45411;145412;4;Medium
18799;34628;134629;0;Low
18800;29957;129958;2;Low
18801;11160;111161;4;Medium
18802;35094;135095;0;High
18803;19906;119907;1;Medium
18804;7468;107469;1;High
18805;2074;102075;3;High
18806;37377;137378;1;Low
18807;24865;124866;1;High
18808;46454;146455;3;Medium
18809;37076;137077;3;Medium
18810;49654;149655;2;Low
18811;12268;112269;2;High
18812;40575;140576;4;Low
18813;34089;134090;1;Medium
18814;48278;148279;3;Medium
18815;38384;138385;2;High
18816;26258;126259;3;Medium
18817;2203;102204;0;Medium
18818;40991;140992;4;High
18819;29407;129408;2;High
18820;3347;103348;1;High
18821;27983;127984;4;Medium
18822;26938;126939;0;High
18823;19721;119722;2;Low
18824;36275;136276;3;Low
18825;30222;130223;2;Medium
18826;28926;128927;2;Medium
18827;1638;101639;0;Low
18828;11858;111859;4;Low
18829;9595;109596;0;Medium
18830;2200;102201;4;Medium
18831;4894;104895;4;Low
18832;15884;115885;1;Medium
18833;11889;111890;1;Medium
18834;8418;108419;4;Medium
18835;42560;142561;2;High
18836;38860;138861;2;Medium
18837;18999;119000;4;Medium
18838;13958;113959;0;Medium
18839;45607;145608;0;Medium
18840;292;100293;1;High
18841;48533;148534;4;High
18842;40081;140082;0;Low
18843;9220;109221;2;High
18844;35945;135946;1;Low
18845;13991;113992;1;Low
18846;30497;130498;2;Medium
18847;14525;114526;1;High
18848;13938;113939;4;High
18849;30808;130809;0;High
18850;35375;135376;2;High
18851;21755;121756;1;Low
18852;3258;103259;1;Low
18853;47031;147032;3;Medium
18854;19739;119740;1;Medium
18855;10239;110240;3;Medium
18856;5258;105259;3;Medium
18857;20478;120479;4;Medium
18858;19548;119549;2;Medium
18859;32342;132343;1;Medium
18860;36477;136478;4;Low
18861;22594;122595;2;Low
18862;5433;105434;1;Low
18863;23818;123819;2;Medium
18864;7704;107705;0;High
18865;29705;129706;4;Medium
18866;47185;147186;4;Medium
18867;44454;144455;0;Low
18868;31181;131182;1;High
18869;14505;114506;2;High
18870;39161;139162;0;Low
18871;3683;103684;1;Medium
18872;32366;132367;2;Medium
18873;8991;108992;2;Medium
18874;31232;131233;0;Medium
18875;31351;131352;1;Medium
18876;8645;108646;3;Low
18877;37423;137424;4;Medium
18878;37125;137126;0;Low
18879;2557;102558;0;Medium
18880;35061;135062;3;High
18881;516;100517;2;Medium
18882;22086;122087;3;Medium
18883;34285;134286;4;Medium
18884;43430;143431;2;Medium
18885;39119;139120;2;High
18886;47783;147784;0;Low
18887;41738;141739;3;Medium
18888;44489;144490;2;Medium
18889;22174;122175;3;High
18890;39088;139089;1;Low
18891;36551;136552;2;Medium
18892;23002;123003;2;Medium
18893;43067;143068;3;High
18894;27778;127779;4;Low
18895;17496;117497;3;Medium
18896;1455;101456;4;Medium
18897;22730;122731;2;Low
18898;11809;111810;3;High
18899;15964;115965;2;Low
18900;13928;113929;1;High
18901;20439;120440;1;Medium
18902;45200;145201;0;Low
18903;37112;137113;3;High
18904;41461;141462;2;Low
18905;30428;130429;3;Medium
18906;14948;114949;2;Low
18907;3528;103529;2;Low
18908;36196;136197;3;High
18909;41130;141131;1;Low
18910;12444;112445;0;Low
18911;43129;143130;1;High
18912;30383;130384;4;High
18913;22059;122060;1;Low
18914;431;100432;4;Low
18915;20126;120127;2;Low
18916;31434;131435;4;Low
18917;25026;125027;2;Medium
18918;44254;144255;3;High
18919;42316;142317;2;Medium
18920;3547;103548;1;Low
18921;49122;149123;2;Low
18922;40757;140758;3;Low
18923;24633;124634;3;Medium
18924;6579;106580;2;Low
18925;22688;122689;0;Low
18926;28412;128413;0;Medium
18927;45801;145802;3;Medium
18928;21436;121437;2;High
18929;23702;123703;1;Low
18930;2107;102108;4;Low
18931;39709;139710;0;Low
18932;47218;147219;4;Low
18933;35740;135741;2;High
18934;34649;134650;3;Low
18935;31321;131322;1;Medium
18936;15364;115365;4;High
18937;22777;122778;4;Low
18938;35327;135328;3;Medium
18939;30179;130180;3;Low
18940;237;100238;0;Medium
18941;8109;108110;2;Low
18942;42914;142915;2;Low
18943;38450;138451;4;Low
18944;32765;132766;1;Low
18945;9296;109297;2;High
18946;42968;142969;2;Low
18947;20221;120222;1;High
18948;46005;146006;3;Medium
18949;7196;107197;2;Medium
18950;10165;110166;4;High
18951;40843;140844;3;Medium
18952;39225;139226;1;Medium
18953;39914;139915;2;Low
18954;1936;101937;0;Medium
18955;558;100559;2;Medium
18956;38759;138760;0;Medium
18957;35862;135863;4;High
18958;13792;113793;0;Medium
18959;27673;127674;3;Low
18960;41339;141340;3;Medium
18961;49522;149523;0;Medium
18962;24276;124277;4;High
18963;6774;106775;1;High
18964;33854;133855;3;Low
18965;24093;124094;3;Medium
18966;39464;139465;3;Medium
18967;22433;122434;1;Low
18968;18082;118083;4;Medium
18969;30769;130770;3;Medium
18970;27910;127911;0;Medium
18971;45057;145058;1;High
18972;18997;118998;3;Low
18973;24095;124096;2;Low
18974;22129;122130;1;Medium
18975;19824;119825;1;High
18976;7722;107723;4;Medium
18977;22982;122983;0;Low
18978;40689;140690;3;Medium
18979;44515;144516;2;Low
18980;27727;127728;1;Low
18981;30247;130248;4;High
18982;38566;138567;4;Low
18983;18391;118392;4;High
18984;14741;114742;3;High
18985;46192;146193;2;Low
18986;32999;133000;3;Low
18987;34538;134539;3;Medium
18988;7183;107184;2;Medium
18989;10750;110751;4;Medium
18990;47784;147785;2;High
18991;47257;147258;4;Medium
18992;9064;109065;3;Medium
18993;26255;126256;3;Low
18994;31296;131297;0;Medium
18995;14276;114277;1;Medium
18996;2132;102133;3;Low
18997;23488;123489;2;Medium
18998;22167;122168;4;Medium
18999;48813;148814;4;Medium
19000;46319;146320;4;Low
19001;48151;148152;3;Low
19002;40152;140153;0;Medium
19003;46;100047;1;Medium
19004;29408;129409;0;High
19005;23145;123146;1;Low
19006;10826;110827;1;Medium
19007;1447;101448;3;Medium
19008;39276;139277;0;High
19009;10940;110941;1;High
19010;34506;134507;0;Low
19011;34289;134290;0;Medium
19012;29665;129666;1;Medium
19013;26363;126364;2;Medium
19014;9232;109233;3;Low
19015;37141;137142;0;High
19016;13096;113097;4;High
19017;22584;122585;0;High
19018;35186;135187;2;High
19019;32862;132863;4;High
19020;27197;127198;4;Low
19021;4716;104717;0;Low
19022;14129;114130;1;Medium
19023;41548;141549;4;Low
19024;39596;139597;4;Low
19025;15706;115707;1;Low
19026;29072;129073;4;Medium
19027;14624;114625;1;Medium
19028;41843;141844;2;Medium
19029;6804;106805;0;High
19030;22827;122828;0;Medium
19031;10529;110530;3;Medium
19032;39077;139078;0;Low
19033;32006;132007;1;High
19034;45364;145365;0;Low
19035;43986;143987;4;High
19036;25310;125311;1;Medium
19037;23617;123618;3;High
19038;38347;138348;0;Low
19039;14832;114833;0;Low
19040;38258;138259;1;Low
19041;33269;133270;3;Medium
19042;15351;115352;1;Medium
19043;40413;140414;1;High
19044;22811;122812;3;High
19045;47219;147220;1;Medium
19046;15286;115287;0;Medium
19047;15668;115669;3;Low
19048;15255;115256;2;High
19049;42820;142821;4;High
19050;11712;111713;1;High
19051;45340;145341;0;High
19052;42712;142713;1;Medium
19053;1619;101620;1;High
19054;9101;109102;0;Medium
19055;3788;103789;4;High
19056;48217;148218;2;Medium
19057;29653;129654;2;Medium
19058;37712;137713;3;Medium
19059;17602;117603;4;High
19060;429;100430;2;High
19061;19391;119392;1;Medium
19062;3931;103932;4;Low
19063;22304;122305;3;Low
19064;44703;144704;4;Medium
19065;21977;121978;1;High
19066;29822;129823;4;Medium
19067;7118;107119;4;Medium
19068;34200;134201;4;High
19069;37557;137558;3;Medium
19070;44333;144334;1;High
19071;36834;136835;2;Medium
19072;15225;115226;2;Low
19073;20229;120230;3;Medium
19074;22759;122760;3;Low
19075;16452;116453;2;Medium
19076;49494;149495;1;Low
19077;34933;134934;4;Low
19078;39560;139561;4;Medium
19079;9803;109804;0;Low
19080;10129;110130;2;Medium
19081;23920;123921;2;High
19082;30731;130732;3;High
19083;1499;101500;0;High
19084;26108;126109;4;Medium
19085;9972;109973;2;High
19086;34292;134293;2;Medium
19087;14291;114292;1;Medium
19088;42461;142462;3;Medium
19089;23860;123861;0;Medium
19090;5969;105970;4;High
19091;23095;123096;0;Low
19092;3069;103070;1;Low
19093;5680;105681;4;Low
19094;36640;136641;1;Medium
19095;6972;106973;0;Medium
19096;7474;107475;1;Medium
19097;35463;135464;4;Low
19098;22890;122891;1;Medium
19099;40934;140935;1;Medium
19100;16661;116662;1;High
19101;19009;119010;2;High
19102;35522;135523;3;High
19103;5017;105018;0;Medium
19104;22653;122654;4;Medium
19105;46330;146331;4;Medium
19106;17982;117983;4;Medium
19107;30610;130611;2;Medium
19108;46035;146036;3;Medium
19109;13352;113353;3;Medium
19110;24228;124229;4;Low
19111;42241;142242;0;Low
19112;21283;121284;1;Medium
19113;32032;132033;0;High
19114;10863;110864;3;Low
19115;941;100942;3;Low
19116;43222;143223;2;High
19117;27264;127265;1;Low
19118;17964;117965;0;High
19119;23503;123504;2;Medium
19120;16337;116338;0;Low
19121;42214;142215;2;Medium
19122;7364;107365;2;Low
19123;36289;136290;2;Medium
19124;26640;126641;4;Medium
19125;47586;147587;3;Medium
19126;35413;135414;2;High
19127;13608;113609;3;Medium
19128;39463;139464;2;Medium
19129;5458;105459;0;Medium
19130;35942;135943;2;Medium
19131;24698;124699;2;Medium
19132;3046;103047;4;Low
19133;38743;138744;2;Medium
19134;11514;111515;1;High
19135;35898;135899;1;Low
19136;44603;144604;2;High
19137;49828;149829;4;High
19138;3801;103802;3;Low
19139;42196;142197;0;High
19140;38399;138400;2;High
19141;18976;118977;0;High
19142;37018;137019;3;Low
19143;25539;125540;2;Low
19144;45185;145186;1;Low
19145;15579;115580;2;High
19146;31646;131647;4;Medium
19147;48913;148914;4;High
19148;37367;137368;1;Medium
19149;19999;120000;0;High
19150;11284;111285;0;Low
19151;2160;102161;4;Low
19152;11703;111704;1;High
19153;18320;118321;1;Low
19154;37217;137218;2;Low
19155;13647;113648;0;Low
19156;46132;146133;2;Low
19157;18392;118393;1;Medium
19158;17967;117968;4;Medium
19159;21340;121341;4;Low
19160;8912;108913;2;Medium
19161;6310;106311;0;Low
19162;27146;127147;1;Medium
19163;2678;102679;4;High
19164;48972;148973;0;Medium
19165;4547;104548;4;Low
19166;45386;145387;0;Low
19167;32152;132153;3;Low
19168;29475;129476;4;High
19169;8804;108805;3;Medium
19170;29251;129252;3;Low
19171;47517;147518;4;Low
19172;25799;125800;2;High
19173;39898;139899;4;Medium
19174;19289;119290;0;High
19175;1074;101075;1;High
19176;31400;131401;3;Medium
19177;43081;143082;0;Low
19178;21496;121497;4;Medium
19179;16820;116821;1;High
19180;1200;101201;0;Low
19181;35738;135739;0;Medium
19182;25134;125135;4;Medium
19183;23147;123148;1;Low
19184;47008;147009;3;Medium
19185;49572;149573;2;Medium
19186;9108;109109;3;Low
19187;13706;113707;0;Low
19188;43490;143491;3;High
19189;3526;103527;0;Medium
19190;42890;142891;4;High
19191;23693;123694;0;Medium
19192;13132;113133;2;High
19193;38599;138600;0;High
19194;18926;118927;3;High
19195;38596;138597;1;Medium
19196;21435;121436;4;High
19197;46805;146806;0;Medium
19198;39284;139285;4;Medium
19199;4499;104500;4;Medium
19200;42279;142280;1;High
19201;9163;109164;2;High
19202;39306;139307;3;Low
19203;35116;135117;2;Medium
19204;33550;133551;0;Medium
19205;37470;137471;2;High
19206;36699;136700;4;Low
19207;8529;108530;3;Medium
19208;43520;143521;1;Medium
19209;12767;112768;0;Medium
19210;29313;129314;0;High
19211;28530;128531;4;Low
19212;34272;134273;0;Low
19213;45870;145871;4;High
19214;47727;147728;2;Medium
19215;39829;139830;1;Medium
19216;17463;117464;4;Medium
19217;10076;110077;3;High
19218;12733;112734;1;Low
19219;25593;125594;1;Low
19220;19207;119208;4;Low
19221;4714;104715;3;Medium
19222;6281;106282;4;High
19223;12503;112504;3;High
19224;26111;126112;3;High
19225;26769;126770;1;High
19226;3393;103394;2;Medium
19227;13400;113401;4;Low
19228;28805;128806;4;Medium
19229;42639;142640;0;Medium
19230;25931;125932;1;High
19231;49010;149011;2;Medium
19232;8217;108218;2;Low
19233;40548;140549;4;Medium
19234;16258;116259;4;Medium
19235;8935;108936;3;High
19236;41284;141285;0;Low
19237;13914;113915;2;Low
19238;47639;147640;3;Low
19239;28106;128107;3;Low
19240;34808;134809;0;Medium
19241;30728;130729;0;Low
19242;25219;125220;3;High
19243;33019;133020;3;Medium
19244;12688;112689;4;High
19245;10270;110271;0;Low
19246;38071;138072;4;Low
19247;1744;101745;3;High
19248;4523;104524;2;Medium
19249;42123;142124;0;Low
19250;22995;122996;0;Medium
19251;25082;125083;0;High
19252;17392;117393;4;Low
19253;30562;130563;1;Medium
19254;42348;142349;4;Low
19255;37854;137855;4;High
19256;3283;103284;4;Low
19257;36239;136240;3;Medium
19258;27633;127634;2;High
19259;22178;122179;4;Medium
19260;44944;144945;0;Low
19261;8978;108979;0;High
19262;17352;117353;4;Medium
19263;15010;115011;0;Medium
19264;24477;124478;4;Low
19265;44499;144500;3;Medium
19266;31359;131360;2;High
19267;15489;115490;2;High
19268;4501;104502;4;Medium
19269;7379;107380;3;Low
19270;21343;121344;1;Medium
19271;29203;129204;0;Low
19272;48766;148767;1;Medium
19273;14412;114413;1;Medium
19274;45269;145270;4;Medium
19275;33079;133080;1;High
19276;5550;105551;3;Low
19277;2514;102515;2;Low
19278;49038;149039;4;Low
19279;24733;124734;0;Medium
19280;1112;101113;4;Medium
19281;9191;109192;2;Low
19282;24905;124906;0;Medium
19283;8134;108135;3;Low
19284;11662;111663;0;Low
19285;11163;111164;2;Medium
19286;35501;135502;4;Medium
19287;4120;104121;1;Low
19288;37004;137005;2;High
19289;45256;145257;4;Medium
19290;41215;141216;2;Low
19291;21405;121406;4;High
19292;43330;143331;0;Medium
19293;29111;129112;4;Low
19294;14100;114101;0;Medium
19295;29982;129983;4;Low
19296;47675;147676;1;Medium
19297;39997;139998;3;Low
19298;43578;143579;0;Low
19299;48138;148139;1;Medium
19300;13088;113089;1;Low
19301;1854;101855;2;Low
19302;11206;111207;0;Low
19303;31155;131156;1;High
19304;24807;124808;0;Low
19305;26215;126216;4;Low
19306;35694;135695;1;High
19307;9785;109786;3;High
19308;29969;129970;3;Low
19309;11660;111661;2;Medium
19310;30590;130591;1;Medium
19311;38808;138809;0;Low
19312;4049;104050;1;High
19313;5618;105619;2;High
19314;1017;101018;2;Medium
19315;23455;123456;1;Medium
19316;571;100572;3;Medium
19317;26053;126054;3;High
19318;16110;116111;2;Medium
19319;968;100969;3;Medium
19320;33094;133095;1;Low
19321;8678;108679;2;Medium
19322;838;100839;4;Low
19323;48065;148066;3;Medium
19324;17992;117993;4;High
19325;27762;127763;0;Medium
19326;11878;111879;3;Medium
19327;32320;132321;1;Low
19328;2901;102902;0;Medium
19329;29626;129627;4;Medium
19330;28618;128619;0;Medium
19331;39188;139189;3;Low
19332;27561;127562;3;Medium
19333;22280;122281;0;High
19334;43336;143337;0;Low
19335;27685;127686;2;Medium
19336;43105;143106;1;Low
19337;29484;129485;3;Low
19338;1444;101445;3;High
19339;24721;124722;4;Medium
19340;30737;130738;4;Medium
19341;40008;140009;2;Low
19342;34049;134050;1;Low
19343;33576;133577;1;Medium
19344;8755;108756;2;Low
19345;40282;140283;0;Medium
19346;36752;136753;0;Low
19347;22298;122299;3;Medium
19348;36160;136161;2;Low
19349;44561;144562;4;Medium
19350;49330;149331;0;Low
19351;505;100506;3;High
19352;12541;112542;0;Medium
19353;44843;144844;1;Low
19354;42692;142693;2;High
19355;198;100199;4;Medium
19356;9406;109407;1;Medium
19357;45467;145468;2;Medium
19358;9341;109342;4;Medium
19359;40844;140845;4;Medium
19360;23536;123537;0;High
19361;41662;141663;0;Low
19362;22674;122675;2;Medium
19363;32308;132309;0;Low
19364;9254;109255;3;High
19365;29793;129794;3;Low
19366;33303;133304;4;Medium
19367;34730;134731;1;High
19368;42717;142718;0;Low
19369;6526;106527;0;High
19370;23504;123505;2;High
19371;4270;104271;4;Low
19372;5247;105248;1;Low
19373;46950;146951;4;High
19374;18823;118824;1;Medium
19375;30766;130767;2;Low
19376;14006;114007;0;Low
19377;37673;137674;4;Medium
19378;11553;111554;2;Low
19379;43452;143453;0;Medium
19380;43596;143597;3;Medium
19381;32233;132234;2;Low
19382;68;100069;3;High
19383;114;100115;1;Low
19384;14054;114055;0;Medium
19385;18772;118773;0;Low
19386;13385;113386;3;Medium
19387;49172;149173;2;Medium
19388;47825;147826;1;Low
19389;15084;115085;3;High
19390;33752;133753;1;High
19391;1383;101384;3;Medium
19392;29187;129188;4;Medium
19393;40979;140980;2;Medium
19394;5551;105552;2;Medium
19395;16741;116742;0;High
19396;44692;144693;1;Low
19397;17590;117591;4;Low
19398;30563;130564;3;Medium
19399;4985;104986;4;Medium
19400;26685;126686;0;Medium
19401;39912;139913;4;Medium
19402;1250;101251;2;Medium
19403;17430;117431;4;Medium
19404;16309;116310;1;Low
19405;5692;105693;2;High
19406;15713;115714;0;Medium
19407;12769;112770;2;Medium
19408;30909;130910;4;Medium
19409;21473;121474;1;Low
19410;35184;135185;0;Low
19411;34551;134552;4;Low
19412;47579;147580;0;Medium
19413;20107;120108;1;Low
19414;1935;101936;3;Medium
19415;22675;122676;4;Medium
19416;6985;106986;4;Low
19417;30355;130356;0;Medium
19418;1252;101253;1;Medium
19419;2663;102664;0;High
19420;43115;143116;4;Medium
19421;42180;142181;2;Medium
19422;30262;130263;3;High
19423;20377;120378;0;High
19424;33423;133424;0;Low
19425;11926;111927;2;Medium
19426;35606;135607;2;Medium
19427;28948;128949;4;Medium
19428;11179;111180;0;Medium
19429;6034;106035;1;Low
19430;41559;141560;4;Low
19431;6216;106217;4;Low
19432;12037;112038;2;Medium
19433;46909;146910;0;Medium
19434;38359;138360;0;Low
19435;13496;113497;0;High
19436;18550;118551;3;Low
19437;20848;120849;1;Medium
19438;21954;121955;2;Medium
19439;26501;126502;2;Medium
19440;31753;131754;1;Medium
19441;16361;116362;3;High
19442;34425;134426;1;Medium
19443;34347;134348;1;Medium
19444;19427;119428;4;Medium
19445;8248;108249;4;Low
19446;23526;123527;0;High
19447;29574;129575;0;Medium
19448;9352;109353;0;Low
19449;15980;115981;3;Low
19450;9431;109432;2;Low
19451;25881;125882;2;High
19452;41823;141824;0;High
19453;11300;111301;2;Low
19454;2012;102013;3;Low
19455;42477;142478;2;Medium
19456;45834;145835;2;Medium
19457;6661;106662;2;Medium
19458;22738;122739;4;High
19459;27935;127936;4;High
19460;42457;142458;4;Low
19461;14135;114136;3;Medium
19462;34495;134496;0;High
19463;40418;140419;0;Medium
19464;21892;121893;2;Low
19465;17096;117097;4;Medium
19466;31803;131804;1;Low
19467;23581;123582;1;High
19468;20705;120706;4;High
19469;5355;105356;3;High
19470;6076;106077;4;Medium
19471;29390;129391;2;High
19472;40622;140623;1;Low
19473;43288;143289;0;Medium
19474;48989;148990;3;High
19475;33010;133011;3;Medium
19476;41512;141513;0;Medium
19477;44132;144133;0;Medium
19478;25567;125568;2;High
19479;17889;117890;1;High
19480;24489;124490;2;High
19481;204;100205;2;Medium
19482;30463;130464;1;Low
19483;11531;111532;3;Low
19484;35296;135297;0;Low
19485;26748;126749;2;Medium
19486;42896;142897;0;Low
19487;47335;147336;1;Medium
19488;48508;148509;3;High
19489;40257;140258;4;Low
19490;29983;129984;0;Low
19491;6716;106717;3;Medium
19492;9335;109336;1;High
19493;24178;124179;4;Low
19494;12308;112309;0;Low
19495;27379;127380;1;Medium
19496;33476;133477;2;Medium
19497;38670;138671;4;Medium
19498;28859;128860;1;Low
19499;34021;134022;3;High
19500;23763;123764;2;Medium
19501;18933;118934;3;High
19502;25090;125091;2;Low
19503;1668;101669;1;High
19504;28461;128462;2;Low
19505;20436;120437;0;Medium
19506;18513;118514;3;High
19507;36937;136938;3;High
19508;34321;134322;1;Medium
19509;15127;115128;1;High
19510;44737;144738;0;High
19511;7979;107980;1;Medium
19512;14350;114351;0;Medium
19513;32389;132390;0;Medium
19514;12796;112797;3;Low
19515;14683;114684;0;Low
19516;36105;136106;1;Low
19517;49072;149073;1;Low
19518;29728;129729;0;High
19519;2724;102725;1;Low
19520;37996;137997;4;Medium
19521;39041;139042;4;Low
19522;25716;125717;4;High
19523;8447;108448;2;High
19524;29945;129946;3;Medium
19525;21834;121835;1;High
19526;35796;135797;1;Medium
19527;29488;129489;2;High
19528;35343;135344;0;High
19529;24;100025;3;Medium
19530;13039;113040;1;Low
19531;25416;125417;1;Low
19532;9020;109021;0;Medium
19533;31852;131853;3;Medium
19534;3571;103572;3;High
19535;11855;111856;3;High
19536;29340;129341;2;Low
19537;34841;134842;0;High
19538;8245;108246;4;Medium
19539;41534;141535;0;Medium
19540;33799;133800;3;Low
19541;43839;143840;2;High
19542;26074;126075;2;Low
19543;11785;111786;3;High
19544;32113;132114;4;Low
19545;33776;133777;3;Medium
19546;13524;113525;2;Medium
19547;2463;102464;1;Medium
19548;43888;143889;3;Medium
19549;43113;143114;2;High
19550;22786;122787;1;Medium
19551;22268;122269;4;High
19552;4884;104885;4;Low
19553;1763;101764;4;Medium
19554;21431;121432;0;High
19555;618;100619;2;Low
19556;6487;106488;4;Medium
19557;16739;116740;2;Low
19558;29169;129170;2;Medium
19559;38522;138523;0;Medium
19560;31509;131510;4;Low
19561;17895;117896;3;Medium
19562;10831;110832;0;Medium
19563;31247;131248;1;High
19564;41272;141273;2;Medium
19565;9701;109702;4;Low
19566;49067;149068;1;Medium
19567;38979;138980;4;Medium
19568;49611;149612;2;Low
19569;8341;108342;4;Medium
19570;12885;112886;4;Medium
19571;14803;114804;2;High
19572;2265;102266;2;Medium
19573;36133;136134;4;Low
19574;37066;137067;1;High
19575;30900;130901;1;Low
19576;6510;106511;0;High
19577;33669;133670;1;Low
19578;46404;146405;0;Low
19579;18719;118720;0;High
19580;39923;139924;2;High
19581;41660;141661;2;Medium
19582;29083;129084;4;Low
19583;7916;107917;2;Low
19584;7664;107665;0;High
19585;11900;111901;4;High
19586;7560;107561;1;Low
19587;34189;134190;3;Medium
19588;24405;124406;0;Medium
19589;7236;107237;3;High
19590;33638;133639;4;High
19591;7285;107286;4;High
19592;7598;107599;4;Low
19593;15411;115412;2;High
19594;41371;141372;4;Low
19595;17756;117757;2;High
19596;4921;104922;2;Medium
19597;34766;134767;2;Medium
19598;25638;125639;4;Low
19599;3993;103994;4;Medium
19600;36612;136613;0;High
19601;19594;119595;4;Medium
19602;7627;107628;3;Low
19603;5374;105375;1;Low
19604;36957;136958;1;High
19605;49909;149910;2;Medium
19606;21231;121232;1;High
19607;40214;140215;3;Medium
19608;27661;127662;0;High
19609;12706;112707;3;Medium
19610;42003;142004;3;High
19611;4685;104686;3;Medium
19612;38765;138766;3;Medium
19613;27349;127350;3;Medium
19614;41106;141107;3;Medium
19615;26071;126072;4;Low
19616;26539;126540;3;High
19617;28808;128809;3;Low
19618;18760;118761;0;High
19619;40085;140086;3;Medium
19620;46592;146593;2;Medium
19621;20114;120115;1;High
19622;26318;126319;1;Low
19623;36321;136322;3;Medium
19624;20430;120431;0;Low
19625;24668;124669;2;Low
19626;48683;148684;3;High
19627;5014;105015;4;Medium
19628;9005;109006;0;Medium
19629;4639;104640;2;Medium
19630;39636;139637;4;Low
19631;47354;147355;2;High
19632;7178;107179;4;Low
19633;20847;120848;3;Low
19634;35399;135400;4;High
19635;40864;140865;2;Medium
19636;21065;121066;1;High
19637;3542;103543;4;High
19638;2854;102855;0;Low
19639;15910;115911;0;High
19640;5601;105602;2;Low
19641;32631;132632;2;Low
19642;2768;102769;4;Low
19643;31315;131316;3;Medium
19644;24212;124213;0;Low
19645;42173;142174;1;High
19646;49631;149632;4;Low
19647;43178;143179;4;Medium
19648;36734;136735;2;Medium
19649;17988;117989;4;Medium
19650;26095;126096;4;Medium
19651;5482;105483;1;High
19652;12109;112110;0;Medium
19653;35813;135814;4;Low
19654;16791;116792;0;High
19655;36968;136969;4;High
19656;17986;117987;4;Medium
19657;4071;104072;1;Medium
19658;20595;120596;0;Medium
19659;35614;135615;1;Medium
19660;47014;147015;4;High
19661;41871;141872;1;High
19662;33636;133637;4;Medium
19663;2220;102221;4;Medium
19664;41805;141806;4;Medium
19665;48724;148725;4;Medium
19666;34335;134336;2;Medium
19667;71;100072;1;Medium
19668;44299;144300;0;Low
19669;47750;147751;2;Low
19670;1407;101408;4;Medium
19671;11399;111400;2;Low
19672;47605;147606;3;Low
19673;24836;124837;4;Low
19674;9906;109907;4;High
19675;45591;145592;4;High
19676;45624;145625;3;Medium
19677;13147;113148;0;Low
19678;22045;122046;3;Medium
19679;5477;105478;2;High
19680;34185;134186;0;Medium
19681;35664;135665;4;High
19682;46177;146178;3;Medium
19683;41899;141900;2;Low
19684;24947;124948;1;Medium
19685;30061;130062;0;Low
19686;12799;112800;3;Low
19687;7076;107077;3;Medium
19688;8117;108118;2;High
19689;31264;131265;1;Medium
19690;11901;111902;1;High
19691;3891;103892;3;Medium
19692;49473;149474;2;High
19693;1163;101164;4;High
19694;19839;119840;0;Low
19695;47117;147118;3;High
19696;3821;103822;1;Medium
19697;29788;129789;1;Low
19698;37994;137995;4;Medium
19699;27518;127519;2;Medium
19700;13171;113172;1;Medium
19701;40020;140021;1;Low
19702;17929;117930;2;Medium
19703;1267;101268;1;Medium
19704;36743;136744;4;Low
19705;24131;124132;1;High
19706;2807;102808;3;High
19707;10315;110316;3;Medium
19708;20215;120216;2;Medium
19709;33005;133006;1;Medium
19710;43335;143336;2;Medium
19711;17408;117409;0;Medium
19712;44661;144662;0;Medium
19713;40511;140512;4;High
19714;6533;106534;2;Low
19715;3933;103934;4;Low
19716;26063;126064;0;Medium
19717;37257;137258;3;Medium
19718;17384;117385;4;Low
19719;29790;129791;3;Low
19720;5187;105188;4;Medium
19721;14063;114064;3;Medium
19722;30995;130996;1;Low
19723;23242;123243;3;Medium
19724;7245;107246;1;High
19725;32923;132924;2;Low
19726;41991;141992;3;Medium
19727;35511;135512;3;Low
19728;8177;108178;4;Medium
19729;48730;148731;0;Low
19730;48758;148759;2;Medium
19731;14697;114698;0;Medium
19732;8078;108079;0;Low
19733;14910;114911;0;Medium
19734;38400;138401;3;Medium
19735;16588;116589;1;High
19736;17367;117368;0;High
19737;40890;140891;3;High
19738;32390;132391;3;Medium
19739;28007;128008;4;High
19740;8656;108657;4;Low
19741;42801;142802;3;High
19742;12986;112987;2;Low
19743;3439;103440;3;High
19744;21958;121959;2;Medium
19745;4473;104474;1;Low
19746;35210;135211;3;Low
19747;32172;132173;0;Medium
19748;14146;114147;0;Low
19749;23964;123965;4;High
19750;28538;128539;0;Low
19751;47756;147757;0;Low
19752;41315;141316;2;Low
19753;36162;136163;4;High
19754;44307;144308;1;Low
19755;21273;121274;1;Medium
19756;45468;145469;2;High
19757;2762;102763;2;Medium
19758;42042;142043;3;High
19759;34614;134615;1;Medium
19760;5886;105887;1;High
19761;25762;125763;1;Medium
19762;34609;134610;4;Low
19763;13298;113299;2;Low
19764;12907;112908;4;Low
19765;28954;128955;4;Low
19766;33530;133531;2;Low
19767;33202;133203;1;High
19768;784;100785;4;Low
19769;15357;115358;1;Medium
19770;32166;132167;1;Low
19771;5936;105937;1;Medium
19772;34968;134969;3;Low
19773;23770;123771;2;High
19774;18413;118414;2;Low
19775;98;100099;1;Medium
19776;34311;134312;0;Low
19777;43797;143798;0;Medium
19778;44822;144823;0;Medium
19779;42699;142700;0;High
19780;41766;141767;1;Low
19781;11260;111261;3;High
19782;39399;139400;2;Low
19783;35315;135316;4;Low
19784;19319;119320;4;Medium
19785;23444;123445;3;Medium
19786;22493;122494;1;Low
19787;20243;120244;2;Medium
19788;31072;131073;1;Medium
19789;7505;107506;0;Medium
19790;31323;131324;4;High
19791;27215;127216;3;Medium
19792;36784;136785;0;Medium
19793;6331;106332;4;Medium
19794;47494;147495;1;Low
19795;41645;141646;0;Medium
19796;39336;139337;3;Medium
19797;26035;126036;4;Medium
19798;32610;132611;1;Low
19799;37614;137615;4;Medium
19800;31933;131934;3;Medium
19801;49275;149276;4;Low
19802;35800;135801;1;High
19803;184;100185;2;Medium
19804;38043;138044;3;Low
19805;45735;145736;4;Medium
19806;27804;127805;3;High
19807;27900;127901;0;High
19808;16425;116426;3;Medium
19809;19760;119761;1;Low
19810;17280;117281;1;Low
19811;40127;140128;2;Low
19812;31593;131594;3;Low
19813;42271;142272;0;Medium
19814;36146;136147;1;Medium
19815;44983;144984;3;Medium
19816;4452;104453;0;High
19817;26395;126396;1;Low
19818;34573;134574;4;High
19819;32548;132549;0;Low
19820;37640;137641;0;High
19821;21978;121979;2;Medium
19822;8661;108662;2;Medium
19823;19455;119456;2;Medium
19824;19992;119993;0;Low
19825;9454;109455;3;Medium
19826;17199;117200;4;Low
19827;1616;101617;1;Low
19828;227;100228;3;Medium
19829;28830;128831;2;High
19830;45756;145757;3;Low
19831;17057;117058;2;Medium
19832;37469;137470;4;Medium
19833;12838;112839;0;Low
19834;13423;113424;1;Low
19835;14765;114766;3;High
19836;36427;136428;3;Medium
19837;30997;130998;2;Medium
19838;27066;127067;1;Low
19839;399;100400;4;High
19840;11133;111134;2;Medium
19841;8047;108048;3;High
19842;35214;135215;3;Low
19843;29177;129178;3;Medium
19844;44728;144729;0;Low
19845;29920;129921;3;Low
19846;40458;140459;3;High
19847;718;100719;3;Low
19848;21536;121537;3;Medium
19849;13898;113899;1;High
19850;20702;120703;1;Medium
19851;34266;134267;3;Low
19852;46829;146830;2;Medium
19853;31001;131002;0;Medium
19854;15361;115362;1;High
19855;7331;107332;4;Low
19856;32300;132301;4;High
19857;16603;116604;3;Low
19858;18012;118013;4;High
19859;37980;137981;2;High
19860;40110;140111;0;Medium
19861;41135;141136;3;Medium
19862;26257;126258;4;Medium
19863;44779;144780;3;Low
19864;13334;113335;1;Medium
19865;31371;131372;1;Low
19866;40736;140737;2;Low
19867;19425;119426;3;Low
19868;7500;107501;2;Low
19869;23793;123794;3;High
19870;43742;143743;2;High
19871;9525;109526;4;Medium
19872;14201;114202;2;Low
19873;32079;132080;4;Low
19874;35480;135481;1;Low
19875;22072;122073;1;Low
19876;10532;110533;4;High
19877;28571;128572;0;High
19878;44939;144940;2;High
19879;25549;125550;3;Medium
19880;35779;135780;4;High
19881;11323;111324;0;Low
19882;3492;103493;4;Low
19883;48031;148032;1;Medium
19884;2390;102391;4;High
19885;10684;110685;0;Low
19886;10;100011;0;High
19887;46838;146839;4;High
19888;30926;130927;4;Medium
19889;18675;118676;1;High
19890;34002;134003;2;Medium
19891;11663;111664;4;Low
19892;20209;120210;4;Medium
19893;33206;133207;4;Medium
19894;42308;142309;2;High
19895;49605;149606;0;Low
19896;36464;136465;0;Low
19897;3221;103222;1;Medium
19898;35526;135527;0;Medium
19899;37541;137542;1;Medium
19900;2643;102644;4;Medium
19901;42402;142403;2;Low
19902;23363;123364;2;Medium
19903;49247;149248;0;Medium
19904;12612;112613;4;Medium
19905;30152;130153;1;High
19906;17036;117037;0;High
19907;41768;141769;4;Medium
19908;8331;108332;4;Medium
19909;19147;119148;4;Low
19910;5115;105116;4;Low
19911;6340;106341;3;High
19912;43801;143802;0;Medium
19913;37527;137528;0;High
19914;45500;145501;1;Medium
19915;18936;118937;3;High
19916;27563;127564;2;High
19917;48279;148280;1;Medium
19918;43690;143691;4;Medium
19919;20353;120354;4;Medium
19920;27686;127687;0;Medium
19921;42409;142410;0;Medium
19922;16005;116006;4;Medium
19923;16130;116131;3;Medium
19924;42634;142635;0;Low
19925;20849;120850;0;Low
19926;30787;130788;0;Medium
19927;42976;142977;4;Medium
19928;2804;102805;1;High
19929;42478;142479;1;High
19930;26342;126343;0;Medium
19931;35437;135438;0;Medium
19932;42766;142767;2;Low
19933;28281;128282;0;Low
19934;17817;117818;2;High
19935;36600;136601;1;Medium
19936;12209;112210;0;High
19937;10075;110076;4;Low
19938;22058;122059;0;Low
19939;20354;120355;1;Low
19940;48625;148626;2;Medium
19941;3643;103644;1;Medium
19942;5641;105642;0;Medium
19943;17418;117419;2;High
19944;4957;104958;2;Medium
19945;49088;149089;0;Medium
19946;16557;116558;1;High
19947;49429;149430;2;Medium
19948;13491;113492;4;High
19949;20058;120059;0;Medium
19950;4763;104764;4;Medium
19951;39635;139636;0;Medium
19952;44155;144156;0;Low
19953;40581;140582;0;Medium
19954;48320;148321;0;Medium
19955;17695;117696;1;Low
19956;49916;149917;4;Low
19957;43743;143744;0;Medium
19958;13842;113843;4;Medium
19959;25413;125414;3;Low
19960;28615;128616;0;Low
19961;30592;130593;4;High
19962;14187;114188;4;Low
19963;10550;110551;0;Medium
19964;9582;109583;4;Low
19965;39299;139300;3;Medium
19966;38730;138731;2;Medium
19967;20450;120451;4;Low
19968;12866;112867;4;High
19969;9620;109621;3;Low
19970;45732;145733;4;Low
19971;3560;103561;1;High
19972;33510;133511;3;High
19973;16845;116846;1;Low
19974;9611;109612;0;Medium
19975;37982;137983;4;Low
19976;5729;105730;4;Low
19977;31194;131195;1;Medium
19978;47997;147998;3;High
19979;45488;145489;4;Low
19980;44641;144642;0;Low
19981;44578;144579;2;Low
19982;10425;110426;0;High
19983;24211;124212;3;Medium
19984;30478;130479;2;Medium
19985;31332;131333;3;Medium
19986;45287;145288;0;Low
19987;45100;145101;3;Medium
19988;44979;144980;4;Medium
19989;30467;130468;2;Medium
19990;36626;136627;0;Medium
19991;47575;147576;1;Medium
19992;41413;141414;4;Low
19993;520;100521;1;High
19994;14130;114131;1;Low
19995;12665;112666;1;Low
19996;15944;115945;3;Low
19997;2533;102534;3;High
19998;12129;112130;4;High
19999;14279;114280;1;Medium
20000;22075;122076;3;Low
20001;38482;138483;3;High
20002;20255;120256;3;Medium
20003;13205;113206;1;High
20004;33212;133213;4;High
20005;38109;138110;1;Medium
20006;43950;143951;3;Low
20007;561;100562;3;Medium
20008;31805;131806;0;Medium
20009;28069;128070;4;High
20010;19733;119734;4;High
20011;26288;126289;3;Medium
20012;48442;148443;3;Low
20013;14938;114939;4;Medium
20014;17250;117251;1;High
20015;4391;104392;0;Medium
20016;34182;134183;2;Low
20017;48968;148969;3;High
20018;38569;138570;0;High
20019;34949;134950;0;High
20020;7810;107811;2;Medium
20021;19302;119303;0;Medium
20022;36620;136621;4;Low
20023;39585;139586;1;Medium
20024;33155;133156;1;High
20025;30519;130520;1;High
20026;23607;123608;4;Medium
20027;40077;140078;1;Low
20028;3977;103978;2;Medium
20029;11989;111990;1;High
20030;42772;142773;3;Medium
20031;17858;117859;2;Low
20032;31604;131605;1;Low
20033;9699;109700;0;Low
20034;25991;125992;3;High
20035;41687;141688;2;Low
20036;27578;127579;0;High
20037;11882;111883;2;Medium
20038;5263;105264;0;High
20039;34667;134668;4;Medium
20040;11187;111188;3;Medium
20041;33074;133075;1;High
20042;29614;129615;4;High
20043;29966;129967;2;Low
20044;22141;122142;1;Low
20045;40135;140136;4;High
20046;6955;106956;3;Low
20047;23135;123136;4;High
20048;42275;142276;3;High
20049;44311;144312;2;Low
20050;7053;107054;1;High
20051;24797;124798;2;Medium
20052;23582;123583;4;Low
20053;21254;121255;1;Low
20054;25786;125787;0;Medium
20055;41147;141148;2;Low
20056;4467;104468;2;Low
20057;29271;129272;0;Medium
20058;24100;124101;1;Medium
20059;42658;142659;2;High
20060;43816;143817;4;Medium
20061;42378;142379;1;Low
20062;37149;137150;2;Medium
20063;9308;109309;2;Low
20064;45477;145478;3;Low
20065;16124;116125;1;Low
20066;12190;112191;3;Low
20067;46275;146276;2;Medium
20068;38370;138371;0;Low
20069;38672;138673;0;Medium
20070;45498;145499;0;Low
20071;36222;136223;1;High
20072;35357;135358;4;Medium
20073;8801;108802;0;Medium
20074;36654;136655;0;Medium
20075;31562;131563;2;Medium
20076;47332;147333;4;Medium
20077;41998;141999;2;Medium
20078;6612;106613;0;Low
20079;15646;115647;1;Medium
20080;27903;127904;0;High
20081;37693;137694;3;Low
20082;44246;144247;4;Low
20083;12500;112501;3;Low
20084;32804;132805;3;Low
20085;35280;135281;3;Medium
20086;1779;101780;2;Low
20087;4607;104608;4;Medium
20088;31166;131167;2;Medium
20089;7150;107151;1;Medium
20090;11552;111553;0;Low
20091;10207;110208;3;High
20092;11363;111364;0;Medium
20093;19945;119946;2;High
20094;5631;105632;2;Medium
20095;23053;123054;3;Low
20096;30980;130981;2;High
20097;45268;145269;4;Low
20098;25995;125996;0;Medium
20099;38877;138878;4;Medium
20100;30890;130891;1;High
20101;48284;148285;0;Low
20102;21029;121030;2;Medium
20103;42092;142093;1;Low
20104;10918;110919;3;Low
20105;14414;114415;0;Low
20106;8075;108076;3;Medium
20107;46213;146214;2;Medium
20108;10899;110900;1;Medium
20109;23110;123111;3;Medium
20110;48564;148565;3;Low
20111;22092;122093;1;Medium
20112;48094;148095;3;Low
20113;23975;123976;0;Medium
20114;12631;112632;4;Medium
20115;31870;131871;0;Low
20116;18493;118494;3;High
20117;43003;143004;3;Medium
20118;47280;147281;2;High
20119;38040;138041;4;Low
20120;45744;145745;3;High
20121;25647;125648;0;High
20122;41673;141674;0;Medium
20123;19566;119567;1;Medium
20124;33291;133292;3;Medium
20125;29294;129295;4;High
20126;465;100466;4;Medium
20127;30484;130485;4;High
20128;19171;119172;3;Low
20129;24780;124781;2;High
20130;24395;124396;4;Medium
20131;10680;110681;2;Medium
20132;36506;136507;3;Medium
20133;43949;143950;3;Medium
20134;9157;109158;4;Low
20135;35515;135516;3;Low
20136;5994;105995;2;Low
20137;42024;142025;3;Low
20138;12186;112187;1;Medium
20139;4246;104247;4;Medium
20140;49042;149043;4;High
20141;42250;142251;2;High
20142;49213;149214;2;High
20143;42672;142673;1;High
20144;38683;138684;4;Medium
20145;4767;104768;1;Low
20146;46427;146428;1;Low
20147;29576;129577;2;Medium
20148;2448;102449;0;High
20149;37606;137607;4;Medium
20150;3126;103127;4;High
20151;14467;114468;0;Medium
20152;36357;136358;0;Medium
20153;7259;107260;2;Medium
20154;9860;109861;0;Medium
20155;22642;122643;3;High
20156;14657;114658;3;High
20157;46283;146284;3;Medium
20158;17082;117083;4;Low
20159;18992;118993;2;Low
20160;27789;127790;2;Low
20161;19511;119512;3;High
20162;13049;113050;4;High
20163;19726;119727;4;Medium
20164;17452;117453;1;High
20165;21681;121682;0;Medium
20166;44858;144859;2;High
20167;32097;132098;3;Low
20168;40377;140378;2;Medium
20169;46481;146482;1;High
20170;8453;108454;1;High
20171;6195;106196;2;Medium
20172;42160;142161;4;Medium
20173;566;100567;2;Medium
20174;11893;111894;3;Low
20175;15251;115252;1;Low
20176;18468;118469;2;Low
20177;21045;121046;1;Low
20178;27283;127284;4;High
20179;24637;124638;0;Low
20180;18440;118441;0;Low
20181;7899;107900;3;High
20182;25835;125836;4;High
20183;7672;107673;0;High
20184;32451;132452;4;Medium
20185;29055;129056;3;Medium
20186;1811;101812;2;Medium
20187;16613;116614;3;High
20188;18206;118207;4;Medium
20189;16409;116410;0;Low
20190;22;100023;2;Medium
20191;7637;107638;0;Medium
20192;15054;115055;2;High
20193;19138;119139;4;Low
20194;995;100996;2;Medium
20195;24664;124665;4;Medium
20196;5225;105226;2;High
20197;5576;105577;4;Medium
20198;1317;101318;2;High
20199;32869;132870;4;Medium
20200;6613;106614;3;Medium
20201;24514;124515;1;Low
20202;12879;112880;4;High
20203;10625;110626;0;Low
20204;17820;117821;3;Medium
20205;46750;146751;4;High
20206;927;100928;1;High
20207;7115;107116;0;Low
20208;33604;133605;1;High
20209;45910;145911;2;Low
20210;13338;113339;2;Low
20211;27790;127791;1;Medium
20212;4896;104897;4;Low
20213;44522;144523;4;High
20214;33110;133111;4;Low
20215;39035;139036;4;Low
20216;21809;121810;3;High
20217;1511;101512;2;High
20218;32724;132725;3;Low
20219;49389;149390;4;High
20220;31682;131683;4;High
20221;9964;109965;0;Medium
20222;36598;136599;4;Medium
20223;8131;108132;1;Medium
20224;28380;128381;4;Low
20225;4051;104052;1;Low
20226;37113;137114;3;Low
20227;8886;108887;1;Low
20228;4880;104881;4;Medium
20229;48159;148160;4;High
20230;39986;139987;4;Low
20231;31703;131704;1;Medium
20232;35383;135384;4;High
20233;18658;118659;1;Medium
20234;8454;108455;0;Medium
20235;28060;128061;4;Low
20236;5935;105936;2;High
20237;38906;138907;4;Medium
20238;37813;137814;2;Low
20239;24972;124973;4;High
20240;2445;102446;0;Medium
20241;1588;101589;1;Medium
20242;42531;142532;1;Medium
20243;11731;111732;2;Medium
20244;17487;117488;0;Low
20245;28897;128898;1;Medium
20246;23734;123735;3;Low
20247;48384;148385;2;Low
20248;7515;107516;0;Medium
20249;25102;125103;4;Low
20250;49351;149352;3;High
20251;25381;125382;2;Low
20252;43843;143844;3;Low
20253;31224;131225;1;High
20254;3290;103291;1;Medium
20255;4365;104366;0;Low
20256;34617;134618;3;High
20257;19755;119756;4;Low
20258;19575;119576;0;High
20259;43450;143451;0;Medium
20260;17501;117502;0;High
20261;4818;104819;2;Low
20262;48366;148367;3;Low
20263;32930;132931;0;Medium
20264;38103;138104;0;Low
20265;6917;106918;2;Low
20266;10299;110300;1;Medium
20267;42287;142288;0;Medium
20268;43234;143235;1;Medium
20269;32843;132844;4;Low
20270;28089;128090;0;Low
20271;2467;102468;3;Medium
20272;38703;138704;1;High
20273;25804;125805;4;Medium
20274;39163;139164;0;High
20275;31965;131966;3;Medium
20276;12625;112626;3;Low
20277;30046;130047;1;High
20278;21125;121126;4;High
20279;46353;146354;1;Low
20280;45049;145050;1;Medium
20281;20119;120120;3;Medium
20282;19778;119779;4;Medium
20283;39185;139186;2;Low
20284;17075;117076;0;Medium
20285;45530;145531;1;Medium
20286;9294;109295;4;Medium
20287;3780;103781;2;Medium
20288;21282;121283;1;Low
20289;41114;141115;2;High
20290;1220;101221;2;High
20291;29570;129571;1;Low
20292;33904;133905;1;Low
20293;36204;136205;2;Medium
20294;38563;138564;0;Low
20295;33262;133263;0;Medium
20296;24424;124425;1;Low
20297;30023;130024;0;Medium
20298;15919;115920;4;Medium
20299;47911;147912;1;Medium
20300;2572;102573;4;Medium
20301;25958;125959;1;Medium
20302;28077;128078;4;Low
20303;17146;117147;3;High
20304;23890;123891;2;Medium
20305;36826;136827;1;Low
20306;23149;123150;1;Medium
20307;31833;131834;3;High
20308;49073;149074;3;Medium
20309;3782;103783;2;High
20310;7639;107640;0;Medium
20311;7659;107660;1;Low
20312;5292;105293;1;Low
20313;10274;110275;1;Low
20314;35917;135918;0;Low
20315;3952;103953;3;High
20316;10006;110007;1;Low
20317;41024;141025;3;Medium
20318;15735;115736;0;High
20319;46186;146187;4;Medium
20320;48419;148420;3;Low
20321;46333;146334;2;Medium
20322;23638;123639;2;Low
20323;21;100022;4;Low
20324;43027;143028;0;High
20325;42135;142136;1;Medium
20326;4650;104651;3;Medium
20327;25009;125010;2;Medium
20328;38711;138712;3;High
20329;4175;104176;1;Low
20330;1969;101970;0;High
20331;23641;123642;1;Low
20332;31898;131899;4;Low
20333;10816;110817;1;Low
20334;32756;132757;2;Medium
20335;15481;115482;2;High
20336;44070;144071;4;Medium
20337;28279;128280;3;Medium
20338;17668;117669;2;High
20339;15719;115720;3;High
20340;1564;101565;3;Medium
20341;29553;129554;4;Medium
20342;8987;108988;0;Low
20343;20729;120730;3;Low
20344;13463;113464;2;Low
20345;6843;106844;3;Low
20346;19457;119458;2;Low
20347;23761;123762;1;Low
20348;28689;128690;2;Medium
20349;12981;112982;3;High
20350;34963;134964;3;Low
20351;38060;138061;3;Low
20352;42778;142779;1;Medium
20353;2921;102922;3;High
20354;24985;124986;1;Medium
20355;4864;104865;0;Low
20356;6200;106201;1;High
20357;4228;104229;2;Low
20358;49656;149657;3;Medium
20359;15;100016;4;Medium
20360;6465;106466;0;Medium
20361;39076;139077;0;Low
20362;45123;145124;3;High
20363;29608;129609;2;Medium
20364;30831;130832;0;Medium
20365;9405;109406;3;Medium
20366;37085;137086;1;Low
20367;33414;133415;3;Low
20368;15490;115491;4;Low
20369;12580;112581;3;Medium
20370;43223;143224;0;Low
20371;29856;129857;1;Low
20372;42889;142890;1;Low
20373;23721;123722;0;Medium
20374;13796;113797;1;Medium
20375;49363;149364;0;High
20376;5914;105915;0;Medium
20377;29227;129228;2;Medium
20378;16281;116282;1;High
20379;31283;131284;3;Medium
20380;20631;120632;1;High
20381;16112;116113;3;Medium
20382;3934;103935;2;High
20383;6682;106683;1;High
20384;39104;139105;3;Medium
20385;42589;142590;0;Medium
20386;32749;132750;3;Medium
20387;44863;144864;2;Low
20388;13067;113068;2;Medium
20389;44850;144851;4;Low
20390;15791;115792;0;Medium
20391;11633;111634;1;Low
20392;7634;107635;1;Medium
20393;16502;116503;0;Medium
20394;3866;103867;0;High
20395;6250;106251;2;Medium
20396;32109;132110;3;High
20397;39044;139045;4;Low
20398;36625;136626;2;Low
20399;29016;129017;2;High
20400;42774;142775;2;Medium
20401;31983;131984;1;High
20402;35498;135499;4;High
20403;36868;136869;0;Low
20404;5748;105749;0;High
20405;30435;130436;4;Low
20406;39569;139570;1;Low
20407;32005;132006;1;High
20408;8474;108475;4;Medium
20409;32694;132695;0;Medium
20410;34896;134897;0;Medium
20411;32990;132991;3;Medium
20412;46931;146932;4;Medium
20413;48929;148930;0;High
20414;32531;132532;3;High
20415;23329;123330;0;High
20416;32733;132734;3;Low
20417;10033;110034;2;Low
20418;39348;139349;4;Medium
20419;15734;115735;1;High
20420;28407;128408;1;Medium
20421;16499;116500;1;Medium
20422;46748;146749;0;High
20423;11544;111545;1;Medium
20424;22623;122624;2;High
20425;4280;104281;3;High
20426;36931;136932;0;Low
20427;34475;134476;2;High
20428;20549;120550;0;Medium
20429;15262;115263;0;Low
20430;47259;147260;4;High
20431;47905;147906;4;Low
20432;33084;133085;1;High
20433;35400;135401;3;Medium
20434;42509;142510;3;High
20435;48230;148231;2;Medium
20436;4682;104683;0;Low
20437;46189;146190;0;Low
20438;2685;102686;1;Medium
20439;29091;129092;4;Medium
20440;8508;108509;0;Medium
20441;25150;125151;1;High
20442;42681;142682;0;High
20443;41498;141499;4;Low
20444;25893;125894;3;High
20445;16653;116654;1;Medium
20446;18809;118810;4;Medium
20447;15079;115080;1;High
20448;39621;139622;1;Low
20449;35994;135995;4;High
20450;46615;146616;1;Medium
20451;32897;132898;3;Low
20452;44322;144323;3;High
20453;49002;149003;3;Medium
20454;6293;106294;0;Medium
20455;2697;102698;0;Medium
20456;47991;147992;3;Low
20457;25636;125637;0;High
20458;3970;103971;3;Medium
20459;12102;112103;4;Low
20460;39433;139434;3;Medium
20461;10669;110670;4;Medium
20462;179;100180;0;Low
20463;39153;139154;3;Low
20464;48757;148758;3;Low
20465;13472;113473;4;Low
20466;11272;111273;4;Low
20467;4769;104770;1;Medium
20468;13489;113490;2;Low
20469;28115;128116;2;Low
20470;27913;127914;0;High
20471;30922;130923;4;Medium
20472;33078;133079;3;Low
20473;49546;149547;1;Low
20474;22205;122206;1;High
20475;36430;136431;2;Medium
20476;41031;141032;4;Medium
20477;9481;109482;2;Medium
20478;4816;104817;4;Medium
20479;14852;114853;1;Medium
20480;31849;131850;2;High
20481;28956;128957;1;Medium
20482;8883;108884;1;Low
20483;12320;112321;0;High
20484;6312;106313;1;Medium
20485;21368;121369;3;Low
20486;43817;143818;4;Low
20487;10534;110535;1;Low
20488;43508;143509;4;High
20489;41568;141569;2;Medium
20490;28936;128937;4;Medium
20491;32647;132648;2;Low
20492;13301;113302;4;Medium
20493;4873;104874;1;Medium
20494;28661;128662;2;Medium
20495;30482;130483;3;Low
20496;44242;144243;3;Low
20497;29877;129878;2;High
20498;11637;111638;1;Low
20499;11821;111822;3;High
20500;30535;130536;3;Low
20501;9036;109037;1;Medium
20502;31305;131306;0;High
20503;20983;120984;1;Low
20504;15643;115644;1;High
20505;7650;107651;2;Medium
20506;35469;135470;4;Medium
20507;44652;144653;0;Medium
20508;30430;130431;2;Low
20509;42633;142634;3;High
20510;37339;137340;4;High
20511;34124;134125;0;Low
20512;39467;139468;1;Medium
20513;5646;105647;3;High
20514;25011;125012;0;Low
20515;26506;126507;4;High
20516;26135;126136;1;High
20517;27502;127503;1;Low
20518;26545;126546;0;Medium
20519;24526;124527;1;Medium
20520;41146;141147;4;Medium
20521;40923;140924;3;Low
20522;5214;105215;4;Low
20523;43053;143054;4;Medium
20524;38119;138120;0;High
20525;46112;146113;0;Medium
20526;10847;110848;2;High
20527;7668;107669;0;Low
20528;46288;146289;1;Medium
20529;44707;144708;1;High
20530;28594;128595;0;Medium
20531;6469;106470;2;Low
20532;19533;119534;4;Medium
20533;37905;137906;2;Medium
20534;12024;112025;4;Low
20535;30;100031;4;Low
20536;47256;147257;3;Medium
20537;20637;120638;3;Low
20538;10653;110654;0;Low
20539;20688;120689;4;Medium
20540;28839;128840;3;Medium
20541;33750;133751;4;High
20542;14442;114443;4;Medium
20543;2145;102146;1;Medium
20544;23978;123979;1;Low
20545;28290;128291;0;Low
20546;13731;113732;0;Medium
20547;15955;115956;0;Low
20548;20708;120709;4;Low
20549;22019;122020;0;High
20550;46318;146319;2;Low
20551;2983;102984;2;Medium
20552;10852;110853;1;Low
20553;14823;114824;2;Medium
20554;22832;122833;4;Medium
20555;37785;137786;2;Medium
20556;20981;120982;4;High
20557;3769;103770;3;Low
20558;27907;127908;0;Low
20559;43297;143298;3;Medium
20560;44913;144914;2;Low
20561;30725;130726;0;High
20562;37456;137457;4;Medium
20563;21942;121943;1;Medium
20564;26888;126889;3;Low
20565;13341;113342;2;Medium
20566;4456;104457;1;High
20567;19838;119839;3;Low
20568;15339;115340;1;Medium
20569;26090;126091;3;Medium
20570;43865;143866;3;Medium
20571;34246;134247;0;Medium
20572;35447;135448;3;Medium
20573;28892;128893;0;Medium
20574;23749;123750;2;Medium
20575;33784;133785;3;Medium
20576;37766;137767;2;Low
20577;36853;136854;0;Low
20578;36343;136344;0;Low
20579;24635;124636;1;Low
20580;22107;122108;4;Low
20581;24040;124041;4;Low
20582;39517;139518;0;High
20583;17701;117702;3;Medium
20584;21764;121765;2;High
20585;33804;133805;4;Medium
20586;17745;117746;1;High
20587;38156;138157;2;Low
20588;21567;121568;0;Low
20589;5116;105117;3;Low
20590;10405;110406;3;Low
20591;23403;123404;0;Medium
20592;24987;124988;0;Medium
20593;15697;115698;3;Low
20594;7948;107949;0;Low
20595;33634;133635;4;Medium
20596;1672;101673;1;Low
20597;4292;104293;2;High
20598;36588;136589;0;Medium
20599;39683;139684;0;Low
20600;30977;130978;1;Medium
20601;47360;147361;2;Low
20602;2316;102317;0;High
20603;20987;120988;1;Medium
20604;6285;106286;0;High
20605;13933;113934;4;Medium
20606;30770;130771;2;Medium
20607;167;100168;0;Low
20608;31907;131908;4;Low
20609;26951;126952;0;Medium
20610;32652;132653;3;Medium
20611;28632;128633;4;Medium
20612;32870;132871;3;Medium
20613;26708;126709;0;Medium
20614;19305;119306;1;Medium
20615;41988;141989;2;Medium
20616;13947;113948;4;High
20617;6473;106474;3;High
20618;43846;143847;3;Medium
20619;1750;101751;2;Medium
20620;15049;115050;3;Low
20621;29149;129150;2;Medium
20622;49532;149533;2;High
20623;22516;122517;0;Low
20624;45148;145149;4;Medium
20625;12795;112796;2;High
20626;4124;104125;2;High
20627;10052;110053;1;Low
20628;43540;143541;3;Low
20629;43635;143636;0;Medium
20630;15589;115590;2;Medium
20631;17912;117913;1;High
20632;13218;113219;1;High
20633;45524;145525;3;Medium
20634;48499;148500;2;Medium
20635;20562;120563;4;Low
20636;33090;133091;4;Medium
20637;33302;133303;2;Low
20638;16438;116439;1;Low
20639;39258;139259;3;Medium
20640;11627;111628;2;Medium
20641;20415;120416;0;Low
20642;49227;149228;4;Low
20643;47253;147254;1;Low
20644;1203;101204;3;High
20645;31889;131890;1;Medium
20646;4594;104595;4;Low
20647;1549;101550;4;High
20648;3874;103875;2;Low
20649;11984;111985;4;High
20650;20550;120551;4;High
20651;1774;101775;0;Low
20652;3749;103750;2;Low
20653;36789;136790;2;High
20654;49628;149629;2;Low
20655;41388;141389;0;High
20656;17459;117460;2;Medium
20657;27764;127765;3;High
20658;43206;143207;0;High
20659;31717;131718;2;Low
20660;30240;130241;2;Low
20661;33518;133519;3;Low
20662;29063;129064;1;Medium
20663;32966;132967;0;Medium
20664;36106;136107;3;Medium
20665;14261;114262;4;Low
20666;31208;131209;3;Medium
20667;6954;106955;3;Medium
20668;36792;136793;3;Low
20669;3338;103339;0;Low
20670;21625;121626;0;High
20671;41128;141129;3;Low
20672;2003;102004;0;High
20673;38930;138931;4;High
20674;41589;141590;0;Low
20675;3564;103565;3;Medium
20676;4147;104148;2;Low
20677;49112;149113;2;Low
20678;43187;143188;3;Medium
20679;35170;135171;1;Low
20680;27620;127621;3;Low
20681;15347;115348;2;Medium
20682;13476;113477;1;High
20683;20761;120762;2;High
20684;30443;130444;3;Low
20685;33406;133407;1;High
20686;27605;127606;4;Low
20687;29733;129734;3;Medium
20688;8128;108129;0;High
20689;6151;106152;0;Medium
20690;6342;106343;0;High
20691;1096;101097;3;Medium
20692;46575;146576;2;Medium
20693;3241;103242;3;Low
20694;36139;136140;0;Low
20695;49021;149022;3;Low
20696;7117;107118;0;High
20697;25473;125474;4;Medium
20698;39737;139738;4;High
20699;14439;114440;0;Low
20700;39751;139752;3;Low
20701;5881;105882;2;Medium
20702;19468;119469;2;Low
20703;12217;112218;1;Medium
20704;24484;124485;2;Medium
20705;1730;101731;3;High
20706;26899;126900;3;Medium
20707;10585;110586;2;High
20708;42676;142677;2;High
20709;20712;120713;4;Medium
20710;13206;113207;1;Medium
20711;26235;126236;1;Medium
20712;45360;145361;2;Medium
20713;9552;109553;2;Low
20714;11804;111805;0;High
20715;37266;137267;4;Low
20716;12676;112677;2;Medium
20717;7507;107508;3;High
20718;35510;135511;2;Low
20719;25506;125507;0;High
20720;11725;111726;3;High
20721;21372;121373;4;Low
20722;14978;114979;3;Low
20723;4651;104652;0;Low
20724;42488;142489;2;Low
20725;30615;130616;0;Medium
20726;34421;134422;4;Low
20727;14579;114580;1;High
20728;12438;112439;0;Medium
20729;29235;129236;1;Low
20730;44446;144447;1;Low
20731;20122;120123;1;Medium
20732;2419;102420;1;Medium
20733;37091;137092;4;Low
20734;47488;147489;4;Low
20735;38471;138472;1;Medium
20736;31954;131955;2;Medium
20737;12384;112385;0;Medium
20738;20463;120464;4;High
20739;569;100570;3;Low
20740;58;100059;3;Medium
20741;31775;131776;0;High
20742;1016;101017;2;High
20743;5628;105629;1;Medium
20744;39036;139037;3;Low
20745;25930;125931;4;High
20746;26222;126223;2;Low
20747;11395;111396;0;Low
20748;29275;129276;3;Medium
20749;24418;124419;1;High
20750;29207;129208;2;Low
20751;48629;148630;3;High
20752;7047;107048;3;Low
20753;35588;135589;2;Medium
20754;32398;132399;3;High
20755;41729;141730;3;Medium
20756;26795;126796;2;Medium
20757;44421;144422;3;Low
20758;3864;103865;0;High
20759;12611;112612;1;Low
20760;11249;111250;0;Medium
20761;3066;103067;1;High
20762;39836;139837;0;Medium
20763;755;100756;0;Medium
20764;12178;112179;3;High
20765;1681;101682;3;Medium
20766;41254;141255;4;Medium
20767;1066;101067;4;High
20768;16042;116043;0;Low
20769;9171;109172;2;Medium
20770;14875;114876;2;High
20771;8393;108394;1;Medium
20772;6703;106704;4;Medium
20773;44447;144448;0;Medium
20774;46913;146914;4;Low
20775;565;100566;0;Medium
20776;44990;144991;1;Medium
20777;31723;131724;3;Medium
20778;17853;117854;0;Low
20779;39613;139614;2;Low
20780;42547;142548;0;High
20781;30758;130759;1;Low
20782;26737;126738;2;Medium
20783;22459;122460;2;Medium
20784;2437;102438;4;Low
20785;32241;132242;4;Medium
20786;21778;121779;2;Medium
20787;4740;104741;0;Medium
20788;10049;110050;1;High
20789;6772;106773;3;Medium
20790;44507;144508;2;High
20791;20411;120412;4;Medium
20792;26779;126780;3;Medium
20793;40249;140250;0;High
20794;40024;140025;0;Low
20795;28295;128296;3;Medium
20796;44177;144178;4;High
20797;4274;104275;0;Medium
20798;37405;137406;4;Low
20799;11911;111912;0;Medium
20800;1245;101246;2;Low
20801;2080;102081;3;High
20802;19932;119933;3;Low
20803;9557;109558;4;Medium
20804;16812;116813;1;Medium
20805;14158;114159;0;Medium
20806;31061;131062;2;Medium
20807;24210;124211;4;Medium
20808;16751;116752;1;Medium
20809;24903;124904;3;High
20810;18902;118903;2;Medium
20811;6646;106647;3;Low
20812;1899;101900;3;High
20813;19439;119440;0;High
20814;34919;134920;4;Low
20815;49489;149490;3;High
20816;10485;110486;0;Medium
20817;20502;120503;0;Low
20818;15771;115772;4;High
20819;37544;137545;2;High
20820;18492;118493;2;Medium
20821;17342;117343;2;High
20822;1844;101845;1;Medium
20823;35029;135030;1;Low
20824;21814;121815;0;Low
20825;22435;122436;3;Low
20826;758;100759;3;High
20827;28445;128446;1;High
20828;26283;126284;3;Medium
20829;26630;126631;2;Medium
20830;26786;126787;1;Low
20831;16208;116209;2;Medium
20832;29173;129174;1;Medium
20833;24234;124235;4;Low
20834;48180;148181;1;High
20835;10886;110887;1;Low
20836;9651;109652;1;High
20837;38307;138308;2;High
20838;3586;103587;3;Medium
20839;3635;103636;3;Medium
20840;49662;149663;2;Medium
20841;48099;148100;4;Low
20842;22431;122432;1;High
20843;12615;112616;4;Low
20844;41789;141790;4;Medium
20845;3513;103514;0;Medium
20846;9159;109160;4;Medium
20847;32873;132874;0;Medium
20848;47851;147852;0;Low
20849;1036;101037;1;Medium
20850;44259;144260;1;Medium
20851;40607;140608;0;High
20852;2474;102475;4;High
20853;15764;115765;2;Low
20854;25605;125606;1;Low
20855;40414;140415;0;High
20856;36331;136332;2;High
20857;41021;141022;4;High
20858;45829;145830;2;High
20859;21162;121163;4;Low
20860;30192;130193;0;Medium
20861;16455;116456;2;Medium
20862;49077;149078;0;Medium
20863;5254;105255;4;Medium
20864;175;100176;3;High
20865;24878;124879;2;Medium
20866;49517;149518;4;Low
20867;48818;148819;1;Medium
20868;39241;139242;4;Medium
20869;4964;104965;2;Low
20870;17485;117486;3;High
20871;16654;116655;0;Medium
20872;22839;122840;3;High
20873;31774;131775;3;High
20874;35745;135746;3;High
20875;12382;112383;0;Medium
20876;9207;109208;1;Medium
20877;3214;103215;4;Medium
20878;6479;106480;0;Low
20879;44127;144128;1;Medium
20880;49331;149332;3;Low
20881;41574;141575;2;Low
20882;10531;110532;0;Medium
20883;21261;121262;2;Low
20884;5380;105381;4;High
20885;15644;115645;4;Medium
20886;29345;129346;4;Medium
20887;1060;101061;3;Medium
20888;12417;112418;0;Low
20889;40875;140876;2;Low
20890;38280;138281;0;Medium
20891;1346;101347;4;Medium
20892;34990;134991;0;High
20893;40598;140599;4;High
20894;36910;136911;1;Medium
20895;37540;137541;3;High
20896;16339;116340;0;Medium
20897;17130;117131;4;Medium
20898;20193;120194;0;Low
20899;42380;142381;4;High
20900;32433;132434;3;Medium
20901;42830;142831;1;Medium
20902;36665;136666;4;Low
20903;642;100643;3;Medium
20904;13442;113443;2;Medium
20905;22256;122257;2;Low
20906;46855;146856;0;Medium
20907;47863;147864;1;Medium
20908;36536;136537;2;High
20909;40750;140751;3;Medium
20910;46291;146292;4;Low
20911;26980;126981;1;High
20912;43355;143356;1;Low
20913;24460;124461;3;Low
20914;16997;116998;3;Medium
20915;48241;148242;2;Medium
20916;5310;105311;0;Medium
20917;3010;103011;1;Low
20918;46629;146630;2;High
20919;37700;137701;2;Low
20920;29903;129904;4;Medium
20921;40332;140333;3;Low
20922;16002;116003;2;High
20923;21554;121555;1;Medium
20924;38195;138196;3;Low
20925;8266;108267;3;High
20926;5406;105407;3;Medium
20927;43957;143958;2;Medium
20928;45020;145021;0;Medium
20929;35351;135352;1;Medium
20930;46597;146598;3;Medium
20931;46783;146784;3;Medium
20932;29642;129643;1;Low
20933;39858;139859;1;High
20934;30540;130541;0;Medium
20935;5002;105003;4;Low
20936;10902;110903;3;High
20937;2869;102870;4;Low
20938;46864;146865;1;Medium
20939;23728;123729;4;Medium
20940;48923;148924;0;Low
20941;41230;141231;2;Medium
20942;16631;116632;2;Medium
20943;11209;111210;3;Low
20944;13709;113710;2;High
20945;41566;141567;2;Medium
20946;37753;137754;3;High
20947;11846;111847;2;High
20948;30372;130373;1;Low
20949;8484;108485;0;Low
20950;6636;106637;4;Low
20951;43639;143640;4;High
20952;9967;109968;2;Medium
20953;30652;130653;2;High
20954;36157;136158;3;Medium
20955;24748;124749;4;High
20956;47729;147730;2;Low
20957;33859;133860;4;Medium
20958;12738;112739;1;Medium
20959;30768;130769;0;Medium
20960;14817;114818;2;Low
20961;4230;104231;4;Medium
20962;20103;120104;0;High
20963;5260;105261;2;High
20964;30196;130197;0;Medium
20965;46142;146143;4;High
20966;11673;111674;4;Low
20967;44365;144366;2;Medium
20968;13946;113947;2;High
20969;7547;107548;4;Low
20970;45946;145947;4;Medium
20971;45352;145353;1;Medium
20972;29108;129109;3;Medium
20973;11086;111087;3;Medium
20974;7642;107643;1;Medium
20975;26570;126571;0;Medium
20976;40064;140065;4;Low
20977;14769;114770;1;Medium
20978;33918;133919;4;High
20979;29316;129317;2;Medium
20980;4503;104504;0;High
20981;20759;120760;2;Medium
20982;9599;109600;2;Low
20983;23180;123181;4;Medium
20984;19066;119067;1;High
20985;10040;110041;2;Low
20986;1813;101814;3;Medium
20987;38746;138747;1;High
20988;2810;102811;0;Low
20989;7536;107537;2;Low
20990;25435;125436;1;Medium
20991;48903;148904;3;Low
20992;18731;118732;2;Low
20993;49888;149889;4;Medium
20994;21263;121264;1;Low
20995;17704;117705;4;Medium
20996;46972;146973;4;Low
20997;11602;111603;1;Low
20998;999;101000;4;Medium
20999;36372;136373;4;High
21000;12945;112946;1;High
21001;1673;101674;2;Medium
21002;11231;111232;3;Medium
21003;36897;136898;2;High
21004;27684;127685;1;High
21005;18386;118387;3;Medium
21006;37562;137563;1;Low
21007;36476;136477;2;Low
21008;26216;126217;1;High
21009;22319;122320;1;Low
21010;728;100729;4;Medium
21011;5376;105377;0;Low
21012;33154;133155;1;High
21013;48225;148226;3;Low
21014;13741;113742;0;High
21015;25149;125150;0;High
21016;14890;114891;1;Medium
21017;25553;125554;2;Medium
21018;41620;141621;2;High
21019;32739;132740;0;High
21020;32036;132037;3;Low
21021;32202;132203;3;High
21022;312;100313;4;Low
21023;17324;117325;2;Low
21024;5933;105934;0;Low
21025;35706;135707;3;Low
21026;31213;131214;2;Medium
21027;47688;147689;1;High
21028;23451;123452;0;Medium
21029;21082;121083;0;Low
21030;6787;106788;0;High
21031;21079;121080;0;Low
21032;33051;133052;1;Medium
21033;40106;140107;2;Low
21034;4800;104801;2;High
21035;6125;106126;3;Low
21036;36535;136536;2;High
21037;14494;114495;1;Medium
21038;35619;135620;0;Medium
21039;205;100206;1;Medium
21040;30174;130175;0;High
21041;25426;125427;0;Low
21042;12220;112221;2;Medium
21043;34519;134520;0;Medium
21044;40198;140199;0;Low
21045;32777;132778;3;High
21046;19560;119561;4;Medium
21047;48136;148137;2;High
21048;35262;135263;2;Medium
21049;20617;120618;4;Medium
21050;4863;104864;1;High
21051;43260;143261;1;Medium
21052;18487;118488;4;High
21053;10491;110492;1;Low
21054;32962;132963;0;Medium
21055;19189;119190;4;Low
21056;2162;102163;1;Medium
21057;20189;120190;2;High
21058;44715;144716;1;Medium
21059;7337;107338;2;Medium
21060;49124;149125;4;High
21061;9723;109724;1;Low
21062;44518;144519;0;Medium
21063;24256;124257;0;Low
21064;30641;130642;0;Low
21065;44896;144897;3;Low
21066;13528;113529;4;High
21067;3604;103605;1;High
21068;40515;140516;2;High
21069;41113;141114;2;Low
21070;26650;126651;4;Low
21071;37021;137022;1;Low
21072;5448;105449;3;Low
21073;12654;112655;3;High
21074;18247;118248;0;Low
21075;29142;129143;2;Low
21076;47108;147109;3;Low
21077;3201;103202;1;High
21078;7906;107907;0;Medium
21079;27456;127457;2;Low
21080;1735;101736;1;Medium
21081;24277;124278;2;High
21082;6861;106862;4;Low
21083;46898;146899;0;Medium
21084;9452;109453;4;High
21085;38443;138444;3;Low
21086;11459;111460;2;Medium
21087;4647;104648;1;Low
21088;43613;143614;2;Medium
21089;35687;135688;0;High
21090;17355;117356;3;Medium
21091;19010;119011;2;Medium
21092;18786;118787;0;Medium
21093;22790;122791;3;Low
21094;9633;109634;1;High
21095;25639;125640;4;Medium
21096;41446;141447;0;Low
21097;11948;111949;2;Medium
21098;17101;117102;0;High
21099;33059;133060;4;Low
21100;12287;112288;2;High
21101;5443;105444;0;Medium
21102;20059;120060;1;Medium
21103;39294;139295;2;High
21104;38277;138278;3;High
21105;11634;111635;4;Medium
21106;4848;104849;2;Low
21107;42552;142553;2;Medium
21108;48170;148171;4;Medium
21109;44052;144053;4;Medium
21110;48577;148578;1;Low
21111;38787;138788;1;Low
21112;21341;121342;3;Medium
21113;11210;111211;0;Medium
21114;10775;110776;2;Medium
21115;9982;109983;1;Low
21116;5165;105166;0;High
21117;19340;119341;4;High
21118;39769;139770;2;Medium
21119;24185;124186;4;High
21120;16089;116090;1;Medium
21121;39111;139112;1;Low
21122;16617;116618;4;Low
21123;35448;135449;3;Medium
21124;36458;136459;1;Medium
21125;44986;144987;2;Low
21126;19342;119343;3;Medium
21127;17136;117137;2;Low
21128;22235;122236;1;Medium
21129;4780;104781;0;Low
21130;36474;136475;0;High
21131;26190;126191;1;High
21132;16336;116337;2;High
21133;27939;127940;3;High
21134;23899;123900;4;Medium
21135;24377;124378;4;Medium
21136;25967;125968;2;Medium
21137;4173;104174;0;Medium
21138;34601;134602;3;Low
21139;47048;147049;2;High
21140;12205;112206;3;Medium
21141;14032;114033;4;Medium
21142;19763;119764;4;High
21143;47382;147383;1;Low
21144;26249;126250;0;Medium
21145;36044;136045;2;High
21146;26585;126586;3;Low
21147;11574;111575;1;Medium
21148;10054;110055;2;Medium
21149;41055;141056;3;Medium
21150;20734;120735;4;Low
21151;39806;139807;1;Medium
21152;6828;106829;0;High
21153;10562;110563;1;Low
21154;37807;137808;1;Low
21155;45000;145001;0;Low
21156;31145;131146;3;High
21157;48358;148359;2;Medium
21158;15296;115297;2;Low
21159;21570;121571;1;Medium
21160;16772;116773;2;Low
21161;40865;140866;1;Low
21162;47842;147843;0;Low
21163;46015;146016;3;High
21164;31633;131634;2;Low
21165;47236;147237;0;Low
21166;38621;138622;4;Low
21167;48355;148356;2;Low
21168;38325;138326;1;Medium
21169;26321;126322;0;Low
21170;372;100373;3;Medium
21171;4160;104161;0;High
21172;13874;113875;2;Low
21173;47394;147395;1;Medium
21174;35467;135468;2;Medium
21175;33719;133720;0;Medium
21176;1288;101289;3;Low
21177;34493;134494;0;High
21178;2209;102210;1;Medium
21179;13111;113112;4;Low
21180;515;100516;1;Low
21181;34132;134133;1;High
21182;14699;114700;0;Low
21183;5620;105621;3;High
21184;10942;110943;1;Low
21185;36746;136747;1;High
21186;44121;144122;2;High
21187;49873;149874;2;High
21188;48768;148769;0;Medium
21189;6416;106417;1;High
21190;38636;138637;1;Low
21191;24071;124072;2;Low
21192;25032;125033;3;Low
21193;49544;149545;2;High
21194;49505;149506;2;Low
21195;46687;146688;1;Low
21196;28084;128085;4;Medium
21197;6993;106994;0;High
21198;8181;108182;3;Low
21199;16888;116889;2;Medium
21200;42736;142737;1;Low
21201;25935;125936;0;Low
21202;35211;135212;2;High
21203;8640;108641;0;High
21204;39887;139888;1;High
21205;33179;133180;2;Medium
21206;12126;112127;1;Medium
21207;25813;125814;4;Medium
21208;9366;109367;4;Medium
21209;16799;116800;0;Low
21210;8138;108139;1;Medium
21211;28436;128437;4;Medium
21212;30672;130673;1;Medium
21213;42518;142519;3;High
21214;24820;124821;1;Medium
21215;34780;134781;1;Medium
21216;40370;140371;3;High
21217;42194;142195;1;High
21218;31888;131889;2;Medium
21219;46125;146126;2;Low
21220;425;100426;2;High
21221;34022;134023;3;Medium
21222;45067;145068;1;Low
21223;30701;130702;1;High
21224;35259;135260;1;Medium
21225;41232;141233;4;Low
21226;2424;102425;3;Medium
21227;6546;106547;3;High
21228;15807;115808;4;Medium
21229;37971;137972;3;Medium
21230;39523;139524;1;Medium
21231;22829;122830;3;Medium
21232;29221;129222;4;Low
21233;7607;107608;4;Low
21234;42272;142273;2;Medium
21235;41451;141452;3;High
21236;37202;137203;1;Medium
21237;46202;146203;2;Medium
21238;9266;109267;3;Medium
21239;8262;108263;1;High
21240;8187;108188;3;Low
21241;20868;120869;2;Low
21242;5092;105093;3;Medium
21243;43043;143044;0;Medium
21244;40658;140659;1;Low
21245;35056;135057;0;High
21246;28409;128410;4;High
21247;39610;139611;2;High
21248;13908;113909;3;High
21249;37714;137715;3;Low
21250;44090;144091;2;High
21251;48816;148817;1;Low
21252;42510;142511;3;High
21253;9264;109265;0;Medium
21254;13010;113011;2;Medium
21255;14845;114846;0;Medium
21256;37644;137645;3;Medium
21257;469;100470;0;High
21258;9295;109296;1;Medium
21259;37716;137717;3;Low
21260;40461;140462;1;High
21261;1686;101687;0;Medium
21262;34950;134951;2;Medium
21263;41986;141987;2;Low
21264;28972;128973;3;Low
21265;18063;118064;3;Low
21266;13151;113152;4;Medium
21267;32779;132780;3;Medium
21268;3166;103167;4;Medium
21269;35798;135799;0;Medium
21270;19672;119673;2;High
21271;48599;148600;3;Medium
21272;36772;136773;3;Medium
21273;5024;105025;1;High
21274;33670;133671;4;High
21275;30191;130192;0;Medium
21276;20605;120606;4;Low
21277;28486;128487;0;High
21278;23256;123257;0;Medium
21279;42872;142873;2;Low
21280;801;100802;2;Low
21281;28202;128203;4;High
21282;23507;123508;0;High
21283;14865;114866;1;Low
21284;33247;133248;0;High
21285;354;100355;4;Low
21286;38165;138166;0;Medium
21287;28639;128640;0;Medium
21288;13799;113800;0;Low
21289;1852;101853;2;Low
21290;37481;137482;1;High
21291;16966;116967;4;Medium
21292;48928;148929;4;Low
21293;28252;128253;3;Low
21294;15444;115445;2;Medium
21295;45142;145143;4;Low
21296;23664;123665;4;Low
21297;24974;124975;1;Low
21298;36201;136202;1;High
21299;49886;149887;2;Medium
21300;17870;117871;3;Low
21301;8020;108021;2;Medium
21302;45304;145305;1;Medium
21303;41144;141145;2;Medium
21304;7977;107978;1;Low
21305;32061;132062;0;Low
21306;15673;115674;1;Medium
21307;2550;102551;0;High
21308;45894;145895;4;Low
21309;5769;105770;2;Low
21310;29295;129296;3;Low
21311;17522;117523;2;Medium
21312;2600;102601;2;Medium
21313;38075;138076;1;Medium
21314;12028;112029;4;Medium
21315;2030;102031;2;Low
21316;39768;139769;1;Low
21317;10905;110906;3;Low
21318;10700;110701;1;Low
21319;47137;147138;0;Medium
21320;48631;148632;2;Medium
21321;48858;148859;3;Low
21322;19257;119258;2;Low
21323;33306;133307;3;High
21324;6072;106073;4;High
21325;25920;125921;0;Medium
21326;34774;134775;2;High
21327;42075;142076;4;Low
21328;7826;107827;4;Medium
21329;12132;112133;1;Low
21330;16685;116686;0;Medium
21331;6364;106365;3;Medium
21332;29145;129146;3;Low
21333;22495;122496;3;High
21334;26712;126713;1;Medium
21335;454;100455;1;High
21336;5843;105844;1;Low
21337;33268;133269;1;High
21338;2230;102231;2;High
21339;24652;124653;2;Low
21340;11080;111081;2;Medium
21341;22919;122920;3;Medium
21342;40506;140507;3;Medium
21343;30723;130724;3;Medium
21344;33658;133659;1;High
21345;32002;132003;4;High
21346;49882;149883;1;High
21347;4971;104972;1;High
21348;30790;130791;0;Low
21349;15386;115387;1;High
21350;12833;112834;1;Low
21351;29096;129097;2;Low
21352;42624;142625;4;Medium
21353;49648;149649;0;Low
21354;41429;141430;0;Medium
21355;37685;137686;0;Medium
21356;35735;135736;2;Medium
21357;17153;117154;1;High
21358;14390;114391;2;High
21359;28093;128094;4;High
21360;10010;110011;2;Medium
21361;41866;141867;4;Low
21362;40290;140291;1;High
21363;28149;128150;0;Medium
21364;17333;117334;2;Medium
21365;33666;133667;0;Low
21366;38128;138129;2;High
21367;46497;146498;4;Low
21368;35961;135962;2;Medium
21369;5012;105013;0;Medium
21370;1526;101527;2;Low
21371;18574;118575;4;Medium
21372;22327;122328;3;Low
21373;33664;133665;0;Medium
21374;35442;135443;0;Low
21375;93;100094;0;Medium
21376;4732;104733;3;Low
21377;18199;118200;3;High
21378;45688;145689;3;Medium
21379;37704;137705;4;Medium
21380;1771;101772;1;High
21381;21055;121056;2;Medium
21382;15081;115082;0;Medium
21383;21037;121038;3;Medium
21384;29624;129625;2;Low
21385;13238;113239;1;Medium
21386;16120;116121;3;Low
21387;7240;107241;2;Low
21388;14596;114597;1;Low
21389;43127;143128;0;High
21390;46509;146510;2;Medium
21391;5212;105213;0;Medium
21392;18467;118468;4;Medium
21393;47769;147770;4;Low
21394;29816;129817;3;Medium
21395;19848;119849;0;High
21396;19114;119115;2;High
21397;13105;113106;3;High
21398;39249;139250;1;High
21399;13011;113012;2;Medium
21400;10298;110299;3;Medium
21401;45934;145935;0;Medium
21402;31428;131429;3;Medium
21403;11939;111940;4;High
21404;4089;104090;3;Medium
21405;30219;130220;2;Medium
21406;38300;138301;0;High
21407;36881;136882;3;Medium
21408;25792;125793;0;High
21409;47436;147437;3;High
21410;31679;131680;1;Medium
21411;26886;126887;2;Medium
21412;41635;141636;0;Medium
21413;40076;140077;0;Medium
21414;11190;111191;2;High
21415;49288;149289;2;Medium
21416;9287;109288;4;High
21417;42439;142440;3;High
21418;40215;140216;2;Low
21419;43121;143122;2;Low
21420;33607;133608;4;High
21421;29021;129022;0;Low
21422;29804;129805;1;Low
21423;19465;119466;3;Medium
21424;44620;144621;0;Low
21425;37935;137936;0;High
21426;29527;129528;2;Medium
21427;26573;126574;0;Low
21428;28747;128748;0;Low
21429;3240;103241;4;Low
21430;47753;147754;1;High
21431;29499;129500;3;Low
21432;2668;102669;2;Medium
21433;30185;130186;0;Medium
21434;18112;118113;4;High
21435;12013;112014;4;Low
21436;36961;136962;0;Medium
21437;7356;107357;3;Medium
21438;38163;138164;3;High
21439;1524;101525;2;Medium
21440;2584;102585;0;High
21441;32867;132868;3;High
21442;15909;115910;4;Low
21443;23855;123856;2;Low
21444;25700;125701;4;Low
21445;29773;129774;0;Low
21446;41466;141467;1;Low
21447;28511;128512;4;Low
21448;10373;110374;4;High
21449;24423;124424;2;Low
21450;33524;133525;2;Low
21451;14150;114151;0;Medium
21452;7709;107710;0;High
21453;48428;148429;3;Medium
21454;5343;105344;1;Low
21455;14732;114733;3;Low
21456;43394;143395;2;High
21457;43282;143283;4;High
21458;36627;136628;1;Low
21459;42971;142972;4;Medium
21460;15131;115132;3;Low
21461;46205;146206;4;Medium
21462;33377;133378;0;High
21463;43539;143540;0;Medium
21464;43444;143445;4;High
21465;12514;112515;1;Medium
21466;6961;106962;2;High
21467;36356;136357;3;Low
21468;27023;127024;2;High
21469;39054;139055;2;Medium
21470;15189;115190;3;Medium
21471;36732;136733;4;Low
21472;18471;118472;1;Medium
21473;20225;120226;1;Medium
21474;1885;101886;0;Low
21475;23045;123046;2;High
21476;38617;138618;2;Low
21477;24005;124006;4;Low
21478;3975;103976;4;Low
21479;296;100297;1;Medium
21480;39742;139743;1;High
21481;15859;115860;4;Medium
21482;248;100249;4;Medium
21483;21592;121593;1;Low
21484;3079;103080;2;High
21485;22527;122528;2;Low
21486;32180;132181;4;Medium
21487;20076;120077;4;High
21488;5346;105347;0;Low
21489;13001;113002;2;Medium
21490;46929;146930;1;Low
21491;30530;130531;3;Low
21492;46515;146516;2;High
21493;44033;144034;1;High
21494;28493;128494;3;High
21495;42822;142823;4;Low
21496;45035;145036;1;High
21497;3411;103412;3;Low
21498;29759;129760;2;Medium
21499;43325;143326;1;Medium
21500;46863;146864;2;High
21501;5249;105250;0;Low
21502;8543;108544;0;High
21503;42299;142300;1;Medium
21504;22403;122404;4;High
21505;36236;136237;3;Medium
21506;810;100811;4;Low
21507;45093;145094;0;Low
21508;3837;103838;3;Low
21509;17493;117494;1;Low
21510;44444;144445;2;Medium
21511;29661;129662;1;Low
21512;11899;111900;1;Medium
21513;31896;131897;1;High
21514;46860;146861;0;Low
21515;17432;117433;1;Medium
21516;38950;138951;3;Low
21517;2830;102831;3;Medium
21518;15934;115935;1;Low
21519;4394;104395;3;Low
21520;38874;138875;2;Medium
21521;10535;110536;0;Low
21522;41864;141865;2;High
21523;37198;137199;4;High
21524;22617;122618;0;Medium
21525;8831;108832;2;Low
21526;43940;143941;1;High
21527;36005;136006;0;Low
21528;4143;104144;0;Low
21529;17266;117267;1;High
21530;30738;130739;1;High
21531;73;100074;2;Low
21532;40883;140884;4;Low
21533;28981;128982;0;Low
21534;4901;104902;3;High
21535;40926;140927;1;Low
21536;22676;122677;3;High
21537;32417;132418;2;High
21538;43832;143833;1;High
21539;35251;135252;0;High
21540;28790;128791;4;High
21541;22449;122450;3;Low
21542;7140;107141;1;Medium
21543;16431;116432;3;Low
21544;13250;113251;4;Medium
21545;23396;123397;2;High
21546;25996;125997;2;Low
21547;35156;135157;0;Low
21548;33535;133536;3;Medium
21549;47423;147424;3;Medium
21550;24592;124593;0;Medium
21551;508;100509;3;Low
21552;31530;131531;4;High
21553;47119;147120;2;High
21554;44645;144646;4;Medium
21555;23330;123331;0;Low
21556;49008;149009;2;Medium
21557;20008;120009;4;High
21558;43790;143791;2;High
21559;18607;118608;0;High
21560;19234;119235;4;Low
21561;36419;136420;1;Low
21562;42408;142409;4;High
21563;43409;143410;0;Medium
21564;4804;104805;3;Low
21565;13327;113328;2;High
21566;24159;124160;1;Low
21567;17335;117336;0;Medium
21568;47272;147273;4;Medium
21569;49719;149720;4;Medium
21570;7085;107086;4;Low
21571;6841;106842;1;Low
21572;29755;129756;4;Low
21573;32198;132199;2;Medium
21574;20230;120231;1;Low
21575;47941;147942;0;High
21576;14959;114960;3;Low
21577;27938;127939;3;Medium
21578;12492;112493;3;Medium
21579;1292;101293;1;High
21580;21312;121313;1;Medium
21581;17134;117135;1;Low
21582;3191;103192;3;Medium
21583;10060;110061;4;Medium
21584;10369;110370;0;Medium
21585;35242;135243;4;Medium
21586;44753;144754;3;High
21587;19432;119433;4;Low
21588;27632;127633;2;High
21589;35861;135862;0;High
21590;29802;129803;3;Low
21591;44698;144699;1;Low
21592;60;100061;0;Low
21593;15368;115369;4;Low
21594;3216;103217;0;High
21595;11276;111277;4;High
21596;5046;105047;4;Low
21597;15670;115671;3;Low
21598;35405;135406;0;Low
21599;29321;129322;3;Low
21600;31178;131179;0;Medium
21601;21059;121060;0;Low
21602;18013;118014;1;High
21603;8810;108811;2;Medium
21604;24467;124468;3;High
21605;14855;114856;3;Medium
21606;10790;110791;1;Low
21607;45239;145240;0;Medium
21608;37041;137042;2;High
21609;44105;144106;2;High
21610;22746;122747;1;Medium
21611;19928;119929;3;Medium
21612;6161;106162;2;Medium
21613;39767;139768;1;Low
21614;1715;101716;1;Low
21615;26896;126897;2;High
21616;157;100158;4;High
21617;48821;148822;2;Low
21618;36700;136701;1;High
21619;22892;122893;1;Medium
21620;7762;107763;2;Low
21621;31569;131570;2;Medium
21622;28120;128121;0;Low
21623;6816;106817;4;Medium
21624;11003;111004;2;Low
21625;17925;117926;0;Medium
21626;48737;148738;1;Low
21627;37508;137509;0;Medium
21628;37048;137049;2;Medium
21629;45160;145161;0;Low
21630;29778;129779;2;Medium
21631;42256;142257;2;High
21632;46610;146611;0;High
21633;1733;101734;4;Low
21634;32062;132063;4;High
21635;13056;113057;2;Medium
21636;44175;144176;1;High
21637;35269;135270;1;Medium
21638;10805;110806;2;Low
21639;11106;111107;4;Low
21640;49963;149964;4;Medium
21641;34116;134117;0;Low
21642;24148;124149;4;High
21643;3851;103852;3;Medium
21644;33959;133960;3;High
21645;24784;124785;0;High
21646;21917;121918;3;Medium
21647;18812;118813;4;Low
21648;39551;139552;4;Medium
21649;23200;123201;4;Low
21650;13540;113541;0;Medium
21651;6806;106807;0;High
21652;15415;115416;2;Low
21653;8335;108336;4;High
21654;25377;125378;3;High
21655;42838;142839;4;Low
21656;37337;137338;1;Medium
21657;35342;135343;2;Medium
21658;40528;140529;3;Medium
21659;38169;138170;4;Medium
21660;5056;105057;4;Medium
21661;3372;103373;4;Medium
21662;12398;112399;1;Medium
21663;2211;102212;0;Medium
21664;29427;129428;1;High
21665;43064;143065;0;High
21666;4403;104404;3;Medium
21667;2857;102858;4;High
21668;16730;116731;3;Medium
21669;37782;137783;0;Low
21670;21353;121354;1;High
21671;24370;124371;0;Low
21672;1396;101397;2;Medium
21673;12760;112761;3;Low
21674;34090;134091;4;Medium
21675;15994;115995;3;Low
21676;44694;144695;0;Medium
21677;8814;108815;4;Medium
21678;6984;106985;1;Low
21679;39341;139342;4;High
21680;36367;136368;2;Medium
21681;46897;146898;3;Medium
21682;41797;141798;4;Medium
21683;27911;127912;0;High
21684;6297;106298;2;Medium
21685;9612;109613;2;High
21686;26484;126485;4;Medium
21687;16186;116187;3;Medium
21688;22626;122627;1;Low
21689;4504;104505;3;Low
21690;26759;126760;4;Low
21691;15307;115308;0;Low
21692;7161;107162;3;High
21693;19641;119642;0;Medium
21694;2262;102263;1;Medium
21695;37762;137763;0;Medium
21696;11623;111624;4;Low
21697;9035;109036;4;High
21698;9222;109223;2;Low
21699;22136;122137;1;High
21700;2957;102958;0;Low
21701;39281;139282;4;Low
21702;44124;144125;3;Medium
21703;34864;134865;0;Medium
21704;33346;133347;4;Low
21705;49474;149475;4;Low
21706;10399;110400;1;Medium
21707;37082;137083;4;Low
21708;10496;110497;3;Low
21709;21016;121017;4;Medium
21710;699;100700;1;Low
21711;40904;140905;2;High
21712;20293;120294;2;Low
21713;8472;108473;2;Low
21714;46624;146625;4;Low
21715;18980;118981;2;Low
21716;34711;134712;0;Low
21717;16906;116907;1;Medium
21718;48453;148454;4;High
21719;25802;125803;0;Medium
21720;362;100363;3;High
21721;23700;123701;0;Medium
21722;1555;101556;1;High
21723;874;100875;2;Low
21724;30426;130427;1;Low
21725;27772;127773;0;Low
21726;49668;149669;3;High
21727;28102;128103;0;Medium
21728;39342;139343;3;Medium
21729;15754;115755;4;Medium
21730;38635;138636;2;Low
21731;11535;111536;2;Low
21732;8898;108899;2;Medium
21733;47094;147095;2;Low
21734;41360;141361;1;High
21735;10878;110879;0;Medium
21736;22199;122200;3;High
21737;37655;137656;4;Low
21738;37404;137405;4;Medium
21739;38512;138513;3;Medium
21740;49977;149978;3;Medium
21741;2601;102602;3;Medium
21742;45346;145347;2;High
21743;20965;120966;4;Medium
21744;34512;134513;0;Medium
21745;34233;134234;2;Low
21746;33877;133878;0;High
21747;35127;135128;0;Low
21748;34240;134241;2;Low
21749;47452;147453;2;Low
21750;20252;120253;1;Medium
21751;2073;102074;1;Low
21752;27412;127413;1;High
21753;29893;129894;0;Medium
21754;306;100307;2;Low
21755;39868;139869;2;High
21756;46543;146544;1;Low
21757;37750;137751;1;High
21758;18946;118947;2;Medium
21759;30644;130645;0;Medium
21760;10524;110525;2;High
21761;5071;105072;2;High
21762;2422;102423;0;Medium
21763;5675;105676;3;High
21764;31401;131402;3;Medium
21765;13638;113639;2;High
21766;9584;109585;3;Medium
21767;35063;135064;1;High
21768;1329;101330;1;Medium
21769;35401;135402;3;Medium
21770;25126;125127;4;Medium
21771;49989;149990;4;High
21772;4199;104200;1;Medium
21773;15743;115744;3;Medium
21774;31042;131043;0;Medium
21775;25093;125094;3;Low
21776;39162;139163;0;Low
21777;15842;115843;0;Medium
21778;19188;119189;0;High
21779;26009;126010;3;Medium
21780;17320;117321;4;Low
21781;11740;111741;3;High
21782;22033;122034;0;High
21783;25167;125168;0;Medium
21784;5290;105291;3;Medium
21785;28527;128528;3;Medium
21786;48221;148222;1;High
21787;16991;116992;1;Low
21788;44375;144376;2;High
21789;25146;125147;1;Medium
21790;939;100940;2;High
21791;47214;147215;1;Medium
21792;44180;144181;1;Low
21793;22867;122868;2;Medium
21794;3667;103668;1;High
21795;31441;131442;3;Low
21796;44708;144709;1;High
21797;46468;146469;4;High
21798;12717;112718;0;Medium
21799;49826;149827;0;Low
21800;46375;146376;1;High
21801;44956;144957;0;High
21802;30080;130081;1;Medium
21803;20506;120507;0;Low
21804;15865;115866;4;High
21805;560;100561;3;Medium
21806;32351;132352;3;Medium
21807;38657;138658;4;Medium
21808;48963;148964;0;Medium
21809;43793;143794;2;Medium
21810;28771;128772;2;Medium
21811;44206;144207;2;High
21812;47244;147245;2;Low
21813;45573;145574;0;Medium
21814;11147;111148;4;Medium
21815;25180;125181;1;Low
21816;39061;139062;4;Low
21817;18361;118362;1;Low
21818;21219;121220;2;Medium
21819;39860;139861;1;Medium
21820;41298;141299;2;Medium
21821;47799;147800;2;Low
21822;8072;108073;0;Medium
21823;33337;133338;1;Medium
21824;4425;104426;1;High
21825;46122;146123;3;High
21826;10800;110801;2;Medium
21827;39864;139865;0;Medium
21828;30680;130681;3;Low
21829;25423;125424;1;Medium
21830;21179;121180;3;Low
21831;20047;120048;4;Medium
21832;24000;124001;3;Low
21833;25768;125769;0;High
21834;12181;112182;3;Low
21835;35933;135934;1;Medium
21836;44598;144599;0;Medium
21837;24802;124803;1;Medium
21838;18732;118733;0;Medium
21839;30158;130159;3;Medium
21840;42086;142087;1;Low
21841;47401;147402;1;Medium
21842;46795;146796;2;Medium
21843;14995;114996;1;Medium
21844;10259;110260;0;Medium
21845;34834;134835;0;Low
21846;22682;122683;3;Medium
21847;2344;102345;3;Medium
21848;32889;132890;4;Medium
21849;4480;104481;1;High
21850;18123;118124;0;Medium
21851;7217;107218;0;Low
21852;33630;133631;2;High
21853;48930;148931;1;Medium
21854;27549;127550;2;Low
21855;9153;109154;0;Medium
21856;36518;136519;4;Low
21857;1010;101011;0;Low
21858;36736;136737;2;Low
21859;6826;106827;1;Low
21860;14341;114342;0;Low
21861;25641;125642;3;High
21862;23263;123264;1;High
21863;9007;109008;0;High
21864;20267;120268;2;High
21865;33444;133445;3;Medium
21866;20517;120518;1;Medium
21867;41262;141263;2;Low
21868;46626;146627;4;Medium
21869;8044;108045;0;Medium
21870;4114;104115;2;Low
21871;11469;111470;1;Medium
21872;37008;137009;0;Low
21873;17476;117477;2;Medium
21874;44377;144378;0;Medium
21875;11157;111158;4;Low
21876;48571;148572;1;High
21877;30217;130218;2;Low
21878;37635;137636;3;High
21879;19614;119615;3;Medium
21880;46593;146594;4;High
21881;32507;132508;4;Medium
21882;16672;116673;2;High
21883;19490;119491;0;Medium
21884;47927;147928;3;Medium
21885;6947;106948;4;Low
21886;38478;138479;0;Low
21887;34461;134462;0;Medium
21888;45800;145801;2;Medium
21889;23547;123548;3;High
21890;27654;127655;0;Low
21891;19030;119031;4;Medium
21892;22314;122315;1;High
21893;9838;109839;2;Low
21894;44724;144725;4;Medium
21895;23754;123755;2;Low
21896;33260;133261;4;Low
21897;35006;135007;1;Low
21898;48645;148646;2;Medium
21899;14220;114221;2;High
21900;21880;121881;1;High
21901;5032;105033;1;High
21902;46441;146442;4;Medium
21903;7409;107410;4;Medium
21904;135;100136;3;Medium
21905;8703;108704;3;Medium
21906;12278;112279;2;Low
21907;19598;119599;0;Medium
21908;22227;122228;0;Low
21909;9323;109324;1;Low
21910;19546;119547;4;Low
21911;16096;116097;4;Low
21912;19793;119794;1;High
21913;6577;106578;2;Medium
21914;6762;106763;3;Low
21915;48678;148679;1;Low
21916;2225;102226;2;High
21917;11215;111216;3;High
21918;41175;141176;0;Low
21919;13629;113630;4;Medium
21920;29990;129991;4;High
21921;37393;137394;2;Medium
21922;3688;103689;4;Medium
21923;21119;121120;3;Low
21924;18267;118268;1;Medium
21925;37545;137546;4;Medium
21926;24098;124099;2;Medium
21927;41565;141566;3;Medium
21928;9774;109775;4;Medium
21929;41369;141370;4;Low
21930;31110;131111;3;Medium
21931;12472;112473;3;High
21932;30796;130797;0;Medium
21933;35014;135015;3;Medium
21934;627;100628;0;Low
21935;26548;126549;2;Medium
21936;48618;148619;3;Medium
21937;33755;133756;4;High
21938;6664;106665;2;Medium
21939;13308;113309;2;Low
21940;41268;141269;3;Medium
21941;18145;118146;4;Medium
21942;47929;147930;4;Medium
21943;47918;147919;4;Low
21944;19626;119627;1;Low
21945;20553;120554;2;Low
21946;17995;117996;0;High
21947;8130;108131;0;Medium
21948;240;100241;0;Low
21949;12255;112256;0;Medium
21950;5788;105789;2;High
21951;48196;148197;4;High
21952;35418;135419;2;Medium
21953;31080;131081;4;Low
21954;25366;125367;3;High
21955;49720;149721;2;High
21956;19647;119648;1;Medium
21957;36402;136403;0;Medium
21958;17615;117616;1;Low
21959;416;100417;1;High
21960;36636;136637;0;Low
21961;28895;128896;4;Medium
21962;30538;130539;3;Low
21963;14708;114709;4;Medium
21964;15784;115785;4;High
21965;20184;120185;0;Medium
21966;29968;129969;1;High
21967;19816;119817;3;High
21968;48568;148569;1;Low
21969;20590;120591;3;Low
21970;17391;117392;4;Low
21971;10692;110693;4;Medium
21972;45244;145245;2;Low
21973;17316;117317;1;High
21974;26916;126917;0;Medium
21975;20854;120855;1;Low
21976;41202;141203;0;Low
21977;37235;137236;3;Low
21978;10664;110665;3;Medium
21979;44675;144676;3;Medium
21980;32497;132498;0;High
21981;37587;137588;3;Medium
21982;27103;127104;3;Medium
21983;40244;140245;3;Medium
21984;32776;132777;1;Low
21985;22179;122180;2;High
21986;30271;130272;2;Low
21987;2306;102307;4;High
21988;48908;148909;1;Medium
21989;46591;146592;2;Medium
21990;2640;102641;2;Low
21991;39483;139484;0;Medium
21992;13968;113969;4;High
21993;40305;140306;2;Medium
21994;37368;137369;4;High
21995;9903;109904;1;High
21996;40188;140189;0;High
21997;20403;120404;0;High
21998;1247;101248;1;High
21999;10804;110805;3;Low
22000;18021;118022;4;Medium
22001;28463;128464;1;High
22002;36412;136413;1;Medium
22003;26770;126771;3;Medium
22004;26160;126161;4;High
22005;41781;141782;2;High
22006;18587;118588;4;Low
22007;693;100694;1;High
22008;44417;144418;4;Medium
22009;43965;143966;3;Medium
22010;24124;124125;4;High
22011;13707;113708;2;High
22012;16408;116409;1;High
22013;12701;112702;1;Low
22014;42863;142864;3;Medium
22015;22707;122708;1;Low
22016;25673;125674;0;Medium
22017;32581;132582;0;Low
22018;49627;149628;2;High
22019;5402;105403;1;Medium
22020;42351;142352;3;High
22021;24099;124100;2;Medium
22022;26244;126245;3;Medium
22023;17035;117036;0;Medium
22024;27164;127165;4;Medium
22025;2801;102802;3;High
22026;16445;116446;2;Low
22027;30785;130786;0;Medium
22028;27870;127871;1;Low
22029;31660;131661;2;Medium
22030;1804;101805;4;High
22031;753;100754;0;Medium
22032;4721;104722;4;Low
22033;30054;130055;2;Medium
22034;49424;149425;1;Medium
22035;26094;126095;2;Low
22036;12614;112615;1;Low
22037;39738;139739;4;Low
22038;45437;145438;2;Medium
22039;46832;146833;3;Medium
22040;40786;140787;1;Medium
22041;42398;142399;3;Medium
22042;16734;116735;2;Medium
22043;47427;147428;4;High
22044;36821;136822;4;Medium
22045;33171;133172;3;High
22046;1470;101471;2;Low
22047;27301;127302;4;Low
22048;509;100510;0;Medium
22049;30078;130079;1;High
22050;19599;119600;4;Medium
22051;24632;124633;2;Low
22052;47559;147560;1;Medium
22053;6529;106530;1;Medium
22054;26599;126600;3;Low
22055;45761;145762;3;Low
22056;6811;106812;0;High
22057;39001;139002;3;Medium
22058;49880;149881;1;Low
22059;29546;129547;1;Low
22060;49306;149307;3;Medium
22061;30157;130158;1;Low
22062;26491;126492;1;Medium
22063;25224;125225;0;Low
22064;30507;130508;0;High
22065;39237;139238;3;Low
22066;24783;124784;4;Medium
22067;3444;103445;1;High
22068;19966;119967;0;Low
22069;28008;128009;3;Low
22070;39668;139669;3;Medium
22071;4184;104185;3;Medium
22072;7743;107744;0;Medium
22073;7195;107196;1;Medium
22074;42655;142656;0;Low
22075;48322;148323;4;Low
22076;19944;119945;0;Medium
22077;33438;133439;4;Medium
22078;16020;116021;0;Medium
22079;26428;126429;0;Medium
22080;45622;145623;2;Medium
22081;5333;105334;4;Low
22082;41506;141507;0;Medium
22083;13409;113410;1;High
22084;22048;122049;3;Low
22085;20510;120511;1;High
22086;15153;115154;3;High
22087;35635;135636;0;Low
22088;49298;149299;0;High
22089;41604;141605;3;Low
22090;1506;101507;4;Low
22091;22393;122394;4;Medium
22092;5712;105713;1;Medium
22093;49995;149996;4;High
22094;18008;118009;1;Medium
22095;49800;149801;2;Medium
22096;15569;115570;1;Medium
22097;22546;122547;1;High
22098;31688;131689;1;High
22099;45087;145088;1;Low
22100;48126;148127;1;High
22101;43687;143688;0;Medium
22102;5045;105046;4;High
22103;47563;147564;2;Medium
22104;12121;112122;4;Medium
22105;6168;106169;0;High
22106;40308;140309;4;Low
22107;11005;111006;4;High
22108;36036;136037;4;Medium
22109;19638;119639;3;Low
22110;15122;115123;3;High
22111;34858;134859;3;Low
22112;27189;127190;2;Medium
22113;10083;110084;4;Medium
22114;16078;116079;1;Medium
22115;18223;118224;2;Medium
22116;46779;146780;1;High
22117;29136;129137;0;Low
22118;37452;137453;4;Low
22119;44301;144302;3;Low
22120;3520;103521;0;Medium
22121;5407;105408;0;Low
22122;37354;137355;4;High
22123;25883;125884;3;High
22124;34334;134335;0;Medium
22125;49239;149240;3;Medium
22126;25062;125063;3;Medium
22127;18640;118641;4;High
22128;41586;141587;3;High
22129;28061;128062;2;Medium
22130;49741;149742;0;Low
22131;45473;145474;3;High
22132;29172;129173;3;Low
22133;46306;146307;4;Medium
22134;7168;107169;4;Low
22135;42424;142425;0;Low
22136;19555;119556;3;Medium
22137;16369;116370;4;Medium
22138;35499;135500;4;Medium
22139;33771;133772;4;Medium
22140;40256;140257;4;Medium
22141;14065;114066;0;High
22142;19248;119249;0;Medium
22143;31834;131835;3;Medium
22144;39485;139486;1;Low
22145;31396;131397;1;High
22146;23029;123030;2;Low
22147;27506;127507;2;Medium
22148;13791;113792;1;Medium
22149;15625;115626;0;Medium
22150;28132;128133;4;High
22151;10174;110175;4;Medium
22152;47476;147477;3;Low
22153;21794;121795;3;Medium
22154;17808;117809;0;High
22155;44738;144739;1;Low
22156;37730;137731;4;Low
22157;1056;101057;0;Medium
22158;18689;118690;3;Medium
22159;11502;111503;2;Medium
22160;25468;125469;1;Low
22161;45864;145865;3;Medium
22162;37268;137269;2;Low
22163;19068;119069;2;High
22164;29718;129719;1;Low
22165;4697;104698;3;High
22166;25775;125776;0;Low
22167;15182;115183;0;High
22168;77;100078;4;Low
22169;32719;132720;2;High
22170;44019;144020;0;High
22171;10738;110739;1;Medium
22172;6376;106377;4;Medium
22173;22255;122256;0;Medium
22174;38118;138119;1;Low
22175;39187;139188;3;Medium
22176;6365;106366;0;Low
22177;13627;113628;4;Low
22178;20129;120130;3;High
22179;32616;132617;3;Medium
22180;10464;110465;1;Low
22181;46905;146906;3;High
22182;15465;115466;1;Medium
22183;474;100475;1;Low
22184;46528;146529;2;Medium
22185;14204;114205;2;Medium
22186;33146;133147;0;Medium
22187;15645;115646;2;High
22188;6261;106262;3;Low
22189;44361;144362;2;High
22190;41732;141733;4;High
22191;32141;132142;3;High
22192;1118;101119;2;High
22193;5480;105481;4;Medium
22194;8249;108250;1;Low
22195;29558;129559;0;Medium
22196;17530;117531;3;Low
22197;20968;120969;3;Low
22198;44765;144766;3;Medium
22199;41137;141138;4;Medium
22200;35851;135852;1;Medium
22201;36519;136520;1;Low
22202;34721;134722;4;High
22203;49589;149590;3;High
22204;49267;149268;3;Medium
22205;15390;115391;1;Medium
22206;1417;101418;4;Medium
22207;20018;120019;3;Medium
22208;31534;131535;2;Low
22209;40498;140499;4;High
22210;8312;108313;3;Low
22211;27672;127673;2;High
22212;9060;109061;1;High
22213;36976;136977;2;Low
22214;11976;111977;0;Medium
22215;16956;116957;4;Low
22216;24366;124367;2;Medium
22217;40230;140231;2;Low
22218;19145;119146;0;Medium
22219;30286;130287;2;Low
22220;36943;136944;1;High
22221;35050;135051;2;High
22222;23653;123654;1;Medium
22223;34407;134408;2;Low
22224;361;100362;0;Low
22225;12921;112922;3;High
22226;33419;133420;3;Medium
22227;26422;126423;4;Low
22228;42998;142999;3;High
22229;27950;127951;2;Medium
22230;11456;111457;2;Medium
22231;33546;133547;1;Low
22232;35076;135077;2;Low
22233;21871;121872;2;Medium
22234;5314;105315;3;High
22235;24287;124288;1;Low
22236;25155;125156;1;Medium
22237;15731;115732;4;High
22238;19204;119205;4;Low
22239;4723;104724;2;Low
22240;25045;125046;2;Medium
22241;45376;145377;0;Medium
22242;34547;134548;3;Medium
22243;28600;128601;3;Medium
22244;13330;113331;2;Medium
22245;21064;121065;1;Medium
22246;32268;132269;2;Medium
22247;19102;119103;4;Medium
22248;30845;130846;4;High
22249;7312;107313;0;Medium
22250;7545;107546;0;Low
22251;9292;109293;1;Medium
22252;10469;110470;2;Low
22253;28393;128394;1;Medium
22254;3689;103690;1;Low
22255;6305;106306;2;Medium
22256;13937;113938;1;Low
22257;6628;106629;3;Low
22258;38534;138535;1;Medium
22259;46251;146252;3;Low
22260;28635;128636;4;High
22261;5466;105467;4;Medium
22262;33734;133735;2;Medium
22263;13751;113752;3;High
22264;2589;102590;4;Medium
22265;45263;145264;3;Medium
22266;47964;147965;0;Medium
22267;49554;149555;1;Medium
22268;25474;125475;3;Low
22269;41285;141286;1;Medium
22270;19650;119651;3;Medium
22271;5783;105784;3;Medium
22272;29335;129336;4;Low
22273;8593;108594;1;Low
22274;16168;116169;3;Medium
22275;2893;102894;4;Medium
22276;14293;114294;0;Low
22277;43931;143932;2;Medium
22278;39796;139797;1;High
22279;595;100596;3;Low
22280;29011;129012;4;Low
22281;28094;128095;2;Low
22282;621;100622;3;Low
22283;29290;129291;1;High
22284;11867;111868;2;High
22285;20870;120871;2;Medium
22286;5424;105425;2;Low
22287;46107;146108;4;Low
22288;19106;119107;0;High
22289;117;100118;2;Low
22290;33627;133628;0;High
22291;34004;134005;1;Low
22292;47470;147471;0;Medium
22293;30263;130264;2;Low
22294;4513;104514;3;Medium
22295;13588;113589;2;Medium
22296;28560;128561;1;Medium
22297;15986;115987;3;High
22298;5272;105273;4;Medium
22299;16842;116843;1;High
22300;34035;134036;0;Medium
22301;15299;115300;4;Low
22302;4328;104329;3;Medium
22303;5417;105418;2;High
22304;23211;123212;2;Medium
22305;31487;131488;3;High
22306;26651;126652;1;Low
22307;36358;136359;3;Low
22308;36167;136168;4;High
22309;30943;130944;3;Medium
22310;35981;135982;3;Medium
22311;23696;123697;1;Medium
22312;40294;140295;1;Medium
22313;22404;122405;2;Low
22314;36952;136953;4;Medium
22315;43435;143436;3;High
22316;21532;121533;0;High
22317;25645;125646;1;High
22318;12029;112030;3;Medium
22319;22770;122771;2;Low
22320;23156;123157;3;Medium
22321;4281;104282;4;Medium
22322;10742;110743;3;Medium
22323;22948;122949;2;High
22324;4862;104863;2;High
22325;22560;122561;1;Medium
22326;9181;109182;0;High
22327;29168;129169;0;Low
22328;33898;133899;4;High
22329;35999;136000;2;Medium
22330;40054;140055;1;Medium
22331;5397;105398;2;Low
22332;15846;115847;1;High
22333;30301;130302;2;High
22334;19850;119851;4;Medium
22335;15603;115604;4;Medium
22336;31806;131807;3;Medium
22337;34332;134333;2;Medium
22338;37887;137888;4;Medium
22339;40395;140396;1;Medium
22340;42077;142078;4;Low
22341;7205;107206;2;High
22342;3939;103940;2;Low
22343;1198;101199;1;Medium
22344;21131;121132;0;High
22345;8321;108322;4;High
22346;21015;121016;0;Medium
22347;14656;114657;4;Low
22348;16825;116826;3;Medium
22349;9032;109033;3;Low
22350;43947;143948;2;Low
22351;14217;114218;0;Low
22352;11812;111813;4;Low
22353;37308;137309;1;High
22354;5250;105251;1;Medium
22355;2055;102056;0;Low
22356;46392;146393;3;Medium
22357;20626;120627;1;Medium
22358;21346;121347;0;Low
22359;8202;108203;1;Low
22360;22741;122742;0;Medium
22361;6717;106718;2;High
22362;32088;132089;0;Medium
22363;25107;125108;0;Low
22364;5855;105856;1;Medium
22365;12585;112586;3;High
22366;14535;114536;1;Medium
22367;43269;143270;4;Medium
22368;26390;126391;1;High
22369;46747;146748;0;Low
22370;34420;134421;3;High
22371;19967;119968;3;Medium
22372;2039;102040;4;Medium
22373;10161;110162;3;Low
22374;34668;134669;2;Low
22375;5525;105526;0;Medium
22376;13430;113431;3;Low
22377;30180;130181;3;High
22378;40063;140064;3;Low
22379;46507;146508;0;Medium
22380;19349;119350;0;Low
22381;36858;136859;1;Low
22382;30709;130710;0;Medium
22383;1593;101594;3;High
22384;20144;120145;0;Low
22385;40516;140517;1;Medium
22386;35535;135536;4;Medium
22387;31958;131959;2;Medium
22388;15460;115461;1;Medium
22389;42748;142749;3;Medium
22390;10567;110568;0;Medium
22391;1833;101834;3;High
22392;26996;126997;3;Low
22393;34971;134972;4;High
22394;35049;135050;4;Medium
22395;15873;115874;1;High
22396;4176;104177;1;Low
22397;43139;143140;4;Low
22398;33205;133206;2;Medium
22399;21740;121741;3;Medium
22400;43471;143472;4;Low
22401;13530;113531;3;Medium
22402;919;100920;0;High
22403;35838;135839;4;Low
22404;37997;137998;0;High
22405;3169;103170;0;Medium
22406;48324;148325;0;Medium
22407;26981;126982;1;High
22408;24408;124409;3;Low
22409;17032;117033;4;Low
22410;15602;115603;4;Low
22411;29400;129401;2;High
22412;49318;149319;0;Medium
22413;13747;113748;2;Medium
22414;36118;136119;0;Low
22415;31614;131615;0;Medium
22416;30111;130112;1;Medium
22417;22331;122332;3;Low
22418;17863;117864;3;Medium
22419;8555;108556;2;Medium
22420;8119;108120;2;Low
22421;29046;129047;2;Low
22422;25209;125210;0;Medium
22423;21432;121433;0;Medium
22424;23035;123036;4;Medium
22425;25178;125179;3;Medium
22426;49677;149678;4;Medium
22427;46094;146095;2;High
22428;3138;103139;3;High
22429;5395;105396;3;Low
22430;44457;144458;0;Low
22431;43791;143792;0;High
22432;28827;128828;2;Medium
22433;15073;115074;2;Low
22434;2962;102963;2;Medium
22435;40477;140478;4;Low
22436;5754;105755;4;Low
22437;47481;147482;2;Low
22438;42134;142135;4;High
22439;5960;105961;1;Low
22440;41746;141747;4;Medium
22441;16080;116081;3;Medium
22442;49761;149762;2;High
22443;12285;112286;0;Low
22444;15453;115454;0;Low
22445;30356;130357;0;Medium
22446;28945;128946;4;Medium
22447;28211;128212;3;Medium
22448;3211;103212;1;Medium
22449;38714;138715;2;High
22450;32802;132803;1;Medium
22451;1582;101583;0;Low
22452;41839;141840;3;Low
22453;16298;116299;2;Medium
22454;45285;145286;3;High
22455;35751;135752;3;Low
22456;26576;126577;1;Medium
22457;23166;123167;2;High
22458;42358;142359;1;Medium
22459;33314;133315;3;High
22460;14653;114654;1;Low
22461;27147;127148;3;High
22462;40791;140792;3;High
22463;39568;139569;0;Medium
22464;42354;142355;3;Medium
22465;11816;111817;1;Medium
22466;17623;117624;4;Medium
22467;37790;137791;0;Medium
22468;18096;118097;1;Low
22469;20838;120839;2;High
22470;18193;118194;3;Medium
22471;11936;111937;4;Medium
22472;13700;113701;4;Low
22473;18314;118315;3;High
22474;37486;137487;2;High
22475;5193;105194;4;Medium
22476;40769;140770;1;Medium
22477;32892;132893;1;Medium
22478;14811;114812;2;Medium
22479;31357;131358;0;High
22480;2063;102064;3;Medium
22481;30782;130783;1;Medium
22482;5476;105477;4;Medium
22483;36026;136027;1;Medium
22484;30740;130741;0;Medium
22485;29616;129617;0;High
22486;26156;126157;2;Low
22487;38690;138691;4;Medium
22488;5556;105557;3;Medium
22489;45584;145585;4;Low
22490;13303;113304;0;Medium
22491;21427;121428;3;Low
22492;848;100849;1;Medium
22493;24328;124329;3;Low
22494;28055;128056;4;Medium
22495;3259;103260;2;Medium
22496;27120;127121;4;Medium
22497;1177;101178;0;Low
22498;10104;110105;1;Medium
22499;7485;107486;3;Medium
22500;19872;119873;2;Medium
22501;28378;128379;0;High
22502;15753;115754;1;Low
22503;2471;102472;0;High
22504;7006;107007;2;Low
22505;15288;115289;4;Low
22506;10336;110337;3;Low
22507;6552;106553;3;Medium
22508;26324;126325;4;High
22509;1795;101796;2;Medium
22510;23339;123340;2;Low
22511;10030;110031;4;High
22512;41404;141405;1;Low
22513;25559;125560;4;Medium
22514;21722;121723;3;Medium
22515;31662;131663;3;High
22516;6929;106930;2;Low
22517;25240;125241;1;High
22518;14264;114265;4;Low
22519;31318;131319;4;Medium
22520;4410;104411;2;High
22521;18444;118445;2;High
22522;48495;148496;3;Medium
22523;20198;120199;0;Medium
22524;8259;108260;2;Medium
22525;20936;120937;1;Medium
22526;7752;107753;3;High
22527;12662;112663;2;High
22528;48164;148165;1;High
22529;458;100459;2;High
22530;39010;139011;0;High
22531;5701;105702;3;Low
22532;13274;113275;3;Low
22533;8622;108623;0;Medium
22534;16424;116425;3;Medium
22535;21096;121097;3;Low
22536;4826;104827;2;Medium
22537;33870;133871;0;Medium
22538;34725;134726;3;High
22539;21971;121972;3;Medium
22540;25358;125359;3;Medium
22541;32004;132005;0;Medium
22542;30248;130249;3;High
22543;13228;113229;1;Low
22544;22641;122642;1;High
22545;24380;124381;3;High
22546;20449;120450;4;Low
22547;35372;135373;0;Medium
22548;14967;114968;4;Low
22549;46168;146169;3;Medium
22550;3273;103274;4;Low
22551;41012;141013;1;Low
22552;30882;130883;2;High
22553;21530;121531;1;Medium
22554;5300;105301;0;Medium
22555;9721;109722;4;Medium
22556;19347;119348;0;Medium
22557;18530;118531;1;Medium
22558;29918;129919;2;Low
22559;19919;119920;2;Low
22560;2487;102488;1;Medium
22561;3416;103417;4;Medium
22562;29562;129563;4;Medium
22563;38633;138634;3;Medium
22564;2815;102816;3;Medium
22565;2838;102839;0;Low
22566;12765;112766;4;Medium
22567;10268;110269;2;Low
22568;48899;148900;0;Medium
22569;33125;133126;4;Low
22570;17644;117645;0;Low
22571;35770;135771;1;Medium
22572;27729;127730;2;High
22573;43994;143995;1;Low
22574;14160;114161;3;High
22575;8388;108389;0;Low
22576;7544;107545;2;Low
22577;21378;121379;1;Low
22578;44634;144635;0;High
22579;36523;136524;3;Low
22580;31975;131976;1;Low
22581;4291;104292;3;High
22582;22379;122380;2;High
22583;43840;143841;3;High
22584;29727;129728;2;Medium
22585;44562;144563;0;Low
22586;10819;110820;4;Medium
22587;28980;128981;4;Low
22588;49839;149840;4;High
22589;36439;136440;3;Low
22590;27838;127839;1;Low
22591;33077;133078;4;Medium
22592;49037;149038;2;Medium
22593;24150;124151;2;Low
22594;31524;131525;0;Low
22595;37593;137594;2;Low
22596;35150;135151;0;Medium
22597;2800;102801;4;High
22598;27172;127173;4;Medium
22599;36516;136517;4;High
22600;24600;124601;3;Low
22601;19837;119838;1;High
22602;31777;131778;2;Low
22603;27239;127240;3;Low
22604;13441;113442;2;Low
22605;5709;105710;1;Medium
22606;36463;136464;4;Low
22607;41068;141069;0;Medium
22608;5813;105814;0;Medium
22609;25071;125072;3;High
22610;38549;138550;4;High
22611;10582;110583;0;Low
22612;39072;139073;0;Low
22613;5995;105996;1;Medium
22614;6318;106319;3;High
22615;32918;132919;3;High
22616;49187;149188;3;Low
22617;16538;116539;1;Low
22618;22388;122389;2;Low
22619;14899;114900;4;Medium
22620;25353;125354;4;Medium
22621;48271;148272;0;Medium
22622;13386;113387;1;Medium
22623;28107;128108;2;Low
22624;49147;149148;0;Low
22625;788;100789;0;Low
22626;36259;136260;3;High
22627;36341;136342;1;High
22628;4067;104068;0;High
22629;23884;123885;0;Low
22630;42121;142122;0;Low
22631;12019;112020;3;Low
22632;9800;109801;4;Low
22633;47082;147083;0;Low
22634;17396;117397;3;Low
22635;35397;135398;4;High
22636;37565;137566;1;High
22637;47040;147041;3;High
22638;17433;117434;2;Medium
22639;45813;145814;3;Low
22640;19278;119279;4;Low
22641;31404;131405;1;Medium
22642;26356;126357;2;Medium
22643;45495;145496;3;Low
22644;49179;149180;2;Medium
22645;21933;121934;0;Low
22646;22400;122401;3;Low
22647;46446;146447;3;Medium
22648;28316;128317;0;Medium
22649;29771;129772;1;High
22650;24589;124590;1;Medium
22651;3082;103083;4;Medium
22652;14723;114724;0;Low
22653;47174;147175;2;Low
22654;49598;149599;4;Low
22655;40366;140367;2;High
22656;35360;135361;1;Medium
22657;36497;136498;3;Low
22658;1188;101189;4;Medium
22659;12798;112799;2;Low
22660;35585;135586;3;Medium
22661;47451;147452;4;Medium
22662;6515;106516;3;Low
22663;49833;149834;4;Low
22664;33948;133949;0;Medium
22665;21943;121944;2;Medium
22666;6718;106719;3;Low
22667;21661;121662;4;Medium
22668;47755;147756;2;Medium
22669;41361;141362;1;Medium
22670;38869;138870;1;High
22671;49908;149909;1;High
22672;11263;111264;1;High
22673;17776;117777;3;High
22674;17104;117105;4;Medium
22675;35157;135158;2;High
22676;21277;121278;0;Low
22677;41917;141918;3;Medium
22678;36879;136880;1;High
22679;26852;126853;0;High
22680;10442;110443;3;High
22681;32669;132670;4;Medium
22682;45032;145033;3;Medium
22683;42352;142353;3;Low
22684;39741;139742;3;Low
22685;15885;115886;1;Medium
22686;18506;118507;3;Low
22687;35775;135776;3;High
22688;41221;141222;0;High
22689;13389;113390;2;High
22690;11965;111966;2;High
22691;16554;116555;1;High
22692;36210;136211;1;Low
22693;20601;120602;4;Medium
22694;33213;133214;4;High
22695;38405;138406;0;Low
22696;35421;135422;1;Low
22697;3920;103921;0;Low
22698;24285;124286;1;Low
22699;30551;130552;2;High
22700;32323;132324;4;Low
22701;1490;101491;0;Low
22702;45319;145320;3;High
22703;24981;124982;0;High
22704;25701;125702;1;Medium
22705;41892;141893;2;Low
22706;39892;139893;4;High
22707;1486;101487;1;Medium
22708;3527;103528;3;High
22709;30085;130086;2;High
22710;6898;106899;4;Low
22711;34905;134906;4;High
22712;46410;146411;2;Low
22713;13299;113300;4;Medium
22714;42306;142307;0;Low
22715;2149;102150;2;Medium
22716;5175;105176;3;Medium
22717;19718;119719;1;Low
22718;959;100960;1;Medium
22719;22925;122926;4;Medium
22720;32348;132349;2;Low
22721;40023;140024;0;Low
22722;43403;143404;1;High
22723;34045;134046;0;Medium
22724;24932;124933;1;Low
22725;36425;136426;4;Low
22726;11850;111851;4;Medium
22727;5168;105169;4;Medium
22728;24459;124460;3;Medium
22729;29899;129900;0;High
22730;39504;139505;2;Medium
22731;41811;141812;0;High
22732;522;100523;0;Medium
22733;14633;114634;1;Low
22734;34545;134546;2;High
22735;17090;117091;1;High
22736;28696;128697;4;Medium
22737;35576;135577;1;High
22738;21863;121864;4;Medium
22739;21135;121136;1;Medium
22740;19921;119922;0;Medium
22741;28731;128732;1;Medium
22742;37245;137246;1;Low
22743;15479;115480;0;Medium
22744;40765;140766;2;Medium
22745;7820;107821;3;Low
22746;49282;149283;3;High
22747;41564;141565;1;High
22748;49955;149956;2;Low
22749;47773;147774;0;Low
22750;18031;118032;1;Low
22751;38976;138977;4;Medium
22752;30299;130300;2;Low
22753;16540;116541;0;High
22754;14973;114974;3;High
22755;2442;102443;1;Medium
22756;1363;101364;4;Low
22757;41536;141537;0;Medium
22758;43419;143420;3;Medium
22759;26942;126943;2;Medium
22760;527;100528;3;High
22761;6758;106759;0;Medium
22762;25901;125902;3;Low
22763;47022;147023;3;Medium
22764;7872;107873;0;Low
22765;34351;134352;0;Medium
22766;48395;148396;2;High
22767;13575;113576;2;Low
22768;41689;141690;2;Medium
22769;23655;123656;3;High
22770;17511;117512;2;Medium
22771;168;100169;0;Medium
22772;40329;140330;1;Medium
22773;22634;122635;3;Low
22774;26055;126056;4;Medium
22775;17223;117224;0;High
22776;13654;113655;2;Low
22777;16796;116797;2;Medium
22778;20908;120909;1;High
22779;7041;107042;2;Medium
22780;9598;109599;0;Low
22781;26503;126504;3;Low
22782;32372;132373;2;Low
22783;31101;131102;0;High
22784;38232;138233;3;Medium
22785;19456;119457;3;Medium
22786;47013;147014;1;Low
22787;17497;117498;4;High
22788;48717;148718;3;Medium
22789;9143;109144;2;Low
22790;37431;137432;0;Medium
22791;31588;131589;2;High
22792;31725;131726;1;Medium
22793;49055;149056;4;Medium
22794;13503;113504;0;Medium
22795;42118;142119;1;Low
22796;27531;127532;0;Medium
22797;109;100110;0;Low
22798;48754;148755;0;High
22799;47071;147072;0;Medium
22800;42574;142575;2;Medium
22801;41402;141403;0;Medium
22802;14297;114298;2;Low
22803;12369;112370;4;Low
22804;35395;135396;1;Medium
22805;5844;105845;2;Medium
22806;28849;128850;0;Low
22807;5714;105715;3;Low
22808;23480;123481;0;Low
22809;35837;135838;3;Medium
22810;545;100546;4;High
22811;8762;108763;0;High
22812;10511;110512;3;High
22813;40036;140037;0;High
22814;29453;129454;0;High
22815;9764;109765;2;Medium
22816;46632;146633;2;High
22817;503;100504;1;Medium
22818;40251;140252;1;Low
22819;10623;110624;0;Low
22820;5710;105711;1;Medium
22821;19420;119421;2;Low
22822;40407;140408;4;Medium
22823;28110;128111;2;Medium
22824;5030;105031;3;High
22825;47606;147607;4;High
22826;45162;145163;1;Low
22827;1452;101453;1;Medium
22828;47156;147157;0;Low
22829;31013;131014;1;High
22830;14018;114019;0;Low
22831;13227;113228;4;Medium
22832;13432;113433;3;Medium
22833;21074;121075;4;Low
22834;16795;116796;1;Low
22835;39934;139935;3;High
22836;9961;109962;2;Medium
22837;11476;111477;3;High
22838;38756;138757;4;Low
22839;29991;129992;2;Low
22840;43854;143855;1;High
22841;48643;148644;0;Low
22842;34746;134747;2;Medium
22843;48850;148851;4;Medium
22844;44802;144803;0;High
22845;10292;110293;4;Low
22846;5342;105343;0;Medium
22847;11773;111774;0;Medium
22848;49702;149703;0;Medium
22849;34411;134412;1;Medium
22850;12572;112573;2;High
22851;9408;109409;4;Medium
22852;1698;101699;4;High
22853;19152;119153;2;Medium
22854;45007;145008;3;Low
22855;5209;105210;2;Medium
22856;42966;142967;4;Low
22857;7295;107296;3;Medium
22858;6556;106557;4;Medium
22859;26954;126955;4;High
22860;15470;115471;4;Low
22861;22842;122843;0;Medium
22862;7590;107591;4;Medium
22863;44229;144230;0;High
22864;39520;139521;4;Low
22865;16308;116309;2;Medium
22866;41153;141154;3;High
22867;44602;144603;0;Medium
22868;18676;118677;0;Low
22869;28953;128954;4;Medium
22870;38425;138426;4;Low
22871;32448;132449;1;Medium
22872;39319;139320;3;Medium
22873;42363;142364;0;High
22874;8616;108617;2;Medium
22875;26310;126311;4;Low
22876;13705;113706;0;Medium
22877;44469;144470;0;Low
22878;33628;133629;2;Low
22879;23729;123730;4;Medium
22880;32227;132228;2;High
22881;37975;137976;3;Low
22882;39349;139350;1;Medium
22883;14058;114059;2;Medium
22884;44466;144467;4;High
22885;5904;105905;4;Low
22886;5243;105244;4;Medium
22887;28534;128535;1;Medium
22888;32359;132360;2;Medium
22889;38797;138798;3;High
22890;47072;147073;4;Low
22891;35975;135976;3;Low
22892;31539;131540;4;Low
22893;23132;123133;4;Medium
22894;9561;109562;0;Low
22895;1164;101165;4;Medium
22896;36970;136971;1;Medium
22897;45855;145856;0;Medium
22898;16094;116095;3;Medium
22899;37411;137412;2;Low
22900;12510;112511;2;High
22901;20583;120584;4;Medium
22902;38326;138327;2;High
22903;32139;132140;0;Low
22904;6080;106081;1;Low
22905;41465;141466;0;Low
22906;44861;144862;2;Low
22907;17419;117420;4;High
22908;39235;139236;0;Medium
22909;709;100710;4;Medium
22910;4409;104410;0;Low
22911;38174;138175;3;Low
22912;23217;123218;1;Medium
22913;33828;133829;1;Low
22914;21599;121600;1;Medium
22915;26008;126009;2;Medium
22916;45375;145376;3;Low
22917;21338;121339;0;Low
22918;41345;141346;1;Medium
22919;29125;129126;1;High
22920;2050;102051;2;Medium
22921;40866;140867;0;Medium
22922;34768;134769;4;Low
22923;1788;101789;1;Low
22924;12973;112974;4;Low
22925;11421;111422;2;Medium
22926;20442;120443;4;Low
22927;6466;106467;1;Medium
22928;18817;118818;4;Medium
22929;4268;104269;0;High
22930;9213;109214;1;High
22931;15574;115575;0;Medium
22932;43731;143732;0;Low
22933;19792;119793;3;Medium
22934;6543;106544;4;Medium
22935;33103;133104;1;Medium
22936;17971;117972;0;High
22937;2916;102917;3;Medium
22938;4686;104687;1;High
22939;18322;118323;1;High
22940;33391;133392;1;Low
22941;43863;143864;3;Medium
22942;19503;119504;0;Medium
22943;20263;120264;3;Low
22944;17749;117750;1;Medium
22945;44748;144749;1;Medium
22946;41943;141944;1;Medium
22947;26486;126487;3;Low
22948;22270;122271;1;Low
22949;39899;139900;2;Medium
22950;9947;109948;3;Medium
22951;30552;130553;4;Medium
22952;24948;124949;4;Low
22953;41094;141095;2;Medium
22954;5083;105084;3;Medium
22955;7393;107394;0;Low
22956;21571;121572;2;Medium
22957;16691;116692;4;Low
22958;35954;135955;4;Low
22959;44693;144694;4;Medium
22960;48482;148483;3;High
22961;37936;137937;2;High
22962;25870;125871;4;Low
22963;26618;126619;0;High
22964;40103;140104;0;Medium
22965;10143;110144;0;Medium
22966;18828;118829;0;Medium
22967;3297;103298;4;Low
22968;15987;115988;0;High
22969;35832;135833;0;Medium
22970;44371;144372;0;Low
22971;13816;113817;3;High
22972;1981;101982;1;Medium
22973;43259;143260;4;High
22974;15588;115589;4;Medium
22975;1217;101218;4;Medium
22976;783;100784;2;Low
22977;49456;149457;4;Low
22978;5794;105795;3;High
22979;27351;127352;0;High
22980;23944;123945;0;Low
22981;16927;116928;2;Low
22982;17229;117230;3;Medium
22983;36601;136602;3;Medium
22984;1723;101724;2;Medium
22985;28645;128646;1;Medium
22986;33;100034;4;Medium
22987;19411;119412;2;High
22988;42583;142584;1;Medium
22989;38187;138188;0;High
22990;45408;145409;1;Low
22991;38148;138149;4;High
22992;26069;126070;3;Medium
22993;2153;102154;2;Medium
22994;3706;103707;3;High
22995;24890;124891;0;High
22996;38290;138291;1;High
22997;6950;106951;3;Low
22998;39411;139412;2;Low
22999;2506;102507;1;Medium
23000;47704;147705;0;High
23001;45144;145145;0;Low
23002;34999;135000;1;High
23003;35690;135691;3;Medium
23004;28569;128570;1;High
23005;8567;108568;4;Medium
23006;28362;128363;0;Medium
23007;42861;142862;1;Medium
23008;35648;135649;4;High
23009;43702;143703;1;Medium
23010;4368;104369;0;Medium
23011;35475;135476;3;Low
23012;44817;144818;3;Low
23013;44717;144718;1;Medium
23014;14502;114503;2;Medium
23015;28265;128266;3;Medium
23016;37678;137679;2;Medium
23017;11837;111838;0;Low
23018;10454;110455;2;Low
23019;46086;146087;1;Medium
23020;1947;101948;0;Medium
23021;15441;115442;4;High
23022;22646;122647;1;High
23023;7026;107027;2;Medium
23024;29677;129678;0;Medium
23025;44293;144294;3;High
23026;38643;138644;3;Low
23027;42857;142858;1;Medium
23028;38650;138651;4;Medium
23029;5319;105320;4;High
23030;44140;144141;2;Medium
23031;32637;132638;0;Low
23032;15824;115825;4;Medium
23033;21114;121115;1;Low
23034;13090;113091;4;High
23035;18316;118317;4;Low
23036;30554;130555;1;High
23037;1049;101050;0;High
23038;28169;128170;1;Medium
23039;35257;135258;4;Medium
23040;7812;107813;2;High
23041;24292;124293;2;Low
23042;34296;134297;1;Medium
23043;18549;118550;1;Medium
23044;724;100725;3;High
23045;39062;139063;0;Medium
23046;31258;131259;2;High
23047;45755;145756;4;Medium
23048;12021;112022;3;High
23049;49843;149844;3;High
23050;35294;135295;1;Low
23051;29978;129979;3;Medium
23052;21732;121733;2;Medium
23053;25668;125669;0;Medium
23054;31550;131551;4;High
23055;9077;109078;3;High
23056;8721;108722;3;Low
23057;11019;111020;4;Low
23058;27373;127374;3;Medium
23059;19015;119016;4;Medium
23060;13922;113923;0;Medium
23061;4070;104071;2;High
23062;2042;102043;1;Medium
23063;42948;142949;2;Medium
23064;48732;148733;4;Low
23065;219;100220;4;Low
23066;6501;106502;1;High
23067;49992;149993;1;Low
23068;43165;143166;4;Low
23069;40381;140382;1;High
23070;48566;148567;0;Medium
23071;8050;108051;0;Medium
23072;15757;115758;2;High
23073;8737;108738;3;Medium
23074;33184;133185;0;Low
23075;8850;108851;4;Medium
23076;31460;131461;0;Low
23077;26867;126868;2;Low
23078;34981;134982;2;Low
23079;33113;133114;3;Medium
23080;31025;131026;3;Low
23081;32488;132489;1;Medium
23082;14394;114395;4;Medium
23083;4361;104362;0;High
23084;47926;147927;0;Medium
23085;7135;107136;4;Medium
23086;19263;119264;4;Medium
23087;48635;148636;4;Low
23088;49332;149333;4;Medium
23089;34099;134100;1;Medium
23090;19748;119749;3;Medium
23091;34127;134128;2;Medium
23092;45598;145599;3;Medium
23093;4341;104342;1;High
23094;39443;139444;2;Low
23095;44494;144495;3;Low
23096;28224;128225;4;Medium
23097;38847;138848;2;Medium
23098;23861;123862;2;Low
23099;44071;144072;2;Low
23100;1856;101857;3;High
23101;32996;132997;0;Medium
23102;25784;125785;1;Medium
23103;32792;132793;3;Low
23104;38794;138795;3;High
23105;27586;127587;3;Low
23106;42994;142995;4;Low
23107;19459;119460;1;Medium
23108;24055;124056;2;High
23109;15518;115519;4;Medium
23110;49983;149984;0;Medium
23111;20666;120667;4;Medium
23112;38050;138051;2;Low
23113;12252;112253;1;Medium
23114;45588;145589;4;Low
23115;31582;131583;2;Medium
23116;16327;116328;3;Medium
23117;38389;138390;0;Medium
23118;23077;123078;1;Medium
23119;20966;120967;1;High
23120;31919;131920;3;Medium
23121;8938;108939;2;Low
23122;4852;104853;1;Low
23123;11645;111646;0;Low
23124;17018;117019;0;Medium
23125;25838;125839;4;Medium
23126;9067;109068;4;Medium
23127;32376;132377;4;Medium
23128;46799;146800;0;High
23129;38111;138112;1;Low
23130;40038;140039;3;High
23131;19759;119760;2;Low
23132;33128;133129;1;Medium
23133;25076;125077;2;Medium
23134;9994;109995;1;Medium
23135;40250;140251;0;Low
23136;39020;139021;0;Medium
23137;43041;143042;3;Medium
23138;10173;110174;0;High
23139;15605;115606;1;High
23140;13078;113079;0;Low
23141;15925;115926;2;Low
23142;11477;111478;2;Medium
23143;27767;127768;1;High
23144;46516;146517;3;Medium
23145;33220;133221;3;Medium
23146;38088;138089;0;Medium
23147;43739;143740;4;Low
23148;35792;135793;4;Low
23149;2718;102719;3;Low
23150;16517;116518;2;Low
23151;17855;117856;2;Low
23152;15290;115291;0;Medium
23153;15958;115959;2;Medium
23154;10301;110302;1;High
23155;21865;121866;4;Low
23156;5603;105604;2;Low
23157;3389;103390;1;Medium
23158;4866;104867;1;Low
23159;45034;145035;4;Medium
23160;13918;113919;2;Low
23161;43146;143147;0;High
23162;31508;131509;0;High
23163;43080;143081;4;Low
23164;12428;112429;1;Medium
23165;12836;112837;2;Medium
23166;42781;142782;0;Medium
23167;41190;141191;0;Low
23168;26032;126033;3;Medium
23169;47422;147423;1;Medium
23170;47101;147102;2;Medium
23171;49299;149300;4;Low
23172;4552;104553;0;Medium
23173;3032;103033;4;Medium
23174;2321;102322;1;Low
23175;25105;125106;2;High
23176;37005;137006;1;Medium
23177;1604;101605;1;High
23178;47024;147025;2;Medium
23179;37256;137257;3;Low
23180;23919;123920;3;Low
23181;26690;126691;4;High
23182;4099;104100;1;High
23183;22998;122999;4;Low
23184;32541;132542;2;High
23185;28754;128755;0;Low
23186;22699;122700;2;Low
23187;46188;146189;4;Low
23188;26489;126490;2;Medium
23189;21726;121727;1;Low
23190;36794;136795;0;Medium
23191;31506;131507;2;High
23192;13017;113018;2;Low
23193;24382;124383;1;Medium
23194;40383;140384;1;Medium
23195;9891;109892;0;Low
23196;39222;139223;0;Low
23197;8913;108914;0;Medium
23198;33409;133410;2;Medium
23199;36294;136295;1;Medium
23200;21244;121245;0;Medium
23201;19415;119416;3;High
23202;30015;130016;0;Medium
23203;24368;124369;3;High
23204;40245;140246;2;Medium
23205;23128;123129;0;Medium
23206;37824;137825;1;High
23207;4950;104951;1;Medium
23208;28345;128346;0;High
23209;37515;137516;3;Low
23210;5565;105566;1;Medium
23211;10186;110187;0;High
23212;11803;111804;2;High
23213;44291;144292;1;High
23214;47813;147814;4;Low
23215;47699;147700;0;Low
23216;42587;142588;3;High
23217;1876;101877;1;High
23218;16106;116107;3;Medium
23219;36776;136777;2;Low
23220;47463;147464;3;Low
23221;45657;145658;4;Low
23222;6069;106070;0;High
23223;6209;106210;4;Medium
23224;37380;137381;2;Low
23225;37495;137496;2;Medium
23226;9017;109018;3;Medium
23227;27861;127862;4;Medium
23228;15616;115617;4;Medium
23229;38544;138545;2;Medium
23230;33972;133973;0;Medium
23231;48364;148365;0;Medium
23232;27619;127620;3;Low
23233;31610;131611;0;Medium
23234;22566;122567;3;Medium
23235;34673;134674;1;Low
23236;31415;131416;1;Medium
23237;15599;115600;4;High
23238;13869;113870;3;Low
23239;15383;115384;0;Low
23240;7180;107181;4;Medium
23241;8808;108809;1;Low
23242;17505;117506;0;High
23243;19004;119005;4;Medium
23244;27292;127293;4;High
23245;43644;143645;3;Low
23246;9113;109114;0;Low
23247;29209;129210;3;Medium
23248;26976;126977;3;Medium
23249;15956;115957;4;Low
23250;25839;125840;1;Low
23251;9229;109230;4;Medium
23252;24740;124741;4;Low
23253;6559;106560;1;Medium
23254;8953;108954;3;Medium
23255;29078;129079;4;High
23256;44487;144488;0;Low
23257;9337;109338;1;Low
23258;42286;142287;3;Medium
23259;31991;131992;0;Low
23260;731;100732;0;Medium
23261;37965;137966;0;Medium
23262;11213;111214;3;Low
23263;15329;115330;3;Medium
23264;30558;130559;1;High
23265;5993;105994;4;Medium
23266;16922;116923;2;Medium
23267;46800;146801;4;High
23268;26221;126222;0;Medium
23269;46267;146268;0;High
23270;27491;127492;4;Low
23271;2411;102412;3;Medium
23272;39671;139672;0;Low
23273;26960;126961;0;Low
23274;3182;103183;3;Low
23275;2592;102593;0;Low
23276;33274;133275;1;Medium
23277;12690;112691;4;High
23278;33446;133447;2;High
23279;47967;147968;0;Low
23280;22201;122202;1;Medium
23281;47636;147637;0;Medium
23282;45199;145200;1;Medium
23283;38306;138307;2;Low
23284;10633;110634;3;Low
23285;8421;108422;1;Low
23286;7648;107649;2;Medium
23287;22593;122594;2;High
23288;15776;115777;2;Low
23289;19801;119802;2;Medium
23290;8491;108492;4;Medium
23291;13287;113288;1;Medium
23292;7164;107165;1;Low
23293;21881;121882;3;Low
23294;12496;112497;0;Low
23295;3760;103761;3;Medium
23296;15317;115318;4;Medium
23297;9853;109854;1;Medium
23298;48467;148468;4;Low
23299;44186;144187;3;High
23300;21309;121310;0;Medium
23301;1606;101607;4;Medium
23302;20257;120258;4;Medium
23303;33459;133460;1;Low
23304;24926;124927;1;Medium
23305;45941;145942;1;Medium
23306;46716;146717;2;Medium
23307;7159;107160;3;Low
23308;15777;115778;0;Medium
23309;12150;112151;3;Medium
23310;2927;102928;0;Medium
23311;9696;109697;1;High
23312;46893;146894;1;High
23313;17288;117289;3;Medium
23314;36254;136255;4;Medium
23315;20019;120020;3;High
23316;47669;147670;1;High
23317;42745;142746;0;High
23318;22916;122917;1;Low
23319;27628;127629;0;High
23320;42986;142987;0;Medium
23321;41931;141932;3;Low
23322;11358;111359;1;Medium
23323;41674;141675;1;High
23324;4746;104747;4;High
23325;35952;135953;2;Medium
23326;7108;107109;1;High
23327;18723;118724;2;Medium
23328;41519;141520;2;Low
23329;11427;111428;2;High
23330;40532;140533;4;High
23331;33132;133133;0;Medium
23332;23000;123001;2;Medium
23333;43180;143181;3;High
23334;15133;115134;2;Medium
23335;27352;127353;0;Low
23336;13371;113372;2;Low
23337;5553;105554;4;Medium
23338;37867;137868;1;Low
23339;35371;135372;1;High
23340;12773;112774;1;Low
23341;31705;131706;3;Medium
23342;14714;114715;2;Medium
23343;29474;129475;4;High
23344;23220;123221;0;Medium
23345;45276;145277;2;High
23346;17533;117534;0;Low
23347;45815;145816;4;Medium
23348;20883;120884;1;Low
23349;8082;108083;0;High
23350;15082;115083;2;Medium
23351;15540;115541;1;Low
23352;18690;118691;0;Medium
23353;1920;101921;3;High
23354;10183;110184;3;High
23355;34440;134441;4;Medium
23356;8300;108301;2;Medium
23357;8306;108307;1;High
23358;18355;118356;4;Low
23359;3973;103974;2;High
23360;42383;142384;4;Medium
23361;2576;102577;0;Low
23362;31672;131673;3;Low
23363;24490;124491;2;Medium
23364;38451;138452;4;Medium
23365;49650;149651;4;Medium
23366;13025;113026;2;High
23367;24169;124170;4;Low
23368;32404;132405;2;Low
23369;20542;120543;3;High
23370;32057;132058;3;Medium
23371;4415;104416;1;Medium
23372;16238;116239;1;High
23373;36564;136565;0;Low
23374;45639;145640;1;High
23375;727;100728;2;Medium
23376;27315;127316;2;High
23377;31769;131770;0;Low
23378;49017;149018;2;Medium
23379;9642;109643;0;Low
23380;43451;143452;3;Medium
23381;49085;149086;0;Medium
23382;45349;145350;2;Low
23383;3147;103148;1;Low
23384;27595;127596;2;High
23385;36406;136407;2;High
23386;45971;145972;0;Medium
23387;9896;109897;4;Low
23388;9065;109066;0;Low
23389;8606;108607;4;Medium
23390;36079;136080;2;Medium
23391;4631;104632;1;High
23392;32025;132026;0;Medium
23393;18141;118142;3;Medium
23394;16709;116710;4;Medium
23395;11280;111281;3;Medium
23396;49097;149098;1;Low
23397;36565;136566;0;Medium
23398;14917;114918;0;Low
23399;29134;129135;3;Low
23400;11068;111069;4;Medium
23401;46352;146353;3;Medium
23402;25763;125764;4;Medium
23403;22549;122550;1;Low
23404;28810;128811;1;Medium
23405;26284;126285;3;Medium
23406;8191;108192;3;High
23407;15999;116000;1;Medium
23408;1409;101410;0;Medium
23409;28528;128529;1;Medium
23410;5438;105439;4;High
23411;20817;120818;4;Medium
23412;31279;131280;1;Medium
23413;14482;114483;1;Low
23414;32634;132635;2;Medium
23415;49666;149667;4;Medium
23416;13934;113935;2;Low
23417;41181;141182;3;Medium
23418;38607;138608;3;Low
23419;46449;146450;0;High
23420;3681;103682;4;Medium
23421;5674;105675;2;Medium
23422;7200;107201;0;Low
23423;21701;121702;2;Low
23424;3713;103714;0;Low
23425;15113;115114;1;Medium
23426;13828;113829;2;High
23427;174;100175;4;Medium
23428;17884;117885;3;Medium
23429;5139;105140;2;Medium
23430;13384;113385;1;High
23431;42001;142002;3;High
23432;16703;116704;3;Low
23433;31568;131569;3;Medium
23434;5776;105777;3;Medium
23435;39857;139858;1;Medium
23436;47902;147903;1;High
23437;21497;121498;0;Low
23438;24078;124079;3;Medium
23439;15183;115184;0;Medium
23440;44108;144109;4;Medium
23441;20778;120779;2;Medium
23442;10346;110347;0;Low
23443;43159;143160;1;Low
23444;30233;130234;1;Medium
23445;7220;107221;0;Medium
23446;18618;118619;2;High
23447;10228;110229;0;Medium
23448;5228;105229;1;High
23449;21991;121992;2;High
23450;44337;144338;3;Medium
23451;37070;137071;3;Medium
23452;36334;136335;2;Low
23453;14776;114777;1;High
23454;43795;143796;4;High
23455;15134;115135;4;High
23456;18226;118227;0;Low
23457;42290;142291;4;Medium
23458;22283;122284;4;Medium
23459;34102;134103;1;Medium
23460;42105;142106;4;Medium
23461;17006;117007;0;Low
23462;47205;147206;1;Medium
23463;44374;144375;0;Medium
23464;44859;144860;1;Low
23465;16334;116335;4;Low
23466;48209;148210;0;Low
23467;26088;126089;3;High
23468;28191;128192;1;Medium
23469;38535;138536;1;Medium
23470;31344;131345;1;Medium
23471;2281;102282;4;High
23472;47796;147797;3;Medium
23473;10781;110782;0;High
23474;44977;144978;0;Low
23475;42115;142116;0;Low
23476;11026;111027;1;High
23477;29900;129901;0;High
23478;32133;132134;0;Medium
23479;30436;130437;2;Low
23480;25519;125520;0;Low
23481;21680;121681;4;Medium
23482;897;100898;4;Medium
23483;21749;121750;2;Medium
23484;7644;107645;3;Low
23485;375;100376;2;High
23486;37681;137682;3;Medium
23487;9019;109020;4;Medium
23488;48979;148980;3;Low
23489;36320;136321;4;Low
23490;38151;138152;3;Medium
23491;43038;143039;3;Medium
23492;3062;103063;2;High
23493;28544;128545;2;Medium
23494;859;100860;1;Medium
23495;4097;104098;3;Medium
23496;41527;141528;0;Low
23497;7359;107360;0;High
23498;23882;123883;2;Low
23499;33095;133096;3;Medium
23500;31904;131905;4;Medium
23501;2510;102511;1;Medium
23502;32834;132835;4;Medium
23503;39522;139523;1;Medium
23504;6024;106025;3;Low
23505;44991;144992;2;Medium
23506;35277;135278;1;Medium
23507;24088;124089;3;Low
23508;14894;114895;2;Low
23509;31732;131733;2;Medium
23510;45078;145079;4;Low
23511;49504;149505;1;Medium
23512;2538;102539;1;Medium
23513;37988;137989;4;Medium
23514;27925;127926;4;Low
23515;26204;126205;1;High
23516;11479;111480;1;Low
23517;7227;107228;1;High
23518;45615;145616;4;High
23519;37643;137644;2;High
23520;2439;102440;4;High
23521;6222;106223;0;Medium
23522;48114;148115;4;High
23523;35959;135960;2;High
23524;25878;125879;4;Medium
23525;42798;142799;0;Medium
23526;8812;108813;3;High
23527;20465;120466;2;High
23528;38179;138180;0;Low
23529;10479;110480;4;High
23530;2066;102067;2;High
23531;1419;101420;2;High
23532;44655;144656;2;Medium
23533;31270;131271;3;Medium
23534;15062;115063;3;High
23535;2860;102861;4;Medium
23536;26985;126986;0;Low
23537;18101;118102;3;High
23538;39488;139489;3;Medium
23539;20495;120496;4;Medium
23540;35085;135086;3;High
23541;26610;126611;1;Low
23542;31022;131023;4;Medium
23543;17247;117248;2;Medium
23544;12927;112928;2;High
23545;31294;131295;1;Low
23546;4234;104235;4;High
23547;16144;116145;2;Medium
23548;40882;140883;1;Low
23549;46385;146386;3;Low
23550;46642;146643;4;Low
23551;36200;136201;1;Medium
23552;23892;123893;2;Low
23553;21813;121814;3;Medium
23554;2477;102478;4;Low
23555;13688;113689;1;Medium
23556;32671;132672;4;Medium
23557;49876;149877;4;Medium
23558;4582;104583;2;Low
23559;6456;106457;4;Medium
23560;2264;102265;1;Medium
23561;6174;106175;1;High
23562;43980;143981;0;Medium
23563;49409;149410;4;Medium
23564;2097;102098;1;High
23565;21640;121641;3;Medium
23566;982;100983;3;Low
23567;49616;149617;1;Low
23568;18387;118388;4;Low
23569;32588;132589;4;Low
23570;31999;132000;1;Medium
23571;30362;130363;2;High
23572;3037;103038;2;Low
23573;31381;131382;4;Medium
23574;32475;132476;0;High
23575;13137;113138;3;Low
23576;18783;118784;2;Low
23577;34623;134624;0;Medium
23578;37352;137353;2;Medium
23579;12637;112638;4;High
23580;3980;103981;3;High
23581;35293;135294;0;Medium
23582;16203;116204;1;Low
23583;15331;115332;3;Low
23584;23528;123529;0;Medium
23585;34079;134080;0;Medium
23586;7939;107940;4;High
23587;8417;108418;1;Low
23588;6751;106752;2;Medium
23589;37231;137232;4;High
23590;1819;101820;2;Low
23591;36985;136986;1;High
23592;23241;123242;0;High
23593;17377;117378;1;High
23594;25664;125665;0;Low
23595;6503;106504;0;High
23596;17942;117943;2;Medium
23597;22756;122757;0;High
23598;3354;103355;3;High
23599;5746;105747;2;Medium
23600;17642;117643;4;Low
23601;43359;143360;1;Low
23602;27985;127986;0;Low
23603;32667;132668;0;Medium
23604;18616;118617;4;Medium
23605;38424;138425;0;High
23606;8946;108947;4;Low
23607;3083;103084;1;High
23608;38593;138594;4;Medium
23609;2402;102403;2;Low
23610;47994;147995;3;High
23611;24523;124524;4;High
23612;16567;116568;4;Medium
23613;4021;104022;0;Medium
23614;20457;120458;0;Medium
23615;17486;117487;0;Medium
23616;3449;103450;0;Low
23617;48743;148744;2;Medium
23618;24943;124944;1;Low
23619;10941;110942;3;High
23620;6888;106889;4;High
23621;31621;131622;0;Low
23622;1323;101324;0;Low
23623;30933;130934;3;Medium
23624;19995;119996;4;Low
23625;21023;121024;3;High
23626;12333;112334;2;Medium
23627;24685;124686;0;Medium
23628;10936;110937;0;Medium
23629;14562;114563;0;High
23630;22395;122396;2;Medium
23631;41655;141656;3;Medium
23632;17284;117285;2;Medium
23633;46883;146884;3;Medium
23634;42346;142347;2;Low
23635;33940;133941;2;Medium
23636;13516;113517;2;High
23637;40553;140554;1;Medium
23638;35777;135778;2;High
23639;28871;128872;3;High
23640;13975;113976;4;Medium
23641;19600;119601;2;Medium
23642;32255;132256;1;High
23643;44252;144253;1;Medium
23644;44309;144310;1;High
23645;9141;109142;1;High
23646;11625;111626;1;Low
23647;34738;134739;0;Low
23648;12199;112200;4;Medium
23649;30134;130135;0;Medium
23650;33324;133325;4;Low
23651;30269;130270;3;High
23652;17494;117495;0;Medium
23653;25072;125073;0;Low
23654;13290;113291;0;Medium
23655;46767;146768;4;High
23656;27199;127200;1;Medium
23657;48931;148932;0;Medium
23658;26782;126783;0;Medium
23659;1069;101070;4;Low
23660;15634;115635;0;Medium
23661;8749;108750;1;Low
23662;7057;107058;0;Medium
23663;46321;146322;4;Low
23664;6500;106501;4;High
23665;18730;118731;3;Low
23666;28631;128632;4;Low
23667;3790;103791;2;High
23668;47584;147585;3;Low
23669;49043;149044;2;High
23670;41571;141572;3;Medium
23671;44120;144121;1;Low
23672;1928;101929;4;Medium
23673;36081;136082;4;Low
23674;3267;103268;0;Medium
23675;27413;127414;3;Medium
23676;29981;129982;1;Medium
23677;1743;101744;1;Low
23678;8639;108640;0;Medium
23679;5537;105538;1;Low
23680;31890;131891;2;Medium
23681;32872;132873;2;Medium
23682;43536;143537;1;Low
23683;49567;149568;2;Low
23684;2001;102002;0;Low
23685;21089;121090;1;Low
23686;17728;117729;0;Low
23687;39027;139028;1;Medium
23688;19691;119692;3;Medium
23689;47504;147505;2;Medium
23690;5544;105545;1;Medium
23691;41288;141289;0;Low
23692;39942;139943;2;Medium
23693;19210;119211;1;Low
23694;13182;113183;1;High
23695;24311;124312;1;Medium
23696;15709;115710;2;High
23697;37951;137952;0;High
23698;9378;109379;0;High
23699;11829;111830;1;High
23700;17287;117288;3;Medium
23701;18291;118292;2;Medium
23702;22073;122074;2;Medium
23703;39067;139068;3;Medium
23704;32558;132559;2;Medium
23705;26768;126769;4;Low
23706;39438;139439;2;High
23707;41612;141613;3;Low
23708;32546;132547;2;High
23709;19359;119360;2;High
23710;31319;131320;0;Medium
23711;13900;113901;0;Low
23712;22690;122691;4;Medium
23713;37135;137136;3;Low
23714;9173;109174;3;Medium
23715;8370;108371;4;Medium
23716;27465;127466;1;Low
23717;33916;133917;1;Low
23718;10615;110616;1;High
23719;43060;143061;3;Medium
23720;26538;126539;3;High
23721;28031;128032;0;Low
23722;17542;117543;4;Low
23723;45325;145326;0;High
23724;6921;106922;0;High
23725;7751;107752;4;Low
23726;17063;117064;2;High
23727;1510;101511;3;Low
23728;48422;148423;0;High
23729;9197;109198;3;Medium
23730;10888;110889;4;High
23731;33223;133224;0;Medium
23732;45884;145885;0;Medium
23733;42864;142865;4;Low
23734;49123;149124;0;Low
23735;45583;145584;3;Medium
23736;30066;130067;1;High
23737;42632;142633;3;Low
23738;656;100657;4;High
23739;24189;124190;1;Medium
23740;6685;106686;0;High
23741;22660;122661;3;Medium
23742;19535;119536;1;High
23743;24623;124624;1;Medium
23744;26199;126200;4;Medium
23745;39863;139864;4;Low
23746;32534;132535;4;Medium
23747;30030;130031;4;Low
23748;467;100468;1;Medium
23749;3569;103570;0;Medium
23750;17449;117450;4;Low
23751;6925;106926;0;High
23752;11411;111412;1;Medium
23753;9676;109677;3;Medium
23754;17189;117190;0;Medium
23755;12125;112126;1;Medium
23756;23995;123996;1;Low
23757;8609;108610;1;Medium
23758;49168;149169;0;High
23759;22852;122853;2;Low
23760;32044;132045;3;Low
23761;17178;117179;4;Medium
23762;22755;122756;2;High
23763;43284;143285;3;High
23764;1877;101878;3;High
23765;20206;120207;4;Low
23766;13461;113462;2;Medium
23767;5459;105460;2;Medium
23768;25709;125710;4;Medium
23769;20180;120181;4;High
23770;24601;124602;0;Low
23771;49939;149940;2;Medium
23772;37520;137521;4;Low
23773;25304;125305;0;Medium
23774;38725;138726;0;Low
23775;27449;127450;2;Medium
23776;39134;139135;1;Low
23777;44624;144625;0;High
23778;2429;102430;3;Low
23779;37696;137697;0;Medium
23780;18864;118865;0;Medium
23781;8346;108347;4;Low
23782;19510;119511;4;Low
23783;41353;141354;1;High
23784;14080;114081;0;High
23785;41057;141058;0;Medium
23786;9797;109798;0;Medium
23787;16022;116023;0;High
23788;5149;105150;0;Low
23789;19449;119450;4;Low
23790;12650;112651;3;High
23791;22708;122709;0;High
23792;44580;144581;0;Medium
23793;1378;101379;0;Low
23794;8293;108294;2;Medium
23795;2843;102844;3;High
23796;17108;117109;1;Low
23797;29963;129964;1;Medium
23798;16954;116955;2;High
23799;43210;143211;0;High
23800;36138;136139;4;High
23801;46439;146440;1;Medium
23802;30010;130011;2;Low
23803;21503;121504;3;Medium
23804;653;100654;0;Low
23805;48849;148850;0;Medium
23806;15642;115643;3;Medium
23807;29089;129090;0;High
23808;27087;127088;0;Medium
23809;22960;122961;2;Low
23810;30724;130725;0;Low
23811;35087;135088;4;Medium
23812;28589;128590;0;Medium
23813;17070;117071;0;Medium
23814;44190;144191;2;High
23815;47577;147578;3;Low
23816;10780;110781;3;Low
23817;45222;145223;3;Medium
23818;49295;149296;4;Low
23819;2018;102019;4;Medium
23820;31103;131104;0;Medium
23821;33425;133426;2;Low
23822;26306;126307;1;High
23823;33142;133143;4;Low
23824;21549;121550;0;High
23825;48993;148994;1;High
23826;43977;143978;1;Medium
23827;2194;102195;1;Medium
23828;12480;112481;1;High
23829;3058;103059;2;Medium
23830;34032;134033;2;High
23831;22402;122403;2;Low
23832;24826;124827;3;Medium
23833;24500;124501;4;Low
23834;27484;127485;1;Medium
23835;38288;138289;3;Low
23836;42832;142833;0;High
23837;42816;142817;4;High
23838;25856;125857;0;Low
23839;10125;110126;0;Medium
23840;25326;125327;0;High
23841;6798;106799;4;Medium
23842;13665;113666;1;Medium
23843;5121;105122;4;Medium
23844;10979;110980;0;High
23845;33794;133795;3;High
23846;32007;132008;1;Medium
23847;32181;132182;3;Low
23848;10391;110392;0;Low
23849;23848;123849;1;Medium
23850;26563;126564;3;High
23851;27446;127447;1;Medium
23852;38675;138676;0;Medium
23853;11092;111093;2;Medium
23854;13112;113113;4;Medium
23855;28009;128010;3;Low
23856;3553;103554;1;Medium
23857;2820;102821;4;Medium
23858;28161;128162;0;Medium
23859;15394;115395;1;Medium
23860;23070;123071;1;High
23861;14269;114270;2;High
23862;2917;102918;2;High
23863;17122;117123;2;Low
23864;24369;124370;0;Medium
23865;26939;126940;1;Low
23866;31483;131484;2;High
23867;8081;108082;4;High
23868;27208;127209;0;High
23869;35877;135878;1;Medium
23870;41052;141053;4;Low
23871;44054;144055;1;Low
23872;36778;136779;1;Low
23873;16493;116494;3;Low
23874;3179;103180;0;Low
23875;9643;109644;2;Medium
23876;41336;141337;3;Low
23877;9209;109210;2;High
23878;19124;119125;4;Medium
23879;42620;142621;0;Low
23880;47268;147269;3;Medium
23881;33973;133974;4;Medium
23882;33468;133469;1;Low
23883;28722;128723;3;High
23884;38031;138032;3;Low
23885;140;100141;3;High
23886;29839;129840;4;Medium
23887;3997;103998;0;Low
23888;9012;109013;0;High
23889;14790;114791;0;High
23890;31577;131578;0;Medium
23891;6776;106777;4;Low
23892;46833;146834;4;Medium
23893;46201;146202;3;High
23894;28838;128839;3;Low
23895;30853;130854;2;High
23896;7103;107104;0;Medium
23897;32481;132482;2;Low
23898;28711;128712;3;Medium
23899;19487;119488;0;Medium
23900;7858;107859;0;Medium
23901;44930;144931;0;Low
23902;14014;114015;3;Low
23903;781;100782;2;Low
23904;26829;126830;3;Low
23905;41399;141400;0;Medium
23906;20197;120198;1;Medium
23907;342;100343;1;High
23908;4212;104213;2;Low
23909;38640;138641;1;Medium
23910;37293;137294;2;Medium
23911;14789;114790;4;Medium
23912;1972;101973;2;High
23913;25834;125835;2;High
23914;23778;123779;2;Medium
23915;42887;142888;0;Medium
23916;35589;135590;2;Medium
23917;10696;110697;2;High
23918;30767;130768;2;Low
23919;4024;104025;0;Medium
23920;30198;130199;4;Low
23921;11515;111516;0;Medium
23922;45766;145767;2;High
23923;49938;149939;1;Low
23924;6881;106882;1;High
23925;8428;108429;2;Low
23926;38938;138939;0;High
23927;20566;120567;3;High
23928;406;100407;2;Medium
23929;38038;138039;2;Medium
23930;33823;133824;0;Medium
23931;48822;148823;3;Medium
23932;23214;123215;0;Low
23933;1501;101502;1;Low
23934;33089;133090;4;Low
23935;31083;131084;1;Medium
23936;47153;147154;3;Low
23937;32589;132590;4;High
23938;27936;127937;2;Medium
23939;23057;123058;2;Medium
23940;44067;144068;1;Medium
23941;24006;124007;3;High
23942;42696;142697;4;Medium
23943;19488;119489;4;Medium
23944;23479;123480;3;Low
23945;31644;131645;0;Medium
23946;26413;126414;0;Medium
23947;46960;146961;2;Medium
23948;36649;136650;1;Medium
23949;11105;111106;3;Medium
23950;36754;136755;2;Medium
23951;46434;146435;0;High
23952;28392;128393;1;Low
23953;32452;132453;0;High
23954;36016;136017;4;High
23955;48662;148663;1;High
23956;47300;147301;2;Low
23957;1957;101958;1;Low
23958;6098;106099;3;Medium
23959;35366;135367;0;Medium
23960;18406;118407;1;Low
23961;29329;129330;0;Low
23962;3595;103596;3;Medium
23963;17782;117783;2;High
23964;5967;105968;0;Low
23965;19645;119646;3;Low
23966;11776;111777;3;Low
23967;23813;123814;3;Low
23968;13661;113662;4;High
23969;8599;108600;0;High
23970;36311;136312;1;Low
23971;17001;117002;3;Medium
23972;45785;145786;0;Medium
23973;27408;127409;3;Medium
23974;12451;112452;4;Medium
23975;13159;113160;3;Low
23976;5829;105830;0;High
23977;12719;112720;1;Medium
23978;652;100653;3;High
23979;2243;102244;4;Medium
23980;40574;140575;1;Medium
23981;13402;113403;2;Low
23982;23765;123766;2;Low
23983;12329;112330;4;Medium
23984;10323;110324;0;Low
23985;13450;113451;4;Medium
23986;20743;120744;1;High
23987;3988;103989;4;Medium
23988;18899;118900;1;Medium
23989;22245;122246;2;Low
23990;40133;140134;0;Medium
23991;25796;125797;1;Low
23992;10848;110849;1;High
23993;698;100699;3;Low
23994;31992;131993;0;Medium
23995;35990;135991;3;Low
23996;22683;122684;0;Low
23997;24333;124334;3;Low
23998;43243;143244;4;High
23999;41824;141825;2;High
24000;32343;132344;1;Low
24001;36120;136121;2;Medium
24002;18181;118182;0;Medium
24003;2563;102564;0;Low
24004;47467;147468;3;Medium
24005;8079;108080;3;Medium
24006;18478;118479;2;Medium
24007;517;100518;1;Medium
24008;5348;105349;1;High
24009;18325;118326;1;High
24010;35596;135597;1;Low
24011;4540;104541;0;Low
24012;7365;107366;0;High
24013;16390;116391;1;Medium
24014;38093;138094;2;Medium
24015;1435;101436;4;Low
24016;26239;126240;4;Medium
24017;28812;128813;2;Medium
24018;41598;141599;1;Low
24019;1237;101238;1;Low
24020;43990;143991;3;Medium
24021;2708;102709;1;Low
24022;45976;145977;3;Medium
24023;8528;108529;1;High
24024;9155;109156;3;Low
24025;35575;135576;4;High
24026;4152;104153;0;High
24027;20934;120935;0;Medium
24028;19565;119566;3;Medium
24029;39366;139367;2;Medium
24030;49683;149684;0;High
24031;33368;133369;0;Medium
24032;19798;119799;1;High
24033;41342;141343;1;Low
24034;13355;113356;1;High
24035;25207;125208;2;Medium
24036;5179;105180;1;High
24037;23182;123183;0;Low
24038;27681;127682;4;Low
24039;33684;133685;0;High
24040;8157;108158;4;Low
24041;11644;111645;1;High
24042;43099;143100;3;High
24043;42052;142053;3;High
24044;25789;125790;0;Low
24045;37471;137472;4;Low
24046;35436;135437;4;Low
24047;19835;119836;3;Medium
24048;28725;128726;4;Medium
24049;26820;126821;4;Medium
24050;29800;129801;3;Medium
24051;25463;125464;4;Low
24052;17254;117255;3;Medium
24053;41182;141183;2;Low
24054;23951;123952;1;Medium
24055;40279;140280;0;Medium
24056;24180;124181;2;Medium
24057;46399;146400;1;Medium
24058;5781;105782;4;Medium
24059;14294;114295;1;Low
24060;24294;124295;1;Low
24061;708;100709;4;High
24062;529;100530;2;Medium
24063;6271;106272;0;Low
24064;21857;121858;1;Medium
24065;36992;136993;2;Low
24066;30257;130258;2;Low
24067;12875;112876;2;Medium
24068;15730;115731;4;Medium
24069;21350;121351;4;Medium
24070;4891;104892;4;Low
24071;46939;146940;3;Low
24072;41773;141774;2;Medium
24073;19218;119219;3;Low
24074;47220;147221;2;Low
24075;357;100358;4;Low
24076;34915;134916;1;High
24077;27897;127898;1;High
24078;36577;136578;3;Medium
24079;42489;142490;0;Medium
24080;27457;127458;1;Low
24081;7773;107774;3;Low
24082;11520;111521;1;Medium
24083;11604;111605;4;Low
24084;37460;137461;2;Medium
24085;46712;146713;2;Medium
24086;343;100344;2;Medium
24087;47519;147520;4;High
24088;24517;124518;3;Medium
24089;39834;139835;3;High
24090;23591;123592;3;Low
24091;43445;143446;0;High
24092;28894;128895;0;Low
24093;35517;135518;1;High
24094;1575;101576;3;Medium
24095;19803;119804;4;Medium
24096;39516;139517;3;High
24097;24864;124865;4;High
24098;25051;125052;2;Medium
24099;27387;127388;4;Low
24100;44961;144962;1;Medium
24101;42172;142173;3;High
24102;29039;129040;2;High
24103;45510;145511;1;High
24104;44615;144616;0;Medium
24105;41616;141617;1;Low
24106;31202;131203;4;Low
24107;3717;103718;2;Low
24108;3296;103297;3;Low
24109;45415;145416;1;Medium
24110;11824;111825;1;Medium
24111;30864;130865;0;Medium
24112;33035;133036;4;Medium
24113;27011;127012;3;High
24114;32504;132505;3;High
24115;9828;109829;4;High
24116;9751;109752;0;Medium
24117;4213;104214;2;Medium
24118;15207;115208;2;Medium
24119;43351;143352;2;Medium
24120;21126;121127;3;High
24121;40600;140601;2;Medium
24122;33896;133897;3;High
24123;10465;110466;0;Low
24124;46136;146137;2;High
24125;33652;133653;2;Low
24126;10622;110623;2;Medium
24127;11885;111886;1;Medium
24128;33536;133537;1;Low
24129;13094;113095;2;Low
24130;34149;134150;4;Low
24131;22251;122252;0;Low
24132;15106;115107;3;Low
24133;39092;139093;0;Medium
24134;22913;122914;1;High
24135;39941;139942;1;Low
24136;35026;135027;0;Medium
24137;18284;118285;1;Low
24138;3917;103918;2;Low
24139;14263;114264;0;Medium
24140;8318;108319;4;High
24141;6967;106968;1;High
24142;5366;105367;0;Low
24143;20460;120461;0;Low
24144;29314;129315;1;Low
24145;16908;116909;4;Low
24146;41582;141583;2;Low
24147;5817;105818;0;Low
24148;27228;127229;3;High
24149;42921;142922;4;Low
24150;39201;139202;4;Low
24151;39250;139251;4;High
24152;25581;125582;3;Medium
24153;18470;118471;4;Low
24154;12506;112507;1;Medium
24155;38880;138881;1;Medium
24156;9648;109649;0;Medium
24157;36781;136782;3;High
24158;11962;111963;0;High
24159;25346;125347;2;Medium
24160;44819;144820;0;Low
24161;27734;127735;4;Medium
24162;43475;143476;1;Medium
24163;24361;124362;3;Low
24164;11847;111848;2;High
24165;29888;129889;3;High
24166;23492;123493;1;Medium
24167;30778;130779;1;Medium
24168;1355;101356;2;High
24169;27370;127371;4;High
24170;39691;139692;2;Medium
24171;46139;146140;0;High
24172;4696;104697;3;Medium
24173;28309;128310;1;Medium
24174;45483;145484;1;Medium
24175;9587;109588;1;Medium
24176;28404;128405;0;Low
24177;25462;125463;3;Medium
24178;24419;124420;1;High
24179;10844;110845;4;Medium
24180;4869;104870;3;Medium
24181;23790;123791;0;Medium
24182;22310;122311;3;High
24183;16854;116855;2;Medium
24184;20073;120074;1;Medium
24185;17181;117182;2;Low
24186;40025;140026;0;High
24187;2667;102668;2;Low
24188;33660;133661;3;Low
24189;31347;131348;2;Medium
24190;2407;102408;4;Low
24191;6683;106684;2;Low
24192;6186;106187;0;Low
24193;4655;104656;4;Medium
24194;39619;139620;4;Low
24195;41043;141044;1;Medium
24196;3881;103882;1;Medium
24197;46967;146968;0;Medium
24198;20309;120310;2;Medium
24199;28024;128025;1;Low
24200;13896;113897;3;Medium
24201;49109;149110;2;Low
24202;36592;136593;1;Low
24203;31757;131758;0;Medium
24204;13225;113226;0;Medium
24205;33821;133822;0;Medium
24206;24582;124583;2;Medium
24207;49696;149697;1;Low
24208;48628;148629;0;Medium
24209;45654;145655;0;Medium
24210;49150;149151;4;Medium
24211;28272;128273;4;Low
24212;7531;107532;2;High
24213;41445;141446;2;Low
24214;38198;138199;2;High
24215;1043;101044;2;Medium
24216;5276;105277;0;Medium
24217;34916;134917;2;Medium
24218;16283;116284;1;Medium
24219;29254;129255;1;Medium
24220;35533;135534;4;High
24221;47814;147815;1;Low
24222;5430;105431;1;Medium
24223;49659;149660;2;Medium
24224;48178;148179;3;High
24225;1868;101869;1;High
24226;39215;139216;0;High
24227;10541;110542;4;Medium
24228;28276;128277;0;Low
24229;41909;141910;4;Low
24230;38214;138215;1;Medium
24231;21535;121536;0;Medium
24232;18368;118369;4;Medium
24233;38574;138575;2;Low
24234;29547;129548;0;High
24235;31699;131700;1;Low
24236;29031;129032;1;High
24237;2443;102444;2;Low
24238;39114;139115;4;High
24239;43147;143148;1;Low
24240;33544;133545;1;Medium
24241;14936;114937;0;Medium
24242;30620;130621;4;Medium
24243;19041;119042;0;Medium
24244;15109;115110;4;Medium
24245;10554;110555;4;Low
24246;43455;143456;4;Medium
24247;5950;105951;2;Medium
24248;7601;107602;2;Medium
24249;4106;104107;2;Low
24250;23487;123488;1;High
24251;49848;149849;2;Medium
24252;20970;120971;0;Medium
24253;42641;142642;2;Low
24254;2696;102697;0;High
24255;23188;123189;0;Medium
24256;32357;132358;1;Medium
24257;43353;143354;2;Low
24258;22374;122375;3;Medium
24259;4687;104688;1;High
24260;34291;134292;2;High
24261;47875;147876;2;Medium
24262;48087;148088;2;Low
24263;33674;133675;1;Medium
24264;29730;129731;1;Medium
24265;28826;128827;0;Medium
24266;48797;148798;2;Low
24267;48250;148251;0;Medium
24268;6173;106174;2;Low
24269;34101;134102;1;High
24270;8279;108280;2;High
24271;36635;136636;1;Low
24272;4144;104145;1;Low
24273;20027;120028;4;Low
24274;2347;102348;4;Low
24275;10632;110633;0;Medium
24276;45726;145727;1;Low
24277;30690;130691;0;Low
24278;46802;146803;4;Low
24279;32902;132903;3;Medium
24280;41078;141079;2;Medium
24281;36764;136765;4;Medium
24282;5768;105769;2;High
24283;29247;129248;1;Medium
24284;28310;128311;2;Low
24285;42467;142468;0;Medium
24286;34684;134685;3;Low
24287;14913;114914;1;Low
24288;29052;129053;0;Medium
24289;48941;148942;1;Low
24290;14156;114157;2;Low
24291;41642;141643;0;High
24292;33943;133944;0;Low
24293;34168;134169;3;Medium
24294;47254;147255;0;Medium
24295;29810;129811;4;Low
24296;26412;126413;3;High
24297;39430;139431;4;Low
24298;14463;114464;1;Medium
24299;17354;117355;1;Medium
24300;23505;123506;3;Medium
24301;19933;119934;2;Low
24302;40344;140345;4;High
24303;32209;132210;3;Medium
24304;21676;121677;1;High
24305;32024;132025;0;Low
24306;12009;112010;1;High
24307;22117;122118;0;Medium
24308;48793;148794;1;Low
24309;11448;111449;2;High
24310;23036;123037;4;High
24311;13642;113643;1;Low
24312;42030;142031;3;Medium
24313;25685;125686;0;High
24314;9742;109743;2;Low
24315;11573;111574;0;Low
24316;22276;122277;1;Medium
24317;41704;141705;2;Low
24318;22915;122916;0;Medium
24319;42593;142594;3;High
24320;44134;144135;3;High
24321;41009;141010;4;High
24322;47580;147581;1;Low
24323;10836;110837;0;Medium
24324;1897;101898;1;Low
24325;39915;139916;0;High
24326;1094;101095;3;Low
24327;7357;107358;2;Low
24328;6363;106364;0;Medium
24329;7306;107307;1;Low
24330;23032;123033;4;Medium
24331;16229;116230;4;Low
24332;21730;121731;0;Low
24333;35098;135099;3;Medium
24334;2712;102713;4;Low
24335;48946;148947;4;Medium
24336;24573;124574;0;Low
24337;40633;140634;0;High
24338;20141;120142;2;Medium
24339;25456;125457;3;High
24340;36185;136186;3;Low
24341;2660;102661;3;High
24342;46786;146787;0;Medium
24343;13306;113307;0;Low
24344;27770;127771;2;High
24345;42062;142063;1;Low
24346;39790;139791;1;Low
24347;2293;102294;2;Medium
24348;45539;145540;2;Low
24349;33952;133953;4;Medium
24350;37106;137107;4;Medium
24351;23494;123495;2;High
24352;8910;108911;1;Low
24353;16284;116285;1;Low
24354;33311;133312;2;Medium
24355;23213;123214;0;Medium
24356;46885;146886;3;Medium
24357;14125;114126;2;High
24358;9500;109501;1;High
24359;22748;122749;3;Medium
24360;38542;138543;2;High
24361;36806;136807;0;Low
24362;881;100882;1;Medium
24363;28114;128115;1;Low
24364;44310;144311;2;High
24365;27844;127845;4;High
24366;14835;114836;2;High
24367;11856;111857;1;Low
24368;26314;126315;0;High
24369;15005;115006;2;Low
24370;33105;133106;3;Medium
24371;16191;116192;1;Medium
24372;19332;119333;4;Low
24373;23825;123826;1;High
24374;16830;116831;0;Medium
24375;15844;115845;3;High
24376;32708;132709;4;Medium
24377;30212;130213;2;Low
24378;40989;140990;3;Low
24379;13304;113305;2;Low
24380;22382;122383;1;High
24381;14399;114400;1;Medium
24382;7325;107326;4;Medium
24383;19344;119345;3;Low
24384;17397;117398;1;High
24385;28733;128734;1;High
24386;30140;130141;1;Medium
24387;26672;126673;1;Medium
24388;44651;144652;3;Low
24389;24106;124107;3;Medium
24390;38335;138336;0;Low
24391;6292;106293;0;High
24392;40146;140147;4;Medium
24393;9796;109797;3;Low
24394;40411;140412;1;Medium
24395;27546;127547;4;Low
24396;17495;117496;3;Medium
24397;12967;112968;1;Low
24398;46789;146790;3;Medium
24399;3351;103352;3;Low
24400;49830;149831;3;Low
24401;30454;130455;2;Medium
24402;48746;148747;0;Medium
24403;27533;127534;0;High
24404;13758;113759;2;High
24405;33655;133656;0;Low
24406;5154;105155;1;High
24407;2047;102048;4;Medium
24408;48677;148678;0;High
24409;26836;126837;4;High
24410;38056;138057;2;Medium
24411;1931;101932;0;High
24412;32280;132281;1;Medium
24413;44635;144636;4;Low
24414;37015;137016;2;Low
24415;16562;116563;2;High
24416;4369;104370;1;Medium
24417;5411;105412;0;Low
24418;36456;136457;4;Medium
24419;14193;114194;3;Low
24420;11743;111744;1;Medium
24421;20404;120405;1;Medium
24422;82;100083;2;Medium
24423;46611;146612;0;Medium
24424;38676;138677;3;Medium
24425;45493;145494;3;High
24426;4054;104055;2;High
24427;48709;148710;4;High
24428;16384;116385;2;Medium
24429;21654;121655;4;High
24430;20665;120666;0;High
24431;18174;118175;1;Low
24432;45949;145950;4;Low
24433;21653;121654;0;Medium
24434;29343;129344;2;Low
24435;36812;136813;2;Medium
24436;6268;106269;0;Medium
24437;38127;138128;3;High
24438;27955;127956;4;Medium
24439;30877;130878;1;Low
24440;18626;118627;2;Low
24441;21171;121172;3;Medium
24442;2428;102429;1;Medium
24443;31884;131885;3;Low
24444;49036;149037;1;Low
24445;7340;107341;3;Medium
24446;20707;120708;1;Medium
24447;1030;101031;3;Low
24448;14476;114477;4;Low
24449;22068;122069;4;High
24450;44839;144840;0;Low
24451;19421;119422;4;High
24452;10842;110843;3;Medium
24453;30636;130637;3;Low
24454;48066;148067;2;Medium
24455;27048;127049;1;Low
24456;11917;111918;1;Low
24457;20156;120157;4;Medium
24458;1314;101315;1;Medium
24459;36312;136313;2;Medium
24460;38475;138476;1;Medium
24461;42025;142026;4;High
24462;15553;115554;1;Medium
24463;25002;125003;1;High
24464;40938;140939;4;High
24465;21700;121701;4;High
24466;37759;137760;1;Medium
24467;14191;114192;2;Medium
24468;44701;144702;3;Low
24469;19028;119029;4;Medium
24470;13156;113157;1;Low
24471;39024;139025;4;Medium
24472;11830;111831;4;Low
24473;12344;112345;1;Low
24474;43160;143161;4;Medium
24475;43853;143854;3;Medium
24476;7851;107852;0;Low
24477;5908;105909;4;Low
24478;49486;149487;1;Medium
24479;28927;128928;4;Medium
24480;19252;119253;1;Medium
24481;13809;113810;2;Medium
24482;39414;139415;1;Medium
24483;27078;127079;0;High
24484;42151;142152;0;High
24485;26203;126204;4;Medium
24486;31883;131884;3;Low
24487;7526;107527;4;Low
24488;47705;147706;0;High
24489;13317;113318;3;Low
24490;21189;121190;2;Low
24491;5671;105672;1;High
24492;41882;141883;0;High
24493;19909;119910;3;Medium
24494;7890;107891;0;High
24495;994;100995;4;Medium
24496;27779;127780;2;Low
24497;36223;136224;2;Low
24498;21745;121746;0;Medium
24499;17461;117462;2;Medium
24500;24640;124641;2;Low
24501;41668;141669;2;Low
24502;6744;106745;2;Medium
24503;19663;119664;1;Medium
24504;46674;146675;2;Low
24505;4214;104215;3;Medium
24506;3397;103398;0;Low
24507;17282;117283;0;Low
24508;5866;105867;2;Low
24509;1839;101840;4;Medium
24510;13673;113674;0;Medium
24511;14172;114173;1;Medium
24512;28831;128832;4;Medium
24513;27667;127668;0;High
24514;2599;102600;4;Low
24515;49110;149111;0;High
24516;13133;113134;1;Low
24517;203;100204;0;Low
24518;18619;118620;4;High
24519;28505;128506;2;High
24520;28547;128548;3;Medium
24521;31136;131137;3;Medium
24522;14076;114077;0;Medium
24523;34703;134704;1;Medium
24524;11903;111904;4;Medium
24525;2594;102595;0;High
24526;21929;121930;0;High
24527;10605;110606;2;High
24528;39640;139641;1;High
24529;4029;104030;3;Medium
24530;47973;147974;3;High
24531;40159;140160;2;Medium
24532;46858;146859;4;Low
24533;24007;124008;1;Medium
24534;18250;118251;3;Low
24535;42350;142351;4;High
24536;38022;138023;1;Medium
24537;29832;129833;0;High
24538;10880;110881;1;Low
24539;11277;111278;1;High
24540;30223;130224;2;Low
24541;43189;143190;0;Medium
24542;4446;104447;2;Low
24543;31135;131136;0;High
24544;32524;132525;3;High
24545;34153;134154;3;High
24546;22423;122424;3;High
24547;10138;110139;1;High
24548;31836;131837;4;Low
24549;29214;129215;2;Medium
24550;20580;120581;0;High
24551;22180;122181;4;Low
24552;48105;148106;3;Medium
24553;24289;124290;3;Medium
24554;40594;140595;1;Medium
24555;4913;104914;2;Medium
24556;48414;148415;3;High
24557;17803;117804;2;High
24558;26020;126021;0;Low
24559;33541;133542;2;Medium
24560;6082;106083;2;Low
24561;4129;104130;4;High
24562;25195;125196;4;Medium
24563;14445;114446;2;Low
24564;30500;130501;4;Medium
24565;2498;102499;1;Low
24566;27135;127136;2;Low
24567;27157;127158;1;Low
24568;27842;127843;3;Low
24569;16010;116011;4;Medium
24570;8056;108057;0;Medium
24571;11956;111957;2;Medium
24572;29769;129770;1;High
24573;3061;103062;3;Medium
24574;2849;102850;4;Medium
24575;6528;106529;4;Low
24576;11305;111306;2;Medium
24577;20481;120482;3;Medium
24578;49776;149777;3;Medium
24579;28410;128411;2;Low
24580;21878;121879;3;Medium
24581;46438;146439;1;Medium
24582;36927;136928;3;Medium
24583;38387;138388;0;Low
24584;9513;109514;0;Low
24585;5615;105616;3;Low
24586;22810;122811;4;Medium
24587;20726;120727;1;Low
24588;8171;108172;4;Medium
24589;6073;106074;3;Medium
24590;4568;104569;3;High
24591;27953;127954;1;Medium
24592;40440;140441;3;Medium
24593;27242;127243;3;Low
24594;38614;138615;4;Low
24595;15135;115136;2;Medium
24596;42760;142761;0;Medium
24597;17272;117273;1;Medium
24598;33233;133234;0;Medium
24599;4031;104032;3;Medium
24600;44412;144413;1;Low
24601;40393;140394;3;High
24602;41856;141857;0;Low
24603;43313;143314;4;Low
24604;33000;133001;0;Medium
24605;14403;114404;0;Low
24606;33856;133857;4;Medium
24607;23568;123569;3;Low
24608;49492;149493;2;Low
24609;16178;116179;3;Low
24610;46354;146355;4;High
24611;17169;117170;0;Low
24612;49234;149235;0;Low
24613;16016;116017;1;Medium
24614;19474;119475;2;Medium
24615;16803;116804;2;Low
24616;19842;119843;2;Low
24617;38940;138941;1;Low
24618;9347;109348;1;Medium
24619;32146;132147;3;Low
24620;49497;149498;0;Medium
24621;41348;141349;1;Medium
24622;46278;146279;2;Low
24623;27501;127502;3;Medium
24624;10091;110092;4;Low
24625;28184;128185;4;Medium
24626;19857;119858;3;Low
24627;25385;125386;2;Medium
24628;12297;112298;0;Low
24629;41273;141274;4;Medium
24630;32124;132125;0;Medium
24631;21117;121118;2;Low
24632;4814;104815;0;Medium
24633;30591;130592;4;High
24634;34688;134689;3;Medium
24635;1990;101991;1;Medium
24636;8760;108761;4;Medium
24637;35720;135721;4;Medium
24638;48669;148670;1;Medium
24639;49437;149438;0;Medium
24640;43533;143534;3;Low
24641;1382;101383;0;High
24642;31758;131759;1;Low
24643;23384;123385;4;Low
24644;23626;123627;2;Low
24645;25718;125719;2;Medium
24646;785;100786;2;High
24647;15979;115980;2;High
24648;16976;116977;2;Medium
24649;35153;135154;0;High
24650;32866;132867;1;Medium
24651;26120;126121;1;Low
24652;7796;107797;3;Medium
24653;31782;131783;1;Low
24654;35394;135395;3;Medium
24655;46778;146779;0;High
24656;32735;132736;2;Medium
24657;19717;119718;0;Medium
24658;26664;126665;3;Low
24659;45697;145698;2;High
24660;46601;146602;2;Low
24661;16254;116255;0;Medium
24662;1197;101198;3;High
24663;30312;130313;3;Low
24664;27102;127103;0;Low
24665;46421;146422;0;Medium
24666;35901;135902;4;High
24667;35123;135124;1;Medium
24668;45751;145752;3;High
24669;5326;105327;3;Low
24670;14209;114210;1;Low
24671;45556;145557;2;Low
24672;43008;143009;2;High
24673;26617;126618;1;High
24674;11887;111888;2;Medium
24675;47160;147161;1;Medium
24676;46984;146985;1;Medium
24677;4747;104748;3;High
24678;45068;145069;4;High
24679;48255;148256;3;Medium
24680;49101;149102;4;Medium
24681;5064;105065;0;Medium
24682;2046;102047;3;High
24683;17256;117257;1;High
24684;29307;129308;2;High
24685;48085;148086;1;Medium
24686;2818;102819;2;High
24687;44168;144169;0;Medium
24688;48820;148821;0;Low
24689;19315;119316;1;High
24690;40261;140262;2;Medium
24691;8242;108243;1;High
24692;3379;103380;4;High
24693;17232;117233;4;Low
24694;7158;107159;3;Medium
24695;21802;121803;1;Medium
24696;39296;139297;3;Medium
24697;2729;102730;2;High
24698;43011;143012;1;Medium
24699;19952;119953;4;Medium
24700;37196;137197;4;Medium
24701;9703;109704;1;Medium
24702;15202;115203;2;Medium
24703;16523;116524;0;Medium
24704;49271;149272;2;Medium
24705;39323;139324;4;Medium
24706;28915;128916;1;Low
24707;19960;119961;4;Low
24708;20613;120614;2;High
24709;28974;128975;2;Medium
24710;48879;148880;1;Medium
24711;210;100211;1;Medium
24712;31696;131697;3;Low
24713;47701;147702;2;Medium
24714;9282;109283;2;Medium
24715;45988;145989;0;High
24716;24944;124945;3;High
24717;21366;121367;3;High
24718;14813;114814;3;High
24719;18363;118364;3;High
24720;26290;126291;3;Medium
24721;36912;136913;4;Low
24722;29192;129193;0;High
24723;27585;127586;0;High
24724;2069;102070;1;Medium
24725;30811;130812;2;Medium
24726;10136;110137;4;High
24727;730;100731;0;Low
24728;42104;142105;3;High
24729;48781;148782;0;High
24730;44998;144999;0;Medium
24731;44484;144485;1;Medium
24732;11090;111091;3;High
24733;30783;130784;4;Medium
24734;46285;146286;1;High
24735;36087;136088;3;Low
24736;13002;113003;1;Medium
24737;12914;112915;0;Low
24738;26537;126538;0;Low
24739;14133;114134;4;Medium
24740;6005;106006;3;High
24741;22872;122873;3;Low
24742;33170;133171;3;High
24743;49894;149895;4;High
24744;40154;140155;2;Medium
24745;24290;124291;2;Low
24746;36180;136181;0;Medium
24747;10258;110259;4;Low
24748;7573;107574;2;Low
24749;32358;132359;4;Medium
24750;17859;117860;3;High
24751;11017;111018;1;High
24752;35059;135060;0;High
24753;40253;140254;1;High
24754;20569;120570;1;Low
24755;17327;117328;4;Medium
24756;10672;110673;4;Low
24757;5399;105400;1;Medium
24758;25514;125515;0;High
24759;41231;141232;4;Medium
24760;25003;125004;1;High
24761;13612;113613;0;Low
24762;29465;129466;3;Medium
24763;37378;137379;1;High
24764;9959;109960;4;Medium
24765;19436;119437;3;Medium
24766;39499;139500;3;Medium
24767;18959;118960;3;High
24768;29377;129378;4;Medium
24769;27752;127753;4;Low
24770;30250;130251;0;Low
24771;16219;116220;2;High
24772;29470;129471;2;High
24773;3730;103731;3;Medium
24774;38436;138437;0;High
24775;40165;140166;0;Low
24776;35553;135554;4;High
24777;4903;104904;0;Low
24778;11132;111133;4;Medium
24779;6887;106888;4;Medium
24780;10975;110976;2;Medium
24781;29423;129424;4;Medium
24782;28037;128038;1;Medium
24783;34683;134684;2;Medium
24784;7950;107951;4;High
24785;11451;111452;2;Medium
24786;34047;134048;2;High
24787;18420;118421;1;Low
24788;5751;105752;0;Medium
24789;10066;110067;2;Low
24790;40093;140094;3;Low
24791;26371;126372;4;Medium
24792;12528;112529;0;Low
24793;47619;147620;3;Medium
24794;1748;101749;3;Medium
24795;23871;123872;1;Medium
24796;16590;116591;4;Medium
24797;8464;108465;0;Low
24798;30159;130160;2;Medium
24799;13165;113166;1;Low
24800;8280;108281;0;Low
24801;44530;144531;3;Low
24802;5864;105865;2;Low
24803;15472;115473;0;High
24804;23074;123075;3;Low
24805;12294;112295;0;Low
24806;43174;143175;0;High
24807;10111;110112;0;High
24808;29817;129818;4;High
24809;32013;132014;2;Medium
24810;38942;138943;2;Medium
24811;31829;131830;0;Medium
24812;15664;115665;0;Medium
24813;39347;139348;0;High
24814;42651;142652;4;Low
24815;44897;144898;3;Low
24816;3898;103899;0;Low
24817;4386;104387;4;High
24818;30397;130398;4;High
24819;3177;103178;2;Low
24820;6914;106915;2;Low
24821;35783;135784;0;Low
24822;38012;138013;3;Low
24823;24384;124385;1;Medium
24824;26857;126858;4;Medium
24825;33836;133837;4;Medium
24826;2384;102385;3;Medium
24827;31350;131351;1;High
24828;5117;105118;0;Low
24829;23916;123917;4;Medium
24830;3489;103490;2;Medium
24831;23143;123144;4;Medium
24832;48195;148196;2;Medium
24833;271;100272;3;High
24834;46875;146876;0;Low
24835;23468;123469;3;Medium
24836;13047;113048;0;Low
24837;2903;102904;2;High
24838;42401;142402;1;Medium
24839;676;100677;4;Medium
24840;24306;124307;0;Medium
24841;27028;127029;3;Medium
24842;10843;110844;0;Low
24843;18706;118707;4;Low
24844;9871;109872;0;Medium
24845;11338;111339;1;Medium
24846;45727;145728;3;Low
24847;83;100084;0;Medium
24848;31427;131428;2;Low
24849;41667;141668;2;Medium
24850;39210;139211;3;Low
24851;7027;107028;2;Medium
24852;26853;126854;3;Medium
24853;18573;118574;4;Low
24854;48300;148301;3;Medium
24855;38474;138475;3;Low
24856;5206;105207;1;Medium
24857;27982;127983;0;Low
24858;41959;141960;1;Medium
24859;46935;146936;2;Medium
24860;47726;147727;3;Medium
24861;43826;143827;3;Medium
24862;6116;106117;3;Medium
24863;20104;120105;0;Low
24864;23267;123268;1;High
24865;4326;104327;2;Medium
24866;30537;130538;2;Low
24867;3752;103753;0;Medium
24868;13240;113241;2;High
24869;4757;104758;2;High
24870;24442;124443;1;High
24871;5151;105152;2;Medium
24872;21134;121135;4;Low
24873;3838;103839;0;Low
24874;37680;137681;0;Low
24875;28198;128199;4;Medium
24876;9324;109325;2;Medium
24877;45307;145308;4;Medium
24878;9353;109354;0;Low
24879;15736;115737;0;Low
24880;7219;107220;1;Low
24881;10650;110651;4;High
24882;21474;121475;0;Low
24883;27931;127932;2;Low
24884;2951;102952;0;Low
24885;40096;140097;3;Low
24886;8034;108035;1;Medium
24887;5386;105387;1;High
24888;30678;130679;2;Medium
24889;7404;107405;0;Low
24890;43002;143003;1;Medium
24891;38944;138945;2;Medium
24892;43175;143176;3;High
24893;13651;113652;1;Low
24894;9284;109285;1;Medium
24895;34604;134605;3;Medium
24896;44335;144336;2;Medium
24897;15230;115231;4;Low
24898;5944;105945;3;Low
24899;2580;102581;3;High
24900;1853;101854;3;Low
24901;30852;130853;2;High
24902;25206;125207;3;Medium
24903;28777;128778;1;Low
24904;47540;147541;1;Low
24905;21166;121167;3;Low
24906;10467;110468;0;Low
24907;44951;144952;1;High
24908;38892;138893;1;High
24909;14615;114616;4;High
24910;47453;147454;1;High
24911;46126;146127;1;Low
24912;37024;137025;2;High
24913;5548;105549;0;Low
24914;6219;106220;2;High
24915;48004;148005;0;Medium
24916;29919;129920;2;Medium
24917;20619;120620;2;High
24918;21720;121721;2;High
24919;4905;104906;4;High
24920;42631;142632;4;Medium
24921;23310;123311;3;Medium
24922;2089;102090;0;Low
24923;36561;136562;4;Medium
24924;6257;106258;1;High
24925;29664;129665;4;Medium
24926;29604;129605;2;Medium
24927;34724;134725;0;Low
24928;45887;145888;1;High
24929;19738;119739;4;High
24930;6824;106825;4;High
24931;11238;111239;3;Medium
24932;2555;102556;3;Medium
24933;29813;129814;2;High
24934;36308;136309;3;Low
24935;19172;119173;4;Medium
24936;41803;141804;1;Low
24937;49930;149931;2;Low
24938;44722;144723;2;Medium
24939;31286;131287;3;Medium
24940;41054;141055;4;Medium
24941;39110;139111;4;Medium
24942;16862;116863;2;High
24943;48512;148513;4;Medium
24944;6659;106660;3;High
24945;35951;135952;0;Low
24946;19165;119166;1;Low
24947;6875;106876;0;Low
24948;19693;119694;1;High
24949;26336;126337;2;High
24950;31683;131684;4;Medium
24951;41984;141985;0;Medium
24952;24330;124331;2;Low
24953;16612;116613;0;High
24954;47058;147059;1;Medium
24955;16967;116968;0;Low
24956;4028;104029;1;Low
24957;44202;144203;0;High
24958;46435;146436;0;High
24959;38975;138976;2;Low
24960;25407;125408;4;High
24961;24066;124067;1;Medium
24962;6518;106519;4;Medium
24963;18402;118403;1;High
24964;9336;109337;4;Low
24965;49114;149115;3;Low
24966;29494;129495;1;Low
24967;1534;101535;4;Medium
24968;23424;123425;2;Medium
24969;48823;148824;2;Low
24970;30917;130918;0;High
24971;45288;145289;2;Low
24972;29364;129365;3;High
24973;28247;128248;4;Low
24974;30503;130504;2;Medium
24975;39696;139697;3;Medium
24976;31159;131160;0;Low
24977;18724;118725;4;Medium
24978;25696;125697;4;Low
24979;20498;120499;0;Medium
24980;5011;105012;1;Medium
24981;29935;129936;3;Low
24982;17588;117589;1;Medium
24983;25402;125403;2;Low
24984;35521;135522;1;High
24985;20790;120791;2;Medium
24986;45595;145596;1;Low
24987;13599;113600;3;High
24988;31416;131417;4;Low
24989;18740;118741;1;Low
24990;22608;122609;0;Low
24991;23541;123542;1;Medium
24992;7252;107253;3;High
24993;39502;139503;0;Medium
24994;22099;122100;1;Medium
24995;8714;108715;2;Medium
24996;47548;147549;4;High
24997;36971;136972;4;Low
24998;43593;143594;4;Low
24999;30003;130004;2;Low
25000;31018;131019;0;Low
25001;43286;143287;0;Low
25002;9943;109944;0;Medium
25003;25499;125500;4;High
25004;16982;116983;2;Medium
25005;37909;137910;4;Low
25006;31457;131458;2;High
25007;12213;112214;4;Medium
25008;23933;123934;3;Low
25009;41214;141215;2;Low
25010;35967;135968;0;Medium
25011;17616;117617;0;High
25012;36730;136731;0;Medium
25013;40842;140843;1;Medium
25014;38449;138450;3;High
25015;23572;123573;4;Low
25016;41334;141335;0;Low
25017;25041;125042;0;Low
25018;23106;123107;2;Medium
25019;34848;134849;3;Low
25020;49428;149429;3;High
25021;17453;117454;2;Medium
25022;13411;113412;4;Medium
25023;12716;112717;2;Low
25024;31137;131138;1;Medium
25025;36232;136233;3;Medium
25026;34580;134581;0;High
25027;18348;118349;0;Medium
25028;41581;141582;0;Medium
25029;26473;126474;3;High
25030;47892;147893;1;Medium
25031;30021;130022;1;Medium
25032;38027;138028;1;Low
25033;2739;102740;3;High
25034;33585;133586;2;High
25035;47266;147267;4;Low
25036;29415;129416;3;Low
25037;28912;128913;3;Medium
25038;35581;135582;3;Low
25039;40004;140005;4;Medium
25040;34126;134127;0;Low
25041;19527;119528;2;High
25042;12022;112023;4;Medium
25043;24533;124534;2;Low
25044;36008;136009;1;Medium
25045;22796;122797;1;Medium
25046;28423;128424;1;Medium
25047;20858;120859;3;Medium
25048;49671;149672;4;Low
25049;36480;136481;3;Medium
25050;26564;126565;4;Low
25051;7523;107524;0;Medium
25052;32768;132769;3;Medium
25053;32385;132386;1;Low
25054;1286;101287;2;High
25055;29510;129511;2;Medium
25056;30505;130506;0;High
25057;21589;121590;1;Medium
25058;15045;115046;1;Medium
25059;15671;115672;1;High
25060;10887;110888;4;Medium
25061;38084;138085;0;Low
25062;10400;110401;1;Low
25063;209;100210;0;Medium
25064;9977;109978;1;High
25065;5352;105353;4;Low
25066;43741;143742;2;Low
25067;4578;104579;4;Low
25068;19545;119546;2;High
25069;33443;133444;0;Medium
25070;2102;102103;0;Low
25071;40467;140468;1;Low
25072;5522;105523;2;High
25073;43506;143507;3;High
25074;25665;125666;2;Medium
25075;15808;115809;2;Medium
25076;17007;117008;0;Medium
25077;49484;149485;0;Low
25078;13701;113702;3;High
25079;7166;107167;4;Medium
25080;133;100134;3;High
25081;13557;113558;3;Low
25082;8373;108374;0;High
25083;42649;142650;4;Low
25084;38252;138253;1;Low
25085;4770;104771;2;Medium
25086;27268;127269;3;Medium
25087;24041;124042;3;Medium
25088;24193;124194;0;Low
25089;1235;101236;1;Medium
25090;13144;113145;0;Medium
25091;46147;146148;0;High
25092;18802;118803;4;Low
25093;39847;139848;4;Medium
25094;7182;107183;2;High
25095;36975;136976;4;High
25096;47591;147592;1;Low
25097;23436;123437;4;Medium
25098;19409;119410;3;Low
25099;45461;145462;0;Medium
25100;30763;130764;2;High
25101;23873;123874;4;Medium
25102;44196;144197;3;Low
25103;11223;111224;2;Medium
25104;21078;121079;1;Low
25105;14469;114470;3;High
25106;47181;147182;1;High
25107;11652;111653;0;Medium
25108;27618;127619;3;Medium
25109;23457;123458;2;High
25110;25074;125075;3;Low
25111;21439;121440;1;High
25112;26688;126689;1;Medium
25113;36435;136436;3;Medium
25114;21066;121067;3;High
25115;26799;126800;3;Medium
25116;13390;113391;0;Medium
25117;24513;124514;3;Medium
25118;20819;120820;3;High
25119;16420;116421;2;Medium
25120;23629;123630;1;Medium
25121;1303;101304;0;Low
25122;42458;142459;0;Low
25123;25382;125383;0;Medium
25124;33593;133594;4;Medium
25125;28640;128641;1;Medium
25126;49645;149646;4;Medium
25127;26406;126407;4;Medium
25128;38476;138477;2;High
25129;29467;129468;3;High
25130;47656;147657;2;Medium
25131;20680;120681;3;High
25132;5980;105981;2;Medium
25133;26046;126047;2;High
25134;29131;129132;4;Medium
25135;46238;146239;0;Medium
25136;4489;104490;1;Medium
25137;6348;106349;2;Medium
25138;12093;112094;2;Low
25139;42582;142583;0;Medium
25140;24973;124974;3;Medium
25141;7235;107236;3;Medium
25142;24045;124046;0;High
25143;34686;134687;2;Low
25144;31306;131307;0;Medium
25145;23463;123464;1;Low
25146;35708;135709;0;High
25147;49355;149356;2;Low
25148;7309;107310;0;High
25149;13465;113466;1;High
25150;13215;113216;0;High
25151;36501;136502;0;Medium
25152;6827;106828;0;Low
25153;8950;108951;1;Medium
25154;25594;125595;2;High
25155;16871;116872;0;High
25156;31513;131514;1;Medium
25157;44574;144575;0;High
25158;1736;101737;3;High
25159;40431;140432;1;Medium
25160;34358;134359;3;Medium
25161;34502;134503;2;High
25162;29048;129049;2;High
25163;686;100687;2;Medium
25164;6159;106160;3;High
25165;26340;126341;1;High
25166;16851;116852;3;Low
25167;44373;144374;0;Medium
25168;331;100332;1;High
25169;15723;115724;2;High
25170;4426;104427;0;Low
25171;14155;114156;2;High
25172;20978;120979;0;High
25173;13807;113808;1;Medium
25174;27687;127688;0;High
25175;31715;131716;4;Low
25176;11880;111881;1;Medium
25177;20755;120756;1;High
25178;28209;128210;4;High
25179;41525;141526;1;High
25180;39982;139983;4;High
25181;1837;101838;1;Low
25182;25186;125187;0;High
25183;40799;140800;4;Low
25184;6399;106400;1;Low
25185;42126;142127;3;High
25186;12775;112776;4;High
25187;48710;148711;1;High
25188;42347;142348;1;High
25189;34073;134074;3;Medium
25190;42340;142341;0;Low
25191;45753;145754;3;Low
25192;23514;123515;3;Low
25193;45356;145357;4;Medium
25194;38273;138274;3;High
25195;12784;112785;1;High
25196;7342;107343;1;Low
25197;42985;142986;1;High
25198;31945;131946;1;Medium
25199;15275;115276;0;Low
25200;13539;113540;2;Medium
25201;36656;136657;3;Low
25202;24752;124753;2;Medium
25203;35641;135642;0;Low
25204;16843;116844;2;Medium
25205;17579;117580;4;High
25206;9593;109594;4;Medium
25207;17386;117387;0;Medium
25208;9812;109813;3;Low
25209;46020;146021;4;High
25210;2195;102196;4;Medium
25211;6822;106823;4;High
25212;34354;134355;4;Low
25213;10146;110147;0;Medium
25214;6554;106555;1;Medium
25215;26705;126706;3;Low
25216;46811;146812;3;Medium
25217;29898;129899;4;Low
25218;9206;109207;0;Medium
25219;14344;114345;0;High
25220;13282;113283;2;Low
25221;14315;114316;4;Medium
25222;11032;111033;2;Low
25223;42446;142447;1;Medium
25224;28491;128492;3;High
25225;18077;118078;3;Medium
25226;1079;101080;4;Medium
25227;39542;139543;1;Medium
25228;7980;107981;1;High
25229;44496;144497;3;Low
25230;26209;126210;2;Medium
25231;38285;138286;1;High
25232;34342;134343;1;Medium
25233;43825;143826;3;High
25234;22548;122549;1;Low
25235;16243;116244;3;Medium
25236;5543;105544;1;Medium
25237;31885;131886;2;Low
25238;29594;129595;2;Low
25239;10090;110091;1;Medium
25240;5278;105279;0;Medium
25241;29219;129220;1;Low
25242;12713;112714;4;High
25243;31206;131207;2;Medium
25244;37447;137448;1;Medium
25245;48013;148014;3;Medium
25246;27976;127977;0;Medium
25247;18738;118739;2;High
25248;19593;119594;0;Low
25249;34709;134710;4;Low
25250;46717;146718;0;Low
25251;35797;135798;0;High
25252;35655;135656;1;Medium
25253;28638;128639;1;Low
25254;39283;139284;0;Low
25255;37453;137454;3;High
25256;11392;111393;2;Medium
25257;31560;131561;3;Low
25258;47802;147803;3;High
25259;24693;124694;2;Medium
25260;37153;137154;3;High
25261;41374;141375;3;Medium
25262;27839;127840;0;Medium
25263;15549;115550;3;Low
25264;11462;111463;2;Medium
25265;14643;114644;0;Low
25266;49322;149323;4;Medium
25267;6638;106639;3;Medium
25268;36279;136280;2;Medium
25269;7097;107098;1;High
25270;32016;132017;4;Medium
25271;10520;110521;0;High
25272;26167;126168;0;Medium
25273;14955;114956;3;Medium
25274;20776;120777;0;Low
25275;31651;131652;2;Low
25276;36046;136047;4;Medium
25277;3076;103077;3;Medium
25278;38261;138262;4;Low
25279;44809;144810;0;High
25280;34138;134139;1;Medium
25281;34926;134927;1;Medium
25282;35018;135019;1;Low
25283;8970;108971;1;Medium
25284;47339;147340;4;Medium
25285;10163;110164;1;High
25286;42657;142658;1;Medium
25287;23786;123787;0;Medium
25288;38733;138734;1;Medium
25289;1884;101885;0;Low
25290;45572;145573;2;Medium
25291;3719;103720;2;Medium
25292;21274;121275;2;Low
25293;42894;142895;4;High
25294;593;100594;4;Medium
25295;45603;145604;4;Low
25296;38459;138460;4;Medium
25297;7004;107005;3;Medium
25298;34782;134783;3;Medium
25299;23532;123533;1;High
25300;48744;148745;0;Medium
25301;8499;108500;0;Low
25302;19744;119745;1;Low
25303;10380;110381;4;High
25304;22337;122338;3;High
25305;36645;136646;2;Low
25306;2239;102240;2;Medium
25307;44049;144050;1;Low
25308;5398;105399;0;Low
25309;48092;148093;3;Medium
25310;49175;149176;1;Low
25311;16415;116416;1;Low
25312;22137;122138;4;Low
25313;21900;121901;2;Medium
25314;26376;126377;1;High
25315;47537;147538;1;Low
25316;36773;136774;2;Low
25317;46966;146967;1;High
25318;25296;125297;3;Low
25319;12742;112743;3;Medium
25320;36131;136132;3;Low
25321;10480;110481;0;Low
25322;26814;126815;0;High
25323;23531;123532;3;High
25324;11906;111907;4;High
25325;20600;120601;1;Medium
25326;17539;117540;0;Low
25327;24971;124972;0;High
25328;24928;124929;3;High
25329;20378;120379;0;Medium
25330;49788;149789;4;Medium
25331;15916;115917;2;Medium
25332;34253;134254;3;Medium
25333;24915;124916;3;Low
25334;42307;142308;3;Low
25335;45838;145839;1;Medium
25336;40435;140436;4;Medium
25337;10023;110024;2;High
25338;27517;127518;2;Medium
25339;33363;133364;3;Low
25340;37204;137205;1;High
25341;32278;132279;3;Medium
25342;24830;124831;1;High
25343;6786;106787;0;Low
25344;21868;121869;1;Medium
25345;39647;139648;2;Medium
25346;19541;119542;1;Low
25347;13314;113315;0;High
25348;18577;118578;3;Low
25349;38082;138083;4;High
25350;24530;124531;1;Low
25351;24626;124627;4;Medium
25352;14933;114934;4;Medium
25353;10764;110765;1;Low
25354;9543;109544;4;Low
25355;35302;135303;2;Medium
25356;36777;136778;1;Medium
25357;9240;109241;2;Medium
25358;26671;126672;4;Low
25359;18826;118827;0;Medium
25360;22446;122447;2;Low
25361;29256;129257;3;High
25362;48965;148966;3;Medium
25363;28434;128435;1;Low
25364;38896;138897;2;Low
25365;26917;126918;0;Low
25366;44165;144166;0;Low
25367;14501;114502;2;Medium
25368;13487;113488;4;High
25369;34784;134785;2;Medium
25370;13008;113009;0;Low
25371;13618;113619;4;Low
25372;31196;131197;3;Medium
25373;40898;140899;2;Medium
25374;24452;124453;1;Low
25375;5574;105575;0;Medium
25376;11478;111479;0;Low
25377;46662;146663;2;Medium
25378;39075;139076;1;High
25379;18743;118744;4;Low
25380;13966;113967;3;Medium
25381;7780;107781;4;High
25382;31873;131874;0;Medium
25383;59;100060;4;Medium
25384;12447;112448;3;High
25385;27722;127723;4;Medium
25386;18710;118711;2;High
25387;29551;129552;1;Low
25388;852;100853;1;High
25389;6296;106297;0;Low
25390;33582;133583;4;Medium
25391;28996;128997;1;Low
25392;31730;131731;4;Medium
25393;21160;121161;2;Medium
25394;35299;135300;4;Medium
25395;16033;116034;4;Medium
25396;17926;117927;3;High
25397;25661;125662;0;High
25398;2370;102371;3;Medium
25399;49375;149376;0;Low
25400;22471;122472;4;Medium
25401;38558;138559;1;Low
25402;35801;135802;2;Medium
25403;5876;105877;0;High
25404;22654;122655;3;Low
25405;27852;127853;4;Medium
25406;24478;124479;2;High
25407;25299;125300;2;High
25408;38401;138402;2;High
25409;32656;132657;3;Low
25410;47852;147853;1;Low
25411;24522;124523;4;High
25412;39455;139456;0;High
25413;27288;127289;0;Medium
25414;28045;128046;1;Low
25415;15271;115272;4;Low
25416;18419;118420;0;Low
25417;15970;115971;4;Low
25418;1115;101116;0;Medium
25419;45317;145318;0;Medium
25420;39116;139117;1;Medium
25421;23845;123846;4;Medium
25422;33175;133176;0;Medium
25423;49279;149280;3;Low
25424;48249;148250;2;Low
25425;19507;119508;2;Medium
25426;20598;120599;0;Low
25427;28285;128286;3;High
25428;35288;135289;0;Medium
25429;13117;113118;1;Low
25430;22632;122633;4;Medium
25431;5101;105102;3;Medium
25432;27134;127135;1;Medium
25433;29865;129866;1;High
25434;23411;123412;4;Low
25435;47655;147656;0;Low
25436;2695;102696;1;Low
25437;41798;141799;1;High
25438;42342;142343;1;Medium
25439;30534;130535;1;Medium
25440;1379;101380;4;Low
25441;42668;142669;0;High
25442;43482;143483;4;High
25443;46962;146963;3;Medium
25444;44895;144896;0;Medium
25445;46488;146489;2;Low
25446;25058;125059;4;Low
25447;31611;131612;0;High
25448;5174;105175;0;Medium
25449;18378;118379;0;High
25450;12881;112882;2;High
25451;24468;124469;3;Medium
25452;15839;115840;2;Low
25453;2750;102751;4;Low
25454;13635;113636;3;High
25455;49065;149066;4;Low
25456;10452;110453;2;High
25457;20508;120509;0;High
25458;28695;128696;3;Medium
25459;11484;111485;2;Low
25460;36597;136598;2;High
25461;2108;102109;4;High
25462;35688;135689;4;Low
25463;13009;113010;0;Low
25464;25679;125680;4;Low
25465;11172;111173;4;High
25466;3310;103311;3;Medium
25467;42037;142038;3;High
25468;22717;122718;4;Medium
25469;3091;103092;0;Medium
25470;46380;146381;1;Low
25471;18859;118860;2;High
25472;377;100378;3;Low
25473;33355;133356;4;Low
25474;38961;138962;2;High
25475;2526;102527;0;High
25476;34948;134949;4;High
25477;39558;139559;2;Low
25478;20718;120719;1;Low
25479;13221;113222;2;Medium
25480;48619;148620;0;Low
25481;41104;141105;2;Medium
25482;40561;140562;2;High
25483;5004;105005;2;Medium
25484;44554;144555;2;Medium
25485;45749;145750;4;High
25486;13564;113565;2;Medium
25487;10432;110433;1;Low
25488;42882;142883;1;High
25489;400;100401;2;Low
25490;16316;116317;3;Medium
25491;40355;140356;4;Medium
25492;35816;135817;2;Low
25493;42375;142376;0;Low
25494;19938;119939;1;Low
25495;36721;136722;1;Medium
25496;45906;145907;1;Medium
25497;27093;127094;2;Low
25498;8238;108239;2;Low
25499;42356;142357;4;Medium
25500;35626;135627;4;Low
25501;44872;144873;1;Medium
25502;13229;113230;0;Low
25503;28190;128191;1;Low
25504;34536;134537;3;High
25505;48690;148691;0;Medium
25506;16810;116811;0;Medium
25507;10824;110825;1;Medium
25508;20969;120970;3;Medium
25509;48632;148633;0;Medium
25510;48359;148360;3;Low
25511;30377;130378;3;Low
25512;10417;110418;3;Medium
25513;18357;118358;4;High
25514;3401;103402;2;Medium
25515;20165;120166;2;Low
25516;20340;120341;2;Low
25517;24096;124097;1;Medium
25518;11609;111610;3;Low
25519;1316;101317;1;Low
25520;39969;139970;3;Low
25521;6865;106866;3;Low
25522;27803;127804;1;High
25523;1120;101121;1;High
25524;43138;143139;1;Medium
25525;15087;115088;3;Medium
25526;24535;124536;2;High
25527;22983;122984;2;Low
25528;5922;105923;2;High
25529;45698;145699;2;High
25530;17953;117954;2;High
25531;11400;111401;4;High
25532;17349;117350;4;Low
25533;27008;127009;4;High
25534;39928;139929;0;Medium
25535;11587;111588;3;Medium
25536;45519;145520;2;Medium
25537;30475;130476;2;Medium
25538;48741;148742;1;Medium
25539;41764;141765;1;Medium
25540;12076;112077;1;Medium
25541;18033;118034;3;Low
25542;27998;127999;3;Low
25543;14258;114259;3;High
25544;19228;119229;0;Low
25545;16537;116538;3;High
25546;1024;101025;4;Medium
25547;4460;104461;4;High
25548;23236;123237;4;Medium
25549;22140;122141;0;High
25550;9272;109273;4;High
25551;10094;110095;2;Medium
25552;48147;148148;4;Medium
25553;42578;142579;3;Medium
25554;32938;132939;1;Low
25555;16773;116774;2;Low
25556;27237;127238;1;High
25557;38446;138447;0;Low
25558;44869;144870;3;Low
25559;41874;141875;3;High
25560;45613;145614;0;Low
25561;5668;105669;3;High
25562;39999;140000;3;High
25563;6410;106411;0;Medium
25564;36414;136415;0;Low
25565;5135;105136;1;Low
25566;44116;144117;4;Low
25567;24646;124647;2;Medium
25568;37800;137801;1;High
25569;44949;144950;0;High
25570;31391;131392;1;Low
25571;23812;123813;3;Medium
25572;1368;101369;1;Medium
25573;42471;142472;3;Medium
25574;10527;110528;2;Low
25575;29691;129692;4;High
25576;21841;121842;4;Low
25577;1926;101927;2;Low
25578;8992;108993;2;High
25579;43117;143118;4;Low
25580;27884;127885;3;Low
25581;5524;105525;4;Medium
25582;36038;136039;1;Low
25583;8052;108053;2;Low
25584;44506;144507;3;Medium
25585;35373;135374;0;Medium
25586;11199;111200;1;Medium
25587;30624;130625;2;High
25588;43521;143522;0;Medium
25589;1896;101897;1;High
25590;15961;115962;2;Medium
25591;23994;123995;2;High
25592;35826;135827;4;Medium
25593;1234;101235;0;Low
25594;10002;110003;3;Low
25595;31265;131266;4;High
25596;39262;139263;3;High
25597;11438;111439;0;Medium
25598;25297;125298;3;Medium
25599;8176;108177;4;High
25600;23555;123556;4;High
25601;31458;131459;1;High
25602;27504;127505;2;Medium
25603;44171;144172;2;Medium
25604;27361;127362;4;Medium
25605;30572;130573;1;High
25606;22520;122521;1;Medium
25607;39889;139890;4;High
25608;8360;108361;1;Low
25609;43528;143529;1;High
25610;42711;142712;4;High
25611;8707;108708;3;Medium
25612;14926;114927;0;Medium
25613;6221;106222;4;Medium
25614;21993;121994;1;Low
25615;796;100797;2;Medium
25616;7827;107828;4;Low
25617;1867;101868;2;Low
25618;24638;124639;1;Low
25619;4380;104381;1;High
25620;23993;123994;0;Medium
25621;23189;123190;2;Low
25622;39866;139867;3;Low
25623;40191;140192;3;Low
25624;23261;123262;1;Low
25625;44430;144431;4;Low
25626;532;100533;3;Low
25627;14257;114258;2;High
25628;30573;130574;0;Medium
25629;39448;139449;0;High
25630;9955;109956;0;Medium
25631;12937;112938;1;High
25632;19236;119237;2;High
25633;44938;144939;0;Low
25634;23630;123631;1;Low
25635;4756;104757;4;Medium
25636;42600;142601;1;High
25637;19580;119581;1;High
25638;2282;102283;2;Medium
25639;45875;145876;1;Low
25640;8429;108430;1;High
25641;43598;143599;0;Medium
25642;39212;139213;1;Medium
25643;10793;110794;4;Low
25644;10389;110390;4;Low
25645;3518;103519;3;High
25646;31942;131943;1;Medium
25647;4774;104775;2;Low
25648;26860;126861;1;Medium
25649;34213;134214;2;High
25650;4918;104919;0;High
25651;47319;147320;1;High
25652;37025;137026;0;High
25653;8008;108009;3;Low
25654;30480;130481;1;Medium
25655;34046;134047;3;High
25656;45781;145782;4;Medium
25657;6935;106936;1;High
25658;16058;116059;1;Medium
25659;42619;142620;3;Medium
25660;48853;148854;0;Medium
25661;48439;148440;2;Low
25662;42232;142233;4;High
25663;32767;132768;0;Medium
25664;4192;104193;2;Medium
25665;185;100186;0;Low
25666;38685;138686;4;Medium
25667;37852;137853;3;Medium
25668;41323;141324;3;Low
25669;20248;120249;3;High
25670;48329;148330;2;High
25671;41619;141620;2;Medium
25672;22120;122121;3;Medium
25673;23956;123957;2;High
25674;11583;111584;1;Low
25675;1993;101994;3;Medium
25676;12722;112723;3;High
25677;43838;143839;0;Medium
25678;7017;107018;4;Medium
25679;35223;135224;1;Low
25680;37072;137073;2;Medium
25681;38900;138901;4;Low
25682;12810;112811;1;Medium
25683;16177;116178;0;Low
25684;5096;105097;2;Low
25685;36663;136664;0;Medium
25686;10059;110060;2;Medium
25687;1712;101713;2;High
25688;12516;112517;2;Medium
25689;40514;140515;0;High
25690;47434;147435;4;Low
25691;33397;133398;4;High
25692;48838;148839;3;Low
25693;27422;127423;0;Medium
25694;18928;118929;0;Medium
25695;37612;137613;3;Medium
25696;16372;116373;3;High
25697;2475;102476;1;Low
25698;28029;128030;4;Low
25699;41737;141738;0;Low
25700;23342;123343;2;Low
25701;49581;149582;2;High
25702;9677;109678;1;Medium
25703;1047;101048;2;High
25704;44892;144893;1;Medium
25705;36866;136867;4;Medium
25706;45134;145135;4;Medium
25707;28000;128001;2;Low
25708;15610;115611;4;Low
25709;28465;128466;0;Low
25710;9882;109883;0;Medium
25711;1126;101127;3;Low
25712;13907;113908;2;High
25713;46661;146662;3;Medium
25714;45719;145720;3;Low
25715;30345;130346;2;Low
25716;5432;105433;1;Low
25717;45481;145482;3;Medium
25718;5683;105684;4;Low
25719;10428;110429;1;Low
25720;23346;123347;4;Medium
25721;4197;104198;0;Low
25722;18644;118645;2;High
25723;45703;145704;2;High
25724;40922;140923;1;Medium
25725;26569;126570;4;Low
25726;22592;122593;0;High
25727;26643;126644;1;Medium
25728;34325;134326;0;High
25729;40057;140058;2;High
25730;29837;129838;0;High
25731;41575;141576;2;Medium
25732;46128;146129;0;Low
25733;45329;145330;1;Low
25734;5696;105697;0;High
25735;26746;126747;1;Medium
25736;46631;146632;1;Medium
25737;4834;104835;4;High
25738;40058;140059;1;Low
25739;7901;107902;3;Low
25740;38189;138190;0;High
25741;32515;132516;4;High
25742;10741;110742;4;High
25743;47330;147331;2;Medium
25744;39871;139872;4;Medium
25745;39740;139741;0;Medium
25746;844;100845;4;High
25747;1050;101051;3;High
25748;49730;149731;1;Low
25749;20034;120035;4;Medium
25750;44138;144139;3;Low
25751;26827;126828;2;Low
25752;1478;101479;0;High
25753;25252;125253;3;Low
25754;10295;110296;3;Medium
25755;31454;131455;4;Low
25756;35313;135314;4;Medium
25757;42763;142764;2;High
25758;21729;121730;2;Low
25759;35247;135248;3;Medium
25760;43034;143035;2;Medium
25761;46362;146363;2;High
25762;18669;118670;4;Low
25763;43603;143604;3;Medium
25764;34208;134209;2;Medium
25765;2868;102869;2;Medium
25766;10674;110675;2;Medium
25767;35459;135460;1;Medium
25768;32871;132872;3;High
25769;1801;101802;4;High
25770;8690;108691;3;High
25771;19223;119224;3;Low
25772;48487;148488;2;High
25773;32050;132051;3;Medium
25774;12171;112172;2;High
25775;2796;102797;1;Medium
25776;7282;107283;3;Medium
25777;48113;148114;0;Medium
25778;4494;104495;0;Medium
25779;39160;139161;0;High
25780;35712;135713;4;Medium
25781;13006;113007;0;Medium
25782;27198;127199;2;Low
25783;27550;127551;4;Low
25784;4101;104102;0;High
25785;24983;124984;3;Medium
25786;35925;135926;3;High
25787;10834;110835;2;Medium
25788;23461;123462;4;Medium
25789;7187;107188;3;Medium
25790;36031;136032;2;Medium
25791;46341;146342;3;Medium
25792;35298;135299;1;Medium
25793;3742;103743;0;High
25794;20898;120899;3;High
25795;46046;146047;1;Medium
25796;18774;118775;3;Low
25797;49136;149137;3;High
25798;4087;104088;0;Medium
25799;39378;139379;4;Medium
25800;35102;135103;2;Low
25801;32844;132845;2;Low
25802;14104;114105;1;High
25803;7377;107378;2;Medium
25804;15914;115915;3;Low
25805;45905;145906;0;Low
25806;2345;102346;4;High
25807;33254;133255;2;Low
25808;483;100484;4;Low
25809;6641;106642;0;Medium
25810;19860;119861;3;High
25811;47720;147721;1;Medium
25812;47388;147389;2;Low
25813;6946;106947;2;Medium
25814;21376;121377;0;Low
25815;31981;131982;1;High
25816;44531;144532;4;Medium
25817;16513;116514;1;Medium
25818;18424;118425;0;High
25819;24549;124550;0;High
25820;22468;122469;4;Low
25821;2343;102344;4;High
25822;7579;107580;3;High
25823;12087;112088;0;Low
25824;75;100076;3;Medium
25825;49523;149524;1;High
25826;32568;132569;4;Medium
25827;5755;105756;0;Medium
25828;20492;120493;3;Low
25829;46618;146619;2;Low
25830;11313;111314;1;Low
25831;21704;121705;2;Medium
25832;26300;126301;0;Medium
25833;5990;105991;1;High
25834;19222;119223;0;Medium
25835;31354;131355;3;Medium
25836;8865;108866;0;Medium
25837;4712;104713;3;High
25838;18058;118059;4;Low
25839;38652;138653;4;Medium
25840;37573;137574;3;Medium
25841;47034;147035;0;High
25842;32083;132084;0;High
25843;7472;107473;0;Medium
25844;33754;133755;3;Medium
25845;43680;143681;4;Low
25846;42767;142768;1;Low
25847;7173;107174;1;Medium
25848;31142;131143;4;Low
25849;31289;131290;4;High
25850;47884;147885;4;Medium
25851;4797;104798;4;Medium
25852;40961;140962;4;Medium
25853;27615;127616;3;Medium
25854;44917;144918;3;Medium
25855;6446;106447;4;Low
25856;49064;149065;4;High
25857;4555;104556;2;Low
25858;8792;108793;1;Medium
25859;41683;141684;1;Low
25860;22233;122234;2;Medium
25861;26730;126731;0;Low
25862;27165;127166;3;Medium
25863;1975;101976;2;Low
25864;28694;128695;3;Low
25865;1344;101345;0;Medium
25866;21759;121760;4;Medium
25867;13759;113760;0;High
25868;15397;115398;3;Low
25869;37472;137473;3;Medium
25870;24834;124835;4;Medium
25871;23518;123519;0;Medium
25872;34616;134617;0;Medium
25873;46901;146902;2;Medium
25874;24008;124009;3;Medium
25875;969;100970;0;Medium
25876;24047;124048;3;Low
25877;29417;129418;3;Medium
25878;45566;145567;1;Medium
25879;9678;109679;3;Low
25880;38330;138331;4;Medium
25881;12501;112502;1;Low
25882;31914;131915;3;High
25883;25408;125409;0;Medium
25884;9166;109167;2;Low
25885;28456;128457;3;Medium
25886;19053;119054;0;High
25887;36415;136416;3;Low
25888;3172;103173;4;Low
25889;36101;136102;0;Medium
25890;9473;109474;2;High
25891;16055;116056;4;Medium
25892;27354;127355;4;High
25893;38581;138582;0;High
25894;32940;132941;1;Medium
25895;47120;147121;1;Low
25896;48875;148876;1;High
25897;9135;109136;1;Medium
25898;35963;135964;3;Low
25899;5277;105278;3;High
25900;26369;126370;0;Low
25901;6273;106274;3;High
25902;18913;118914;4;Low
25903;21086;121087;2;Medium
25904;6497;106498;1;Low
25905;19318;119319;4;High
25906;31707;131708;0;High
25907;40336;140337;3;Medium
25908;32699;132700;0;Medium
25909;14841;114842;1;Low
25910;38321;138322;0;Medium
25911;46079;146080;3;High
25912;8956;108957;1;High
25913;12768;112769;1;Medium
25914;15070;115071;3;Medium
25915;2560;102561;4;Medium
25916;10169;110170;4;High
25917;35007;135008;1;Low
25918;40851;140852;4;Low
25919;14786;114787;1;Medium
25920;21867;121868;4;Medium
25921;16509;116510;0;Medium
25922;5204;105205;4;Medium
25923;47691;147692;4;High
25924;24207;124208;1;Low
25925;37359;137360;0;High
25926;29719;129720;2;Low
25927;5917;105918;4;High
25928;12051;112052;0;Low
25929;7797;107798;0;High
25930;41769;141770;0;High
25931;49402;149403;1;High
25932;49942;149943;1;Medium
25933;42119;142120;4;Low
25934;40334;140335;3;Medium
25935;41730;141731;0;Low
25936;40312;140313;3;Low
25937;27677;127678;2;High
25938;42646;142647;0;Medium
25939;31618;131619;4;Medium
25940;42359;142360;3;Low
25941;21727;121728;2;Medium
25942;38722;138723;0;Low
25943;13262;113263;0;Medium
25944;16406;116407;1;Low
25945;32154;132155;1;Low
25946;22102;122103;1;Low
25947;15560;115561;3;Low
25948;37300;137301;2;Medium
25949;17555;117556;3;Low
25950;19651;119652;1;Low
25951;31745;131746;3;Low
25952;395;100396;4;High
25953;3262;103263;2;Medium
25954;369;100370;0;High
25955;40121;140122;4;High
25956;26323;126324;2;Medium
25957;11720;111721;3;High
25958;10036;110037;3;High
25959;5873;105874;4;Medium
25960;34669;134670;0;High
25961;25537;125538;1;Medium
25962;35110;135111;1;Low
25963;27893;127894;0;Medium
25964;35972;135973;0;Medium
25965;34568;134569;1;Low
25966;14743;114744;0;High
25967;21638;121639;1;High
25968;10338;110339;2;Medium
25969;3001;103002;4;High
25970;14542;114543;0;Low
25971;29696;129697;0;Low
25972;39600;139601;1;Medium
25973;39047;139048;1;Medium
25974;47674;147675;0;Medium
25975;3921;103922;1;High
25976;19958;119959;0;High
25977;17625;117626;2;Medium
25978;33679;133680;3;High
25979;32408;132409;4;Low
25980;37244;137245;0;Low
25981;27309;127310;0;Low
25982;5823;105824;3;Low
25983;44376;144377;3;High
25984;15279;115280;0;Low
25985;41623;141624;0;Medium
25986;43295;143296;1;Low
25987;34847;134848;3;Medium
25988;14610;114611;1;High
25989;9997;109998;2;High
25990;37403;137404;3;Medium
25991;46260;146261;0;Low
25992;26389;126390;2;Medium
25993;39623;139624;4;High
25994;32158;132159;3;Low
25995;42784;142785;0;Low
25996;28258;128259;1;Medium
25997;41488;141489;4;High
25998;39139;139140;2;High
25999;13122;113123;2;Medium
26000;30298;130299;2;Low
26001;39639;139640;3;Medium
26002;8872;108873;3;Medium
26003;14277;114278;2;High
26004;24480;124481;4;Medium
26005;37781;137782;2;High
26006;11619;111620;1;Medium
26007;49660;149661;0;High
26008;10609;110610;0;High
26009;20591;120592;3;High
26010;1136;101137;2;High
26011;28346;128347;0;High
26012;44844;144845;2;Medium
26013;17582;117583;0;Medium
26014;35473;135474;0;High
26015;38243;138244;1;Medium
26016;25622;125623;0;Low
26017;49102;149103;3;Medium
26018;12624;112625;1;High
26019;27868;127869;1;High
26020;42399;142400;4;Medium
26021;34353;134354;4;Low
26022;27544;127545;3;Medium
26023;25361;125362;3;High
26024;37651;137652;2;Low
26025;14234;114235;3;High
26026;3585;103586;3;Medium
26027;42559;142560;4;Low
26028;9041;109042;4;Medium
26029;4009;104010;1;Medium
26030;48676;148677;0;Medium
26031;31184;131185;4;Low
26032;25243;125244;4;Medium
26033;37190;137191;3;High
26034;44761;144762;2;High
26035;39482;139483;1;Medium
26036;35462;135463;1;High
26037;33888;133889;4;Low
26038;16987;116988;3;Low
26039;33800;133801;2;High
26040;43204;143205;2;High
26041;39778;139779;0;Low
26042;40720;140721;0;Medium
26043;22242;122243;2;Medium
26044;9686;109687;2;Medium
26045;299;100300;3;Low
26046;32165;132166;0;Medium
26047;27339;127340;4;Medium
26048;5473;105474;4;Medium
26049;8184;108185;0;Medium
26050;11041;111042;0;Medium
26051;22406;122407;2;Medium
26052;17640;117641;1;Low
26053;48056;148057;0;High
26054;22195;122196;4;Medium
26055;43137;143138;3;Medium
26056;33426;133427;3;High
26057;5946;105947;0;Low
26058;18937;118938;0;High
26059;47098;147099;4;Low
26060;34024;134025;2;High
26061;16911;116912;3;High
26062;49717;149718;1;Low
26063;12659;112660;0;Medium
26064;14259;114260;4;Low
26065;21227;121228;1;Medium
26066;22292;122293;2;High
26067;24774;124775;3;Medium
26068;224;100225;2;Medium
26069;31878;131879;1;High
26070;7428;107429;4;Medium
26071;27598;127599;2;Low
26072;31804;131805;3;High
26073;11074;111075;0;Low
26074;45826;145827;2;Low
26075;39315;139316;1;High
26076;3512;103513;2;High
26077;23880;123881;4;High
26078;24362;124363;4;Low
26079;30141;130142;0;Medium
26080;5797;105798;4;High
26081;19475;119476;2;Medium
26082;25436;125437;2;Medium
26083;26983;126984;1;Medium
26084;32646;132647;2;High
26085;31847;131848;3;Medium
26086;8964;108965;0;Low
26087;672;100673;1;High
26088;17643;117644;4;High
26089;22562;122563;4;Medium
26090;11124;111125;2;High
26091;29230;129231;0;Medium
26092;38902;138903;1;High
26093;24967;124968;1;Low
26094;38603;138604;0;Medium
26095;34220;134221;3;High
26096;42753;142754;2;High
26097;39675;139676;4;Medium
26098;38124;138125;0;Medium
26099;44149;144150;0;Medium
26100;22849;122850;0;High
26101;38805;138806;1;Medium
26102;31522;131523;3;High
26103;45632;145633;3;High
26104;34484;134485;1;High
26105;11918;111919;3;High
26106;45182;145183;1;Medium
26107;28914;128915;2;Medium
26108;24919;124920;1;Medium
26109;15695;115696;4;Low
26110;48557;148558;1;Low
26111;13943;113944;1;Low
26112;17893;117894;0;Medium
26113;20117;120118;3;High
26114;43877;143878;1;Low
26115;20643;120644;1;High
26116;35167;135168;0;Low
26117;47163;147164;3;High
26118;13812;113813;0;Medium
26119;19396;119397;4;Medium
26120;8492;108493;3;Medium
26121;214;100215;2;Low
26122;31740;131741;1;Medium
26123;1948;101949;0;Low
26124;26839;126840;3;Medium
26125;10652;110653;1;Medium
26126;37915;137916;4;Low
26127;31266;131267;0;High
26128;26904;126905;4;Medium
26129;5835;105836;2;Low
26130;1992;101993;2;Medium
26131;20233;120234;1;Low
26132;14911;114912;0;Low
26133;7541;107542;4;Low
26134;14543;114544;3;Low
26135;27680;127681;3;High
26136;27890;127891;1;Medium
26137;33484;133485;0;Medium
26138;19562;119563;4;Medium
26139;17653;117654;3;Low
26140;8367;108368;1;Low
26141;9129;109130;0;Medium
26142;25007;125008;4;Medium
26143;4333;104334;0;Medium
26144;32550;132551;2;High
26145;44547;144548;4;Low
26146;14055;114056;0;Low
26147;31637;131638;2;Medium
26148;8253;108254;1;Low
26149;16996;116997;4;Low
26150;48576;148577;3;Medium
26151;12334;112335;3;Low
26152;17329;117330;4;High
26153;27321;127322;1;High
26154;9555;109556;4;Medium
26155;7353;107354;4;Medium
26156;5626;105627;2;Medium
26157;8319;108320;3;High
26158;12065;112066;0;Low
26159;17984;117985;1;Low
26160;26911;126912;1;Medium
26161;38853;138854;2;Low
26162;21099;121100;2;High
26163;49224;149225;3;Medium
26164;31634;131635;1;Medium
26165;36911;136912;4;Low
26166;13742;113743;3;Medium
26167;36214;136215;3;Low
26168;23190;123191;1;Medium
26169;1224;101225;3;Low
26170;28669;128670;4;Low
26171;6813;106814;1;Low
26172;21810;121811;4;Medium
26173;2757;102758;3;Low
26174;27478;127479;4;Medium
26175;7344;107345;1;High
26176;14886;114887;0;Medium
26177;7868;107869;0;Medium
26178;7567;107568;4;Medium
26179;2746;102747;1;Medium
26180;15537;115538;2;Medium
26181;2859;102860;2;Low
26182;25823;125824;4;Medium
26183;2359;102360;0;Low
26184;36831;136832;2;Low
26185;4371;104372;4;Medium
26186;21109;121110;4;High
26187;27274;127275;0;Medium
26188;40291;140292;0;Medium
26189;15949;115950;2;Low
26190;2334;102335;1;Low
26191;34056;134057;4;High
26192;32330;132331;2;Low
26193;37182;137183;3;Medium
26194;13349;113350;1;High
26195;35834;135835;4;Low
26196;25782;125783;4;High
26197;43694;143695;3;Low
26198;31197;131198;3;Medium
26199;38806;138807;3;Low
26200;3516;103517;4;Medium
26201;24619;124620;0;Low
26202;42491;142492;2;High
26203;33767;133768;4;Medium
26204;7491;107492;0;High
26205;6489;106490;4;Low
26206;40977;140978;2;Medium
26207;36522;136523;3;Medium
26208;22367;122368;4;Low
26209;47936;147937;2;High
26210;19543;119544;4;Medium
26211;33915;133916;2;High
26212;27740;127741;3;Medium
26213;10422;110423;3;High
26214;19588;119589;2;Low
26215;46221;146222;0;High
26216;23501;123502;0;Low
26217;12262;112263;4;Medium
26218;36679;136680;3;High
26219;20100;120101;3;Medium
26220;35812;135813;0;High
26221;8611;108612;0;Medium
26222;17762;117763;0;High
26223;29960;129961;1;Low
26224;11832;111833;1;Low
26225;22920;122921;0;Medium
26226;48738;148739;3;Low
26227;43052;143053;0;Medium
26228;38202;138203;4;Low
26229;8089;108090;1;High
26230;15965;115966;4;Medium
26231;40385;140386;1;High
26232;10983;110984;1;Medium
26233;44407;144408;3;Low
26234;4198;104199;4;Low
26235;38864;138865;3;High
26236;44010;144011;1;Medium
26237;46612;146613;4;High
26238;28918;128919;4;High
26239;18292;118293;1;Medium
26240;14438;114439;0;Medium
26241;9042;109043;2;High
26242;7933;107934;4;Low
26243;37321;137322;2;Medium
26244;7962;107963;1;Low
26245;49749;149750;0;Medium
26246;26193;126194;2;High
26247;10086;110087;2;Low
26248;7311;107312;4;Low
26249;31436;131437;3;Low
26250;27042;127043;3;High
26251;11207;111208;4;High
26252;29595;129596;1;Medium
26253;21156;121157;0;Medium
26254;7172;107173;3;Medium
26255;33445;133446;0;Medium
26256;45794;145795;1;High
26257;30686;130687;1;Low
26258;47286;147287;4;High
26259;33825;133826;2;Low
26260;38598;138599;1;Low
26261;48365;148366;4;Low
26262;7557;107558;0;Low
26263;44736;144737;3;Low
26264;3000;103001;4;Medium
26265;5457;105458;2;Medium
26266;34157;134158;2;Low
26267;45775;145776;3;Medium
26268;2496;102497;1;Low
26269;14705;114706;3;High
26270;11757;111758;4;Medium
26271;2831;102832;2;Low
26272;39096;139097;2;Low
26273;7208;107209;4;Low
26274;30340;130341;1;Low
26275;17545;117546;3;Low
26276;22519;122520;4;Low
26277;24529;124530;0;Medium
26278;8232;108233;2;High
26279;19151;119152;2;High
26280;48880;148881;1;Low
26281;21382;121383;1;Medium
26282;39227;139228;3;Low
26283;23839;123840;4;High
26284;37200;137201;2;Low
26285;46028;146029;4;Low
26286;360;100361;4;Medium
26287;41383;141384;4;High
26288;31430;131431;4;Low
26289;29700;129701;2;Medium
26290;15651;115652;4;Medium
26291;14814;114815;1;Medium
26292;15484;115485;4;Medium
26293;18423;118424;4;Medium
26294;6769;106770;2;Low
26295;39437;139438;2;Medium
26296;49485;149486;3;Low
26297;7816;107817;0;High
26298;49455;149456;2;High
26299;17429;117430;1;Medium
26300;49676;149677;0;Low
26301;39717;139718;4;High
26302;9831;109832;2;Low
26303;37710;137711;4;Medium
26304;46368;146369;2;Medium
26305;29174;129175;1;Low
26306;6730;106731;1;Low
26307;48955;148956;1;Medium
26308;32262;132263;1;Medium
26309;41331;141332;3;Medium
26310;40948;140949;3;Low
26311;43211;143212;2;Medium
26312;5444;105445;2;Medium
26313;16858;116859;1;Low
26314;41901;141902;2;High
26315;14528;114529;1;Medium
26316;35534;135535;4;Low
26317;43723;143724;0;High
26318;38483;138484;0;High
26319;46851;146852;3;Medium
26320;40654;140655;3;Medium
26321;4104;104105;1;High
26322;47970;147971;4;Medium
26323;36295;136296;2;Medium
26324;43322;143323;0;Low
26325;33587;133588;1;High
26326;108;100109;0;Low
26327;46117;146118;1;Medium
26328;20374;120375;3;Low
26329;26112;126113;4;Low
26330;18586;118587;3;High
26331;23640;123641;0;Low
26332;17052;117053;2;Low
26333;41771;141772;2;Low
26334;9235;109236;4;Medium
26335;25800;125801;1;High
26336;8766;108767;3;Medium
26337;15495;115496;3;High
26338;1991;101992;0;Medium
26339;28706;128707;0;Low
26340;40104;140105;1;High
26341;41532;141533;1;Medium
26342;21178;121179;2;High
26343;40704;140705;4;Medium
26344;19740;119741;0;Low
26345;18604;118605;1;Medium
26346;43501;143502;4;Medium
26347;8506;108507;0;High
26348;26736;126737;1;Medium
26349;31031;131032;1;Medium
26350;37313;137314;0;Medium
26351;37351;137352;4;Medium
26352;34122;134123;3;Medium
26353;11006;111007;2;Low
26354;23328;123329;1;High
26355;3213;103214;3;Low
26356;11717;111718;0;Medium
26357;29487;129488;4;Medium
26358;3511;103512;1;Medium
26359;36948;136949;3;Low
26360;7941;107942;1;Low
26361;22408;122409;3;Low
26362;34863;134864;2;Low
26363;46153;146154;4;Medium
26364;26968;126969;2;Low
26365;21769;121770;4;Low
26366;13278;113279;0;Medium
26367;12601;112602;1;Low
26368;19574;119575;4;Low
26369;34539;134540;4;Medium
26370;49476;149477;0;High
26371;48117;148118;3;Medium
26372;8263;108264;1;Medium
26373;15050;115051;4;Medium
26374;17065;117066;1;High
26375;33616;133617;2;Low
26376;5036;105037;3;Low
26377;36587;136588;0;Medium
26378;42029;142030;3;Low
26379;10265;110266;4;Medium
26380;42718;142719;4;Medium
26381;19001;119002;1;High
26382;6799;106800;1;Medium
26383;38358;138359;4;Low
26384;26057;126058;3;High
26385;24767;124768;2;Low
26386;7563;107564;1;Low
26387;9015;109016;1;Medium
26388;48837;148838;1;Medium
26389;13740;113741;1;High
26390;21441;121442;0;Medium
26391;18804;118805;1;Low
26392;42571;142572;3;Medium
26393;35305;135306;3;Medium
26394;5974;105975;4;High
26395;9110;109111;2;Low
26396;49068;149069;0;Medium
26397;6360;106361;3;Medium
26398;48252;148253;3;Medium
26399;29860;129861;0;High
26400;33857;133858;4;Low
26401;11600;111601;3;High
26402;46068;146069;0;Low
26403;11319;111320;1;Medium
26404;38829;138830;0;Low
26405;5533;105534;2;Medium
26406;32836;132837;4;High
26407;1866;101867;3;Low
26408;39894;139895;0;High
26409;28188;128189;2;Low
26410;13456;113457;1;Medium
26411;37763;137764;0;Low
26412;12147;112148;4;Medium
26413;34875;134876;0;Low
26414;28795;128796;0;Medium
26415;925;100926;0;High
26416;11418;111419;1;Medium
26417;32450;132451;3;Low
26418;2511;102512;2;Medium
26419;46965;146966;1;High
26420;41134;141135;3;Low
26421;44567;144568;1;Low
26422;13092;113093;1;Low
26423;1938;101939;1;High
26424;15849;115850;0;Low
26425;815;100816;0;Medium
26426;8922;108923;4;High
26427;16090;116091;3;Medium
26428;15892;115893;2;Low
26429;48522;148523;3;Medium
26430;35003;135004;3;Low
26431;43601;143602;1;High
26432;34697;134698;4;Low
26433;32991;132992;2;Medium
26434;48388;148389;3;Low
26435;36141;136142;0;Low
26436;574;100575;2;High
26437;19143;119144;4;Medium
26438;11883;111884;3;Low
26439;35142;135143;0;High
26440;28983;128984;2;Medium
26441;12261;112262;4;High
26442;20489;120490;1;Medium
26443;17703;117704;3;Medium
26444;3435;103436;1;Low
26445;43612;143613;4;Low
26446;302;100303;3;Medium
26447;2980;102981;1;Low
26448;9164;109165;2;Medium
26449;28962;128963;3;Medium
26450;11615;111616;4;Low
26451;45350;145351;4;Low
26452;25504;125505;3;Low
26453;24793;124794;4;Low
26454;24238;124239;1;Medium
26455;12818;112819;0;Medium
26456;31269;131270;0;High
26457;2403;102404;2;Medium
26458;41996;141997;1;Medium
26459;15604;115605;4;High
26460;13110;113111;2;High
26461;30322;130323;4;High
26462;19935;119936;3;Medium
26463;8071;108072;2;High
26464;31429;131430;4;Medium
26465;41450;141451;0;High
26466;24349;124350;3;Low
26467;36292;136293;4;Low
26468;3626;103627;0;Medium
26469;26868;126869;1;Low
26470;11292;111293;0;Medium
26471;17950;117951;0;Medium
26472;34467;134468;0;Medium
26473;48301;148302;0;Low
26474;47080;147081;4;Medium
26475;31559;131560;2;High
26476;40033;140034;2;Medium
26477;48488;148489;3;Low
26478;44588;144589;1;High
26479;43727;143728;4;Low
26480;634;100635;4;Low
26481;47403;147404;1;Medium
26482;41679;141680;1;Low
26483;9447;109448;2;High
26484;31129;131130;0;Medium
26485;4001;104002;2;Low
26486;49922;149923;3;Medium
26487;25079;125080;0;Low
26488;30886;130887;0;Medium
26489;18699;118700;0;Medium
26490;22822;122823;0;Low
26491;47411;147412;2;Low
26492;46556;146557;1;Medium
26493;36058;136059;1;High
26494;11747;111748;3;High
26495;23042;123043;0;High
26496;2290;102291;4;Medium
26497;831;100832;0;Low
26498;23385;123386;2;Medium
26499;4392;104393;2;Low
26500;45991;145992;2;Low
26501;3696;103697;4;High
26502;30815;130816;0;Medium
26503;3578;103579;4;Low
26504;36913;136914;3;Low
26505;10859;110860;4;Low
26506;45240;145241;4;Medium
26507;4381;104382;3;Medium
26508;48639;148640;3;Medium
26509;25414;125415;4;Medium
26510;345;100346;1;High
26511;27160;127161;0;High
26512;33043;133044;2;Medium
26513;11620;111621;2;Medium
26514;39172;139173;4;Low
26515;19807;119808;0;Low
26516;25398;125399;4;Low
26517;5171;105172;3;Medium
26518;3235;103236;0;Medium
26519;10404;110405;0;Medium
26520;22297;122298;2;Medium
26521;12932;112933;2;High
26522;29885;129886;3;Medium
26523;45213;145214;0;Medium
26524;7910;107911;1;Medium
26525;16274;116275;2;Low
26526;49376;149377;3;Medium
26527;34655;134656;4;Low
26528;12793;112794;3;Medium
26529;44366;144367;1;Medium
26530;16708;116709;0;High
26531;3554;103555;1;High
26532;44207;144208;4;Medium
26533;16980;116981;0;High
26534;5659;105660;2;High
26535;30184;130185;4;Medium
26536;29858;129859;1;Low
26537;1927;101928;2;High
26538;346;100347;1;Low
26539;1648;101649;2;Medium
26540;9736;109737;2;Medium
26541;5069;105070;3;Medium
26542;36002;136003;2;High
26543;43404;143405;1;High
26544;47595;147596;3;Medium
26545;1092;101093;0;Medium
26546;45842;145843;1;Low
26547;42837;142838;0;High
26548;46735;146736;1;Low
26549;44208;144209;0;Medium
26550;11036;111037;0;Medium
26551;39884;139885;4;Medium
26552;40543;140544;3;High
26553;30688;130689;4;Medium
26554;12904;112905;1;High
26555;42427;142428;1;Medium
26556;19258;119259;0;Low
26557;26805;126806;0;High
26558;34993;134994;3;High
26559;29949;129950;3;Low
26560;46361;146362;3;Medium
26561;18947;118948;3;Medium
26562;13217;113218;2;Low
26563;23003;123004;1;Low
26564;3634;103635;4;Low
26565;48330;148331;0;Low
26566;7742;107743;4;Medium
26567;49944;149945;3;Medium
26568;13173;113174;0;Medium
26569;17915;117916;1;Low
26570;39701;139702;3;High
26571;25376;125377;2;High
26572;35307;135308;3;Medium
26573;15083;115084;4;Medium
26574;41489;141490;1;Medium
26575;17949;117950;4;Low
26576;38016;138017;1;Medium
26577;38782;138783;3;High
26578;17322;117323;1;Medium
26579;29128;129129;2;Low
26580;21770;121771;0;Low
26581;47100;147101;4;Medium
26582;13512;113513;3;Low
26583;25234;125235;2;Low
26584;36286;136287;4;Low
26585;38716;138717;0;Low
26586;6139;106140;4;Medium
26587;47906;147907;4;Medium
26588;32243;132244;2;Medium
26589;2855;102856;2;Low
26590;35807;135808;4;Medium
26591;25564;125565;4;Low
26592;20669;120670;4;High
26593;15816;115817;4;Low
26594;13822;113823;0;Medium
26595;40974;140975;3;Medium
26596;49857;149858;4;Medium
26597;48747;148748;4;Medium
26598;3476;103477;2;Medium
26599;1302;101303;3;Low
26600;47506;147507;3;Medium
26601;15811;115812;4;High
26602;23520;123521;2;Low
26603;33428;133429;1;Low
26604;14730;114731;2;High
26605;32033;132034;4;Low
26606;8208;108209;3;Medium
26607;39209;139210;4;Low
26608;22965;122966;3;High
26609;14007;114008;1;High
26610;19820;119821;3;High
26611;39822;139823;2;High
26612;16325;116326;3;Low
26613;19830;119831;4;High
26614;40300;140301;4;Medium
26615;3800;103801;3;High
26616;21663;121664;3;Medium
26617;8908;108909;0;Medium
26618;33954;133955;4;Low
26619;493;100494;4;Medium
26620;15717;115718;4;Medium
26621;37619;137620;3;Medium
26622;48971;148972;2;Low
26623;26059;126060;1;Low
26624;682;100683;1;Low
26625;41100;141101;4;Medium
26626;27568;127569;2;Medium
26627;15977;115978;1;High
26628;35483;135484;3;Medium
26629;49229;149230;4;Medium
26630;41226;141227;3;Medium
26631;8823;108824;1;High
26632;46921;146922;2;Medium
26633;48570;148571;3;Medium
26634;31448;131449;2;Low
26635;33270;133271;3;Low
26636;37195;137196;3;Low
26637;31527;131528;3;Low
26638;13573;113574;4;High
26639;19812;119813;0;Low
26640;30659;130660;2;Low
26641;47573;147574;2;High
26642;35415;135416;3;High
26643;14590;114591;4;Low
26644;22597;122598;0;High
26645;9246;109247;2;High
26646;495;100496;1;Medium
26647;8409;108410;1;Low
26648;40683;140684;3;Medium
26649;14360;114361;2;Medium
26650;42360;142361;4;High
26651;49710;149711;1;Medium
26652;26694;126695;3;Medium
26653;8562;108563;4;Medium
26654;42662;142663;0;Low
26655;43331;143332;2;Medium
26656;11320;111321;3;High
26657;19910;119911;3;Low
26658;16180;116181;2;Low
26659;49165;149166;1;Low
26660;37338;137339;3;Low
26661;42663;142664;4;Medium
26662;39527;139528;1;Medium
26663;29457;129458;3;High
26664;30685;130686;0;Medium
26665;24259;124260;4;Medium
26666;33082;133083;3;Low
26667;26977;126978;3;Low
26668;22897;122898;4;High
26669;37559;137560;4;Medium
26670;30466;130467;4;Medium
26671;10042;110043;2;Medium
26672;25008;125009;2;High
26673;47413;147414;2;Low
26674;48315;148316;2;Low
26675;10850;110851;3;High
26676;39626;139627;1;Low
26677;17382;117383;0;Medium
26678;14459;114460;1;Low
26679;40392;140393;4;Medium
26680;13538;113539;4;Low
26681;37874;137875;1;High
26682;46424;146425;2;Low
26683;13548;113549;4;Low
26684;29811;129812;4;Low
26685;16156;116157;0;High
26686;41295;141296;0;High
26687;36256;136257;3;Medium
26688;45791;145792;4;Low
26689;26973;126974;4;Low
26690;40368;140369;1;High
26691;31510;131511;4;Medium
26692;1688;101689;0;Low
26693;9428;109429;4;Medium
26694;35640;135641;2;Medium
26695;35695;135696;1;Medium
26696;20428;120429;0;Low
26697;5900;105901;3;Medium
26698;10132;110133;3;High
26699;45709;145710;2;High
26700;25483;125484;1;Medium
26701;31918;131919;0;Medium
26702;43959;143960;3;Low
26703;31379;131380;1;Low
26704;45713;145714;0;Medium
26705;47064;147065;4;Low
26706;5246;105247;0;Medium
26707;46623;146624;1;Low
26708;34318;134319;2;Medium
26709;28917;128918;0;Medium
26710;23610;123611;4;Low
26711;46643;146644;1;Medium
26712;21388;121389;0;High
26713;28158;128159;0;Low
26714;21703;121704;3;Medium
26715;19402;119403;4;Medium
26716;2234;102235;4;High
26717;14405;114406;3;Low
26718;19997;119998;2;Medium
26719;34525;134526;2;Low
26720;33225;133226;2;Low
26721;1088;101089;4;Low
26722;43720;143721;4;Medium
26723;43150;143151;1;Medium
26724;49174;149175;0;High
26725;38485;138486;0;Medium
26726;34961;134962;2;Low
26727;5569;105570;3;Medium
26728;19556;119557;2;Medium
26729;31069;131070;0;Medium
26730;31927;131928;4;Medium
26731;31113;131114;1;Medium
26732;48392;148393;2;Medium
26733;18186;118187;2;Low
26734;33996;133997;0;Medium
26735;10729;110730;3;Low
26736;521;100522;2;Medium
26737;22122;122123;1;Low
26738;21071;121072;4;High
26739;9989;109990;2;Low
26740;12991;112992;2;Medium
26741;21922;121923;0;Medium
26742;34111;134112;3;Medium
26743;18076;118077;2;Medium
26744;9930;109931;2;High
26745;22279;122280;0;Low
26746;49344;149345;1;Medium
26747;20779;120780;2;Low
26748;47798;147799;2;Medium
26749;25772;125773;2;Medium
26750;49883;149884;1;High
26751;33261;133262;2;Medium
26752;25405;125406;0;High
26753;41649;141650;3;High
26754;25660;125661;0;Low
26755;4564;104565;1;High
26756;32593;132594;0;Medium
26757;38682;138683;4;High
26758;18570;118571;2;Low
26759;9120;109121;1;High
26760;47874;147875;1;Low
26761;22922;122923;3;Low
26762;6850;106851;2;Medium
26763;8435;108436;0;High
26764;11541;111542;3;Medium
26765;7012;107013;4;High
26766;41956;141957;3;Low
26767;2015;102016;3;Medium
26768;24145;124146;2;Medium
26769;33466;133467;1;Low
26770;35755;135756;3;Low
26771;18143;118144;0;Low
26772;30803;130804;3;Medium
26773;22851;122852;2;High
26774;1225;101226;2;Low
26775;21707;121708;4;Low
26776;12809;112810;1;Medium
26777;12466;112467;4;Medium
26778;32532;132533;0;Low
26779;14163;114164;4;Low
26780;34221;134222;2;Medium
26781;7694;107695;2;Low
26782;18125;118126;4;High
26783;46920;146921;4;High
26784;11488;111489;4;Medium
26785;33519;133520;2;High
26786;6699;106700;3;High
26787;47443;147444;2;High
26788;46857;146858;2;Medium
26789;27968;127969;2;Low
26790;35524;135525;4;Medium
26791;44106;144107;1;High
26792;41203;141204;2;High
26793;28660;128661;1;Low
26794;13053;113054;0;Medium
26795;21280;121281;3;Medium
26796;37514;137515;0;Medium
26797;18538;118539;3;Medium
26798;6311;106312;4;Medium
26799;41377;141378;1;Medium
26800;41791;141792;4;High
26801;11664;111665;0;Medium
26802;8963;108964;4;Low
26803;19467;119468;2;High
26804;48116;148117;2;Medium
26805;9808;109809;4;Low
26806;6755;106756;2;High
26807;7412;107413;2;Low
26808;20794;120795;3;Medium
26809;1670;101671;0;High
26810;30914;130915;1;Low
26811;23571;123572;3;Low
26812;34098;134099;3;Low
26813;22108;122109;4;Medium
26814;6453;106454;0;Low
26815;2142;102143;3;Medium
26816;15942;115943;2;Low
26817;36954;136955;0;High
26818;402;100403;2;Medium
26819;22230;122231;0;Low
26820;6928;106929;1;Low
26821;33325;133326;3;Medium
26822;22724;122725;3;Low
26823;24542;124543;1;Low
26824;25355;125356;1;High
26825;39579;139580;0;Low
26826;4471;104472;3;Low
26827;4781;104782;4;Low
26828;20274;120275;0;Medium
26829;15812;115813;2;Low
26830;45388;145389;3;Low
26831;17710;117711;2;Low
26832;17954;117955;2;Medium
26833;27118;127119;4;High
26834;49133;149134;0;Low
26835;9467;109468;4;Medium
26836;16296;116297;0;High
26837;34042;134043;1;High
26838;2562;102563;1;High
26839;33908;133909;2;Medium
26840;49764;149765;4;Medium
26841;6356;106357;1;High
26842;22779;122780;3;Low
26843;28671;128672;4;High
26844;25152;125153;0;High
26845;23525;123526;2;High
26846;47695;147696;0;Low
26847;3167;103168;4;High
26848;14676;114677;1;Low
26849;11784;111785;4;High
26850;12790;112791;0;Medium
26851;34510;134511;0;High
26852;22390;122391;2;High
26853;44093;144094;2;Medium
26854;21569;121570;4;Medium
26855;34040;134041;0;High
26856;38398;138399;4;High
26857;16790;116791;3;Medium
26858;32186;132187;1;High
26859;30055;130056;2;Medium
26860;41670;141671;1;Low
26861;33343;133344;0;Low
26862;27771;127772;2;Low
26863;26474;126475;4;Medium
26864;25798;125799;4;High
26865;21354;121355;0;Low
26866;35270;135271;1;Low
26867;41775;141776;2;High
26868;47261;147262;0;Medium
26869;11616;111617;3;Low
26870;40363;140364;0;Low
26871;47866;147867;4;High
26872;18507;118508;1;High
26873;5991;105992;2;High
26874;34228;134229;3;Medium
26875;11843;111844;3;Medium
26876;39425;139426;2;Medium
26877;22278;122279;0;Low
26878;17151;117152;3;Medium
26879;44409;144410;2;High
26880;890;100891;3;High
26881;45694;145695;1;Medium
26882;37424;137425;4;High
26883;47871;147872;2;Medium
26884;32658;132659;1;Medium
26885;35248;135249;3;High
26886;44888;144889;0;Low
26887;23807;123808;4;Medium
26888;12386;112387;1;High
26889;36354;136355;0;Low
26890;31241;131242;1;High
26891;35540;135541;3;Medium
26892;28944;128945;3;Medium
26893;35886;135887;0;Medium
26894;39533;139534;3;Medium
26895;46234;146235;3;Low
26896;35169;135170;3;Medium
26897;16697;116698;0;Low
26898;49232;149233;4;Medium
26899;42211;142212;4;Low
26900;12990;112991;3;Medium
26901;35133;135134;1;Medium
26902;29924;129925;4;Medium
26903;19387;119388;1;Low
26904;20804;120805;2;Low
26905;39097;139098;2;Low
26906;6724;106725;0;High
26907;8048;108049;4;Low
26908;19832;119833;1;Low
26909;16753;116754;0;High
26910;2587;102588;3;Medium
26911;22365;122366;4;Medium
26912;8105;108106;0;Low
26913;32153;132154;4;High
26914;11391;111392;3;Medium
26915;39122;139123;0;Medium
26916;21194;121195;2;High
26917;10489;110490;4;Medium
26918;15336;115337;0;High
26919;2491;102492;3;Low
26920;9656;109657;2;Medium
26921;49502;149503;1;High
26922;43546;143547;2;Low
26923;35409;135410;1;High
26924;49860;149861;2;Low
26925;34468;134469;4;Medium
26926;23672;123673;1;Low
26927;27252;127253;2;Low
26928;43124;143125;4;High
26929;41717;141718;4;Medium
26930;15836;115837;3;Medium
26931;19174;119175;0;High
26932;3281;103282;1;Low
26933;2053;102054;3;Low
26934;43530;143531;1;Medium
26935;477;100478;3;Medium
26936;26402;126403;1;Low
26937;39774;139775;3;Medium
26938;4163;104164;0;Low
26939;14036;114037;1;High
26940;22397;122398;0;Low
26941;17275;117276;2;Medium
26942;31813;131814;4;Medium
26943;49340;149341;2;Low
26944;4751;104752;4;Medium
26945;36262;136263;4;Low
26946;9121;109122;1;High
26947;32388;132389;0;High
26948;31639;131640;1;Medium
26949;7090;107091;4;High
26950;15648;115649;4;High
26951;30305;130306;1;Low
26952;41558;141559;1;Low
26953;24473;124474;2;Medium
26954;26302;126303;1;Low
26955;11727;111728;1;High
26956;43883;143884;2;High
26957;39729;139730;3;Medium
26958;907;100908;2;Low
26959;32799;132800;0;Medium
26960;9657;109658;4;Medium
26961;45292;145293;0;Medium
26962;6183;106184;0;High
26963;28659;128660;1;Low
26964;49496;149497;3;Medium
26965;40640;140641;3;High
26966;12452;112453;2;Medium
26967;14561;114562;1;Medium
26968;46804;146805;4;High
26969;47779;147780;3;Low
26970;28213;128214;0;Medium
26971;20715;120716;2;High
26972;39190;139191;1;Medium
26973;40283;140284;1;Medium
26974;31576;131577;2;Low
26975;33429;133430;4;Low
26976;29452;129453;0;High
26977;40968;140969;3;Medium
26978;37652;137653;4;High
26979;5854;105855;4;Medium
26980;44428;144429;1;Medium
26981;170;100171;1;Low
26982;49624;149625;1;High
26983;5421;105422;4;High
26984;14178;114179;3;Low
26985;25320;125321;2;Medium
26986;33984;133985;0;Low
26987;45651;145652;1;High
26988;34663;134664;2;Low
26989;13406;113407;3;Medium
26990;49726;149727;0;Medium
26991;7587;107588;2;High
26992;14830;114831;3;Low
26993;24654;124655;1;Medium
26994;34476;134477;2;Low
26995;24647;124648;2;High
26996;31191;131192;1;High
26997;22157;122158;1;High
26998;13970;113971;1;High
26999;46483;146484;2;Low
27000;37174;137175;4;Low
27001;40593;140594;3;Medium
27002;5735;105736;2;Medium
27003;1732;101733;3;Medium
27004;30895;130896;1;Low
27005;24375;124376;4;Low
27006;47698;147699;2;Low
27007;4308;104309;2;Medium
27008;27834;127835;3;Low
27009;30472;130473;0;High
27010;3429;103430;0;Medium
27011;22644;122645;2;Medium
27012;13000;113001;1;Medium
27013;16133;116134;3;Low
27014;29559;129560;2;Low
27015;8199;108200;3;High
27016;12915;112916;0;Medium
27017;30100;130101;3;Low
27018;12723;112724;4;Low
27019;1721;101722;0;Medium
27020;22847;122848;2;Medium
27021;8088;108089;2;High
27022;44352;144353;4;High
27023;39106;139107;3;Low
27024;39553;139554;0;Low
27025;45254;145255;3;Low
27026;5068;105069;0;High
27027;49738;149739;1;Low
27028;37825;137826;4;Medium
27029;45597;145598;3;Low
27030;688;100689;1;High
27031;17204;117205;0;Low
27032;18526;118527;1;Medium
27033;26082;126083;3;Medium
27034;11155;111156;3;Low
27035;9056;109057;3;Medium
27036;43789;143790;2;Medium
27037;5723;105724;2;High
27038;19183;119184;4;High
27039;28368;128369;1;High
27040;32132;132133;1;Medium
27041;31545;131546;0;Low
27042;47957;147958;3;Low
27043;47924;147925;2;High
27044;48934;148935;1;Low
27045;13004;113005;0;Medium
27046;37142;137143;0;Medium
27047;19352;119353;0;High
27048;36089;136090;1;High
27049;2207;102208;0;Medium
27050;41187;141188;4;Low
27051;32205;132206;3;Medium
27052;31894;131895;4;Low
27053;31059;131060;4;Medium
27054;41835;141836;1;Medium
27055;47446;147447;3;Low
27056;13170;113171;3;High
27057;31915;131916;0;Medium
27058;365;100366;1;Medium
27059;2760;102761;0;Low
27060;14598;114599;4;Medium
27061;2828;102829;4;Low
27062;25064;125065;4;Low
27063;5992;105993;0;Low
27064;26437;126438;0;High
27065;21717;121718;1;Medium
27066;28266;128267;0;Low
27067;16280;116281;1;High
27068;41199;141200;0;Medium
27069;34283;134284;2;Medium
27070;16979;116980;1;Low
27071;10209;110210;0;High
27072;10497;110498;0;Low
27073;3847;103848;2;Medium
27074;8039;108040;0;Low
27075;24590;124591;0;Low
27076;48484;148485;4;High
27077;7262;107263;1;Medium
27078;33551;133552;1;Medium
27079;44249;144250;3;Low
27080;32976;132977;2;Low
27081;46970;146971;4;Low
27082;42895;142896;4;Low
27083;15511;115512;1;Low
27084;30360;130361;4;Low
27085;11779;111780;2;Medium
27086;43968;143969;1;High
27087;49865;149866;4;Medium
27088;21548;121549;1;Low
27089;17312;117313;3;High
27090;38224;138225;2;Medium
27091;45919;145920;0;Low
27092;44272;144273;3;Medium
27093;2938;102939;1;Medium
27094;43293;143294;3;High
27095;17410;117411;1;Low
27096;40651;140652;0;Medium
27097;43893;143894;3;Low
27098;20007;120008;0;Medium
27099;9711;109712;2;Medium
27100;2294;102295;4;Low
27101;7686;107687;2;Low
27102;43358;143359;4;Low
27103;10774;110775;0;High
27104;8753;108754;0;Medium
27105;37737;137738;2;Low
27106;26986;126987;2;Medium
27107;18010;118011;2;High
27108;7786;107787;4;Medium
27109;19295;119296;4;Medium
27110;7153;107154;3;High
27111;43346;143347;0;High
27112;35618;135619;1;Low
27113;27562;127563;2;High
27114;27989;127990;4;High
27115;37239;137240;1;Medium
27116;27063;127064;0;High
27117;24216;124217;0;Low
27118;43142;143143;0;Medium
27119;12231;112232;4;Low
27120;17857;117858;4;High
27121;886;100887;2;Medium
27122;4356;104357;3;Medium
27123;49381;149382;3;High
27124;31003;131004;3;High
27125;1630;101631;2;Low
27126;25351;125352;0;Low
27127;1429;101430;4;Medium
27128;39247;139248;0;Medium
27129;13378;113379;3;Medium
27130;36926;136927;0;High
27131;38913;138914;0;Medium
27132;19826;119827;2;Medium
27133;36143;136144;1;Low
27134;10272;110273;0;Low
27135;13726;113727;1;High
27136;6288;106289;3;Medium
27137;24002;124003;1;Low
27138;36121;136122;1;Low
27139;7677;107678;4;Low
27140;25884;125885;4;High
27141;35268;135269;0;Low
27142;2340;102341;3;Medium
27143;36712;136713;2;High
27144;44672;144673;1;Medium
27145;18155;118156;2;Low
27146;21313;121314;1;Medium
27147;20752;120753;2;Low
27148;1352;101353;2;Low
27149;25694;125695;2;Low
27150;28911;128912;3;High
27151;5120;105121;1;Low
27152;47743;147744;4;Medium
27153;46546;146547;4;Medium
27154;14323;114324;2;Medium
27155;11082;111083;0;Low
27156;12537;112538;0;High
27157;18527;118528;1;Medium
27158;6754;106755;4;Low
27159;10588;110589;4;Medium
27160;23550;123551;0;High
27161;41177;141178;0;High
27162;23293;123294;2;Medium
27163;25953;125954;2;Low
27164;978;100979;3;Medium
27165;18683;118684;0;Low
27166;3768;103769;1;High
27167;43814;143815;2;Medium
27168;975;100976;0;Medium
27169;36335;136336;4;Medium
27170;20329;120330;0;Medium
27171;41432;141433;3;Medium
27172;43657;143658;2;High
27173;14368;114369;2;Medium
27174;49418;149419;1;Low
27175;1754;101755;4;High
27176;27365;127366;1;Medium
27177;40313;140314;3;High
27178;24796;124797;3;Medium
27179;11929;111930;1;High
27180;30088;130089;0;Low
27181;2273;102274;0;Low
27182;39149;139150;3;Medium
27183;37927;137928;2;Low
27184;22935;122936;0;High
27185;13857;113858;0;Medium
27186;13356;113357;3;Medium
27187;28182;128183;1;Medium
27188;36684;136685;4;Low
27189;21182;121183;3;Medium
27190;49694;149695;4;Medium
27191;49217;149218;3;Medium
27192;3462;103463;3;Low
27193;13894;113895;0;Low
27194;14566;114567;0;Low
27195;33608;133609;0;Medium
27196;45152;145153;4;High
27197;38297;138298;1;Low
27198;32510;132511;0;High
27199;39150;139151;3;High
27200;42604;142605;0;Medium
27201;26566;126567;4;Low
27202;19077;119078;1;Low
27203;1411;101412;2;High
27204;10699;110700;1;Medium
27205;47250;147251;1;Low
27206;35771;135772;1;High
27207;7745;107746;1;Medium
27208;7532;107533;1;Low
27209;44732;144733;4;Low
27210;10958;110959;3;Low
27211;7225;107226;1;Low
27212;21812;121813;2;Medium
27213;22620;122621;4;Low
27214;48520;148521;2;Medium
27215;44834;144835;2;Medium
27216;43880;143881;3;Medium
27217;8168;108169;3;Low
27218;48421;148422;1;Medium
27219;8431;108432;3;High
27220;24965;124966;3;Medium
27221;44017;144018;0;Medium
27222;31845;131846;1;High
27223;37056;137057;2;High
27224;27992;127993;4;Low
27225;22972;122973;4;High
27226;22601;122602;2;Medium
27227;2749;102750;1;Medium
27228;23260;123261;0;Medium
27229;35630;135631;3;Low
27230;19272;119273;4;Low
27231;9863;109864;4;Low
27232;40433;140434;4;Low
27233;33390;133391;1;Low
27234;46146;146147;1;Medium
27235;35114;135115;4;Medium
27236;2885;102886;3;Low
27237;24080;124081;0;Medium
27238;30259;130260;4;Medium
27239;26286;126287;1;Medium
27240;21946;121947;4;High
27241;20479;120480;3;Low
27242;933;100934;0;Low
27243;47894;147895;2;Medium
27244;42680;142681;4;Low
27245;9965;109966;0;Medium
27246;11046;111047;2;Medium
27247;30619;130620;2;Medium
27248;3017;103018;1;Low
27249;43070;143071;2;Medium
27250;31867;131868;0;Medium
27251;34624;134625;3;Low
27252;11849;111850;3;Low
27253;5033;105034;0;High
27254;19389;119390;4;Medium
27255;24678;124679;0;High
27256;17686;117687;1;High
27257;30374;130375;4;Medium
27258;13906;113907;2;Low
27259;48360;148361;1;Medium
27260;24173;124174;4;High
27261;44474;144475;0;Medium
27262;36481;136482;2;Medium
27263;43478;143479;3;Low
27264;23037;123038;4;Medium
27265;40697;140698;0;Low
27266;22703;122704;1;High
27267;1532;101533;2;Medium
27268;7597;107598;2;Medium
27269;28067;128068;0;High
27270;19443;119444;0;High
27271;35759;135760;2;Low
27272;5066;105067;4;Low
27273;42109;142110;1;High
27274;44215;144216;1;Low
27275;33714;133715;0;Low
27276;49151;149152;4;High
27277;41326;141327;1;High
27278;15770;115771;2;Medium
27279;32319;132320;4;Low
27280;44181;144182;4;Medium
27281;18749;118750;4;Medium
27282;10190;110191;3;Low
27283;10250;110251;4;Medium
27284;14365;114366;3;High
27285;43911;143912;3;High
27286;2201;102202;2;Medium
27287;15089;115090;2;Medium
27288;39734;139735;0;High
27289;33617;133618;0;Medium
27290;13264;113265;3;Low
27291;23799;123800;3;High
27292;29512;129513;4;Medium
27293;17998;117999;3;High
27294;45272;145273;0;Low
27295;8843;108844;3;High
27296;45993;145994;1;High
27297;23422;123423;4;Low
27298;37695;137696;0;High
27299;3803;103804;2;Medium
27300;47328;147329;0;Medium
27301;9024;109025;1;Low
27302;42377;142378;1;Medium
27303;43162;143163;4;Low
27304;30351;130352;4;Medium
27305;5416;105417;0;Medium
27306;21192;121193;0;Low
27307;15628;115629;2;High
27308;44557;144558;2;High
27309;15462;115463;1;Medium
27310;49482;149483;1;Medium
27311;21208;121209;2;High
27312;21789;121790;2;Medium
27313;3475;103476;4;High
27314;36329;136330;3;High
27315;26145;126146;3;High
27316;42028;142029;4;High
27317;5673;105674;3;Medium
27318;31395;131396;4;Medium
27319;45380;145381;0;High
27320;358;100359;2;High
27321;25662;125663;1;High
27322;48438;148439;3;High
27323;14285;114286;2;Low
27324;3826;103827;3;Medium
27325;42874;142875;4;Medium
27326;29393;129394;4;Medium
27327;8820;108821;2;High
27328;25343;125344;1;Medium
27329;49685;149686;4;Low
27330;6632;106633;0;Low
27331;35671;135672;0;Medium
27332;36669;136670;3;Low
27333;46638;146639;4;Low
27334;4103;104104;3;High
27335;12512;112513;0;High
27336;19724;119725;3;High
27337;43735;143736;3;Low
27338;28324;128325;2;Medium
27339;30029;130030;3;Low
27340;28291;128292;3;High
27341;30251;130252;4;Medium
27342;2751;102752;3;Medium
27343;9553;109554;4;High
27344;37027;137028;3;High
27345;45421;145422;4;High
27346;41742;141743;3;Low
27347;8340;108341;3;Medium
27348;13624;113625;3;Low
27349;9422;109423;4;Medium
27350;15594;115595;4;High
27351;47139;147140;3;Low
27352;28872;128873;2;Low
27353;38858;138859;1;High
27354;33370;133371;4;Medium
27355;8444;108445;2;Low
27356;7623;107624;4;Medium
27357;4250;104251;1;Low
27358;40987;140988;0;Medium
27359;32226;132227;2;High
27360;3805;103806;4;High
27361;44295;144296;0;Medium
27362;44932;144933;4;Medium
27363;48760;148761;0;Medium
27364;32414;132415;0;Low
27365;11504;111505;2;High
27366;40680;140681;4;Medium
27367;24755;124756;1;Medium
27368;2872;102873;4;Low
27369;13127;113128;1;Low
27370;9690;109691;0;Low
27371;45954;145955;1;Low
27372;12895;112896;3;Medium
27373;41173;141174;4;Low
27374;10027;110028;4;Medium
27375;4354;104355;1;Low
27376;41431;141432;0;Medium
27377;1654;101655;0;High
27378;36595;136596;2;Low
27379;47287;147288;0;Medium
27380;29678;129679;1;Low
27381;17071;117072;2;Medium
27382;4438;104439;2;Low
27383;42410;142411;3;Medium
27384;48697;148698;0;Medium
27385;29004;129005;1;High
27386;15907;115908;3;Medium
27387;37392;137393;2;High
27388;22538;122539;2;Low
27389;23142;123143;0;Medium
27390;35849;135850;2;Low
27391;27156;127157;0;Low
27392;16355;116356;0;Medium
27393;31810;131811;2;Medium
27394;13359;113360;4;High
27395;16770;116771;4;Medium
27396;29863;129864;1;Low
27397;37667;137668;1;High
27398;43410;143411;0;High
27399;45047;145048;0;Medium
27400;34336;134337;0;Medium
27401;18217;118218;1;Medium
27402;15433;115434;2;High
27403;19054;119055;4;Medium
27404;46042;146043;1;High
27405;30773;130774;4;High
27406;3771;103772;2;High
27407;9502;109503;3;Medium
27408;3612;103613;3;Low
27409;10676;110677;4;Medium
27410;43975;143976;1;Medium
27411;17766;117767;2;Low
27412;1132;101133;3;Low
27413;43582;143583;1;Low
27414;7968;107969;3;Medium
27415;22662;122663;0;Medium
27416;43762;143763;2;Medium
27417;626;100627;3;High
27418;22434;122435;0;High
27419;47764;147765;4;Medium
27420;10100;110101;2;Low
27421;33030;133031;2;Medium
27422;3189;103190;0;High
27423;21748;121749;2;Medium
27424;23320;123321;2;High
27425;24729;124730;1;Medium
27426;10657;110658;2;Medium
27427;21914;121915;3;Medium
27428;14381;114382;1;High
27429;34733;134734;4;Low
27430;15783;115784;0;Low
27431;28806;128807;3;Medium
27432;14736;114737;1;High
27433;36378;136379;3;Medium
27434;40885;140886;3;High
27435;18791;118792;3;Medium
27436;17039;117040;1;Medium
27437;24575;124576;4;Medium
27438;42040;142041;1;High
27439;45537;145538;3;High
27440;695;100696;0;Low
27441;37094;137095;4;Medium
27442;41357;141358;4;Medium
27443;45324;145325;2;Medium
27444;9597;109598;2;Low
27445;23651;123652;1;Medium
27446;42870;142871;0;Low
27447;31581;131582;4;Medium
27448;16436;116437;0;Low
27449;32228;132229;4;Low
27450;7435;107436;3;High
27451;31169;131170;2;Low
27452;38922;138923;3;Medium
27453;25944;125945;2;Medium
27454;11771;111772;3;Medium
27455;33048;133049;1;High
27456;43991;143992;0;Medium
27457;38145;138146;3;Medium
27458;22692;122693;3;Low
27459;18106;118107;0;High
27460;4998;104999;4;Medium
27461;6393;106394;2;Medium
27462;45538;145539;1;Low
27463;49859;149860;0;High
27464;14466;114467;1;Medium
27465;48183;148184;2;High
27466;8158;108159;1;High
27467;2840;102841;4;Low
27468;3339;103340;3;Low
27469;49744;149745;2;Medium
27470;21616;121617;2;High
27471;1879;101880;3;Low
27472;26783;126784;0;Low
27473;48792;148793;0;Medium
27474;43311;143312;2;High
27475;20500;120501;2;Medium
27476;26603;126604;0;Medium
27477;6580;106581;4;High
27478;34885;134886;3;High
27479;9446;109447;0;High
27480;30115;130116;2;Low
27481;33663;133664;0;Medium
27482;5271;105272;1;Low
27483;20912;120913;2;Medium
27484;26152;126153;4;High
27485;24097;124098;1;Medium
27486;43448;143449;3;Low
27487;43132;143133;2;Low
27488;22039;122040;3;High
27489;9260;109261;0;Medium
27490;36448;136449;0;Low
27491;33695;133696;4;High
27492;49394;149395;3;Low
27493;10348;110349;0;Low
27494;17261;117262;2;Medium
27495;14432;114433;3;Medium
27496;36697;136698;4;High
27497;25997;125998;3;High
27498;25994;125995;4;Medium
27499;12168;112169;0;Medium
27500;40859;140860;2;Medium
27501;7783;107784;4;Medium
27502;27433;127434;1;Medium
27503;18835;118836;0;Low
27504;18652;118653;4;Low
27505;33276;133277;4;High
27506;18964;118965;3;Medium
27507;44630;144631;1;Medium
27508;15746;115747;3;Low
27509;2987;102988;2;High
27510;10923;110924;3;Low
27511;17180;117181;2;Medium
27512;31317;131318;4;Low
27513;47950;147951;0;Medium
27514;3710;103711;4;Medium
27515;42758;142759;3;High
27516;17058;117059;2;High
27517;2553;102554;3;Low
27518;24264;124265;2;Low
27519;31818;131819;2;High
27520;36770;136771;4;Medium
27521;8660;108661;2;Medium
27522;29024;129025;0;Medium
27523;25580;125581;2;Low
27524;12996;112997;4;Medium
27525;35033;135034;0;Medium
27526;20168;120169;0;High
27527;37391;137392;4;Medium
27528;40905;140906;1;Low
27529;12533;112534;0;Low
27530;39996;139997;3;Low
27531;25053;125054;3;Medium
27532;41698;141699;4;Medium
27533;40219;140220;0;Medium
27534;34326;134327;3;Low
27535;1850;101851;4;Low
27536;47916;147917;1;High
27537;20865;120866;1;High
27538;41124;141125;0;High
27539;39291;139292;3;Medium
27540;41473;141474;3;Medium
27541;23399;123400;3;High
27542;42043;142044;2;Medium
27543;44383;144384;3;Low
27544;41163;141164;3;Low
27545;32235;132236;0;Medium
27546;36919;136920;4;Medium
27547;45127;145128;1;Low
27548;36885;136886;0;Low
27549;2632;102633;4;Low
27550;49901;149902;0;High
27551;23802;123803;3;Low
27552;33131;133132;2;High
27553;48749;148750;1;Low
27554;6110;106111;4;High
27555;5221;105222;0;Low
27556;21996;121997;0;Medium
27557;4286;104287;4;Medium
27558;30729;130730;0;Medium
27559;43805;143806;1;High
27560;1834;101835;3;Medium
27561;34871;134872;3;Medium
27562;46983;146984;2;Medium
27563;8402;108403;3;High
27564;42097;142098;2;High
27565;28449;128450;0;Low
27566;18298;118299;2;High
27567;33240;133241;1;Medium
27568;18670;118671;4;Medium
27569;5691;105692;2;High
27570;7493;107494;3;Medium
27571;9182;109183;0;Low
27572;44263;144264;0;Medium
27573;38842;138843;3;Medium
27574;19946;119947;3;High
27575;45845;145846;2;Low
27576;6901;106902;4;High
27577;9719;109720;1;Medium
27578;7595;107596;1;Medium
27579;24957;124958;0;Low
27580;38697;138698;4;High
27581;46104;146105;0;Low
27582;46271;146272;0;Low
27583;11941;111942;0;Medium
27584;27402;127403;1;High
27585;36108;136109;0;Low
27586;13736;113737;3;Medium
27587;38632;138633;4;Low
27588;38742;138743;4;Medium
27589;26048;126049;2;Medium
27590;41949;141950;4;Medium
27591;14283;114284;3;High
27592;12410;112411;3;Low
27593;29792;129793;1;Medium
27594;11851;111852;0;Low
27595;22761;122762;0;Low
27596;23660;123661;3;Medium
27597;17844;117845;3;Medium
27598;48699;148700;4;Medium
27599;17053;117054;4;Medium
27600;14162;114163;3;Medium
27601;38884;138885;3;Medium
27602;25757;125758;1;Medium
27603;14753;114754;2;High
27604;3781;103782;4;Medium
27605;21593;121594;1;High
27606;2423;102424;1;High
27607;30902;130903;0;Low
27608;48579;148580;4;Low
27609;3725;103726;2;Medium
27610;41061;141062;1;Low
27611;29070;129071;4;Low
27612;26587;126588;4;Low
27613;3380;103381;2;Medium
27614;3503;103504;4;Medium
27615;13296;113297;4;High
27616;45832;145833;1;Medium
27617;47615;147616;3;High
27618;31528;131529;1;Low
27619;27111;127112;4;Medium
27620;42122;142123;1;High
27621;28032;128033;0;Low
27622;17900;117901;4;High
27623;20773;120774;2;Low
27624;7855;107856;0;High
27625;14870;114871;2;Low
27626;24716;124717;0;High
27627;46141;146142;0;Medium
27628;49506;149507;1;Low
27629;49161;149162;2;Low
27630;38337;138338;0;Low
27631;36672;136673;3;Medium
27632;41256;141257;4;Low
27633;20022;120023;4;Medium
27634;14169;114170;4;Low
27635;32678;132679;0;Low
27636;24722;124723;3;Medium
27637;24168;124169;0;Low
27638;42789;142790;4;High
27639;16479;116480;1;Medium
27640;40551;140552;1;Low
27641;46594;146595;4;Low
27642;38367;138368;2;Low
27643;79;100080;0;Medium
27644;36960;136961;1;Medium
27645;12854;112855;4;Low
27646;46002;146003;3;High
27647;1757;101758;3;High
27648;30952;130953;0;High
27649;17504;117505;0;Low
27650;16834;116835;3;Medium
27651;7594;107595;3;Medium
27652;11952;111953;1;Medium
27653;27006;127007;0;Medium
27654;17753;117754;4;Medium
27655;35054;135055;4;Low
27656;16892;116893;1;High
27657;16013;116014;2;Medium
27658;39918;139919;4;Medium
27659;35931;135932;0;Low
27660;11657;111658;2;High
27661;16861;116862;3;Low
27662;49708;149709;2;Medium
27663;32772;132773;0;Medium
27664;8269;108270;0;Medium
27665;18932;118933;0;Medium
27666;35066;135067;3;High
27667;39343;139344;4;Medium
27668;23038;123039;1;Medium
27669;15525;115526;3;Medium
27670;20496;120497;2;Low
27671;16471;116472;1;High
27672;35665;135666;0;Medium
27673;33838;133839;0;Medium
27674;23283;123284;2;Low
27675;26611;126612;3;High
27676;10811;110812;0;Medium
27677;20453;120454;3;Low
27678;42374;142375;1;Low
27679;4827;104828;2;Medium
27680;27846;127847;3;High
27681;44789;144790;4;Medium
27682;41911;141912;2;High
27683;23164;123165;1;Medium
27684;33083;133084;2;Medium
27685;46011;146012;0;Medium
27686;1548;101549;0;Low
27687;20816;120817;4;Low
27688;42700;142701;1;High
27689;35650;135651;3;Low
27690;5560;105561;1;Low
27691;8357;108358;3;Medium
27692;29652;129653;3;High
27693;4082;104083;4;Low
27694;35599;135600;0;Low
27695;7039;107040;0;High
27696;797;100798;4;Low
27697;26293;126294;4;Low
27698;39953;139954;2;High
27699;19328;119329;0;Medium
27700;18523;118524;4;Low
27701;1416;101417;2;Medium
27702;13561;113562;1;High
27703;19563;119564;2;Medium
27704;45266;145267;2;Low
27705;28728;128729;1;Medium
27706;11755;111756;1;High
27707;5762;105763;4;Low
27708;1100;101101;0;Medium
27709;31602;131603;4;High
27710;9069;109070;1;Low
27711;29447;129448;3;Medium
27712;16473;116474;4;Medium
27713;23586;123587;0;Low
27714;38849;138850;4;Medium
27715;43033;143034;2;Medium
27716;22461;122462;0;Medium
27717;26918;126919;0;Low
27718;22121;122122;2;Low
27719;46533;146534;3;Medium
27720;20434;120435;4;Low
27721;35227;135228;1;Low
27722;35699;135700;1;Medium
27723;11845;111846;0;Medium
27724;43646;143647;1;Medium
27725;5248;105249;3;High
27726;33012;133013;1;High
27727;27882;127883;0;Medium
27728;39739;139740;1;Low
27729;29599;129600;4;Low
27730;1415;101416;3;Medium
27731;29324;129325;2;Low
27732;38456;138457;2;High
27733;8361;108362;3;Medium
27734;20833;120834;3;Low
27735;17195;117196;3;Low
27736;42659;142660;4;Low
27737;1230;101231;3;High
27738;33618;133619;3;High
27739;29495;129496;2;High
27740;34485;134486;3;Low
27741;45847;145848;2;High
27742;27622;127623;2;Medium
27743;10089;110090;1;Medium
27744;18996;118997;0;Medium
27745;38110;138111;3;Low
27746;6112;106113;4;Medium
27747;34555;134556;0;Medium
27748;41483;141484;2;Medium
27749;8426;108427;4;Medium
27750;22363;122364;4;Medium
27751;30827;130828;4;Medium
27752;1880;101881;1;High
27753;31616;131617;1;High
27754;40826;140827;0;Medium
27755;47990;147991;4;Medium
27756;26309;126310;3;Medium
27757;25035;125036;2;Medium
27758;9698;109699;4;Medium
27759;10263;110264;3;High
27760;47847;147848;4;Low
27761;8325;108326;3;Low
27762;31081;131082;3;High
27763;46226;146227;1;Medium
27764;10948;110949;2;Medium
27765;43228;143229;2;Medium
27766;15799;115800;2;Medium
27767;40665;140666;0;High
27768;27411;127412;4;Medium
27769;47400;147401;3;High
27770;9569;109570;4;Low
27771;23273;123274;0;Low
27772;17646;117647;2;Medium
27773;10733;110734;2;High
27774;5771;105772;3;Medium
27775;31235;131236;0;High
27776;42806;142807;2;Medium
27777;31739;131740;0;High
27778;49636;149637;0;Low
27779;11684;111685;4;Low
27780;45738;145739;2;Medium
27781;32204;132205;0;Medium
27782;48402;148403;1;Low
27783;44876;144877;0;Medium
27784;21648;121649;0;Medium
27785;22893;122894;0;Medium
27786;10384;110385;3;Medium
27787;46084;146085;2;Low
27788;37395;137396;2;Medium
27789;34798;134799;3;High
27790;30026;130027;2;Low
27791;30310;130311;1;High
27792;31828;131829;3;Medium
27793;10782;110783;0;Medium
27794;44079;144080;0;Medium
27795;20140;120141;3;Medium
27796;37792;137793;2;High
27797;43713;143714;1;Medium
27798;45592;145593;0;High
27799;31541;131542;3;Medium
27800;4117;104118;3;Low
27801;74;100075;4;Low
27802;23030;123031;4;Low
27803;43051;143052;3;High
27804;45904;145905;2;Medium
27805;46741;146742;1;Medium
27806;9285;109286;1;Medium
27807;12965;112966;0;Low
27808;44718;144719;3;Medium
27809;27261;127262;4;Low
27810;47474;147475;1;Low
27811;37201;137202;3;High
27812;39589;139590;4;Low
27813;38204;138205;4;Low
27814;16083;116084;3;High
27815;25846;125847;1;Low
27816;21258;121259;0;High
27817;19806;119807;0;Low
27818;4935;104936;2;Medium
27819;34785;134786;3;High
27820;18036;118037;0;Low
27821;16923;116924;2;Medium
27822;42190;142191;4;High
27823;5534;105535;1;Medium
27824;8730;108731;1;High
27825;8981;108982;1;Medium
27826;36581;136582;3;High
27827;13480;113481;1;Low
27828;40527;140528;0;Low
27829;8298;108299;2;High
27830;45320;145321;4;Low
27831;39478;139479;2;Medium
27832;14584;114585;1;Low
27833;16100;116101;0;Low
27834;5529;105530;3;Medium
27835;6135;106136;3;Medium
27836;30008;130009;1;High
27837;4612;104613;2;Low
27838;21879;121880;4;Medium
27839;14087;114088;4;Low
27840;43611;143612;3;High
27841;44084;144085;4;Medium
27842;25747;125748;0;Low
27843;39917;139918;4;High
27844;32345;132346;2;Low
27845;19192;119193;0;Low
27846;10275;110276;2;Low
27847;37549;137550;4;High
27848;16418;116419;3;Low
27849;18256;118257;2;Medium
27850;33673;133674;3;Medium
27851;36548;136549;4;Low
27852;49698;149699;4;High
27853;17171;117172;0;Medium
27854;14223;114224;0;High
27855;4734;104735;2;Low
27856;45856;145857;3;High
27857;24455;124456;2;Medium
27858;18114;118115;2;Medium
27859;22977;122978;3;High
27860;40808;140809;4;Medium
27861;33555;133556;4;Medium
27862;4925;104926;4;High
27863;13019;113020;2;Medium
27864;45236;145237;3;Medium
27865;4357;104358;4;Medium
27866;34799;134800;2;Medium
27867;39878;139879;1;Low
27868;44150;144151;4;Low
27869;21300;121301;3;Medium
27870;1362;101363;0;Low
27871;8330;108331;2;Low
27872;6956;106957;2;High
27873;21392;121393;1;Low
27874;49178;149179;4;High
27875;1739;101740;4;Medium
27876;16712;116713;3;High
27877;44696;144697;1;Medium
27878;22131;122132;3;Medium
27879;5662;105663;4;Medium
27880;12099;112100;1;Medium
27881;34762;134763;4;Medium
27882;6792;106793;4;High
27883;25496;125497;1;High
27884;36888;136889;2;Medium
27885;602;100603;0;Medium
27886;6361;106362;2;Low
27887;1639;101640;1;High
27888;12900;112901;0;Medium
27889;1996;101997;3;Medium
27890;43334;143335;0;Low
27891;49024;149025;3;Medium
27892;4298;104299;0;Medium
27893;38430;138431;3;Low
27894;18369;118370;2;Low
27895;32267;132268;3;Medium
27896;44490;144491;2;Medium
27897;44864;144865;2;Medium
27898;23275;123276;1;High
27899;41306;141307;3;High
27900;9579;109580;1;Medium
27901;48836;148837;2;Medium
27902;1955;101956;1;Medium
27903;28622;128623;3;High
27904;31555;131556;4;Low
27905;9926;109927;1;Medium
27906;24417;124418;3;Medium
27907;35408;135409;2;Medium
27908;10477;110478;4;Medium
27909;4524;104525;3;Medium
27910;27269;127270;0;Medium
27911;31695;131696;2;Low
27912;16453;116454;2;High
27913;18775;118776;2;Medium
27914;28553;128554;4;Medium
27915;41400;141401;4;Low
27916;8800;108801;4;Medium
27917;49585;149586;1;Medium
27918;30332;130333;3;Low
27919;13502;113503;2;Low
27920;13989;113990;4;Medium
27921;24469;124470;4;Medium
27922;45940;145941;0;Medium
27923;29713;129714;2;Low
27924;46971;146972;3;Medium
27925;22801;122802;2;Low
27926;41210;141211;0;Low
27927;18709;118710;3;Low
27928;14496;114497;2;High
27929;48501;148502;4;Medium
27930;38079;138080;1;Medium
27931;36018;136019;0;Low
27932;49079;149080;2;Medium
27933;47646;147647;2;High
27934;40026;140027;4;Low
27935;46405;146406;2;Medium
27936;15728;115729;1;Medium
27937;27663;127664;0;Medium
27938;37834;137835;2;High
27939;27505;127506;2;Medium
27940;25912;125913;3;Low
27941;35363;135364;4;Medium
27942;25441;125442;1;High
27943;22484;122485;1;Medium
27944;22463;122464;0;High
27945;7516;107517;2;Medium
27946;13546;113547;0;Low
27947;35105;135106;2;Low
27948;18196;118197;3;Low
27949;41867;141868;1;High
27950;10106;110107;2;Low
27951;34100;134101;4;Low
27952;36109;136110;3;Medium
27953;32485;132486;4;Low
27954;27009;127010;0;Low
27955;33988;133989;3;Medium
27956;37215;137216;0;Low
27957;8422;108423;3;Medium
27958;28374;128375;3;Low
27959;38176;138177;2;Medium
27960;11212;111213;0;Medium
27961;48060;148061;0;High
27962;3371;103372;0;Low
27963;23352;123353;4;High
27964;41678;141679;3;Medium
27965;26254;126255;4;Medium
27966;14604;114605;3;High
27967;30246;130247;0;High
27968;22239;122240;4;Medium
27969;6994;106995;0;Low
27970;1786;101787;0;Medium
27971;13321;113322;2;Medium
27972;35854;135855;1;Medium
27973;17724;117725;3;Low
27974;17526;117527;4;Low
27975;43576;143577;2;Low
27976;44442;144443;4;Low
27977;20563;120564;0;Medium
27978;2692;102693;0;High
27979;387;100388;2;Medium
27980;31048;131049;4;High
27981;6654;106655;2;Low
27982;12471;112472;4;High
27983;33378;133379;4;High
27984;10466;110467;3;Medium
27985;10545;110546;2;Medium
27986;27691;127692;4;Medium
27987;45158;145159;1;Medium
27988;216;100217;0;High
27989;3009;103010;2;Low
27990;7802;107803;0;High
27991;5244;105245;3;High
27992;36186;136187;3;Medium
27993;15659;115660;3;Medium
27994;13445;113446;3;Medium
27995;37040;137041;4;Medium
27996;4768;104769;3;Medium
27997;5575;105576;3;Medium
27998;16069;116070;3;Medium
27999;30103;130104;4;Low
28000;8390;108391;3;Low
28001;6077;106078;4;Medium
28002;34597;134598;2;Low
28003;42294;142295;4;Medium
28004;10714;110715;0;High
28005;18451;118452;1;Medium
28006;40983;140984;2;High
28007;49176;149177;2;Low
28008;30350;130351;2;High
28009;18821;118822;1;Medium
28010;8561;108562;1;Medium
28011;44788;144789;3;Low
28012;49194;149195;3;Medium
28013;21025;121026;0;Medium
28014;28175;128176;2;Low
28015;4744;104745;4;Medium
28016;10874;110875;3;Low
28017;48558;148559;4;Medium
28018;38783;138784;0;Medium
28019;23567;123568;4;High
28020;33872;133873;0;Medium
28021;47246;147247;4;Low
28022;28462;128463;3;High
28023;27100;127101;2;Low
28024;18687;118688;3;Medium
28025;25591;125592;1;Low
28026;11659;111660;4;High
28027;20012;120013;4;Medium
28028;21414;121415;4;Low
28029;15464;115465;2;Medium
28030;47241;147242;4;Low
28031;4982;104983;0;High
28032;31600;131601;4;Low
28033;21620;121621;0;High
28034;19859;119860;2;Medium
28035;19558;119559;3;Low
28036;17016;117017;3;Medium
28037;48134;148135;0;High
28038;25073;125074;2;Medium
28039;3333;103334;3;High
28040;3124;103125;4;Low
28041;37990;137991;0;Low
28042;33816;133817;1;Medium
28043;32078;132079;0;Low
28044;40604;140605;3;Medium
28045;19466;119467;1;Medium
28046;29338;129339;1;Medium
28047;18839;118840;1;Low
28048;35450;135451;3;Low
28049;42645;142646;3;Medium
28050;19676;119677;0;High
28051;15911;115912;4;Medium
28052;45596;145597;2;Medium
28053;31897;131898;4;Medium
28054;2399;102400;0;High
28055;24931;124932;4;Low
28056;10180;110181;1;Low
28057;28358;128359;4;Medium
28058;27859;127860;3;Medium
28059;28021;128022;1;Medium
28060;25298;125299;2;Low
28061;17621;117622;4;Medium
28062;24624;124625;2;Medium
28063;9374;109375;3;Low
28064;10718;110719;3;Low
28065;39927;139928;0;High
28066;9211;109212;0;Medium
28067;8674;108675;3;Low
28068;22949;122950;1;Low
28069;18309;118310;2;Medium
28070;19700;119701;0;Medium
28071;44538;144539;0;Low
28072;40908;140909;4;Medium
28073;8745;108746;4;Medium
28074;12808;112809;4;Medium
28075;22198;122199;4;Medium
28076;28253;128254;1;High
28077;36030;136031;2;Low
28078;25465;125466;2;Medium
28079;46033;146034;3;Medium
28080;30264;130265;3;Low
28081;2299;102300;0;Low
28082;42227;142228;0;Medium
28083;31463;131464;2;Medium
28084;37645;137646;2;Low
28085;30925;130926;1;Medium
28086;14447;114448;2;Low
28087;24821;124822;4;Low
28088;2691;102692;4;Medium
28089;44654;144655;0;Low
28090;34386;134387;2;Medium
28091;17888;117889;4;Low
28092;23955;123956;2;Low
28093;14196;114197;3;Medium
28094;9902;109903;4;Medium
28095;10851;110852;4;Low
28096;3731;103732;3;Low
28097;13126;113127;0;High
28098;30954;130955;0;High
28099;33569;133570;1;Medium
28100;32501;132502;4;Medium
28101;1351;101352;2;Medium
28102;38078;138079;2;High
28103;310;100311;3;Low
28104;28906;128907;0;Low
28105;26248;126249;0;Low
28106;44610;144611;2;Medium
28107;11987;111988;3;Low
28108;5007;105008;1;High
28109;21724;121725;3;High
28110;37860;137861;4;Low
28111;18100;118101;1;Low
28112;6509;106510;0;Medium
28113;5809;105810;1;Medium
28114;29921;129922;4;High
28115;23207;123208;1;Low
28116;36639;136640;2;Low
28117;18028;118029;1;High
28118;11536;111537;4;High
28119;46548;146549;0;Medium
28120;22368;122369;1;Medium
28121;19353;119354;2;Low
28122;20287;120288;0;Medium
28123;48648;148649;4;Medium
28124;48702;148703;2;Medium
28125;29749;129750;0;High
28126;3054;103055;4;Medium
28127;11419;111420;1;Medium
28128;47126;147127;4;High
28129;3862;103863;3;Medium
28130;31664;131665;4;Low
28131;28087;128088;2;Medium
28132;33906;133907;1;Medium
28133;26873;126874;0;Medium
28134;5219;105220;3;Low
28135;14362;114363;4;Low
28136;30837;130838;2;High
28137;20882;120883;1;High
28138;42146;142147;4;Medium
28139;326;100327;4;Low
28140;1254;101255;2;Medium
28141;17141;117142;1;Medium
28142;28030;128031;3;Medium
28143;49145;149146;4;Low
28144;24341;124342;1;High
28145;39618;139619;2;High
28146;12204;112205;2;Medium
28147;40095;140096;1;Medium
28148;38190;138191;2;High
28149;43424;143425;3;High
28150;47053;147054;0;Low
28151;12929;112930;3;High
28152;322;100323;1;Low
28153;4505;104506;0;Medium
28154;14837;114838;2;Low
28155;6505;106506;1;High
28156;14144;114145;2;Medium
28157;32575;132576;2;High
28158;37349;137350;1;Low
28159;9944;109945;1;Medium
28160;33650;133651;3;Medium
28161;25279;125280;2;High
28162;8796;108797;1;Low
28163;40694;140695;4;Low
28164;36889;136890;2;Low
28165;13954;113955;3;Low
28166;1983;101984;4;Medium
28167;3976;103977;1;Medium
28168;19570;119571;1;Low
28169;22025;122026;3;Medium
28170;38839;138840;1;Low
28171;49697;149698;2;Medium
28172;48115;148116;4;Low
28173;5682;105683;0;Medium
28174;33204;133205;4;Medium
28175;20548;120549;4;Medium
28176;17488;117489;4;Medium
28177;7294;107295;2;Medium
28178;8972;108973;4;Medium
28179;24979;124980;4;Low
28180;11877;111878;3;Low
28181;33557;133558;3;Medium
28182;36231;136232;2;Low
28183;22412;122413;3;High
28184;11374;111375;2;Medium
28185;36252;136253;2;Low
28186;39904;139905;3;Medium
28187;24548;124549;0;Low
28188;18795;118796;3;Medium
28189;37865;137866;1;Medium
28190;12267;112268;2;Medium
28191;18262;118263;3;Low
28192;14617;114618;2;Medium
28193;47340;147341;2;Medium
28194;18665;118666;1;High
28195;15502;115503;3;Low
28196;29761;129762;2;Medium
28197;32401;132402;4;Low
28198;33219;133220;3;Medium
28199;4840;104841;2;Medium
28200;7580;107581;2;Low
28201;48565;148566;0;Low
28202;9689;109690;1;Medium
28203;13124;113125;0;Low
28204;14253;114254;4;High
28205;2134;102135;0;Medium
28206;20711;120712;3;Low
28207;30522;130523;2;Medium
28208;30273;130274;2;Low
28209;48272;148273;1;High
28210;7778;107779;1;High
28211;25824;125825;0;Low
28212;1799;101800;2;Medium
28213;45436;145437;1;Medium
28214;10919;110920;1;Medium
28215;14880;114881;4;Low
28216;24021;124022;2;Low
28217;39911;139912;3;Medium
28218;6691;106692;2;Medium
28219;15353;115354;4;Low
28220;18194;118195;3;Low
28221;44076;144077;4;Low
28222;44014;144015;3;Medium
28223;29459;129460;0;Medium
28224;35096;135097;0;High
28225;7254;107255;1;High
28226;26136;126137;3;Medium
28227;22325;122326;2;Low
28228;3274;103275;3;Medium
28229;34216;134217;3;High
28230;35855;135856;4;High
28231;8641;108642;0;Medium
28232;12137;112138;2;Low
28233;16351;116352;2;High
28234;34459;134460;0;Medium
28235;41974;141975;1;High
28236;9311;109312;1;Medium
28237;16360;116361;0;Low
28238;33565;133566;2;Medium
28239;36216;136217;3;Medium
28240;22194;122195;2;High
28241;37443;137444;4;Low
28242;24547;124548;2;Medium
28243;19216;119217;4;High
28244;8944;108945;4;Low
28245;31040;131041;1;Medium
28246;35339;135340;1;Medium
28247;40821;140822;0;Low
28248;37389;137390;4;Medium
28249;39384;139385;4;Medium
28250;29100;129101;0;Low
28251;17529;117530;3;Low
28252;29736;129737;2;Low
28253;39388;139389;1;Medium
28254;18333;118334;0;High
28255;15716;115717;2;Low
28256;15190;115191;3;Medium
28257;12310;112311;0;Medium
28258;38525;138526;2;High
28259;29820;129821;0;Medium
28260;42730;142731;3;Medium
28261;43933;143934;1;High
28262;11355;111356;2;Medium
28263;7078;107079;4;Low
28264;21416;121417;1;High
28265;11088;111089;3;Low
28266;4939;104940;1;High
28267;39231;139232;0;Low
28268;21743;121744;1;Medium
28269;10772;110773;3;Low
28270;7075;107076;0;Medium
28271;48010;148011;3;Low
28272;41858;141859;2;High
28273;37376;137377;4;Medium
28274;25832;125833;2;Low
28275;17454;117455;2;Medium
28276;38982;138983;0;High
28277;30755;130756;3;High
28278;21492;121493;0;High
28279;22210;122211;2;Medium
28280;21108;121109;3;Low
28281;30584;130585;4;High
28282;33827;133828;0;High
28283;38634;138635;2;High
28284;22763;122764;2;Low
28285;32811;132812;0;Low
28286;28947;128948;4;Low
28287;10500;110501;2;Medium
28288;34492;134493;1;High
28289;29623;129624;3;Medium
28290;1556;101557;3;Medium
28291;20352;120353;0;Medium
28292;26173;126174;3;Low
28293;28015;128016;1;Medium
28294;3430;103431;3;Medium
28295;44552;144553;3;Low
28296;1873;101874;1;Medium
28297;37827;137828;2;High
28298;42191;142192;2;Medium
28299;2473;102474;2;Low
28300;10178;110179;1;High
28301;13843;113844;1;Medium
28302;47763;147764;3;Medium
28303;49985;149986;2;Low
28304;26261;126262;0;Low
28305;40175;140176;0;Medium
28306;27952;127953;0;High
28307;49301;149302;0;Low
28308;34925;134926;0;Low
28309;39924;139925;4;Low
28310;47417;147418;0;High
28311;34013;134014;2;High
28312;10749;110750;4;Medium
28313;5636;105637;2;Low
28314;34837;134838;3;High
28315;46706;146707;2;Low
28316;42897;142898;2;Medium
28317;22303;122304;4;Medium
28318;45562;145563;2;Medium
28319;30025;130026;4;Low
28320;1264;101265;2;Low
28321;23165;123166;3;High
28322;37092;137093;4;Low
28323;30169;130170;3;Medium
28324;33513;133514;2;High
28325;43796;143797;2;Medium
28326;29504;129505;0;High
28327;45118;145119;4;Low
28328;9174;109175;4;High
28329;5463;105464;3;Low
28330;14131;114132;4;Medium
28331;34064;134065;2;Low
28332;7369;107370;2;Medium
28333;27032;127033;2;High
28334;16846;116847;4;High
28335;33797;133798;2;High
28336;18748;118749;2;Low
28337;10611;110612;0;High
28338;3965;103966;2;Low
28339;32436;132437;1;High
28340;5404;105405;3;Medium
28341;6614;106615;3;High
28342;3440;103441;4;Medium
28343;41307;141308;1;High
28344;43810;143811;4;Medium
28345;2025;102026;1;Medium
28346;11335;111336;0;Medium
28347;28430;128431;3;High
28348;4885;104886;1;Low
28349;37837;137838;0;Low
28350;42770;142771;4;Medium
28351;32047;132048;3;High
28352;4988;104989;0;High
28353;37845;137846;3;High
28354;19039;119040;3;High
28355;29426;129427;0;Medium
28356;47761;147762;2;Low
28357;36381;136382;4;High
28358;41484;141485;2;Medium
28359;13699;113700;1;Medium
28360;8925;108926;3;Low
28361;23819;123820;4;High
28362;26016;126017;3;High
28363;46815;146816;0;High
28364;2928;102929;1;Low
28365;41260;141261;4;High
28366;30544;130545;4;Low
28367;39069;139070;0;High
28368;14563;114564;4;Low
28369;13662;113663;1;Medium
28370;6924;106925;3;Medium
28371;6403;106404;0;High
28372;13721;113722;4;High
28373;20560;120561;1;Low
28374;21320;121321;0;Medium
28375;20963;120964;1;Low
28376;6223;106224;2;Low
28377;22532;122533;2;Low
28378;21630;121631;2;Medium
28379;22656;122657;4;Medium
28380;43292;143293;4;Medium
28381;35829;135830;3;Low
28382;20909;120910;2;Medium
28383;16397;116398;4;Low
28384;32130;132131;4;Medium
28385;27480;127481;0;High
28386;20295;120296;1;High
28387;18092;118093;1;High
28388;17192;117193;4;Low
28389;40984;140985;1;High
28390;7754;107755;2;Medium
28391;46648;146649;3;Low
28392;43466;143467;4;Medium
28393;1523;101524;4;Medium
28394;39926;139927;2;Medium
28395;8685;108686;4;Low
28396;11047;111048;1;Low
28397;36496;136497;4;Low
28398;30621;130622;1;Medium
28399;2646;102647;2;Low
28400;11064;111065;0;Medium
28401;44787;144788;2;Low
28402;41613;141614;1;Medium
28403;20801;120802;0;Low
28404;48401;148402;3;Low
28405;13566;113567;1;Low
28406;36867;136868;4;Low
28407;2438;102439;3;High
28408;24695;124696;0;Medium
28409;22163;122164;2;Medium
28410;6470;106471;0;Low
28411;1402;101403;1;High
28412;31262;131263;0;High
28413;48961;148962;0;Medium
28414;23878;123879;2;Low
28415;15178;115179;0;Medium
28416;24196;124197;3;Medium
28417;7697;107698;4;Low
28418;2694;102695;2;Medium
28419;28960;128961;2;Low
28420;43856;143857;1;Medium
28421;16978;116979;2;Low
28422;31842;131843;4;High
28423;1541;101542;1;Low
28424;46231;146232;0;Low
28425;35737;135738;2;High
28426;1974;101975;4;High
28427;35103;135104;2;Low
28428;16938;116939;3;High
28429;48068;148069;0;High
28430;39730;139731;4;Low
28431;49270;149271;4;Low
28432;28873;128874;2;Low
28433;33615;133616;3;High
28434;889;100890;4;High
28435;30581;130582;0;High
28436;6025;106026;2;Low
28437;22214;122215;4;High
28438;19269;119270;1;High
28439;11401;111402;2;High
28440;11873;111874;2;High
28441;14250;114251;1;Low
28442;5191;105192;3;Medium
28443;12563;112564;1;High
28444;23551;123552;2;Low
28445;37829;137830;3;Low
28446;4443;104444;1;High
28447;17365;117366;1;Medium
28448;42417;142418;2;Medium
28449;28151;128152;1;Medium
28450;24313;124314;4;Medium
28451;31708;131709;4;Medium
28452;46560;146561;2;High
28453;1095;101096;1;Medium
28454;20105;120106;2;Medium
28455;15003;115004;2;Low
28456;4830;104831;3;High
28457;20316;120317;1;Medium
28458;5670;105671;1;Low
28459;3824;103825;2;Medium
28460;32224;132225;3;Low
28461;44384;144385;0;Low
28462;17731;117732;3;High
28463;45679;145680;4;High
28464;30748;130749;1;Medium
28465;44153;144154;1;High
28466;20130;120131;4;Medium
28467;30791;130792;2;High
28468;8438;108439;0;Low
28469;3400;103401;4;Medium
28470;48309;148310;0;Low
28471;43302;143303;2;Medium
28472;20036;120037;2;Medium
28473;5847;105848;2;Low
28474;10155;110156;4;High
28475;25972;125973;4;Low
28476;28718;128719;2;Medium
28477;18958;118959;4;Medium
28478;47684;147685;4;High
28479;15401;115402;0;Low
28480;7429;107430;0;Low
28481;7080;107081;1;Low
28482;49827;149828;1;Medium
28483;13231;113232;2;Low
28484;1270;101271;0;Low
28485;31221;131222;2;Medium
28486;15115;115116;4;Medium
28487;37046;137047;4;Low
28488;5718;105719;4;Medium
28489;36164;136165;4;High
28490;5410;105411;3;Medium
28491;44873;144874;0;Medium
28492;17009;117010;1;Medium
28493;22232;122233;2;Medium
28494;22840;122841;3;Medium
28495;30339;130340;3;High
28496;30084;130085;0;Medium
28497;12180;112181;1;High
28498;34869;134870;3;Low
28499;7921;107922;1;Low
28500;43176;143177;4;High
28501;38851;138852;3;Low
28502;22401;122402;4;Medium
28503;6180;106181;2;Medium
28504;19867;119868;1;Medium
28505;16891;116892;2;Low
28506;31764;131765;3;High
28507;22153;122154;1;Medium
28508;21882;121883;3;Medium
28509;12777;112778;2;Medium
28510;40109;140110;0;Medium
28511;7095;107096;3;Low
28512;12710;112711;0;High
28513;10579;110580;2;Low
28514;30788;130789;0;Low
28515;23327;123328;1;High
28516;4870;104871;0;High
28517;29654;129655;4;High
28518;17182;117183;3;High
28519;4993;104994;0;High
28520;27848;127849;3;Low
28521;12567;112568;4;High
28522;42549;142550;2;Medium
28523;36397;136398;1;High
28524;12539;112540;1;Medium
28525;30964;130965;4;Medium
28526;37055;137056;1;High
28527;37426;137427;1;High
28528;27641;127642;0;Medium
28529;13488;113489;1;High
28530;18313;118314;4;Medium
28531;46891;146892;4;High
28532;18285;118286;3;High
28533;7656;107657;2;Low
28534;38546;138547;1;Low
28535;45009;145010;4;High
28536;21826;121827;3;Medium
28537;40419;140420;4;Medium
28538;24609;124610;2;Medium
28539;4227;104228;0;Medium
28540;12491;112492;2;Low
28541;32916;132917;1;Low
28542;17464;117465;4;Medium
28543;16948;116949;4;Low
28544;35627;135628;0;Medium
28545;47271;147272;0;Medium
28546;29421;129422;1;Low
28547;39419;139420;4;Low
28548;10690;110691;2;High
28549;38092;138093;2;High
28550;24900;124901;2;Low
28551;21058;121059;0;Low
28552;39052;139053;3;High
28553;14316;114317;3;Medium
28554;30938;130939;3;Low
28555;38465;138466;2;Low
28556;25116;125117;2;High
28557;45501;145502;4;Medium
28558;21766;121767;1;Medium
28559;18;100019;1;Medium
28560;25488;125489;4;High
28561;6644;106645;1;Medium
28562;12897;112898;2;Low
28563;39195;139196;0;High
28564;18421;118422;3;High
28565;30543;130544;4;Medium
28566;10739;110740;0;Medium
28567;43370;143371;2;Low
28568;33709;133710;3;Medium
28569;8771;108772;4;Medium
28570;19709;119710;3;Low
28571;7238;107239;1;High
28572;11813;111814;2;High
28573;35489;135490;3;Low
28574;36720;136721;3;Low
28575;43390;143391;4;Medium
28576;16849;116850;3;Low
28577;34190;134191;0;Medium
28578;43377;143378;2;High
28579;7001;107002;2;Low
28580;43516;143517;4;Low
28581;34629;134630;3;Low
28582;48994;148995;1;High
28583;42136;142137;1;Medium
28584;26171;126172;2;High
28585;13554;113555;1;Medium
28586;35916;135917;2;High
28587;45754;145755;1;Low
28588;32217;132218;2;High
28589;48932;148933;0;High
28590;31909;131910;3;Medium
28591;16446;116447;2;Medium
28592;7708;107709;2;Medium
28593;37450;137451;1;Medium
28594;16023;116024;4;High
28595;39167;139168;0;Medium
28596;10266;110267;0;High
28597;14026;114027;3;High
28598;33218;133219;0;Medium
28599;34946;134947;4;Medium
28600;11122;111123;4;High
28601;18957;118958;2;Medium
28602;10825;110826;2;High
28603;39219;139220;1;High
28604;10791;110792;4;High
28605;49265;149266;4;Medium
28606;30749;130750;3;Medium
28607;36134;136135;2;Medium
28608;35548;135549;1;Medium
28609;46555;146556;2;Low
28610;7207;107208;2;Medium
28611;23618;123619;0;Medium
28612;27177;127178;3;Low
28613;15507;115508;0;Low
28614;25999;126000;4;Medium
28615;26526;126527;3;Medium
28616;7945;107946;3;Low
28617;3904;103905;2;Medium
28618;36586;136587;1;Low
28619;14518;114519;2;Low
28620;7094;107095;4;Medium
28621;27651;127652;2;Low
28622;3590;103591;4;Medium
28623;16660;116661;3;High
28624;18668;118669;4;High
28625;23506;123507;1;Medium
28626;46801;146802;4;Medium
28627;13142;113143;3;Medium
28628;13396;113397;1;Low
28629;43879;143880;1;Low
28630;8533;108534;0;Medium
28631;22166;122167;3;High
28632;36042;136043;2;Medium
28633;45069;145070;1;Low
28634;31797;131798;1;High
28635;17502;117503;0;Low
28636;34301;134302;0;Medium
28637;33997;133998;2;Low
28638;6779;106780;3;Low
28639;41918;141919;0;Medium
28640;1831;101832;4;Low
28641;10571;110572;0;High
28642;24527;124528;4;Medium
28643;28598;128599;0;Low
28644;20094;120095;4;Medium
28645;643;100644;1;Low
28646;21744;121745;1;High
28647;1361;101362;4;High
28648;10590;110591;1;Low
28649;45868;145869;4;Low
28650;13436;113437;4;Medium
28651;4605;104606;3;Medium
28652;33963;133964;3;Medium
28653;36051;136052;3;Medium
28654;3855;103856;4;Medium
28655;22663;122664;0;High
28656;26298;126299;4;Medium
28657;16061;116062;1;Medium
28658;8019;108020;3;Medium
28659;14888;114889;0;High
28660;24661;124662;3;Medium
28661;29680;129681;1;Medium
28662;42978;142979;1;High
28663;34824;134825;3;Medium
28664;12162;112163;3;High
28665;22082;122083;0;Low
28666;10628;110629;2;Low
28667;16273;116274;3;Medium
28668;21334;121335;2;Low
28669;23136;123137;0;Medium
28670;4788;104789;4;Medium
28671;13632;113633;4;High
28672;1255;101256;2;Low
28673;17019;117020;4;Medium
28674;45211;145212;4;Medium
28675;27068;127069;4;Medium
28676;28746;128747;2;Low
28677;13598;113599;0;High
28678;27971;127972;3;Low
28679;13756;113757;2;Medium
28680;30681;130682;4;Medium
28681;24825;124826;4;Medium
28682;34737;134738;0;High
28683;8218;108219;4;High
28684;28054;128055;0;Low
28685;30792;130793;3;Medium
28686;36466;136467;4;Medium
28687;394;100395;3;Medium
28688;44425;144426;0;High
28689;17965;117966;0;Medium
28690;28700;128701;2;Medium
28691;38752;138753;3;Medium
28692;25656;125657;2;Low
28693;10854;110855;1;Medium
28694;15156;115157;4;Medium
28695;40307;140308;0;High
28696;39470;139471;0;Medium
28697;7242;107243;2;High
28698;43993;143994;2;Low
28699;36035;136036;0;Low
28700;33263;133264;3;Medium
28701;10745;110746;4;Low
28702;9392;109393;4;Medium
28703;5311;105312;1;Medium
28704;17828;117829;4;Medium
28705;33902;133903;1;High
28706;28245;128246;0;Medium
28707;31516;131517;0;Medium
28708;16606;116607;1;Low
28709;13827;113828;3;Medium
28710;28041;128042;4;Medium
28711;30453;130454;4;Low
28712;12361;112362;1;Medium
28713;20951;120952;1;High
28714;47077;147078;3;High
28715;36693;136694;4;Medium
28716;33168;133169;1;Low
28717;22470;122471;1;High
28718;23808;123809;1;Medium
28719;37571;137572;0;High
28720;14581;114582;2;High
28721;43585;143586;3;High
28722;7760;107761;0;Medium
28723;49900;149901;3;Low
28724;6873;106874;2;Medium
28725;23382;123383;0;High
28726;29276;129277;1;Medium
28727;20956;120957;4;Low
28728;33353;133354;4;Low
28729;17739;117740;2;Low
28730;29913;129914;2;Medium
28731;39902;139903;4;Low
28732;42296;142297;3;Medium
28733;14275;114276;3;Medium
28734;19132;119133;0;Medium
28735;36550;136551;0;Medium
28736;1404;101405;4;High
28737;22579;122580;4;Medium
28738;48535;148536;4;Low
28739;41744;141745;4;Medium
28740;40919;140920;0;Medium
28741;16084;116085;3;Medium
28742;36387;136388;2;Medium
28743;46111;146112;2;Medium
28744;7152;107153;3;Medium
28745;9909;109910;4;Medium
28746;3747;103748;4;Medium
28747;4979;104980;1;Medium
28748;27035;127036;1;Low
28749;8601;108602;0;Medium
28750;17767;117768;1;Low
28751;35441;135442;1;Low
28752;42116;142117;4;Medium
28753;5649;105650;4;Medium
28754;43594;143595;1;Low
28755;245;100246;2;High
28756;37863;137864;4;Medium
28757;41277;141278;4;Low
28758;16248;116249;3;Low
28759;49845;149846;2;Medium
28760;47114;147115;0;High
28761;18585;118586;1;Low
28762;13804;113805;2;Medium
28763;49027;149028;0;Medium
28764;25509;125510;3;Medium
28765;40268;140269;0;Low
28766;49988;149989;2;Low
28767;17298;117299;0;Low
28768;47269;147270;3;Medium
28769;1803;101804;2;Medium
28770;15607;115608;3;Low
28771;25138;125139;2;Low
28772;45428;145429;3;High
28773;16001;116002;4;High
28774;27881;127882;2;Low
28775;20016;120017;2;High
28776;27448;127449;2;Low
28777;34348;134349;2;Low
28778;7946;107947;3;High
28779;35097;135098;3;Medium
28780;40362;140363;0;Low
28781;32513;132514;4;High
28782;7218;107219;0;High
28783;19851;119852;2;High
28784;29675;129676;2;Medium
28785;40673;140674;2;High
28786;349;100350;2;Medium
28787;33796;133797;0;Medium
28788;35983;135984;0;Low
28789;5361;105362;1;Low
28790;46877;146878;3;Low
28791;2048;102049;3;Medium
28792;40473;140474;0;Medium
28793;19519;119520;3;Medium
28794;30931;130932;2;Medium
28795;26660;126661;0;Medium
28796;9630;109631;2;Low
28797;13185;113186;0;Medium
28798;20683;120684;3;Low
28799;14340;114341;1;Medium
28800;12557;112558;2;High
28801;11758;111759;3;Low
28802;17702;117703;0;Low
28803;48181;148182;4;High
28804;48906;148907;0;Medium
28805;21139;121140;4;Low
28806;3943;103944;4;High
28807;13669;113670;3;Low
28808;44733;144734;3;High
28809;39449;139450;0;High
28810;31326;131327;2;High
28811;6952;106953;3;High
28812;5985;105986;4;High
28813;668;100669;3;Medium
28814;1369;101370;3;Medium
28815;45806;145807;3;High
28816;16559;116560;4;Low
28817;37497;137498;4;Low
28818;2186;102187;0;Low
28819;29615;129616;1;Medium
28820;33677;133678;3;Low
28821;27074;127075;1;Low
28822;35955;135956;0;Low
28823;9297;109298;1;Medium
28824;12778;112779;4;Medium
28825;4189;104190;1;Low
28826;49629;149630;2;Low
28827;40401;140402;2;Medium
28828;20440;120441;1;Medium
28829;5255;105256;2;Medium
28830;26727;126728;1;Medium
28831;40718;140719;0;Low
28832;34108;134109;4;High
28833;8007;108008;2;Medium
28834;39608;139609;2;Medium
28835;14707;114708;4;Medium
28836;32997;132998;4;Low
28837;33966;133967;0;High
28838;32487;132488;2;High
28839;38017;138018;0;Medium
28840;33185;133186;2;Low
28841;47009;147010;0;Low
28842;40494;140495;1;Medium
28843;43765;143766;0;High
28844;3049;103050;0;Low
28845;11360;111361;3;Low
28846;5756;105757;0;Medium
28847;29972;129973;4;High
28848;13060;113061;1;Medium
28849;36557;136558;3;Low
28850;41439;141440;2;Low
28851;43091;143092;3;Low
28852;38613;138614;4;Medium
28853;29734;129735;3;Medium
28854;3253;103254;4;High
28855;43868;143869;0;High
28856;32784;132785;0;High
28857;24725;124726;3;Medium
28858;33809;133810;1;Medium
28859;48630;148631;3;Medium
28860;23041;123042;4;Medium
28861;32971;132972;0;High
28862;12952;112953;1;Medium
28863;22509;122510;1;Medium
28864;30617;130618;4;Medium
28865;40218;140219;1;Low
28866;21345;121346;4;Medium
28867;3035;103036;2;Low
28868;19813;119814;2;Medium
28869;38417;138418;0;Medium
28870;30161;130162;2;Medium
28871;34921;134922;3;High
28872;39264;139265;2;Medium
28873;46387;146388;1;Low
28874;35542;135543;4;Medium
28875;14519;114520;0;Low
28876;22697;122698;4;Medium
28877;8169;108170;1;Medium
28878;21062;121063;1;Medium
28879;3404;103405;3;Medium
28880;22526;122527;3;Medium
28881;29029;129030;3;Low
28882;47498;147499;0;Medium
28883;9013;109014;4;Medium
28884;45600;145601;4;High
28885;39708;139709;0;High
28886;36559;136560;3;Medium
28887;19231;119232;1;Medium
28888;30073;130074;2;Medium
28889;45803;145804;1;Medium
28890;31969;131970;0;High
28891;43577;143578;2;Low
28892;26982;126983;4;Low
28893;30523;130524;2;Medium
28894;41761;141762;2;Medium
28895;30406;130407;2;Medium
28896;25100;125101;0;Medium
28897;15998;115999;4;Medium
28898;20187;120188;1;Medium
28899;20985;120986;2;Medium
28900;48886;148887;3;Medium
28901;30432;130433;3;Low
28902;9313;109314;0;Medium
28903;49807;149808;4;Medium
28904;18121;118122;3;High
28905;43229;143230;1;High
28906;16724;116725;1;Low
28907;19134;119135;1;Medium
28908;1240;101241;3;Medium
28909;5736;105737;0;Medium
28910;7288;107289;1;Low
28911;9470;109471;2;Medium
28912;37038;137039;3;Medium
28913;38421;138422;4;Medium
28914;17595;117596;3;Low
28915;45814;145815;3;Low
28916;45605;145606;2;High
28917;31823;131824;1;High
28918;11186;111187;3;Low
28919;30417;130418;1;High
28920;39444;139445;3;Medium
28921;44032;144033;4;Medium
28922;43405;143406;4;Low
28923;18342;118343;4;Medium
28924;3908;103909;2;Low
28925;34965;134966;0;Low
28926;41048;141049;4;Medium
28927;41089;141090;4;Low
28928;1569;101570;3;Low
28929;39053;139054;4;Low
28930;48803;148804;0;Low
28931;40382;140383;2;Medium
28932;44427;144428;0;Low
28933;33342;133343;3;Medium
28934;36515;136516;4;Medium
28935;45299;145300;0;High
28936;13052;113053;3;Medium
28937;11193;111194;0;High
28938;28413;128414;3;Medium
28939;6823;106824;2;Medium
28940;12520;112521;2;Medium
28941;2908;102909;2;Low
28942;12461;112462;4;High
28943;43465;143466;0;Medium
28944;5857;105858;2;Medium
28945;30359;130360;1;High
28946;25130;125131;0;Low
28947;15966;115967;3;High
28948;14946;114947;1;Medium
28949;25040;125041;0;Medium
28950;38955;138956;4;Medium
28951;28333;128334;2;High
28952;1812;101813;4;Medium
28953;10386;110387;4;High
28954;27995;127996;4;High
28955;9312;109313;3;Medium
28956;2072;102073;1;High
28957;44948;144949;2;Medium
28958;25165;125166;2;Medium
28959;18825;118826;1;Medium
28960;12841;112842;2;Low
28961;15666;115667;3;Medium
28962;5979;105980;2;Low
28963;36268;136269;3;Medium
28964;6210;106211;0;Low
28965;17536;117537;1;High
28966;36182;136183;4;High
28967;18691;118692;1;Medium
28968;35973;135974;0;High
28969;22417;122418;4;Medium
28970;35802;135803;0;Medium
28971;19889;119890;1;Low
28972;39255;139256;3;High
28973;26941;126942;2;Medium
28974;26273;126274;2;High
28975;12815;112816;2;Low
28976;5127;105128;1;Low
28977;19267;119268;3;Medium
28978;31820;131821;2;High
28979;7327;107328;3;High
28980;43342;143343;4;Medium
28981;8133;108134;3;Medium
28982;29740;129741;3;Medium
28983;17310;117311;2;High
28984;14871;114872;1;Low
28985;1542;101543;0;Low
28986;34433;134434;2;Low
28987;44135;144136;4;Medium
28988;46358;146359;3;Medium
28989;3181;103182;4;Low
28990;11069;111070;3;Medium
28991;38824;138825;2;Low
28992;21121;121122;2;High
28993;45550;145551;2;Medium
28994;32474;132475;3;Medium
28995;39120;139121;1;Low
28996;39129;139130;1;Low
28997;5356;105357;1;Low
28998;42111;142112;3;Medium
28999;35181;135182;3;Medium
29000;11076;111077;3;Medium
29001;44597;144598;1;Medium
29002;46308;146309;0;High
29003;45116;145117;1;Medium
29004;6747;106748;0;Medium
29005;46809;146810;1;Medium
29006;47131;147132;4;Low
29007;35980;135981;2;Low
29008;5418;105419;0;Medium
29009;36766;136767;3;Medium
29010;46390;146391;3;Medium
29011;9093;109094;0;Medium
29012;39707;139708;2;Medium
29013;34882;134883;4;Medium
29014;17930;117931;1;Low
29015;41393;141394;2;Medium
29016;13995;113996;3;Low
29017;24291;124292;0;High
29018;33975;133976;3;High
29019;12579;112580;3;Medium
29020;32824;132825;0;Low
29021;2670;102671;2;Low
29022;23452;123453;3;High
29023;806;100807;1;High
29024;17426;117427;3;Low
29025;18611;118612;2;Low
29026;8490;108491;1;Low
29027;22275;122276;4;Medium
29028;5234;105235;1;Medium
29029;19797;119798;3;Medium
29030;4137;104138;1;Low
29031;3820;103821;3;Medium
29032;45385;145386;2;Medium
29033;37838;137839;3;Medium
29034;2852;102853;1;Low
29035;13837;113838;2;Medium
29036;37017;137018;3;Medium
29037;28519;128520;4;Low
29038;15572;115573;3;Low
29039;29358;129359;4;Medium
29040;17164;117165;3;Medium
29041;5931;105932;3;Low
29042;2252;102253;3;Medium
29043;39646;139647;0;Low
29044;33562;133563;0;High
29045;46419;146420;0;Medium
29046;43414;143415;4;Medium
29047;47151;147152;0;Medium
29048;26330;126331;4;Medium
29049;36063;136064;1;High
29050;20204;120205;1;Low
29051;33516;133517;1;Low
29052;45865;145866;1;Low
29053;35938;135939;3;Medium
29054;37733;137734;3;Low
29055;23911;123912;1;Low
29056;6968;106969;4;High
29057;1584;101585;4;Medium
29058;40227;140228;4;Medium
29059;49735;149736;4;Medium
29060;45191;145192;3;Medium
29061;48120;148121;2;Medium
29062;45189;145190;1;Medium
29063;15294;115295;0;Medium
29064;27390;127391;0;High
29065;48615;148616;2;Low
29066;4593;104594;3;Medium
29067;12300;112301;0;Medium
29068;26684;126685;3;Medium
29069;15532;115533;4;High
29070;9066;109067;4;High
29071;35847;135848;2;Medium
29072;6325;106326;3;High
29073;22282;122283;1;Low
29074;45561;145562;4;Low
29075;31131;131132;0;Medium
29076;13765;113766;2;Low
29077;46255;146256;1;Medium
29078;35714;135715;1;High
29079;1933;101934;4;Medium
29080;13875;113876;0;Medium
29081;17306;117307;3;Medium
29082;45609;145610;4;High
29083;45708;145709;0;Medium
29084;31186;131187;3;High
29085;7363;107364;2;Medium
29086;3649;103650;1;Medium
29087;25349;125350;1;Medium
29088;9377;109378;0;Low
29089;23337;123338;0;Low
29090;1742;101743;3;Low
29091;17227;117228;3;Medium
29092;1826;101827;0;Medium
29093;30130;130131;1;Medium
29094;14375;114376;2;High
29095;38356;138357;1;Low
29096;12135;112136;2;High
29097;41398;141399;3;High
29098;35317;135318;4;Low
29099;5065;105066;4;Medium
29100;46252;146253;3;Medium
29101;46884;146885;2;Low
29102;45489;145490;1;Low
29103;14391;114392;1;Low
29104;41863;141864;2;Low
29105;4507;104508;4;Medium
29106;32252;132253;3;Low
29107;25067;125068;3;High
29108;44225;144226;1;High
29109;11558;111559;3;High
29110;8940;108941;4;Low
29111;32127;132128;3;Low
29112;32010;132011;0;Medium
29113;37335;137336;1;Medium
29114;12571;112572;1;Medium
29115;47685;147686;2;Low
29116;30862;130863;3;Medium
29117;11031;111032;2;High
29118;20687;120688;4;Medium
29119;19621;119622;1;Medium
29120;11397;111398;0;Low
29121;17409;117410;0;Low
29122;19335;119336;0;High
29123;22912;122913;2;Medium
29124;13362;113363;1;Low
29125;22805;122806;2;High
29126;26965;126966;4;High
29127;8441;108442;3;Medium
29128;34340;134341;1;Medium
29129;116;100117;3;Low
29130;12972;112973;4;Medium
29131;4263;104264;2;Medium
29132;475;100476;0;Medium
29133;23538;123539;1;Medium
29134;3629;103630;3;High
29135;40606;140607;2;Low
29136;23998;123999;2;High
29137;30422;130423;4;High
29138;9316;109317;1;Low
29139;7571;107572;3;High
29140;38492;138493;4;Medium
29141;21098;121099;1;Medium
29142;35578;135579;2;Medium
29143;7508;107509;1;Low
29144;15341;115342;0;Low
29145;26921;126922;1;Low
29146;18614;118615;3;Low
29147;19795;119796;4;Medium
29148;20507;120508;3;Medium
29149;30210;130211;3;Medium
29150;31176;131177;4;Medium
29151;12627;112628;4;Medium
29152;41888;141889;1;Medium
29153;24486;124487;1;Medium
29154;45369;145370;0;Low
29155;17627;117628;4;Medium
29156;49742;149743;0;Medium
29157;33485;133486;4;Medium
29158;20396;120397;4;High
29159;22792;122793;4;Medium
29160;21866;121867;4;Medium
29161;18909;118910;0;Low
29162;35412;135413;2;Medium
29163;2117;102118;4;Medium
29164;16451;116452;3;Low
29165;37080;137081;2;Medium
29166;5454;105455;0;High
29167;31846;131847;0;Low
29168;38416;138417;3;Medium
29169;6672;106673;2;Medium
29170;26697;126698;3;High
29171;35991;135992;0;High
29172;32439;132440;0;High
29173;31726;131727;2;Low
29174;30727;130728;4;High
29175;33633;133634;3;Medium
29176;49902;149903;3;Low
29177;7430;107431;1;Low
29178;16666;116667;4;Low
29179;42795;142796;1;Medium
29180;2352;102353;3;High
29181;9034;109035;4;Low
29182;401;100402;4;High
29183;28604;128605;4;Medium
29184;379;100380;0;Medium
29185;29628;129629;3;Medium
29186;25479;125480;4;Low
29187;25338;125339;4;Medium
29188;24231;124232;2;Low
29189;33894;133895;3;High
29190;39286;139287;0;High
29191;47130;147131;4;Low
29192;25657;125658;2;Medium
29193;4385;104386;0;High
29194;29360;129361;2;Medium
29195;23851;123852;3;Medium
29196;3597;103598;0;Low
29197;30657;130658;3;High
29198;26502;126503;4;High
29199;3845;103846;3;Medium
29200;34740;134741;1;Low
29201;16317;116318;2;Medium
29202;5731;105732;2;Low
29203;10576;110577;4;High
29204;36471;136472;1;Low
29205;33932;133933;2;Low
29206;43200;143201;3;Medium
29207;49436;149437;4;High
29208;18362;118363;3;Low
29209;49312;149313;3;Low
29210;24771;124772;3;Medium
29211;40474;140475;4;Low
29212;16051;116052;2;Medium
29213;31649;131650;1;Medium
29214;14168;114169;0;Medium
29215;39423;139424;4;High
29216;33905;133906;3;Medium
29217;30951;130952;0;Medium
29218;39474;139475;1;High
29219;14740;114741;0;Low
29220;38312;138313;1;Low
29221;36084;136085;0;High
29222;43881;143882;4;High
29223;23171;123172;2;Low
29224;34998;134999;0;Low
29225;44041;144042;3;Low
29226;25125;125126;1;Low
29227;25970;125971;1;Medium
29228;20253;120254;2;Medium
29229;1951;101952;2;Medium
29230;10968;110969;4;Medium
29231;10566;110567;2;Low
29232;2480;102481;1;High
29233;38750;138751;2;Medium
29234;24487;124488;3;Medium
29235;27389;127390;1;Medium
29236;2171;102172;2;Medium
29237;38905;138906;3;High
29238;15533;115534;2;High
29239;42390;142391;3;High
29240;12373;112374;2;Medium
29241;20090;120091;2;Low
29242;40745;140746;0;Low
29243;18818;118819;2;Medium
29244;11861;111862;2;High
29245;19727;119728;4;Medium
29246;23120;123121;3;Medium
29247;30588;130589;4;Medium
29248;42276;142277;2;Medium
29249;27888;127889;4;Medium
29250;13829;113830;4;Medium
29251;14235;114236;3;High
29252;43955;143956;2;Low
29253;47853;147854;0;Low
29254;2741;102742;2;High
29255;17737;117738;1;Low
29256;7366;107367;2;High
29257;29645;129646;1;Low
29258;24936;124937;3;Low
29259;24769;124770;0;Low
29260;45521;145522;4;Medium
29261;21561;121562;0;Medium
29262;11780;111781;0;Medium
29263;11640;111641;4;High
29264;42485;142486;0;High
29265;15442;115443;4;Low
29266;24401;124402;0;Medium
29267;32645;132646;2;Medium
29268;46510;146511;1;Low
29269;38239;138240;4;High
29270;48377;148378;2;Low
29271;3152;103153;2;Low
29272;42260;142261;1;Medium
29273;3033;103034;3;Medium
29274;49630;149631;0;Medium
29275;12558;112559;3;Medium
29276;30708;130709;0;Low
29277;49887;149888;0;Low
29278;23092;123093;2;Low
29279;44573;144574;2;Medium
29280;5347;105348;1;Low
29281;6259;106260;4;Low
29282;22941;122942;1;Medium
29283;49423;149424;1;High
29284;44633;144634;0;Low
29285;1986;101987;4;Low
29286;16343;116344;4;Medium
29287;28964;128965;4;High
29288;19767;119768;3;High
29289;15382;115383;2;High
29290;44448;144449;4;Low
29291;25145;125146;0;Low
29292;48518;148519;1;High
29293;18642;118643;2;Low
29294;8215;108216;4;Low
29295;30667;130668;3;High
29296;21940;121941;3;High
29297;17957;117958;1;Low
29298;351;100352;2;Low
29299;16507;116508;3;Medium
29300;5910;105911;1;Low
29301;2056;102057;1;Medium
29302;47998;147999;2;High
29303;10994;110995;0;Medium
29304;15508;115509;2;Medium
29305;24790;124791;1;Low
29306;35106;135107;4;Low
29307;3645;103646;3;Medium
29308;3766;103767;0;Medium
29309;49092;149093;3;Medium
29310;5460;105461;3;Medium
29311;40452;140453;0;Medium
29312;27245;127246;3;Medium
29313;34548;134549;1;Medium
29314;37924;137925;4;Low
29315;19553;119554;0;Low
29316;40563;140564;1;High
29317;24824;124825;0;Medium
29318;46183;146184;3;Low
29319;23012;123013;1;High
29320;29743;129744;4;Medium
29321;41229;141230;3;High
29322;16804;116805;4;High
29323;23887;123888;3;Low
29324;38718;138719;2;Low
29325;34541;134542;2;High
29326;10188;110189;1;High
29327;20468;120469;4;Low
29328;23049;123050;0;Medium
29329;20799;120800;0;Medium
29330;28356;128357;4;Medium
29331;48200;148201;4;Low
29332;15938;115939;0;Medium
29333;13153;113154;1;Low
29334;42237;142238;0;Medium
29335;31953;131954;0;Medium
29336;49538;149539;3;Medium
29337;46667;146668;3;Medium
29338;20686;120687;3;High
29339;17987;117988;3;Low
29340;4085;104086;3;High
29341;8531;108532;0;High
29342;2910;102911;1;Medium
29343;14988;114989;0;High
29344;28558;128559;3;Medium
29345;8095;108096;0;Low
29346;25560;125561;3;Medium
29347;30108;130109;3;High
29348;13272;113273;2;Medium
29349;9581;109582;4;Medium
29350;46133;146134;0;Low
29351;21975;121976;2;Medium
29352;49792;149793;0;High
29353;12011;112012;1;Medium
29354;17241;117242;1;Medium
29355;35539;135540;3;Medium
29356;47993;147994;2;Medium
29357;29440;129441;0;Low
29358;43022;143023;2;Medium
29359;31065;131066;3;High
29360;38707;138708;3;Low
29361;22152;122153;1;Low
29362;6164;106165;3;High
29363;19819;119820;1;Low
29364;229;100230;0;Medium
29365;2573;102574;1;Low
29366;26532;126533;4;High
29367;7451;107452;1;High
29368;9738;109739;1;High
29369;9097;109098;0;High
29370;14075;114076;3;Low
29371;9367;109368;0;Low
29372;17031;117032;1;High
29373;35859;135860;3;Medium
29374;29161;129162;2;Medium
29375;33380;133381;2;Medium
29376;17368;117369;0;High
29377;26787;126788;4;Medium
29378;31800;131801;2;Low
29379;2446;102447;2;Medium
29380;19416;119417;2;High
29381;48412;148413;3;Medium
29382;27003;127004;1;High
29383;1077;101078;2;Low
29384;2224;102225;2;High
29385;47091;147092;3;High
29386;8778;108779;0;Low
29387;25321;125322;3;Low
29388;42512;142513;1;Low
29389;31066;131067;1;High
29390;42187;142188;1;High
29391;10671;110672;1;High
29392;28526;128527;4;Medium
29393;39085;139086;3;Low
29394;39131;139132;3;Medium
29395;47000;147001;1;Low
29396;3784;103785;1;Medium
29397;16898;116899;1;Medium
29398;25810;125811;3;Low
29399;38007;138008;3;High
29400;23286;123287;3;High
29401;28681;128682;4;Low
29402;43679;143680;3;Medium
29403;17428;117429;2;High
29404;16031;116032;3;Medium
29405;1289;101290;0;Medium
29406;14568;114569;0;Medium
29407;32540;132541;4;Medium
29408;34943;134944;0;Low
29409;38250;138251;2;Low
29410;2476;102477;1;Medium
29411;9809;109810;1;Medium
29412;15500;115501;2;Medium
29413;32298;132299;2;Low
29414;5836;105837;4;Medium
29415;9842;109843;2;Medium
29416;24871;124872;1;High
29417;15989;115990;2;Low
29418;24162;124163;2;High
29419;5549;105550;2;Low
29420;47281;147282;4;Medium
29421;21622;121623;0;Low
29422;15960;115961;4;Medium
29423;33631;133632;1;Medium
29424;39046;139047;3;Medium
29425;15568;115569;1;Medium
29426;5018;105019;4;Medium
29427;47768;147769;3;Low
29428;27144;127145;0;Medium
29429;22554;122555;2;Medium
29430;31421;131422;3;High
29431;14667;114668;3;Low
29432;37799;137800;2;Low
29433;2260;102261;0;Low
29434;39654;139655;2;Low
29435;25896;125897;3;Medium
29436;47313;147314;4;Medium
29437;9966;109967;4;Medium
29438;45623;145624;3;High
29439;21049;121050;2;Low
29440;8603;108604;1;Medium
29441;47373;147374;1;Medium
29442;17374;117375;0;High
29443;35472;135473;1;Low
29444;13116;113117;2;High
29445;36983;136984;4;High
29446;27782;127783;2;Medium
29447;14960;114961;2;High
29448;24810;124811;3;High
29449;18279;118280;4;Medium
29450;17839;117840;2;Low
29451;4508;104509;2;Low
29452;19914;119915;0;Medium
29453;20021;120022;2;Low
29454;23448;123449;4;High
29455;15701;115702;4;High
29456;41644;141645;1;Medium
29457;39238;139239;3;High
29458;49575;149576;0;High
29459;40997;140998;0;Medium
29460;25354;125355;3;Low
29461;1607;101608;4;Medium
29462;5907;105908;0;Medium
29463;41912;141913;4;Low
29464;27282;127283;2;Low
29465;19108;119109;0;Medium
29466;12311;112312;0;High
29467;22558;122559;0;Low
29468;9442;109443;1;Medium
29469;8305;108306;2;Low
29470;16884;116885;3;Medium
29471;34958;134959;3;Low
29472;36762;136763;4;Low
29473;8596;108597;4;Medium
29474;17438;117439;0;Low
29475;26066;126067;2;High
29476;40992;140993;3;Medium
29477;28233;128234;0;Medium
29478;19692;119693;4;Medium
29479;46178;146179;2;Medium
29480;27508;127509;0;Low
29481;9070;109071;4;High
29482;16449;116450;1;High
29483;5047;105048;0;Medium
29484;36123;136124;3;Medium
29485;10797;110798;4;Medium
29486;25732;125733;2;High
29487;7473;107474;4;High
29488;16719;116720;2;Medium
29489;45193;145194;3;Low
29490;45033;145034;0;Low
29491;48954;148955;2;Low
29492;18103;118104;2;High
29493;19937;119938;3;Medium
29494;40667;140668;0;Low
29495;41453;141454;3;Low
29496;21004;121005;2;High
29497;737;100738;4;High
29498;43733;143734;2;Low
29499;22350;122351;1;Low
29500;2181;102182;1;High
29501;18725;118726;3;High
29502;25120;125121;1;Medium
29503;34723;134724;0;Low
29504;34522;134523;3;Low
29505;41859;141860;3;Medium
29506;47486;147487;4;High
29507;48343;148344;4;Low
29508;22293;122294;2;Medium
29509;19619;119620;0;Medium
29510;17760;117761;3;Medium
29511;48715;148716;0;Medium
29512;5137;105138;0;High
29513;19407;119408;0;Low
29514;7854;107855;1;Low
29515;37013;137014;1;Medium
29516;17649;117650;2;Low
29517;15263;115264;3;Low
29518;29351;129352;3;High
29519;37754;137755;1;High
29520;48602;148603;1;Medium
29521;42629;142630;3;High
29522;8869;108870;3;Medium
29523;44069;144070;3;Low
29524;6012;106013;2;Low
29525;18461;118462;4;Medium
29526;33511;133512;0;Medium
29527;20369;120370;3;Low
29528;35919;135920;0;Low
29529;26354;126355;4;Medium
29530;2922;102923;3;High
29531;47397;147398;3;Medium
29532;19379;119380;3;Medium
29533;46974;146975;4;Low
29534;23620;123621;1;Low
29535;38986;138987;3;Low
29536;46279;146280;2;Low
29537;23428;123429;2;High
29538;4235;104236;4;Low
29539;43306;143307;3;High
29540;27108;127109;3;Medium
29541;45782;145783;4;Low
29542;15419;115420;3;Medium
29543;9189;109190;2;High
29544;46363;146364;3;Low
29545;16434;116435;0;High
29546;26516;126517;4;Medium
29547;41960;141961;0;Low
29548;17110;117111;2;High
29549;44768;144769;1;Low
29550;36137;136138;4;Low
29551;33680;133681;4;Medium
29552;37775;137776;2;Low
29553;16577;116578;1;Medium
29554;23931;123932;0;High
29555;22182;122183;3;Low
29556;5136;105137;3;High
29557;31335;131336;1;Low
29558;4294;104295;3;Medium
29559;47358;147359;2;Medium
29560;10078;110079;0;Low
29561;28438;128439;1;Medium
29562;23671;123672;4;High
29563;1772;101773;4;High
29564;28153;128154;0;Medium
29565;38500;138501;3;High
29566;34570;134571;4;Medium
29567;1796;101797;0;Medium
29568;45687;145688;2;Medium
29569;5965;105966;0;Low
29570;36628;136629;3;High
29571;44546;144547;1;Medium
29572;27614;127615;3;Medium
29573;40853;140854;2;Low
29574;836;100837;3;High
29575;10883;110884;3;High
29576;3454;103455;2;Low
29577;10704;110705;2;High
29578;24058;124059;4;Medium
29579;23374;123375;1;High
29580;10105;110106;4;Low
29581;1785;101786;3;Low
29582;31162;131163;4;High
29583;13713;113714;0;Low
29584;1057;101058;2;Medium
29585;11791;111792;2;Low
29586;38772;138773;2;Low
29587;30081;130082;2;Low
29588;11127;111128;4;Low
29589;6631;106632;4;High
29590;46987;146988;4;High
29591;19094;119095;0;Medium
29592;4539;104540;4;Medium
29593;40485;140486;1;Low
29594;30761;130762;1;Low
29595;33547;133548;3;High
29596;36021;136022;1;Low
29597;29668;129669;1;Low
29598;36446;136447;3;Medium
29599;20398;120399;4;High
29600;22377;122378;4;Low
29601;16903;116904;0;Low
29602;21675;121676;0;Medium
29603;43703;143704;2;Medium
29604;8687;108688;1;Low
29605;29660;129661;4;Medium
29606;27676;127677;3;Medium
29607;6028;106029;0;Medium
29608;18182;118183;1;Low
29609;25949;125950;2;Medium
29610;30743;130744;4;High
29611;34789;134790;1;High
29612;46975;146976;3;Low
29613;45141;145142;2;Low
29614;2082;102083;2;Medium
29615;18509;118510;4;Medium
29616;16067;116068;2;High
29617;38501;138502;3;Medium
29618;16748;116749;3;High
29619;31561;131562;3;Medium
29620;31087;131088;4;Medium
29621;21985;121986;0;Medium
29622;25515;125516;2;Medium
29623;16189;116190;1;Medium
29624;37049;137050;0;Medium
29625;32920;132921;2;Medium
29626;34499;134500;2;Low
29627;29586;129587;3;Medium
29628;25678;125679;1;Low
29629;26679;126680;1;Medium
29630;14268;114269;2;Medium
29631;15269;115270;1;Low
29632;2421;102422;3;High
29633;11945;111946;0;Medium
29634;12380;112381;3;High
29635;38098;138099;3;Medium
29636;43447;143448;3;Low
29637;31711;131712;1;Medium
29638;32220;132221;2;Low
29639;26319;126320;0;Medium
29640;33067;133068;4;Medium
29641;23240;123241;4;Medium
29642;11471;111472;0;Medium
29643;13022;113023;2;Low
29644;17908;117909;4;High
29645;9762;109763;1;Low
29646;46442;146443;3;Low
29647;18097;118098;4;Medium
29648;14773;114774;4;Low
29649;47943;147944;3;Low
29650;22559;122560;2;Low
29651;10977;110978;1;Medium
29652;37502;137503;3;Medium
29653;49308;149309;3;Low
29654;24831;124832;1;Low
29655;45233;145234;1;Medium
29656;43549;143550;4;Low
29657;263;100264;0;High
29658;13059;113060;2;High
29659;14244;114245;4;Medium
29660;16157;116158;2;High
29661;38049;138050;0;Medium
29662;21935;121936;0;Medium
29663;22844;122845;3;Low
29664;45850;145851;4;Low
29665;27262;127263;3;Low
29666;10506;110507;4;Medium
29667;33121;133122;2;Low
29668;47111;147112;3;Medium
29669;10521;110522;3;Medium
29670;36400;136401;0;High
29671;19784;119785;2;Medium
29672;31761;131762;1;Medium
29673;35538;135539;2;Medium
29674;9717;109718;1;Medium
29675;14301;114302;2;Medium
29676;31336;131337;0;Medium
29677;7684;107685;0;High
29678;34806;134807;0;Medium
29679;1566;101567;0;Low
29680;4479;104480;2;Medium
29681;16731;116732;0;Medium
29682;11013;111014;4;Low
29683;3675;103676;3;Medium
29684;29612;129613;4;Medium
29685;19036;119037;0;Medium
29686;23312;123313;0;Medium
29687;44178;144179;0;High
29688;12594;112595;2;Low
29689;21523;121524;4;High
29690;22589;122590;0;Medium
29691;19595;119596;3;Medium
29692;2875;102876;1;High
29693;18039;118040;2;High
29694;48844;148845;3;High
29695;26812;126813;0;Medium
29696;30051;130052;2;Medium
29697;44995;144996;4;Medium
29698;45891;145892;3;Medium
29699;37105;137106;3;High
29700;43783;143784;4;Low
29701;26826;126827;2;Low
29702;42329;142330;1;Low
29703;14012;114013;1;Medium
29704;7822;107823;0;High
29705;23212;123213;3;Medium
29706;17587;117588;3;Low
29707;17792;117793;1;High
29708;4469;104470;4;Low
29709;40367;140368;1;Medium
29710;21725;121726;1;Medium
29711;928;100929;3;Medium
29712;33401;133402;0;Medium
29713;13249;113250;1;High
29714;46487;146488;3;Medium
29715;21454;121455;3;Medium
29716;26320;126321;1;Medium
29717;48101;148102;2;Low
29718;35267;135268;0;Low
29719;40539;140540;1;High
29720;27127;127128;4;Low
29721;14288;114289;2;Medium
29722;22290;122291;4;Low
29723;26381;126382;2;Low
29724;11537;111538;0;Medium
29725;13289;113290;3;Low
29726;6979;106980;3;High
29727;14309;114310;2;Low
29728;6732;106733;0;High
29729;14417;114418;0;Low
29730;1080;101081;2;High
29731;28459;128460;1;Low
29732;6504;106505;2;Low
29733;2291;102292;0;High
29734;43502;143503;3;High
29735;8289;108290;0;Medium
29736;17299;117300;3;Low
29737;6934;106935;4;High
29738;5427;105428;1;Low
29739;6545;106546;0;Medium
29740;32621;132622;0;Low
29741;12385;112386;4;High
29742;38883;138884;2;Medium
29743;591;100592;2;High
29744;4942;104943;2;High
29745;37296;137297;0;Low
29746;19256;119257;0;High
29747;3311;103312;3;Low
29748;22640;122641;2;High
29749;16575;116576;2;Medium
29750;25308;125309;1;High
29751;20995;120996;1;High
29752;26266;126267;4;Medium
29753;18963;118964;3;Low
29754;35146;135147;1;High
29755;40051;140052;4;Medium
29756;20877;120878;2;Medium
29757;26429;126430;2;Low
29758;19664;119665;4;Medium
29759;28825;128826;1;High
29760;18594;118595;3;Low
29761;29299;129300;0;Medium
29762;36126;136127;2;Low
29763;45099;145100;4;Low
29764;37306;137307;3;Low
29765;31863;131864;2;High
29766;11934;111935;1;Medium
29767;13309;113310;3;High
29768;21829;121830;4;Medium
29769;45060;145061;3;Medium
29770;1011;101012;3;High
29771;30123;130124;0;Medium
29772;14240;114241;0;Medium
29773;21113;121114;2;Medium
29774;7965;107966;3;High
29775;37494;137495;0;Low
29776;12216;112217;4;High
29777;36156;136157;3;Low
29778;45817;145818;0;High
29779;32650;132651;1;High
29780;40052;140053;3;Medium
29781;27670;127671;1;High
29782;16813;116814;4;High
29783;25816;125817;4;Low
29784;26054;126055;1;Medium
29785;45576;145577;2;High
29786;25440;125441;0;Medium
29787;41476;141477;2;Medium
29788;4590;104591;0;High
29789;39570;139571;0;Low
29790;5159;105160;2;Medium
29791;14968;114969;4;Low
29792;41463;141464;0;Low
29793;16984;116985;0;Medium
29794;40222;140223;2;Low
29795;25128;125129;1;Low
29796;31372;131373;4;High
29797;34904;134905;4;Medium
29798;39049;139050;0;Low
29799;12653;112654;4;High
29800;10344;110345;1;High
29801;27858;127859;0;Low
29802;22815;122816;3;Medium
29803;16414;116415;4;Low
29804;20633;120634;0;Low
29805;47290;147291;4;Low
29806;29765;129766;2;Medium
29807;19589;119590;0;Medium
29808;49595;149596;2;Low
29809;49000;149001;2;Medium
29810;884;100885;2;Low
29811;17499;117500;4;Medium
29812;5928;105929;3;High
29813;8775;108776;2;Medium
29814;6687;106688;0;High
29815;20155;120156;4;High
29816;44810;144811;3;Medium
29817;18891;118892;4;Medium
29818;10286;110287;0;Medium
29819;47868;147869;2;Medium
29820;13120;113121;1;High
29821;13687;113688;4;Medium
29822;20796;120797;1;Medium
29823;20484;120485;1;Low
29824;30105;130106;3;Medium
29825;25137;125138;4;Medium
29826;34070;134071;2;Low
29827;18935;118936;2;High
29828;7735;107736;3;Low
29829;17319;117320;4;Low
29830;7864;107865;3;Medium
29831;32470;132471;3;Low
29832;38945;138946;0;Low
29833;6313;106314;3;Medium
29834;29436;129437;2;High
29835;4668;104669;0;Low
29836;23243;123244;1;High
29837;33985;133986;1;Medium
29838;28250;128251;0;Medium
29839;4210;104211;4;High
29840;6148;106149;3;High
29841;10752;110753;0;Medium
29842;8864;108865;0;High
29843;45453;145454;3;Low
29844;37485;137486;4;Low
29845;49950;149951;3;Low
29846;37917;137918;1;Medium
29847;21715;121716;4;Medium
29848;6844;106845;0;Medium
29849;39554;139555;4;Low
29850;47478;147479;3;Medium
29851;19018;119019;4;High
29852;46817;146818;1;Medium
29853;29194;129195;2;Low
29854;46681;146682;2;Medium
29855;27612;127613;1;Low
29856;14278;114279;3;High
29857;41622;141623;1;High
29858;41731;141732;0;High
29859;14901;114902;3;Medium
29860;5328;105329;2;Medium
29861;19458;119459;3;High
29862;3249;103250;3;High
29863;20312;120313;3;Low
29864;24543;124544;3;Medium
29865;3052;103053;4;Low
29866;31714;131715;4;Medium
29867;36479;136480;4;Medium
29868;8065;108066;3;Low
29869;14531;114532;1;High
29870;10133;110134;4;High
29871;40763;140764;1;High
29872;42088;142089;2;High
29873;34975;134976;3;Medium
29874;4856;104857;0;Low
29875;1295;101296;4;Low
29876;2505;102506;2;Medium
29877;30072;130073;4;Medium
29878;34717;134718;3;High
29879;12518;112519;1;Low
29880;19494;119495;1;Medium
29881;48515;148516;1;High
29882;31941;131942;1;Low
29883;49949;149950;3;Medium
29884;37658;137659;1;Medium
29885;10705;110706;2;Medium
29886;9596;109597;0;Medium
29887;18456;118457;4;Medium
29888;41228;141229;0;High
29889;37547;137548;4;High
29890;27743;127744;4;Medium
29891;33580;133581;4;High
29892;14159;114160;0;Medium
29893;19148;119149;2;Medium
29894;19062;119063;4;Medium
29895;44594;144595;3;Low
29896;39344;139345;0;High
29897;2714;102715;4;Medium
29898;37683;137684;0;Low
29899;28590;128591;1;Low
29900;6561;106562;4;Medium
29901;8093;108094;4;Medium
29902;23015;123016;2;Low
29903;22466;122467;2;Medium
29904;32607;132608;0;Low
29905;38601;138602;4;High
29906;27601;127602;1;Low
29907;40510;140511;0;Medium
29908;49805;149806;3;High
29909;33665;133666;0;Medium
29910;2366;102367;4;Medium
29911;20234;120235;0;Low
29912;6272;106273;3;Medium
29913;18978;118979;3;Medium
29914;39224;139225;1;Medium
29915;40603;140604;3;High
29916;29213;129214;0;Low
29917;28929;128930;1;Low
29918;11134;111135;0;Medium
29919;47123;147124;3;Low
29920;22858;122859;0;High
29921;2631;102632;2;Medium
29922;37115;137116;4;Low
29923;49795;149796;4;Low
29924;25706;125707;4;Low
29925;41968;141969;3;Low
29926;3479;103480;0;Medium
29927;28435;128436;4;Low
29928;45130;145131;1;Medium
29929;26512;126513;2;Low
29930;8643;108644;4;Medium
29931;51;100052;1;High
29932;41071;141072;0;Low
29933;2988;102989;1;Medium
29934;14821;114822;1;Low
29935;29497;129498;1;High
29936;20091;120092;1;High
29937;26905;126906;0;High
29938;48933;148934;1;High
29939;15901;115902;4;Low
29940;30583;130584;3;Medium
29941;9537;109538;2;Low
29942;8054;108055;2;Medium
29943;9258;109259;0;Medium
29944;32542;132543;4;Medium
29945;15835;115836;1;Low
29946;35803;135804;2;Medium
29947;1912;101913;3;High
29948;13887;113888;4;High
29949;389;100390;1;Medium
29950;15751;115752;0;Medium
29951;25329;125330;0;Low
29952;40782;140783;2;Medium
29953;2113;102114;0;Low
29954;23695;123696;4;Low
29955;35810;135811;2;Medium
29956;14578;114579;1;Medium
29957;40463;140464;0;High
29958;20896;120897;0;High
29959;15584;115585;0;Low
29960;24116;124117;1;Medium
29961;33626;133627;2;High
29962;20240;120241;1;High
29963;24991;124992;2;Low
29964;19989;119990;3;High
29965;45879;145880;1;Medium
29966;191;100192;3;High
29967;15427;115428;3;Low
29968;41653;141654;4;Medium
29969;44144;144145;0;Low
29970;34286;134287;1;Low
29971;30295;130296;2;Low
29972;16553;116554;2;Medium
29973;14796;114797;1;Medium
29974;5566;105567;0;Medium
29975;19662;119663;1;Medium
29976;38809;138810;3;Low
29977;34027;134028;0;Low
29978;23585;123586;4;Medium
29979;14976;114977;0;Low
29980;20557;120558;3;Low
29981;37764;137765;3;Low
29982;34058;134059;2;Medium
29983;9720;109721;3;High
29984;2894;102895;4;Medium
29985;37717;137718;3;Low
29986;35965;135966;4;High
29987;11347;111348;3;Medium
29988;24857;124858;0;Medium
29989;3373;103374;3;High
29990;9128;109129;3;Medium
29991;37499;137500;1;Medium
29992;40566;140567;4;Low
29993;13393;113394;3;Low
29994;17217;117218;1;Low
29995;24728;124729;2;Low
29996;19314;119315;4;High
29997;46420;146421;4;High
29998;47917;147918;4;High
29999;41650;141651;1;High
30000;44034;144035;0;Low
30001;15080;115081;1;Low
30002;15417;115418;3;Medium
30003;21660;121661;3;Low
30004;43191;143192;2;Low
30005;13478;113479;0;Medium
30006;26194;126195;2;High
30007;39147;139148;3;Medium
30008;45540;145541;1;Medium
30009;5008;105009;0;Medium
30010;6603;106604;1;High
30011;46651;146652;4;Low
30012;48258;148259;2;Low
30013;20728;120729;4;Medium
30014;11111;111112;0;High
30015;12756;112757;2;Medium
30016;19652;119653;4;Low
30017;46755;146756;3;Low
30018;16125;116126;0;High
30019;13880;113881;3;Low
30020;21118;121119;1;High
30021;1824;101825;1;Medium
30022;35492;135493;0;Medium
30023;13862;113863;1;Low
30024;47381;147382;1;Medium
30025;21845;121846;1;Low
30026;4406;104407;4;Medium
30027;20344;120345;2;Medium
30028;43600;143601;1;Medium
30029;4742;104743;3;High
30030;32155;132156;1;High
30031;13383;113384;4;Low
30032;13770;113771;2;Low
30033;43987;143988;0;High
30034;45506;145507;0;Medium
30035;41964;141965;1;Low
30036;3690;103691;3;Medium
30037;43821;143822;2;Low
30038;44349;144350;2;High
30039;27607;127608;3;Medium
30040;49071;149072;0;High
30041;35995;135996;4;High
30042;34322;134323;0;Low
30043;40142;140143;1;High
30044;1707;101708;3;Low
30045;47556;147557;4;Low
30046;26680;126681;0;Medium
30047;1637;101638;1;High
30048;16057;116058;1;Medium
30049;29019;129020;2;Low
30050;19476;119477;1;Medium
30051;3552;103553;3;Medium
30052;15344;115345;1;Medium
30053;4459;104460;0;High
30054;36250;136251;1;Medium
30055;48007;148008;1;Low
30056;27658;127659;1;Low
30057;25607;125608;3;Medium
30058;6801;106802;2;Low
30059;3960;103961;4;Low
30060;10662;110663;2;High
30061;16;100017;0;Medium
30062;8909;108910;0;Low
30063;27972;127973;4;Medium
30064;6009;106010;0;Medium
30065;28457;128458;0;Low
30066;631;100632;0;Low
30067;17100;117101;3;Medium
30068;6531;106532;4;Low
30069;20437;120438;0;Medium
30070;37000;137001;3;Medium
30071;46131;146132;1;High
30072;5667;105668;2;Low
30073;26729;126730;1;Medium
30074;19336;119337;0;Medium
30075;5629;105630;1;High
30076;15798;115799;1;High
30077;35330;135331;4;Low
30078;5222;105223;0;Low
30079;29986;129987;4;Low
30080;48646;148647;0;Low
30081;38144;138145;3;High
30082;3522;103523;2;Medium
30083;1583;101584;4;Medium
30084;8333;108334;4;High
30085;9836;109837;2;Medium
30086;13429;113430;1;Medium
30087;29694;129695;2;Low
30088;37582;137583;0;Low
30089;27150;127151;4;Low
30090;27999;128000;3;Medium
30091;40795;140796;3;Medium
30092;9239;109240;3;Medium
30093;2322;102323;3;Medium
30094;24888;124889;2;Low
30095;6853;106854;3;Medium
30096;14915;114916;4;Medium
30097;28420;128421;3;Low
30098;38878;138879;0;High
30099;24720;124721;2;High
30100;40903;140904;2;Medium
30101;36404;136405;4;Medium
30102;37496;137497;3;Medium
30103;35848;135849;2;Medium
30104;41993;141994;4;Medium
30105;13667;113668;3;Medium
30106;33609;133610;0;Medium
30107;36864;136865;4;Low
30108;31150;131151;3;High
30109;49364;149365;1;Medium
30110;11958;111959;1;Medium
30111;42312;142313;0;Low
30112;11316;111317;1;High
30113;7741;107742;3;Medium
30114;27270;127271;4;Medium
30115;22344;122345;1;Medium
30116;11646;111647;2;Medium
30117;22908;122909;2;Low
30118;25450;125451;0;Medium
30119;7444;107445;1;Medium
30120;42519;142520;2;High
30121;2192;102193;1;High
30122;22171;122172;1;Low
30123;6290;106291;2;Medium
30124;34118;134119;4;High
30125;14553;114554;0;Medium
30126;5587;105588;0;Low
30127;49972;149973;1;High
30128;22443;122444;4;High
30129;48654;148655;2;Medium
30130;19635;119636;2;Low
30131;40013;140014;3;Low
30132;9310;109311;0;High
30133;41309;141310;3;High
30134;43939;143940;4;Medium
30135;10613;110614;1;Medium
30136;20051;120052;2;High
30137;3682;103683;1;High
30138;23600;123601;1;Low
30139;22494;122495;2;Medium
30140;37134;137135;1;Low
30141;39273;139274;1;Low
30142;28163;128164;0;High
30143;45286;145287;4;Low
30144;5245;105246;0;Medium
30145;18252;118253;3;Medium
30146;41846;141847;2;Medium
30147;21285;121286;3;Medium
30148;1476;101477;0;Medium
30149;145;100146;3;High
30150;47616;147617;3;High
30151;17274;117275;1;High
30152;39678;139679;2;Low
30153;39144;139145;2;Medium
30154;46040;146041;1;Low
30155;9091;109092;0;Medium
30156;16383;116384;4;High
30157;20933;120934;4;Medium
30158;49353;149354;4;Low
30159;13457;113458;4;High
30160;2907;102908;0;High
30161;38572;138573;2;Medium
30162;29630;129631;0;Low
30163;1001;101002;4;Low
30164;25847;125848;0;Low
30165;39228;139229;0;Medium
30166;21540;121541;1;Low
30167;786;100787;1;Medium
30168;22070;122071;3;Medium
30169;7211;107212;3;Medium
30170;33070;133071;2;High
30171;16187;116188;3;High
30172;1483;101484;3;High
30173;6673;106674;4;Low
30174;5400;105401;0;Medium
30175;12400;112401;0;Medium
30176;33761;133762;1;High
30177;23178;123179;3;Low
30178;46561;146562;4;Low
30179;27175;127176;0;High
30180;24578;124579;0;Medium
30181;43904;143905;2;High
30182;36618;136619;1;Low
30183;4943;104944;2;High
30184;36153;136154;4;Medium
30185;1760;101761;2;High
30186;12467;112468;3;Medium
30187;22291;122292;0;Low
30188;17635;117636;1;Medium
30189;39515;139516;3;Medium
30190;14979;114980;0;High
30191;13771;113772;3;Medium
30192;9345;109346;1;High
30193;13703;113704;3;Low
30194;17571;117572;4;Low
30195;20277;120278;1;Medium
30196;47680;147681;1;Low
30197;433;100434;3;Low
30198;25461;125462;0;Medium
30199;3036;103037;1;Medium
30200;43348;143349;4;Medium
30201;27898;127899;4;Medium
30202;31587;131588;0;Medium
30203;49446;149447;0;Medium
30204;22776;122777;3;High
30205;37761;137762;1;High
30206;19048;119049;1;Low
30207;9671;109672;3;Medium
30208;9494;109495;1;Low
30209;10947;110948;1;Low
30210;44491;144492;4;High
30211;48982;148983;4;Medium
30212;26732;126733;1;Medium
30213;1869;101870;4;High
30214;23652;123653;3;Medium
30215;34679;134680;0;Medium
30216;19320;119321;3;High
30217;9869;109870;4;High
30218;8348;108349;3;Medium
30219;14985;114986;3;Medium
30220;34565;134566;3;High
30221;12120;112121;2;Medium
30222;45783;145784;3;High
30223;20733;120734;1;High
30224;19704;119705;3;Medium
30225;27963;127964;0;Medium
30226;18780;118781;1;Low
30227;27657;127658;3;Medium
30228;48959;148960;1;Medium
30229;42454;142455;4;Medium
30230;19606;119607;1;High
30231;15806;115807;4;High
30232;38993;138994;1;High
30233;48547;148548;1;Medium
30234;2027;102028;3;Medium
30235;8277;108278;2;Low
30236;23704;123705;1;High
30237;7955;107956;0;Low
30238;11089;111090;4;Medium
30239;45587;145588;1;High
30240;23668;123669;0;Medium
30241;33373;133374;4;Medium
30242;32806;132807;4;Medium
30243;8001;108002;1;Medium
30244;42788;142789;0;High
30245;7576;107577;0;Medium
30246;15261;115262;3;Medium
30247;1130;101131;1;High
30248;37564;137565;0;Medium
30249;22080;122081;0;High
30250;5108;105109;4;Medium
30251;42915;142916;1;Medium
30252;6988;106989;2;Low
30253;44160;144161;1;Low
30254;23388;123389;0;Medium
30255;25974;125975;0;Low
30256;31399;131400;0;Low
30257;18308;118309;0;High
30258;13912;113913;1;Medium
30259;30957;130958;2;Low
30260;40247;140248;4;Low
30261;6485;106486;1;Medium
30262;29726;129727;4;Medium
30263;31812;131813;2;Low
30264;8085;108086;3;Medium
30265;49208;149209;4;Low
30266;4105;104106;2;Low
30267;22830;122831;0;Medium
30268;45455;145456;2;Low
30269;7354;107355;1;Low
30270;35239;135240;0;Medium
30271;35570;135571;2;Medium
30272;49249;149250;1;Low
30273;22105;122106;2;High
30274;36271;136272;0;Medium
30275;19013;119014;4;Low
30276;37317;137318;0;High
30277;38813;138814;1;Low
30278;14195;114196;0;Low
30279;13984;113985;0;Medium
30280;41063;141064;4;Low
30281;23278;123279;1;Medium
30282;20607;120608;0;Medium
30283;15459;115460;2;Medium
30284;7973;107974;3;Low
30285;29824;129825;1;Medium
30286;15370;115371;3;Low
30287;14216;114217;3;Medium
30288;10216;110217;0;Medium
30289;16373;116374;4;Medium
30290;3396;103397;1;Low
30291;23523;123524;1;Medium
30292;48398;148399;1;Low
30293;39305;139306;2;Medium
30294;45929;145930;0;High
30295;41278;141279;3;High
30296;36469;136470;4;Medium
30297;22615;122616;0;Low
30298;34255;134256;0;Medium
30299;12270;112271;3;Low
30300;8926;108927;2;Low
30301;17510;117511;4;Medium
30302;11759;111760;1;High
30303;21504;121505;3;High
30304;43562;143563;3;Low
30305;18228;118229;0;Medium
30306;34810;134811;0;Medium
30307;16829;116830;0;Medium
30308;26518;126519;3;Medium
30309;10253;110254;3;Medium
30310;16736;116737;2;High
30311;35451;135452;2;Low
30312;17139;117140;2;Low
30313;23683;123684;2;High
30314;20490;120491;1;Medium
30315;11932;111933;0;High
30316;38422;138423;1;Low
30317;37284;137285;1;Medium
30318;19708;119709;3;High
30319;37859;137860;0;Low
30320;40346;140347;4;Low
30321;6688;106689;2;Low
30322;44271;144272;4;Low
30323;29047;129048;3;Low
30324;34050;134051;1;Low
30325;46824;146825;0;Low
30326;17743;117744;1;Medium
30327;2300;102301;4;Low
30328;19182;119183;2;High
30329;20115;120116;2;High
30330;27031;127032;1;High
30331;1636;101637;3;Medium
30332;30166;130167;1;High
30333;47982;147983;1;Medium
30334;40752;140753;3;Low
30335;23191;123192;3;High
30336;26384;126385;3;Medium
30337;1424;101425;3;Medium
30338;24383;124384;0;High
30339;13727;113728;3;High
30340;43338;143339;2;Medium
30341;32167;132168;3;Low
30342;11027;111028;4;Low
30343;15166;115167;4;Medium
30344;37894;137895;1;Low
30345;46914;146915;3;Medium
30346;13058;113059;1;Medium
30347;39202;139203;2;Low
30348;40737;140738;1;Medium
30349;20748;120749;1;Medium
30350;16379;116380;0;High
30351;22698;122699;4;Low
30352;44721;144722;1;Low
30353;1557;101558;1;Medium
30354;5982;105983;1;Low
30355;11540;111541;0;Medium
30356;19942;119943;3;Low
30357;37805;137806;2;Medium
30358;39513;139514;3;Low
30359;43658;143659;3;High
30360;8598;108599;3;Medium
30361;11614;111615;1;High
30362;37069;137070;0;Low
30363;3745;103746;4;Low
30364;17144;117145;0;Low
30365;30221;130222;2;Low
30366;10351;110352;0;Medium
30367;44604;144605;1;High
30368;35873;135874;3;Low
30369;11178;111179;0;Low
30370;46313;146314;3;Medium
30371;36751;136752;3;Medium
30372;43900;143901;4;Low
30373;30937;130938;4;Medium
30374;1388;101389;3;High
30375;3398;103399;2;High
30376;48175;148176;4;Medium
30377;48354;148355;4;Medium
30378;42713;142714;3;Medium
30379;7216;107217;4;Low
30380;12820;112821;1;Low
30381;47136;147137;4;Medium
30382;15915;115916;0;Low
30383;3414;103415;1;Medium
30384;33340;133341;0;Low
30385;41928;141929;1;High
30386;25708;125709;3;Low
30387;5600;105601;4;Low
30388;20323;120324;0;Low
30389;4383;104384;4;Medium
30390;14893;114894;3;Medium
30391;21428;121429;4;High
30392;5341;105342;3;High
30393;46034;146035;3;Medium
30394;4134;104135;2;Medium
30395;29698;129699;0;Medium
30396;19105;119106;0;Medium
30397;37342;137343;4;Medium
30398;28738;128739;2;High
30399;6081;106082;2;High
30400;25254;125255;0;Medium
30401;1764;101765;1;Low
30402;29094;129095;3;High
30403;36996;136997;1;High
30404;43072;143073;1;Low
30405;4123;104124;0;High
30406;8980;108981;4;Low
30407;31345;131346;0;Medium
30408;14853;114854;0;Low
30409;48878;148879;2;High
30410;48062;148063;1;Medium
30411;10024;110025;2;High
30412;13897;113898;1;High
30413;38477;138478;3;Low
30414;5190;105191;4;Medium
30415;45321;145322;3;Medium
30416;6435;106436;1;High
30417;46386;146387;2;High
30418;39055;139056;1;High
30419;22052;122053;0;High
30420;2873;102874;3;Low
30421;24429;124430;3;Medium
30422;42606;142607;0;Low
30423;34423;134424;0;Medium
30424;24194;124195;4;Low
30425;4010;104011;2;Medium
30426;22118;122119;4;Low
30427;3672;103673;1;Medium
30428;4421;104422;4;Medium
30429;21952;121953;4;High
30430;500;100501;2;Medium
30431;23230;123231;4;High
30432;12343;112344;4;Medium
30433;49193;149194;1;High
30434;16769;116770;0;High
30435;33746;133747;3;High
30436;42737;142738;2;Medium
30437;38582;138583;4;Low
30438;45928;145929;4;Low
30439;41860;141861;0;High
30440;25532;125533;1;Low
30441;36507;136508;4;Medium
30442;8368;108369;3;Low
30443;37319;137320;3;Low
30444;24119;124120;1;Low
30445;44688;144689;3;Medium
30446;40221;140222;3;Medium
30447;4544;104545;2;Low
30448;3095;103096;3;Medium
30449;17155;117156;0;Low
30450;49325;149326;0;Medium
30451;41921;141922;2;Low
30452;27218;127219;2;Medium
30453;34112;134113;3;Low
30454;5826;105827;2;Low
30455;32626;132627;3;Medium
30456;21875;121876;3;Medium
30457;9771;109772;0;Medium
30458;16292;116293;0;High
30459;8234;108235;1;Low
30460;16470;116471;4;High
30461;6753;106754;4;Low
30462;46062;146063;3;Medium
30463;9824;109825;0;Medium
30464;45658;145659;0;Medium
30465;8040;108041;2;Medium
30466;28140;128141;2;Low
30467;24266;124267;4;Low
30468;45260;145261;2;Low
30469;32338;132339;4;Low
30470;13666;113667;3;Low
30471;23803;123804;2;Medium
30472;37441;137442;0;Medium
30473;34634;134635;1;Medium
30474;47458;147459;2;Medium
30475;26450;126451;3;Medium
30476;27475;127476;0;High
30477;4238;104239;3;Medium
30478;20670;120671;0;Medium
30479;16432;116433;3;High
30480;410;100411;0;Medium
30481;49967;149968;2;Low
30482;6240;106241;0;Medium
30483;40420;140421;4;Medium
30484;4845;104846;3;Low
30485;4206;104207;2;Medium
30486;39521;139522;3;High
30487;14660;114661;3;Medium
30488;14295;114296;2;High
30489;3876;103877;4;Low
30490;37672;137673;0;Medium
30491;18704;118705;0;High
30492;35654;135655;1;Low
30493;36714;136715;1;Medium
30494;27883;127884;3;Medium
30495;22868;122869;1;Medium
30496;22330;122331;4;Low
30497;49131;149132;3;Low
30498;29550;129551;2;Low
30499;48239;148240;4;Low
30500;35717;135718;0;High
30501;23868;123869;0;High
30502;21356;121357;2;Medium
30503;36319;136320;0;Low
30504;48081;148082;1;Medium
30505;7856;107857;2;Medium
30506;2734;102735;3;Low
30507;40074;140075;4;High
30508;13527;113528;0;Medium
30509;4736;104737;2;Medium
30510;23938;123939;3;Medium
30511;43360;143361;2;Low
30512;34464;134465;2;Medium
30513;16558;116559;0;Low
30514;5287;105288;3;Medium
30515;13499;113500;0;Medium
30516;18779;118780;3;Low
30517;23155;123156;1;Medium
30518;40232;140233;4;High
30519;11651;111652;1;Low
30520;26480;126481;4;Medium
30521;49824;149825;3;Low
30522;9744;109745;1;Low
30523;15800;115801;2;Low
30524;9178;109179;1;Low
30525;16692;116693;2;Low
30526;23900;123901;0;High
30527;10492;110493;4;Medium
30528;30390;130391;3;Medium
30529;34215;134216;1;Low
30530;30654;130655;1;High
30531;11060;111061;4;Low
30532;45126;145127;4;High
30533;8315;108316;2;High
30534;9501;109502;4;Medium
30535;44710;144711;4;Medium
30536;14582;114583;1;Low
30537;34450;134451;3;Medium
30538;34008;134009;3;Medium
30539;18234;118235;0;Low
30540;4548;104549;1;High
30541;46212;146213;0;High
30542;13044;113045;0;Low
30543;5426;105427;2;Medium
30544;36029;136030;2;Medium
30545;32054;132055;1;Medium
30546;17211;117212;3;Low
30547;31733;131734;0;Medium
30548;34924;134925;4;Medium
30549;48667;148668;2;Low
30550;4960;104961;3;Medium
30551;11293;111294;1;Low
30552;33852;133853;2;Low
30553;18086;118087;2;Medium
30554;856;100857;0;Low
30555;7934;107935;2;Medium
30556;5716;105717;0;High
30557;39176;139177;1;Medium
30558;30798;130799;1;Low
30559;38240;138241;0;Medium
30560;11497;111498;2;Medium
30561;24671;124672;0;Low
30562;27545;127546;3;Low
30563;2083;102084;0;Low
30564;11264;111265;4;High
30565;31596;131597;0;Medium
30566;40446;140447;4;High
30567;42562;142563;4;Medium
30568;18365;118366;0;Medium
30569;49026;149027;0;Low
30570;30460;130461;3;Medium
30571;3467;103468;1;Low
30572;4485;104486;2;High
30573;24255;124256;0;Medium
30574;49100;149101;1;Medium
30575;48649;148650;2;High
30576;37789;137790;2;Low
30577;22992;122993;3;Medium
30578;22375;122376;4;Medium
30579;42212;142213;1;Medium
30580;43477;143478;3;Low
30581;48037;148038;4;Low
30582;33192;133193;1;Medium
30583;47374;147375;2;Medium
30584;16521;116522;4;High
30585;9479;109480;4;Medium
30586;39557;139558;2;Medium
30587;17589;117590;3;Low
30588;39002;139003;1;Medium
30589;2041;102042;3;Low
30590;17028;117029;2;High
30591;38873;138874;0;Low
30592;42107;142108;0;Low
30593;1244;101245;2;Low
30594;30442;130443;2;High
30595;23941;123942;3;Medium
30596;37849;137850;3;High
30597;17618;117619;3;Medium
30598;40384;140385;0;Medium
30599;1561;101562;1;Medium
30600;41120;141121;1;Low
30601;31934;131935;3;Low
30602;22793;122794;1;Low
30603;23150;123151;0;Medium
30604;10827;110828;1;Low
30605;18799;118800;4;High
30606;42735;142736;0;Low
30607;10402;110403;2;Medium
30608;34855;134856;4;Medium
30609;17924;117925;4;Medium
30610;27642;127643;0;Medium
30611;45180;145181;4;Low
30612;8693;108694;4;Medium
30613;2681;102682;3;Medium
30614;24147;124148;3;Low
30615;9231;109232;4;Medium
30616;36999;137000;1;Medium
30617;1923;101924;2;Low
30618;17963;117964;3;Low
30619;36527;136528;4;Medium
30620;44015;144016;2;High
30621;40519;140520;4;Low
30622;31063;131064;3;Low
30623;14473;114474;1;Low
30624;29556;129557;3;Medium
30625;7569;107570;0;Low
30626;1724;101725;1;Medium
30627;14111;114112;3;Low
30628;38308;138309;3;Medium
30629;15832;115833;0;Medium
30630;46119;146120;1;Medium
30631;43418;143419;1;High
30632;46583;146584;3;Medium
30633;26719;126720;0;High
30634;42733;142734;2;Medium
30635;28177;128178;2;Low
30636;25822;125823;0;High
30637;9973;109974;1;High
30638;2608;102609;3;Medium
30639;3910;103911;1;Low
30640;34034;134035;3;Medium
30641;12349;112350;4;Medium
30642;17752;117753;3;Low
30643;47977;147978;0;Low
30644;48020;148021;4;Medium
30645;16491;116492;0;Low
30646;45371;145372;2;High
30647;45972;145973;1;High
30648;6756;106757;3;High
30649;30005;130006;3;Medium
30650;9933;109934;2;Medium
30651;4785;104786;0;Low
30652;12640;112641;0;Medium
30653;10572;110573;4;Medium
30654;6049;106050;3;High
30655;14021;114022;3;Medium
30656;20466;120467;2;Medium
30657;39706;139707;4;Medium
30658;38403;138404;2;Medium
30659;29405;129406;1;Low
30660;29156;129157;1;High
30661;8572;108573;1;High
30662;13434;113435;3;Low
30663;47068;147069;3;High
30664;19497;119498;2;Medium
30665;38249;138250;4;Medium
30666;18578;118579;2;Medium
30667;46637;146638;1;Medium
30668;28557;128558;3;Low
30669;2715;102716;1;Medium
30670;9794;109795;3;High
30671;15524;115525;1;Low
30672;23837;123838;0;Medium
30673;32905;132906;3;Low
30674;8974;108975;2;High
30675;25914;125915;1;Low
30676;49407;149408;0;High
30677;6040;106041;4;Low
30678;42168;142169;2;Medium
30679;28181;128182;4;High
30680;48819;148820;0;Medium
30681;12337;112338;2;Medium
30682;5114;105115;2;High
30683;13785;113786;1;Medium
30684;20800;120801;1;Low
30685;43867;143868;3;Medium
30686;26343;126344;2;Medium
30687;46466;146467;1;Medium
30688;44016;144017;0;Medium
30689;19177;119178;3;High
30690;18874;118875;4;Medium
30691;33842;133843;0;Medium
30692;2163;102164;4;Low
30693;42561;142562;3;High
30694;1291;101292;4;High
30695;7014;107015;1;Low
30696;5283;105284;1;Medium
30697;7599;107600;0;High
30698;45219;145220;3;Low
30699;48553;148554;0;Low
30700;3636;103637;1;High
30701;12226;112227;0;High
30702;25305;125306;2;Low
30703;27369;127370;4;Low
30704;8359;108360;1;Medium
30705;14222;114223;0;High
30706;3651;103652;3;Medium
30707;5194;105195;0;Medium
30708;37123;137124;1;Medium
30709;10031;110032;1;Medium
30710;45382;145383;4;Low
30711;22946;122947;2;High
30712;28232;128233;2;Medium
30713;32980;132981;0;Medium
30714;26775;126776;2;Low
30715;33156;133157;3;Medium
30716;2213;102214;1;Low
30717;15471;115472;2;Low
30718;5895;105896;1;High
30719;19617;119618;3;High
30720;1166;101167;0;Medium
30721;13267;113268;4;Medium
30722;32758;132759;3;Medium
30723;20194;120195;3;Low
30724;10364;110365;2;Low
30725;11950;111951;4;Low
30726;42859;142860;1;Low
30727;12805;112806;1;Medium
30728;33686;133687;3;Low
30729;4316;104317;2;Medium
30730;4719;104720;0;High
30731;33298;133299;4;High
30732;26097;126098;2;Medium
30733;25924;125925;1;Medium
30734;9750;109751;0;High
30735;49153;149154;1;High
30736;12367;112368;2;Low
30737;42585;142586;0;High
30738;26800;126801;4;Low
30739;5308;105309;1;High
30740;37942;137943;3;Low
30741;104;100105;4;Medium
30742;14245;114246;0;Low
30743;19930;119931;0;Medium
30744;48799;148800;4;Medium
30745;21556;121557;4;Medium
30746;41007;141008;4;Low
30747;28111;128112;2;Medium
30748;35744;135745;1;High
30749;29392;129393;1;Low
30750;49093;149094;4;Low
30751;40375;140376;1;Medium
30752;40489;140490;0;High
30753;23464;123465;4;Medium
30754;9457;109458;1;Low
30755;36070;136071;4;Low
30756;49015;149016;4;Low
30757;17726;117727;0;High
30758;12980;112981;2;Medium
30759;35557;135558;1;Medium
30760;15482;115483;2;High
30761;8327;108328;2;Low
30762;39495;139496;4;Medium
30763;12652;112653;0;High
30764;1611;101612;3;Medium
30765;25861;125862;4;High
30766;35111;135112;2;Medium
30767;5656;105657;4;Low
30768;15217;115218;3;Low
30769;29000;129001;2;Medium
30770;41150;141151;4;High
30771;6803;106804;4;Medium
30772;35464;135465;1;Low
30773;36219;136220;1;Medium
30774;41606;141607;0;Low
30775;45290;145291;3;Medium
30776;46181;146182;4;Medium
30777;19512;119513;4;Medium
30778;16403;116404;1;High
30779;33740;133741;3;High
30780;19779;119780;2;Medium
30781;16566;116567;1;Medium
30782;31489;131490;4;Medium
30783;11295;111296;2;High
30784;11704;111705;2;Medium
30785;45374;145375;0;Medium
30786;20043;120044;1;Medium
30787;17313;117314;2;Low
30788;45966;145967;0;Medium
30789;30911;130912;4;Medium
30790;35730;135731;4;Low
30791;24197;124198;4;Medium
30792;7749;107750;4;Medium
30793;26794;126795;3;High
30794;409;100410;4;High
30795;16630;116631;0;High
30796;40584;140585;3;Low
30797;12026;112027;0;Low
30798;37659;137660;1;High
30799;30913;130914;4;Low
30800;5381;105382;4;Medium
30801;3888;103889;0;Medium
30802;25674;125675;2;Medium
30803;24732;124733;4;Medium
30804;25733;125734;2;High
30805;29805;129806;0;Medium
30806;19636;119637;0;Low
30807;13818;113819;3;High
30808;7198;107199;4;Medium
30809;1746;101747;2;Medium
30810;32753;132754;0;High
30811;11352;111353;4;Medium
30812;15392;115393;4;Low
30813;6063;106064;2;High
30814;2571;102572;2;High
30815;702;100703;1;Low
30816;8955;108956;1;Medium
30817;4640;104641;3;Low
30818;49453;149454;2;Low
30819;11383;111384;0;Medium
30820;17958;117959;2;High
30821;17821;117822;4;Medium
30822;8358;108359;1;High
30823;30604;130605;1;Medium
30824;38960;138961;2;Medium
30825;31709;131710;2;Low
30826;41865;141866;2;Low
30827;23578;123579;1;Medium
30828;47557;147558;2;High
30829;44055;144056;3;High
30830;3678;103679;4;High
30831;48815;148816;3;Medium
30832;49745;149746;3;Low
30833;45549;145550;3;Medium
30834;34214;134215;4;High
30835;39989;139990;1;High
30836;894;100895;0;High
30837;21594;121595;0;Medium
30838;28287;128288;0;High
30839;27875;127876;3;High
30840;43347;143348;0;High
30841;46480;146481;3;Low
30842;5846;105847;2;Medium
30843;12850;112851;3;Low
30844;31089;131090;2;Medium
30845;14430;114431;4;Low
30846;1830;101831;1;Low
30847;2140;102141;4;High
30848;35604;135605;1;Medium
30849;49863;149864;4;Low
30850;21397;121398;4;High
30851;1605;101606;1;Medium
30852;40688;140689;3;Medium
30853;34252;134253;3;High
30854;16634;116635;0;High
30855;24682;124683;0;High
30856;27512;127513;3;High
30857;34174;134175;3;Low
30858;5693;105694;2;High
30859;30334;130335;2;Medium
30860;2464;102465;1;Medium
30861;41086;141087;4;Medium
30862;28833;128834;3;Medium
30863;21683;121684;1;Low
30864;19916;119917;4;High
30865;16485;116486;4;Medium
30866;43078;143079;4;Medium
30867;25477;125478;1;Low
30868;23387;123388;0;Low
30869;31477;131478;1;High
30870;28131;128132;4;High
30871;9102;109103;4;Medium
30872;7437;107438;2;Medium
30873;35556;135557;0;Medium
30874;10553;110554;3;Medium
30875;6536;106537;1;Low
30876;6560;106561;0;High
30877;28723;128724;0;Low
30878;13861;113862;1;High
30879;42313;142314;0;Low
30880;8941;108942;0;Medium
30881;11848;111849;3;Low
30882;31666;131667;4;High
30883;28492;128493;0;Medium
30884;46344;146345;1;High
30885;2210;102211;1;Medium
30886;3567;103568;1;Medium
30887;39731;139732;1;Low
30888;25198;125199;0;Medium
30889;41274;141275;0;Medium
30890;17328;117329;3;High
30891;21233;121234;0;Medium
30892;27421;127422;3;Low
30893;42251;142252;2;Medium
30894;48762;148763;0;Medium
30895;47296;147297;0;Medium
30896;43924;143925;2;Medium
30897;23831;123832;3;High
30898;5975;105976;3;Low
30899;23309;123310;3;Low
30900;14252;114253;3;Low
30901;32924;132925;3;Low
30902;19747;119748;4;Medium
30903;31465;131466;0;Low
30904;39760;139761;3;High
30905;21890;121891;2;Medium
30906;9848;109849;2;Medium
30907;48232;148233;4;High
30908;36914;136915;0;Low
30909;44529;144530;1;Low
30910;23108;123109;2;Low
30911;32326;132327;1;Low
30912;29673;129674;0;Low
30913;22126;122127;3;Low
30914;27656;127657;4;Medium
30915;21544;121545;0;Medium
30916;34648;134649;3;Medium
30917;2614;102615;1;Low
30918;13873;113874;2;Medium
30919;5363;105364;4;Low
30920;42440;142441;3;Medium
30921;1507;101508;4;Medium
30922;37724;137725;3;Low
30923;46762;146763;0;High
30924;20211;120212;2;Medium
30925;29526;129527;0;High
30926;8412;108413;2;Medium
30927;1520;101521;1;Low
30928;6540;106541;4;Medium
30929;11016;111017;4;Low
30930;33251;133252;1;Medium
30931;30109;130110;0;Medium
30932;23115;123116;2;Medium
30933;26714;126715;1;High
30934;18099;118100;3;High
30935;7496;107497;3;Low
30936;10636;110637;0;High
30937;18906;118907;0;Low
30938;18018;118019;1;Medium
30939;20049;120050;3;Low
30940;26292;126293;4;Medium
30941;36059;136060;4;High
30942;16099;116100;2;High
30943;45725;145726;3;Low
30944;11308;111309;0;Medium
30945;49803;149804;4;Medium
30946;4930;104931;2;Low
30947;43617;143618;3;High
30948;32483;132484;3;Medium
30949;34728;134729;1;Low
30950;49011;149012;2;Medium
30951;25841;125842;3;Medium
30952;47019;147020;4;High
30953;48303;148304;4;Medium
30954;31984;131985;3;Low
30955;27977;127978;1;Low
30956;26966;126967;3;Low
30957;15314;115315;4;High
30958;15227;115228;3;Low
30959;43819;143820;3;Low
30960;15379;115380;2;Low
30961;37525;137526;3;Low
30962;13275;113276;4;Medium
30963;19452;119453;4;Low
30964;25646;125647;1;High
30965;2295;102296;3;Low
30966;8930;108931;3;High
30967;17077;117078;0;Low
30968;12409;112410;0;Low
30969;19139;119140;3;Medium
30970;39957;139958;3;High
30971;47913;147914;1;Low
30972;20886;120887;4;High
30973;35367;135368;3;High
30974;46396;146397;1;Low
30975;19261;119262;4;Medium
30976;47138;147139;0;Low
30977;34377;134378;2;Low
30978;39447;139448;2;High
30979;29296;129297;0;Low
30980;5105;105106;1;Medium
30981;47044;147045;2;Medium
30982;19865;119866;1;High
30983;3077;103078;1;Low
30984;17740;117741;2;Low
30985;6142;106143;2;Low
30986;21155;121156;1;Medium
30987;40195;140196;3;Low
30988;15727;115728;0;Low
30989;2531;102532;4;Medium
30990;23979;123980;3;Low
30991;40170;140171;3;Low
30992;41556;141557;4;Medium
30993;27708;127709;2;Low
30994;32465;132466;2;Low
30995;5570;105571;2;Low
30996;34600;134601;3;Medium
30997;1427;101428;1;Medium
30998;11908;111909;1;High
30999;20219;120220;4;Low
31000;34270;134271;0;Medium
31001;39776;139777;3;Low
31002;26809;126810;4;Medium
31003;43040;143041;2;Low
31004;25632;125633;0;Low
31005;27129;127130;3;Low
31006;47628;147629;0;Medium
31007;21489;121490;2;Medium
31008;45046;145047;4;Low
31009;21932;121933;0;Low
31010;5648;105649;1;Medium
31011;23338;123339;4;Medium
31012;40816;140817;0;Low
31013;14194;114195;0;High
31014;49380;149381;1;Medium
31015;24639;124640;4;Medium
31016;9517;109518;3;Low
31017;42783;142784;4;Medium
31018;32380;132381;1;High
31019;46145;146146;4;High
31020;19794;119795;4;Medium
31021;16952;116953;1;Medium
31022;31377;131378;1;Medium
31023;1215;101216;3;Medium
31024;8103;108104;3;Medium
31025;9498;109499;1;High
31026;23245;123246;3;Medium
31027;3839;103840;1;High
31028;34339;134340;2;Medium
31029;7602;107603;1;High
31030;47247;147248;4;High
31031;27513;127514;2;Medium
31032;18910;118911;2;High
31033;9627;109628;0;Low
31034;47608;147609;4;High
31035;43676;143677;2;Medium
31036;7525;107526;3;High
31037;40894;140895;1;Medium
31038;21992;121993;3;Low
31039;10385;110386;4;Medium
31040;23341;123342;1;Low
31041;27015;127016;3;Low
31042;47734;147735;2;Low
31043;36170;136171;1;Low
31044;47187;147188;0;Medium
31045;3894;103895;3;High
31046;31017;131018;2;High
31047;27345;127346;0;Low
31048;44184;144185;0;High
31049;46236;146237;4;Medium
31050;15724;115725;0;Low
31051;41156;141157;0;Medium
31052;38735;138736;1;Low
31053;44368;144369;3;Low
31054;13310;113311;0;Low
31055;40648;140649;4;Medium
31056;27211;127212;3;Low
31057;35287;135288;0;Medium
31058;12936;112937;2;Medium
31059;43700;143701;0;Low
31060;43125;143126;0;Low
31061;36729;136730;0;Low
31062;40134;140135;4;High
31063;43341;143342;0;Medium
31064;44829;144830;4;Low
31065;11166;111167;4;Medium
31066;6720;106721;4;Low
31067;19285;119286;2;Low
31068;39786;139787;2;Low
31069;21578;121579;2;Medium
31070;47627;147628;1;Low
31071;38352;138353;2;High
31072;29244;129245;0;Low
31073;8376;108377;2;Low
31074;42912;142913;4;Low
31075;23613;123614;0;Low
31076;33257;133258;4;High
31077;19032;119033;1;Medium
31078;14962;114963;2;Low
31079;3040;103041;2;Low
31080;4295;104296;2;Medium
31081;3941;103942;3;Low
31082;22356;122357;1;Low
31083;33153;133154;4;Medium
31084;26259;126260;2;Medium
31085;34304;134305;3;Low
31086;45748;145749;0;High
31087;18110;118111;3;Low
31088;30489;130490;1;Low
31089;33008;133009;2;High
31090;17480;117481;1;Medium
31091;24431;124432;3;Medium
31092;4180;104181;4;Medium
31093;42630;142631;4;Low
31094;12575;112576;0;Low
31095;12338;112339;3;Medium
31096;29692;129693;2;Low
31097;39658;139659;4;Medium
31098;45937;145938;4;Low
31099;543;100544;0;High
31100;39854;139855;0;Medium
31101;24705;124706;4;Medium
31102;30017;130018;2;High
31103;30642;130643;3;High
31104;19661;119662;4;Medium
31105;47759;147760;3;Medium
31106;25745;125746;3;Medium
31107;6341;106342;0;High
31108;44118;144119;3;High
31109;18750;118751;3;Medium
31110;19743;119744;2;Medium
31111;34191;134192;2;High
31112;46761;146762;4;Medium
31113;6488;106489;3;High
31114;14820;114821;4;Low
31115;27176;127177;0;High
31116;43544;143545;2;High
31117;32985;132986;0;Medium
31118;30928;130929;0;Medium
31119;21836;121837;4;Low
31120;33492;133493;4;High
31121;40448;140449;2;Low
31122;3252;103253;1;High
31123;41583;141584;4;High
31124;40872;140873;0;Low
31125;41312;141313;4;Low
31126;17473;117474;2;Low
31127;10335;110336;0;Medium
31128;43094;143095;4;High
31129;10720;110721;2;Low
31130;13738;113739;2;High
31131;26441;126442;2;High
31132;19627;119628;4;Low
31133;7606;107607;1;Medium
31134;34831;134832;2;Medium
31135;38302;138303;3;Medium
31136;19787;119788;0;Medium
31137;34356;134357;3;High
31138;9225;109226;2;Medium
31139;30418;130419;4;High
31140;1274;101275;4;Medium
31141;37831;137832;1;High
31142;43318;143319;0;Medium
31143;5364;105365;0;High
31144;29164;129165;4;Medium
31145;7114;107115;3;Low
31146;5585;105586;1;High
31147;2806;102807;1;High
31148;42147;142148;0;High
31149;13408;113409;0;Medium
31150;21307;121308;1;High
31151;48539;148540;3;Medium
31152;44744;144745;2;Low
31153;21386;121387;0;Low
31154;20159;120160;4;High
31155;23407;123408;1;Medium
31156;17471;117472;4;Medium
31157;36205;136206;0;Medium
31158;30649;130650;1;Medium
31159;48573;148574;2;Low
31160;22774;122775;2;High
31161;40280;140281;1;Medium
31162;33057;133058;4;Low
31163;13702;113703;4;Medium
31164;17462;117463;4;Low
31165;43642;143643;3;Low
31166;49039;149040;0;Medium
31167;20618;120619;0;Medium
31168;30889;130890;3;Medium
31169;46876;146877;0;Low
31170;12956;112957;4;Medium
31171;15352;115353;4;Low
31172;39598;139599;4;High
31173;13967;113968;0;Medium
31174;48725;148726;2;High
31175;39320;139321;3;Low
31176;8927;108928;4;Medium
31177;46943;146944;0;High
31178;41850;141851;4;Medium
31179;16524;116525;4;Medium
31180;6253;106254;1;Low
31181;39617;139618;4;Medium
31182;15973;115974;2;Medium
31183;41618;141619;4;Low
31184;29725;129726;1;High
31185;45389;145390;2;High
31186;12521;112522;0;Low
31187;16828;116829;0;Medium
31188;46414;146415;0;Medium
31189;39549;139550;3;High
31190;37613;137614;0;Medium
31191;20589;120590;4;Medium
31192;35561;135562;1;Low
31193;22479;122480;4;Low
31194;45571;145572;2;High
31195;12411;112412;4;High
31196;40229;140230;2;High
31197;37119;137120;0;Low
31198;19374;119375;4;High
31199;11510;111511;2;Low
31200;4867;104868;0;Low
31201;1987;101988;4;Low
31202;13113;113114;3;Medium
31203;3872;103873;0;Low
31204;28818;128819;3;High
31205;22955;122956;1;Medium
31206;41304;141305;1;Low
31207;18647;118648;2;Low
31208;38434;138435;4;Medium
31209;42764;142765;2;High
31210;6817;106818;4;High
31211;40315;140316;2;High
31212;40160;140161;4;Low
31213;28142;128143;4;High
31214;2324;102325;4;Medium
31215;48064;148065;4;Low
31216;40724;140725;4;Low
31217;42372;142373;1;Medium
31218;35642;135643;0;Low
31219;10482;110483;1;Medium
31220;7777;107778;3;High
31221;7958;107959;4;Low
31222;9087;109088;2;High
31223;43265;143266;2;Medium
31224;43558;143559;2;Low
31225;10679;110680;1;Low
31226;35863;135864;2;Medium
31227;28076;128077;4;High
31228;12435;112436;3;Medium
31229;2626;102627;2;Medium
31230;5162;105163;1;Low
31231;28508;128509;1;Medium
31232;47735;147736;0;Low
31233;27249;127250;0;Medium
31234;43841;143842;3;Medium
31235;36169;136170;0;Low
31236;29246;129247;3;High
31237;23694;123695;1;Medium
31238;44059;144060;1;Medium
31239;2736;102737;1;Medium
31240;34795;134796;2;High
31241;44780;144781;4;Low
31242;41444;141445;3;Medium
31243;21779;121780;0;Medium
31244;32693;132694;3;Medium
31245;10242;110243;1;Medium
31246;40957;140958;0;Low
31247;1806;101807;2;Medium
31248;45407;145408;0;Medium
31249;6225;106226;0;Medium
31250;11746;111747;1;Medium
31251;12431;112432;2;Medium
31252;14306;114307;4;Low
31253;49458;149459;4;Medium
31254;13559;113560;2;Medium
31255;49420;149421;2;Low
31256;43807;143808;1;Medium
31257;26648;126649;3;Low
31258;28218;128219;1;Medium
31259;39006;139007;4;Medium
31260;34330;134331;0;Medium
31261;13034;113035;1;Low
31262;44911;144912;4;Medium
31263;4427;104428;3;High
31264;6623;106624;2;High
31265;29259;129260;4;High
31266;30631;130632;2;High
31267;34211;134212;3;Medium
31268;16123;116124;1;Medium
31269;28098;128099;3;High
31270;4132;104133;4;High
31271;42955;142956;4;Medium
31272;34569;134570;4;Medium
31273;35509;135510;0;Low
31274;22939;122940;3;High
31275;22530;122531;1;Medium
31276;25625;125626;1;Medium
31277;37410;137411;3;Low
31278;47380;147381;2;Medium
31279;31946;131947;3;Low
31280;47889;147890;4;High
31281;39454;139455;4;Low
31282;19288;119289;2;High
31283;15377;115378;0;High
31284;1934;101935;2;Medium
31285;6352;106353;2;Medium
31286;26454;126455;1;Medium
31287;27715;127716;3;High
31288;13696;113697;1;Medium
31289;41711;141712;2;Low
31290;48810;148811;2;Medium
31291;17684;117685;4;Low
31292;9262;109263;3;Low
31293;43978;143979;2;Medium
31294;30874;130875;0;High
31295;27210;127211;1;High
31296;6400;106401;4;Low
31297;26971;126972;3;Low
31298;35960;135961;2;Low
31299;49984;149985;1;Low
31300;36382;136383;3;Medium
31301;17712;117713;3;Low
31302;40542;140543;3;Low
31303;2182;102183;2;Medium
31304;6630;106631;1;Low
31305;33037;133038;3;Medium
31306;22009;122010;1;Low
31307;47492;147493;4;Medium
31308;39594;139595;0;Medium
31309;30110;130111;4;High
31310;38458;138459;3;Medium
31311;5123;105124;0;High
31312;33588;133589;3;Low
31313;2227;102228;1;High
31314;3137;103138;3;High
31315;33147;133148;0;Low
31316;12364;112365;1;Medium
31317;32174;132175;2;Low
31318;3608;103609;2;High
31319;34217;134218;4;Low
31320;5815;105816;4;Medium
31321;4981;104982;2;High
31322;16426;116427;3;Low
31323;32885;132886;0;High
31324;15242;115243;2;Low
31325;41205;141206;2;High
31326;47511;147512;4;Low
31327;29666;129667;4;Low
31328;6607;106608;2;Medium
31329;37224;137225;3;Low
31330;20980;120981;2;High
31331;35674;135675;3;Low
31332;41198;141199;0;Medium
31333;27865;127866;4;Medium
31334;38854;138855;1;Medium
31335;32875;132876;2;Low
31336;27128;127129;4;Low
31337;6680;106681;2;Medium
31338;22357;122358;3;Medium
31339;45680;145681;0;Low
31340;7318;107319;2;Low
31341;37950;137951;0;Low
31342;18133;118134;0;Medium
31343;23456;123457;0;Low
31344;917;100918;3;High
31345;11700;111701;1;Medium
31346;453;100454;4;Medium
31347;39183;139184;2;Medium
31348;39662;139663;2;Low
31349;35147;135148;4;Low
31350;11569;111570;4;Medium
31351;9991;109992;2;High
31352;29027;129028;1;Medium
31353;721;100722;3;High
31354;21006;121007;2;Low
31355;8261;108262;1;Low
31356;36393;136394;0;Low
31357;41838;141839;0;Low
31358;6711;106712;2;Medium
31359;16392;116393;3;High
31360;22702;122703;1;Medium
31361;35423;135424;3;Medium
31362;10294;110295;1;High
31363;28336;128337;1;Medium
31364;18853;118854;0;Low
31365;29422;129423;4;High
31366;24051;124052;3;Medium
31367;36553;136554;1;High
31368;34135;134136;3;Medium
31369;15793;115794;4;Low
31370;48681;148682;2;High
31371;31307;131308;3;Low
31372;14777;114778;0;Low
31373;21976;121977;4;High
31374;9623;109624;4;Medium
31375;31413;131414;2;Low
31376;43367;143368;1;Medium
31377;48172;148173;0;Low
31378;16977;116978;2;Medium
31379;18884;118885;2;High
31380;27227;127228;3;Low
31381;35045;135046;4;High
31382;42834;142835;4;Medium
31383;61;100062;3;Medium
31384;34577;134578;4;Low
31385;33942;133943;1;Medium
31386;22631;122632;0;Low
31387;44011;144012;4;High
31388;19823;119824;0;Medium
31389;22160;122161;0;Medium
31390;17011;117012;4;Medium
31391;1413;101414;3;High
31392;10016;110017;3;Medium
31393;39960;139961;1;High
31394;11118;111119;2;High
31395;987;100988;3;Low
31396;46865;146866;2;High
31397;9563;109564;4;Low
31398;30226;130227;2;Medium
31399;19399;119400;2;Low
31400;21808;121809;2;Medium
31401;45459;145460;4;Medium
31402;15904;115905;1;Medium
31403;7715;107716;3;Medium
31404;11530;111531;2;Low
31405;40456;140457;3;High
31406;28227;128228;3;Medium
31407;22246;122247;0;Medium
31408;7604;107605;1;Low
31409;21136;121137;2;Low
31410;32681;132682;3;Low
31411;4633;104634;4;High
31412;19973;119974;4;High
31413;44098;144099;4;Low
31414;2038;102039;1;Low
31415;43943;143944;0;Medium
31416;5614;105615;3;Low
31417;12889;112890;3;Medium
31418;6213;106214;3;Medium
31419;5060;105061;0;Low
31420;25687;125688;0;Medium
31421;39735;139736;2;Medium
31422;10013;110014;0;Medium
31423;26863;126864;3;Low
31424;37079;137080;0;Low
31425;4422;104423;3;Medium
31426;6401;106402;3;Low
31427;10965;110966;3;Medium
31428;41896;141897;3;Medium
31429;44330;144331;0;Medium
31430;7212;107213;1;Low
31431;15416;115417;3;Low
31432;33824;133825;4;High
31433;12080;112081;3;Medium
31434;26332;126333;3;Low
31435;24042;124043;2;Low
31436;28649;128650;1;High
31437;28490;128491;4;Low
31438;45247;145248;4;High
31439;41102;141103;1;Low
31440;28628;128629;3;High
31441;28327;128328;1;Medium
31442;27813;127814;0;Low
31443;35292;135293;2;Medium
31444;8610;108611;3;Medium
31445;16039;116040;1;Medium
31446;48477;148478;2;Medium
31447;42878;142879;1;Medium
31448;38988;138989;1;Low
31449;32989;132990;1;Medium
31450;12124;112125;1;High
31451;26346;126347;0;Medium
31452;990;100991;3;High
31453;1954;101955;1;Medium
31454;47762;147763;3;Low
31455;24822;124823;0;Low
31456;18657;118658;4;High
31457;9362;109363;1;Medium
31458;18407;118408;0;Medium
31459;10177;110178;2;High
31460;37879;137880;0;Low
31461;46641;146642;4;Medium
31462;30844;130845;4;Medium
31463;35692;135693;4;Low
31464;28189;128190;2;Low
31465;12604;112605;1;Low
31466;3470;103471;3;High
31467;16776;116777;2;High
31468;20418;120419;3;Medium
31469;3115;103116;4;Low
31470;3063;103064;0;Medium
31471;3873;103874;1;Medium
31472;27153;127154;4;Medium
31473;8254;108255;4;Medium
31474;6032;106033;3;High
31475;13100;113101;0;Low
31476;27558;127559;4;Medium
31477;19508;119509;2;High
31478;14452;114453;2;Medium
31479;33691;133692;2;Medium
31480;38461;138462;1;Low
31481;16535;116536;1;Medium
31482;18873;118874;3;Low
31483;14952;114953;4;High
31484;41509;141510;0;High
31485;3357;103358;4;Medium
31486;42844;142845;1;Medium
31487;13789;113790;1;Low
31488;756;100757;0;Low
31489;45452;145453;1;Low
31490;35138;135139;2;Low
31491;27630;127631;2;High
31492;14126;114127;0;Medium
31493;11968;111969;4;High
31494;35711;135712;4;Medium
31495;43919;143920;2;Low
31496;6723;106724;1;Low
31497;33645;133646;2;High
31498;33725;133726;0;High
31499;67;100068;4;Medium
31500;33503;133504;0;Medium
31501;43873;143874;0;Low
31502;41833;141834;4;Medium
31503;15692;115693;1;Low
31504;10864;110865;1;Medium
31505;14440;114441;4;Low
31506;23768;123769;4;Medium
31507;14868;114869;0;High
31508;44264;144265;4;Low
31509;49134;149135;4;Low
31510;40536;140537;2;Low
31511;38140;138141;0;High
31512;47885;147886;4;Medium
31513;26505;126506;2;High
31514;16688;116689;2;High
31515;4388;104389;3;High
31516;40394;140395;2;Medium
31517;46650;146651;1;Medium
31518;48391;148392;2;High
31519;2664;102665;2;Medium
31520;38437;138438;4;High
31521;25513;125514;3;Low
31522;29662;129663;3;Low
31523;20667;120668;2;Medium
31524;17225;117226;4;Medium
31525;6765;106766;1;Low
31526;16541;116542;4;Medium
31527;8252;108253;1;High
31528;20679;120680;2;Low
31529;32230;132231;2;Medium
31530;43274;143275;2;Low
31531;33271;133272;2;Medium
31532;9081;109082;1;High
31533;10939;110940;2;Medium
31534;27833;127834;4;Medium
31535;301;100302;0;Medium
31536;1515;101516;2;Low
31537;43565;143566;0;Medium
31538;9740;109741;2;Medium
31539;30818;130819;4;Low
31540;31499;131500;2;Medium
31541;41280;141281;4;Low
31542;32791;132792;4;High
31543;44981;144982;3;High
31544;15512;115513;4;Medium
31545;43592;143593;4;Low
31546;41719;141720;2;High
31547;34636;134637;3;High
31548;15551;115552;2;High
31549;47999;148000;1;Medium
31550;16763;116764;2;Low
31551;38694;138695;4;Low
31552;36218;136219;2;Medium
31553;49500;149501;1;Medium
31554;48367;148368;3;Low
31555;33069;133070;1;Low
31556;9039;109040;3;High
31557;39891;139892;4;High
31558;21409;121410;0;Low
31559;29827;129828;4;High
31560;42792;142793;2;Medium
31561;25571;125572;3;Medium
31562;15558;115559;2;Medium
31563;7696;107697;3;Low
31564;26536;126537;3;Medium
31565;16107;116108;2;Low
31566;7586;107587;1;Low
31567;7155;107156;1;Low
31568;5874;105875;0;Medium
31569;15103;115104;1;Medium
31570;10357;110358;1;High
31571;10437;110438;2;Medium
31572;3621;103622;4;Low
31573;29789;129790;3;Low
31574;31417;131418;0;Low
31575;30384;130385;4;Low
31576;38974;138975;0;Low
31577;49231;149232;1;Medium
31578;19808;119809;1;Medium
31579;16029;116030;4;Low
31580;46715;146716;0;Medium
31581;16279;116280;1;Low
31582;46060;146061;4;Medium
31583;48911;148912;3;Low
31584;13653;113654;0;Medium
31585;29178;129179;4;High
31586;24751;124752;1;Medium
31587;26601;126602;3;Medium
31588;1627;101628;1;Low
31589;28971;128972;0;Medium
31590;42981;142982;0;Low
31591;32049;132050;1;Medium
31592;3407;103408;2;Low
31593;41765;141766;1;Medium
31594;30962;130963;4;Medium
31595;14334;114335;2;Low
31596;36242;136243;3;Medium
31597;1597;101598;0;Medium
31598;32740;132741;0;Low
31599;2881;102882;1;Medium
31600;36929;136930;0;High
31601;18245;118246;0;High
31602;18476;118477;3;Low
31603;48926;148927;1;Medium
31604;24863;124864;0;High
31605;21336;121337;2;Low
31606;21568;121569;4;Low
31607;10264;110265;3;Low
31608;7909;107910;4;High
31609;78;100079;3;High
31610;11798;111799;1;Low
31611;11042;111043;1;Low
31612;13351;113352;3;Medium
31613;47643;147644;3;Medium
31614;25923;125924;0;Low
31615;20178;120179;2;Medium
31616;37609;137610;4;Medium
31617;10526;110527;3;Low
31618;24959;124960;1;Medium
31619;22410;122411;3;Low
31620;13509;113510;2;Medium
31621;488;100489;0;High
31622;40832;140833;3;Medium
31623;45661;145662;1;Low
31624;36989;136990;2;Medium
31625;46997;146998;3;Medium
31626;47199;147200;3;Low
31627;29461;129462;0;Low
31628;11362;111363;4;Medium
31629;21124;121125;4;High
31630;40065;140066;3;High
31631;15048;115049;0;Medium
31632;12138;112139;2;Medium
31633;14768;114769;1;Low
31634;33992;133993;4;High
31635;34857;134858;2;Low
31636;37742;137743;1;Medium
31637;2502;102503;1;Low
31638;2970;102971;3;Medium
31639;24866;124867;2;High
31640;23599;123600;2;Low
31641;28699;128700;1;Medium
31642;4694;104695;2;Medium
31643;13656;113657;2;Low
31644;6266;106267;1;Medium
31645;14122;114123;3;Medium
31646;359;100360;0;High
31647;23234;123235;2;High
31648;30457;130458;0;High
31649;42990;142991;3;High
31650;48112;148113;1;High
31651;48002;148003;3;Low
31652;32383;132384;1;Low
31653;17292;117293;0;High
31654;30128;130129;2;High
31655;9661;109662;2;High
31656;18515;118516;3;Low
31657;21999;122000;0;Medium
31658;4200;104201;4;Low
31659;44581;144582;3;Low
31660;25852;125853;3;Medium
31661;19012;119013;1;Low
31662;47992;147993;2;Medium
31663;13140;113141;0;Medium
31664;14072;114073;3;Medium
31665;330;100331;3;Medium
31666;19948;119949;3;Low
31667;16354;116355;2;Medium
31668;6606;106607;1;High
31669;46456;146457;3;Medium
31670;23254;123255;0;Low
31671;6047;106048;4;Medium
31672;46173;146174;0;Medium
31673;32271;132272;2;Medium
31674;13119;113120;3;Medium
31675;34226;134227;0;Medium
31676;8471;108472;4;Low
31677;5387;105388;0;Low
31678;44626;144627;0;Medium
31679;37835;137836;3;High
31680;48657;148658;2;Medium
31681;23864;123865;0;High
31682;7134;107135;3;Low
31683;3550;103551;4;Medium
31684;6037;106038;3;Medium
31685;17094;117095;4;Medium
31686;840;100841;1;High
31687;7522;107523;4;Medium
31688;34581;134582;4;High
31689;9981;109982;3;Low
31690;22345;122346;0;High
31691;4583;104584;3;Medium
31692;27368;127369;1;Low
31693;29116;129117;2;Low
31694;40676;140677;4;Low
31695;16073;116074;4;Medium
31696;2266;102267;1;Medium
31697;37238;137239;0;Medium
31698;42517;142518;4;High
31699;32434;132435;0;Low
31700;37022;137023;3;Medium
31701;30495;130496;2;High
31702;19776;119777;0;High
31703;538;100539;0;Medium
31704;29702;129703;1;High
31705;20646;120647;4;Medium
31706;11253;111254;2;Medium
31707;30154;130155;0;Medium
31708;24407;124408;0;Medium
31709;36398;136399;4;Low
31710;11806;111807;3;Low
31711;15085;115086;2;High
31712;18046;118047;1;Medium
31713;5099;105100;1;Medium
31714;9175;109176;2;High
31715;25552;125553;3;Low
31716;17021;117022;0;Medium
31717;38890;138891;0;Medium
31718;7609;107610;3;Medium
31719;35506;135507;4;Medium
31720;6084;106085;2;Low
31721;42082;142083;1;Medium
31722;38924;138925;3;High
31723;45358;145359;3;Low
31724;46842;146843;4;High
31725;25127;125128;2;Low
31726;45981;145982;3;Low
31727;25471;125472;1;High
31728;3949;103950;3;Low
31729;40424;140425;2;Medium
31730;21193;121194;2;Medium
31731;35567;135568;0;Low
31732;9913;109914;4;Medium
31733;1765;101766;4;Low
31734;6368;106369;1;High
31735;38628;138629;2;Low
31736;23181;123182;4;Low
31737;4755;104756;4;Medium
31738;38681;138682;1;Low
31739;33141;133142;2;Medium
31740;4851;104852;4;Low
31741;33160;133161;2;Medium
31742;6045;106046;1;High
31743;43599;143600;0;Low
31744;49300;149301;3;Medium
31745;30675;130676;4;Low
31746;27398;127399;4;Low
31747;47083;147084;3;Medium
31748;35843;135844;0;Medium
31749;18694;118695;1;Medium
31750;8708;108709;1;High
31751;21424;121425;3;High
31752;18988;118989;0;High
31753;24319;124320;2;Low
31754;47835;147836;3;High
31755;2540;102541;4;Low
31756;6286;106287;1;High
31757;21618;121619;4;High
31758;4448;104449;3;Medium
31759;3708;103709;2;High
31760;28782;128783;0;Medium
31761;46688;146689;3;Low
31762;24279;124280;2;High
31763;49543;149544;0;Medium
31764;24454;124455;0;High
31765;4618;104619;3;Low
31766;47658;147659;1;Medium
31767;36964;136965;1;Low
31768;47066;147067;4;High
31769;43552;143553;4;Low
31770;44900;144901;0;Medium
31771;13606;113607;0;Medium
31772;7763;107764;3;Medium
31773;23565;123566;2;High
31774;37851;137852;0;Medium
31775;41478;141479;3;Medium
31776;8042;108043;0;Low
31777;17835;117836;4;Low
31778;10116;110117;3;Low
31779;17026;117027;4;High
31780;45395;145396;0;High
31781;9778;109779;4;Low
31782;950;100951;0;Low
31783;21484;121485;0;Medium
31784;24918;124919;0;Medium
31785;33747;133748;4;Low
31786;16823;116824;2;Low
31787;45512;145513;2;Low
31788;47389;147390;2;Low
31789;9604;109605;0;Low
31790;24714;124715;0;High
31791;22902;122903;0;Low
31792;9283;109284;0;Medium
31793;13808;113809;3;Medium
31794;26875;126876;0;Low
31795;26811;126812;2;Medium
31796;34017;134018;3;Medium
31797;18047;118048;3;High
31798;13927;113928;1;Medium
31799;3123;103124;1;Medium
31800;9608;109609;1;Medium
31801;16149;116150;1;High
31802;34139;134140;0;High
31803;16104;116105;2;Medium
31804;940;100941;1;Low
31805;34631;134632;1;Medium
31806;34195;134196;2;High
31807;29775;129776;2;High
31808;35481;135482;4;Low
31809;33718;133719;3;High
31810;3480;103481;2;Medium
31811;42891;142892;0;Medium
31812;12408;112409;3;Medium
31813;27071;127072;1;Medium
31814;45294;145295;2;Medium
31815;34969;134970;0;Medium
31816;7338;107339;3;Medium
31817;7891;107892;1;Medium
31818;25168;125169;4;High
31819;48644;148645;3;Medium
31820;35835;135836;0;High
31821;4317;104318;0;High
31822;40278;140279;2;High
31823;34188;134189;0;High
31824;47808;147809;1;Medium
31825;18558;118559;4;Medium
31826;45157;145158;2;Low
31827;27477;127478;0;Medium
31828;7683;107684;4;Low
31829;42567;142568;1;Medium
31830;10600;110601;4;Medium
31831;39232;139233;3;Medium
31832;8329;108330;4;Low
31833;13767;113768;0;Medium
31834;47407;147408;0;Medium
31835;35443;135444;0;Low
31836;31303;131304;0;Medium
31837;48096;148097;2;High
31838;6358;106359;1;High
31839;36366;136367;3;Low
31840;45939;145940;3;Low
31841;7479;107480;2;High
31842;20023;120024;2;High
31843;43604;143605;2;High
31844;26717;126718;2;Low
31845;9915;109916;2;High
31846;40847;140848;2;High
31847;35966;135967;2;High
31848;19035;119036;1;Low
31849;10974;110975;4;High
31850;2229;102230;3;Medium
31851;11579;111580;0;Low
31852;535;100536;1;Low
31853;8595;108596;1;High
31854;4256;104257;1;Low
31855;29931;129932;3;Low
31856;14625;114626;0;Medium
31857;44429;144430;1;Medium
31858;20701;120702;1;High
31859;2813;102814;0;High
31860;15333;115334;1;Medium
31861;34658;134659;0;Low
31862;47090;147091;2;Low
31863;37511;137512;1;Low
31864;15029;115030;0;High
31865;44709;144710;2;Low
31866;18449;118450;4;High
31867;25266;125267;2;Low
31868;41955;141956;2;Medium
31869;43245;143246;2;Medium
31870;48582;148583;2;Medium
31871;19994;119995;3;Low
31872;29561;129562;4;Low
31873;48084;148085;4;Medium
31874;16151;116152;4;High
31875;46379;146380;1;Low
31876;47370;147371;0;High
31877;4857;104858;2;Medium
31878;42555;142556;4;High
31879;14918;114919;1;High
31880;2059;102060;3;Medium
31881;43416;143417;0;Low
31882;35680;135681;1;High
31883;8003;108004;3;High
31884;36855;136856;4;Medium
31885;25431;125432;3;Medium
31886;23706;123707;0;High
31887;33475;133476;3;Medium
31888;16744;116745;2;High
31889;28124;128125;3;Medium
31890;2346;102347;0;High
31891;44226;144227;2;High
31892;5955;105956;2;High
31893;27139;127140;4;Low
31894;26117;126118;3;Medium
31895;33055;133056;3;Low
31896;1808;101809;0;Medium
31897;33299;133300;0;Medium
31898;3330;103331;2;Low
31899;9011;109012;0;Medium
31900;15996;115997;1;Medium
31901;18376;118377;2;Low
31902;46807;146808;0;Low
31903;13722;113723;1;Low
31904;16034;116035;3;Medium
31905;34873;134874;0;Low
31906;46633;146634;4;Low
31907;22600;122601;2;Medium
31908;27647;127648;2;High
31909;43998;143999;0;Medium
31910;13506;113507;2;Medium
31911;49281;149282;3;High
31912;17441;117442;4;Low
31913;39297;139298;2;Low
31914;43707;143708;0;Medium
31915;35303;135304;1;Medium
31916;842;100843;3;Medium
31917;33399;133400;1;High
31918;29373;129374;4;Medium
31919;49292;149293;2;Medium
31920;38317;138318;1;Low
31921;36213;136214;3;Medium
31922;37550;137551;2;High
31923;38112;138113;4;Low
31924;36426;136427;3;Medium
31925;5940;105941;4;Medium
31926;5856;105857;2;Medium
31927;30119;130120;0;Low
31928;35662;135663;1;Medium
31929;39198;139199;2;Medium
31930;19084;119085;3;Low
31931;23034;123035;4;Medium
31932;29690;129691;3;Medium
31933;38989;138990;4;High
31934;18940;118941;4;High
31935;5738;105739;1;Medium
31936;28769;128770;3;Low
31937;29473;129474;1;Medium
31938;49287;149288;0;High
31939;47477;147478;0;Medium
31940;23366;123367;4;Medium
31941;11997;111998;3;Low
31942;29787;129788;4;Low
31943;19522;119523;2;Medium
31944;48610;148611;1;High
31945;27576;127577;4;High
31946;9603;109604;3;Low
31947;20363;120364;0;Medium
31948;25986;125987;1;Medium
31949;21800;121801;2;Low
31950;13259;113260;1;Medium
31951;636;100637;0;Low
31952;9458;109459;2;High
31953;40845;140846;3;High
31954;9485;109486;4;Low
31955;45670;145671;3;Low
31956;34786;134787;0;High
31957;28006;128007;2;Medium
31958;34205;134206;1;High
31959;1543;101544;0;Medium
31960;42873;142874;4;High
31961;14017;114018;1;Low
31962;35830;135831;0;High
31963;10558;110559;4;Medium
31964;17073;117074;3;High
31965;7548;107549;1;High
31966;15125;115126;4;Medium
31967;20721;120722;3;Low
31968;19300;119301;4;High
31969;37933;137934;0;High
31970;26144;126145;3;High
31971;8143;108144;0;Medium
31972;29363;129364;4;Medium
31973;5090;105091;2;High
31974;27243;127244;3;High
31975;41625;141626;0;Medium
31976;16148;116149;4;Low
31977;35321;135322;2;Low
31978;43563;143564;4;High
31979;49607;149608;3;Low
31980;862;100863;3;Low
31981;22894;122895;2;High
31982;45619;145620;2;Low
31983;15738;115739;2;Medium
31984;8870;108871;3;Medium
31985;13746;113747;4;Medium
31986;19385;119386;1;Medium
31987;5897;105898;4;Medium
31988;31073;131074;3;Medium
31989;32081;132082;0;Medium
31990;28268;128269;0;High
31991;29656;129657;0;High
31992;40647;140648;0;Medium
31993;29212;129213;2;Low
31994;2103;102104;0;Low
31995;11733;111734;4;Medium
31996;17474;117475;3;Medium
31997;14827;114828;0;Medium
31998;18631;118632;3;Low
31999;15402;115403;2;Medium
32000;46529;146530;2;High
32001;3068;103069;0;Medium
32002;45812;145813;4;Medium
32003;32311;132312;1;Medium
32004;48143;148144;4;High
32005;1241;101242;3;High
32006;44941;144942;1;High
32007;16484;116485;4;Low
32008;37270;137271;3;Low
32009;5581;105582;4;Low
32010;43005;143006;1;Low
32011;11679;111680;0;High
32012;35486;135487;0;Medium
32013;12505;112506;4;Medium
32014;38951;138952;3;Low
32015;28257;128258;0;Medium
32016;35308;135309;3;Medium
32017;42892;142893;2;Low
32018;28554;128555;2;Medium
32019;17208;117209;4;High
32020;134;100135;0;Low
32021;31024;131025;0;Medium
32022;33696;133697;1;Low
32023;30564;130565;1;High
32024;11732;111733;4;Medium
32025;10245;110246;1;High
32026;11487;111488;3;Medium
32027;32428;132429;4;High
32028;19811;119812;1;High
32029;18394;118395;4;Low
32030;31440;131441;4;High
32031;28019;128020;4;Medium
32032;21328;121329;3;Medium
32033;30346;130347;1;Medium
32034;7807;107808;0;Low
32035;4908;104909;3;High
32036;15678;115679;1;Low
32037;45723;145724;1;Low
32038;41469;141470;3;Low
32039;32673;132674;1;Low
32040;9167;109168;4;High
32041;20640;120641;4;Low
32042;2929;102930;0;Low
32043;8307;108308;0;Low
32044;46374;146375;0;Medium
32045;31215;131216;2;Medium
32046;4812;104813;0;High
32047;1423;101424;1;Medium
32048;29721;129722;0;Medium
32049;24284;124285;2;Low
32050;33806;133807;0;Medium
32051;5932;105933;3;High
32052;4314;104315;0;High
32053;34891;134892;3;High
32054;21052;121053;3;Low
32055;18384;118385;4;Low
32056;14154;114155;3;Medium
32057;6863;106864;4;Medium
32058;44390;144391;0;High
32059;13924;113925;1;High
32060;9;100010;3;High
32061;13556;113557;4;Medium
32062;49022;149023;1;High
32063;25578;125579;0;Low
32064;3023;103024;2;Medium
32065;19893;119894;4;Medium
32066;11622;111623;4;High
32067;31843;131844;4;Medium
32068;21181;121182;3;Low
32069;32714;132715;2;Low
32070;19310;119311;4;Low
32071;46431;146432;2;Medium
32072;16045;116046;1;Low
32073;35017;135018;1;Medium
32074;8849;108850;0;High
32075;19882;119883;4;Low
32076;15165;115166;4;Medium
32077;37184;137185;1;Low
32078;48356;148357;0;Medium
32079;3557;103558;3;Medium
32080;31378;131379;4;High
32081;7224;107225;0;High
32082;41142;141143;0;High
32083;46025;146026;1;High
32084;23055;123056;4;High
32085;33042;133043;1;Low
32086;49530;149531;3;High
32087;30888;130889;3;Medium
32088;11384;111385;3;Medium
32089;46187;146188;2;Medium
32090;25307;125308;3;Low
32091;40007;140008;2;High
32092;17919;117920;4;Medium
32093;32363;132364;0;High
32094;24645;124646;2;High
32095;6974;106975;4;Low
32096;14351;114352;3;Medium
32097;14107;114108;0;Low
32098;15305;115306;0;Medium
32099;7425;107426;4;High
32100;44136;144137;1;Medium
32101;39498;139499;1;Medium
32102;25611;125612;4;Medium
32103;28144;128145;0;Medium
32104;5948;105949;2;Low
32105;4335;104336;3;Medium
32106;24015;124016;0;Medium
32107;32120;132121;2;Medium
32108;12239;112240;2;Medium
32109;30439;130440;2;Medium
32110;43941;143942;1;Low
32111;2738;102739;2;Low
32112;37415;137416;0;Low
32113;20596;120597;4;Medium
32114;33287;133288;3;Low
32115;43152;143153;2;Medium
32116;41767;141768;1;Low
32117;28339;128340;2;Medium
32118;28241;128242;3;Low
32119;44021;144022;3;High
32120;829;100830;3;Low
32121;25453;125454;1;Low
32122;19828;119829;4;High
32123;24334;124335;3;High
32124;669;100670;3;High
32125;39303;139304;2;Low
32126;26887;126888;1;High
32127;29768;129769;2;High
32128;49978;149979;3;High
32129;33917;133918;0;Low
32130;15236;115237;4;Low
32131;40275;140276;0;Medium
32132;19628;119629;1;Medium
32133;45770;145771;3;Medium
32134;48382;148383;4;Low
32135;8847;108848;3;Medium
32136;31397;131398;1;Medium
32137;1127;101128;0;Medium
32138;21018;121019;1;High
32139;2781;102782;3;High
32140;38589;138590;0;Low
32141;3376;103377;0;Medium
32142;40804;140805;3;Low
32143;33460;133461;0;Low
32144;11433;111434;4;High
32145;5109;105110;2;Medium
32146;38019;138020;4;Medium
32147;6407;106408;4;High
32148;8219;108220;3;High
32149;18711;118712;3;Medium
32150;27860;127861;3;High
32151;25791;125792;1;High
32152;43332;143333;4;High
32153;39575;139576;1;High
32154;3549;103550;3;Medium
32155;42942;142943;1;Medium
32156;30095;130096;3;Medium
32157;27530;127531;1;Medium
32158;1946;101947;2;Medium
32159;28536;128537;3;Medium
32160;2274;102275;1;Low
32161;25024;125025;3;Medium
32162;35086;135087;2;Low
32163;37595;137596;3;High
32164;34366;134367;2;Medium
32165;30392;130393;1;Medium
32166;35904;135905;3;Low
32167;48133;148134;2;Low
32168;7321;107322;2;High
32169;44262;144263;1;High
32170;2054;102055;0;Low
32171;3497;103498;0;Medium
32172;34666;134667;0;Low
32173;7334;107335;0;Medium
32174;29334;129335;1;High
32175;23843;123844;2;Low
32176;1149;101150;4;Low
32177;30842;130843;3;Medium
32178;22301;122302;2;Low
32179;6454;106455;2;Low
32180;46718;146719;3;Medium
32181;10327;110328;1;High
32182;29600;129601;2;High
32183;24745;124746;4;Medium
32184;26472;126473;4;Low
32185;46071;146072;3;Medium
32186;21111;121112;3;High
32187;29234;129235;2;Low
32188;23118;123119;3;Low
32189;24945;124946;2;Low
32190;42330;142331;0;High
32191;4573;104574;4;High
32192;717;100718;3;Medium
32193;18271;118272;1;Medium
32194;30589;130590;3;Low
32195;12960;112961;2;Low
32196;1380;101381;3;Low
32197;15180;115181;0;High
32198;20065;120066;0;Low
32199;36643;136644;3;High
32200;30473;130474;4;Medium
32201;14398;114399;3;Medium
32202;21212;121213;3;Medium
32203;15338;115339;4;High
32204;19137;119138;1;High
32205;34640;134641;3;Medium
32206;11050;111051;3;High
32207;28488;128489;4;High
32208;15356;115357;0;Medium
32209;5621;105622;1;Medium
32210;36991;136992;0;High
32211;29280;129281;4;High
32212;19858;119859;2;Low
32213;45404;145405;4;Low
32214;46825;146826;0;Medium
32215;4784;104785;4;High
32216;33526;133527;4;Medium
32217;3016;103017;1;Low
32218;41289;141290;3;Low
32219;20456;120457;0;Medium
32220;42277;142278;2;Medium
32221;38548;138549;2;Medium
32222;9045;109046;4;Medium
32223;49928;149929;2;Medium
32224;30625;130626;4;Medium
32225;2036;102037;4;Low
32226;47025;147026;3;Medium
32227;47807;147808;2;Low
32228;12643;112644;3;High
32229;4219;104220;1;Low
32230;151;100152;3;Low
32231;41810;141811;3;Low
32232;2701;102702;1;Medium
32233;14171;114172;2;Medium
32234;6476;106477;3;Medium
32235;44984;144985;3;High
32236;16068;116069;3;Medium
32237;41051;141052;1;Low
32238;10011;110012;3;Medium
32239;719;100720;2;Low
32240;7032;107033;1;Low
32241;31411;131412;2;High
32242;44773;144774;2;High
32243;9028;109029;4;High
32244;12602;112603;3;Low
32245;35651;135652;3;Low
32246;28100;128101;0;Medium
32247;48687;148688;2;Medium
32248;16249;116250;1;Low
32249;45564;145565;2;Medium
32250;12088;112089;3;Medium
32251;28874;128875;4;Low
32252;19096;119097;3;Low
32253;46108;146109;2;Medium
32254;35788;135789;2;Low
32255;1502;101503;3;Medium
32256;42684;142685;0;High
32257;29854;129855;1;Medium
32258;24749;124750;0;Low
32259;41510;141511;1;Low
32260;29245;129246;2;Medium
32261;24917;124918;3;Low
32262;5215;105216;2;High
32263;2880;102881;0;Low
32264;42701;142702;1;Medium
32265;129;100130;3;Low
32266;16563;116564;0;Medium
32267;7603;107604;2;Medium
32268;31526;131527;2;Low
32269;42137;142138;0;Low
32270;47974;147975;2;Medium
32271;42920;142921;4;Low
32272;21318;121319;0;High
32273;25765;125766;0;High
32274;3432;103433;2;High
32275;39920;139921;4;Medium
32276;21053;121054;1;Low
32277;46197;146198;0;Medium
32278;38136;138137;0;Medium
32279;31410;131411;4;Medium
32280;33021;133022;1;Low
32281;38331;138332;4;Medium
32282;9221;109222;1;Low
32283;3107;103108;3;Medium
32284;47550;147551;4;Medium
32285;14327;114328;1;High
32286;32970;132971;3;High
32287;24164;124165;3;Low
32288;39158;139159;0;High
32289;33649;133650;0;Low
32290;7725;107726;4;Low
32291;35584;135585;1;Medium
32292;33304;133305;0;High
32293;39436;139437;3;Low
32294;35245;135246;2;Medium
32295;28933;128934;4;Medium
32296;25518;125519;1;Low
32297;33689;133690;3;Low
32298;8696;108697;0;Low
32299;27347;127348;1;Medium
32300;2272;102273;4;Medium
32301;8179;108180;2;Medium
32302;28965;128966;4;Medium
32303;24986;124987;2;Low
32304;39379;139380;4;Low
32305;12843;112844;0;High
32306;10862;110863;4;High
32307;41694;141695;2;Medium
32308;9357;109358;2;Low
32309;45978;145979;1;Low
32310;45525;145526;2;High
32311;10341;110342;1;Medium
32312;21791;121792;2;Medium
32313;303;100304;4;Low
32314;29496;129497;4;Medium
32315;29448;129449;1;Medium
32316;6869;106870;1;Low
32317;42715;142716;0;High
32318;11643;111644;1;Low
32319;31880;131881;2;Medium
32320;967;100968;0;High
32321;41075;141076;0;Medium
32322;42140;142141;0;Medium
32323;25663;125664;2;High
32324;14364;114365;0;Medium
32325;26468;126469;2;Low
32326;10137;110138;2;Low
32327;33404;133405;3;High
32328;49678;149679;1;Medium
32329;2434;102435;1;High
32330;11464;111465;3;High
32331;25982;125983;3;Low
32332;31548;131549;0;Low
32333;7378;107379;1;High
32334;47500;147501;1;Medium
32335;39732;139733;4;Low
32336;40318;140319;0;High
32337;47240;147241;2;High
32338;20884;120885;4;Medium
32339;4307;104308;0;High
32340;28514;128515;4;High
32341;6013;106014;1;Low
32342;40439;140440;4;Medium
32343;47491;147492;1;Medium
32344;15856;115857;2;Medium
32345;6322;106323;0;Medium
32346;40608;140609;3;High
32347;34912;134913;3;Medium
32348;12878;112879;0;Low
32349;36149;136150;0;Medium
32350;24434;124435;4;High
32351;1151;101152;2;High
32352;16231;116232;2;Medium
32353;2248;102249;4;Medium
32354;48475;148476;3;Low
32355;9823;109824;4;High
32356;34906;134907;0;High
32357;38106;138107;4;Medium
32358;25367;125368;2;Medium
32359;27548;127549;4;Medium
32360;14336;114337;2;High
32361;563;100564;2;High
32362;23614;123615;1;High
32363;6445;106446;0;Medium
32364;49421;149422;0;High
32365;8952;108953;0;High
32366;13444;113445;2;High
32367;804;100805;0;Low
32368;7986;107987;3;Low
32369;34851;134852;0;Medium
32370;34036;134037;0;Medium
32371;17059;117060;2;Low
32372;25028;125029;3;Medium
32373;48479;148480;2;Low
32374;15585;115586;1;Medium
32375;25333;125334;0;Medium
32376;9946;109947;4;Medium
32377;46549;146550;1;Low
32378;7105;107106;1;Low
32379;43185;143186;2;Low
32380;45195;145196;3;Medium
32381;32378;132379;1;Low
32382;35336;135337;4;Medium
32383;4086;104087;3;High
32384;22989;122990;4;Medium
32385;26776;126777;1;Medium
32386;2020;102021;1;High
32387;4119;104120;1;Medium
32388;47383;147384;1;Medium
32389;5634;105635;0;Medium
32390;41396;141397;4;Medium
32391;45464;145465;4;Low
32392;37723;137724;2;Medium
32393;257;100258;2;Low
32394;2774;102775;4;Medium
32395;43097;143098;3;Medium
32396;23635;123636;3;Medium
32397;27046;127047;1;Medium
32398;10038;110039;4;Medium
32399;24275;124276;3;High
32400;38583;138584;1;High
32401;32780;132781;0;Low
32402;1090;101091;3;Medium
32403;35928;135929;2;Low
32404;1731;101732;4;Low
32405;31546;131547;0;High
32406;30946;130947;2;High
32407;19900;119901;2;High
32408;8914;108915;2;Medium
32409;28574;128575;2;Medium
32410;46968;146969;3;Medium
32411;8592;108593;1;Low
32412;36099;136100;0;Low
32413;12418;112419;3;Low
32414;44841;144842;3;High
32415;49198;149199;4;Medium
32416;21076;121077;3;Medium
32417;23124;123125;0;Medium
32418;21610;121611;0;Low
32419;17278;117279;3;Medium
32420;43705;143706;3;High
32421;3613;103614;2;Low
32422;46059;146060;0;Medium
32423;4146;104147;2;Low
32424;3384;103385;0;Medium
32425;31363;131364;2;Medium
32426;42739;142740;0;High
32427;18346;118347;1;High
32428;3868;103869;2;Medium
32429;9554;109555;2;Medium
32430;19178;119179;1;Medium
32431;22891;122892;4;High
32432;6610;106611;4;Low
32433;22053;122054;2;High
32434;648;100649;4;Medium
32435;24081;124082;0;High
32436;43316;143317;0;Low
32437;13572;113573;0;High
32438;7029;107030;1;Low
32439;44224;144225;4;High
32440;25760;125761;4;Low
32441;26465;126466;4;Medium
32442;45952;145953;4;Low
32443;16675;116676;1;Medium
32444;13541;113542;1;Low
32445;48796;148797;4;High
32446;11521;111522;4;Low
32447;4224;104225;4;Medium
32448;12732;112733;2;Medium
32449;19495;119496;4;High
32450;19469;119470;2;Medium
32451;19362;119363;0;High
32452;18006;118007;0;Low
32453;47794;147795;3;Medium
32454;22658;122659;2;Medium
32455;30170;130171;4;Medium
32456;34589;134590;2;High
32457;34210;134211;0;Low
32458;15375;115376;3;Medium
32459;47860;147861;4;Low
32460;44558;144559;0;Medium
32461;15348;115349;4;Low
32462;15257;115258;1;Low
32463;35322;135323;1;Low
32464;32700;132701;0;High
32465;27284;127285;1;Medium
32466;44705;144706;1;Low
32467;44739;144740;0;Medium
32468;40747;140748;3;Low
32469;7439;107440;1;Medium
32470;3776;103777;0;Medium
32471;42670;142671;3;Medium
32472;930;100931;2;Low
32473;1116;101117;2;Medium
32474;45767;145768;3;Low
32475;3583;103584;0;Low
32476;27720;127721;0;High
32477;13913;113914;1;High
32478;20990;120991;1;High
32479;29043;129044;0;High
32480;47682;147683;3;Low
32481;29948;129949;3;Medium
32482;32582;132583;3;Medium
32483;36297;136298;3;High
32484;15289;115290;4;Medium
32485;10141;110142;1;Low
32486;31929;131930;0;High
32487;26341;126342;1;Low
32488;11596;111597;3;Medium
32489;8945;108946;2;Medium
32490;42871;142872;2;Medium
32491;48562;148563;2;Low
32492;23194;123195;4;Medium
32493;27878;127879;4;Low
32494;42125;142126;2;Medium
32495;27954;127955;3;Low
32496;23430;123431;2;Low
32497;17147;117148;2;Medium
32498;45721;145722;4;Low
32499;22720;122721;2;Medium
32500;30325;130326;0;Low
32501;28136;128137;2;Medium
32502;46520;146521;0;Medium
32503;33567;133568;2;Medium
32504;47283;147284;0;Medium
32505;9876;109877;2;High
32506;17117;117118;4;Medium
32507;25359;125360;4;High
32508;45138;145139;1;Low
32509;14953;114954;4;Medium
32510;27473;127474;4;Medium
32511;33352;133353;1;Medium
32512;17166;117167;1;Low
32513;4679;104680;1;High
32514;47348;147349;2;Medium
32515;13515;113516;3;Low
32516;9650;109651;1;Low
32517;20237;120238;1;Medium
32518;25403;125404;2;Low
32519;31551;131552;2;High
32520;11096;111097;3;Low
32521;15000;115001;1;Medium
32522;32590;132591;2;Medium
32523;28932;128933;3;Medium
32524;26908;126909;1;Medium
32525;23750;123751;3;Medium
32526;21723;121724;4;Low
32527;23376;123377;4;High
32528;25892;125893;2;Medium
32529;42916;142917;1;Medium
32530;37199;137200;4;Low
32531;18666;118667;0;Medium
32532;41397;141398;3;Low
32533;26756;126757;4;Low
32534;43483;143484;1;Medium
32535;42934;142935;3;Low
32536;36217;136218;2;High
32537;39788;139789;3;High
32538;7112;107113;2;High
32539;282;100283;1;Medium
32540;45743;145744;4;High
32541;14124;114125;2;Medium
32542;7832;107833;0;Low
32543;7501;107502;2;Low
32544;36049;136050;0;Medium
32545;47777;147778;2;High
32546;13324;113325;2;Medium
32547;1827;101828;0;Low
32548;2940;102941;1;Medium
32549;36524;136525;4;High
32550;14645;114646;2;Low
32551;7181;107182;4;Low
32552;40010;140011;1;Low
32553;18364;118365;0;Medium
32554;15148;115149;1;High
32555;44086;144087;3;High
32556;2677;102678;3;High
32557;41095;141096;3;Medium
32558;19764;119765;2;Low
32559;15620;115621;2;Medium
32560;38142;138143;4;High
32561;25334;125335;3;Low
32562;16234;116235;1;Medium
32563;17078;117079;1;Medium
32564;32960;132961;1;Medium
32565;3987;103988;4;Low
32566;40500;140501;1;Medium
32567;8828;108829;4;High
32568;35871;135872;4;Medium
32569;1461;101462;2;Low
32570;25898;125899;2;Medium
32571;197;100198;1;Low
32572;10008;110009;2;Low
32573;12605;112606;2;High
32574;4255;104256;4;Low
32575;11071;111072;1;Medium
32576;28903;128904;4;Low
32577;18156;118157;4;Medium
32578;45381;145382;2;Low
32579;39725;139726;0;Medium
32580;44695;144696;0;High
32581;23296;123297;3;Medium
32582;5391;105392;4;Medium
32583;18266;118267;3;Medium
32584;17603;117604;4;High
32585;34887;134888;2;Medium
32586;49439;149440;3;Medium
32587;7873;107874;3;Low
32588;6192;106193;2;High
32589;49959;149960;4;Low
32590;49128;149129;2;High
32591;14801;114802;2;Medium
32592;41053;141054;3;Low
32593;5431;105432;2;Medium
32594;38316;138317;2;Low
32595;17758;117759;1;High
32596;2790;102791;3;Low
32597;8496;108497;2;Medium
32598;1214;101215;4;High
32599;1173;101174;0;High
32600;11075;111076;3;Medium
32601;22887;122888;0;High
32602;28049;128050;4;Medium
32603;39956;139957;2;Medium
32604;33765;133766;2;High
32605;10020;110021;2;Low
32606;39779;139780;3;Low
32607;18840;118841;3;High
32608;42284;142285;0;High
32609;21757;121758;4;Medium
32610;13715;113716;2;High
32611;47222;147223;3;Low
32612;44883;144884;3;Medium
32613;46840;146841;1;Medium
32614;48752;148753;3;Medium
32615;36380;136381;3;Low
32616;8553;108554;2;Low
32617;16176;116177;1;Medium
32618;45174;145175;4;Medium
32619;34231;134232;2;Medium
32620;34316;134317;0;Low
32621;6321;106322;0;Medium
32622;40350;140351;3;Medium
32623;1041;101042;1;Medium
32624;28498;128499;1;High
32625;2189;102190;0;Medium
32626;32896;132897;1;Medium
32627;19345;119346;0;Low
32628;18377;118378;4;Low
32629;33708;133709;0;Low
32630;44182;144183;0;Low
32631;3456;103457;0;Low
32632;19561;119562;0;Low
32633;31046;131047;1;High
32634;5081;105082;2;Medium
32635;13448;113449;3;Medium
32636;25697;125698;0;High
32637;21255;121256;1;Medium
32638;46312;146313;3;Low
32639;17656;117657;3;High
32640;28017;128018;3;Low
32641;3669;103670;2;Medium
32642;3937;103938;3;Low
32643;29114;129115;3;Medium
32644;17521;117522;2;Medium
32645;11982;111983;2;Medium
32646;24688;124689;3;Low
32647;35684;135685;1;Low
32648;8483;108484;4;Low
32649;40163;140164;0;Medium
32650;48397;148398;3;Medium
32651;27207;127208;2;High
32652;32074;132075;2;Low
32653;25845;125846;1;Medium
32654;29638;129639;4;Medium
32655;36916;136917;0;Medium
32656;21953;121954;1;Low
32657;38695;138696;3;Low
32658;38939;138940;3;Medium
32659;44406;144407;4;Medium
32660;41844;141845;2;Medium
32661;39812;139813;0;Medium
32662;26420;126421;3;Medium
32663;36542;136543;2;Medium
32664;28303;128304;3;High
32665;30906;130907;4;Low
32666;14530;114531;3;Low
32667;4917;104918;1;Medium
32668;45486;145487;3;Medium
32669;37099;137100;0;Low
32670;4395;104396;3;Medium
32671;27747;127748;4;Medium
32672;25199;125200;1;High
32673;32908;132909;3;Low
32674;25444;125445;3;High
32675;2397;102398;3;High
32676;9131;109132;2;Low
32677;32425;132426;1;Medium
32678;9725;109726;0;High
32679;27424;127425;0;Low
32680;48313;148314;4;High
32681;19954;119955;0;Low
32682;15555;115556;1;Medium
32683;4554;104555;4;Low
32684;19160;119161;3;High
32685;14523;114524;1;Medium
32686;4178;104179;2;Medium
32687;9755;109756;1;High
32688;9759;109760;2;Low
32689;12846;112847;0;High
32690;1787;101788;0;High
32691;23101;123102;4;Low
32692;6726;106727;0;Medium
32693;28752;128753;4;Medium
32694;6708;106709;4;Medium
32695;15732;115733;0;Medium
32696;27083;127084;2;Medium
32697;27543;127544;4;Low
32698;31737;131738;2;Medium
32699;20546;120547;4;Low
32700;21385;121386;2;Medium
32701;36385;136386;1;Low
32702;39109;139110;4;Low
32703;17186;117187;3;High
32704;13633;113634;0;Low
32705;3546;103547;2;High
32706;28767;128768;4;Medium
32707;3537;103538;1;Medium
32708;20920;120921;1;Medium
32709;33581;133582;4;Low
32710;32187;132188;3;High
32711;33294;133295;4;High
32712;29952;129953;1;Low
32713;5091;105092;3;Medium
32714;45602;145603;4;Medium
32715;20006;120007;2;Medium
32716;1973;101974;2;Medium
32717;39637;139638;0;Medium
32718;41847;141848;1;Low
32719;4038;104039;2;High
32720;2283;102284;2;Medium
32721;26164;126165;3;Medium
32722;34344;134345;1;Low
32723;25631;125632;1;Low
32724;41235;141236;3;Medium
32725;14418;114419;0;Medium
32726;48680;148681;4;Low
32727;10597;110598;4;Medium
32728;3002;103003;4;Medium
32729;41934;141935;2;Medium
32730;10601;110602;2;High
32731;2971;102972;0;Medium
32732;46296;146297;0;High
32733;10408;110409;2;High
32734;33822;133823;0;Medium
32735;30229;130230;2;Low
32736;19043;119044;4;Medium
32737;46475;146476;4;Medium
32738;2137;102138;3;Medium
32739;36677;136678;0;Medium
32740;42804;142805;1;Low
32741;45198;145199;4;High
32742;21490;121491;4;Medium
32743;49050;149051;4;High
32744;44818;144819;2;High
32745;15293;115294;4;Medium
32746;14056;114057;2;High
32747;35456;135457;0;Low
32748;21379;121380;1;Medium
32749;38047;138048;4;High
32750;21831;121832;4;Medium
32751;41160;141161;3;Low
32752;14292;114293;2;Low
32753;32785;132786;2;Medium
32754;15740;115741;0;High
32755;38354;138355;3;High
32756;45720;145721;2;High
32757;27007;127008;3;High
32758;41123;141124;4;Low
32759;45289;145290;1;Medium
32760;41979;141980;4;Medium
32761;42078;142079;1;Medium
32762;27824;127825;0;Low
32763;46677;146678;0;High
32764;45028;145029;2;High
32765;17783;117784;0;High
32766;21191;121192;1;Low
32767;16747;116748;0;High
32768;41457;141458;2;Medium
32769;26143;126144;4;Medium
32770;44931;144932;4;Medium
32771;16028;116029;3;High
32772;37922;137923;2;Medium
32773;10893;110894;3;Low
32774;25021;125022;3;Low
32775;10420;110421;0;Medium
32776;24109;124110;1;Low
32777;29202;129203;3;Low
32778;47336;147337;2;Low
32779;9670;109671;3;Low
32780;14013;114014;2;High
32781;14759;114760;1;Low
32782;22612;122613;0;High
32783;48184;148185;3;Medium
32784;25275;125276;0;Low
32785;42482;142483;3;Low
32786;27794;127795;4;Medium
32787;8701;108702;3;Medium
32788;11341;111342;1;Low
32789;42992;142993;3;Low
32790;37446;137447;1;Low
32791;44060;144061;0;Medium
32792;8002;108003;1;Medium
32793;48612;148613;4;Medium
32794;41355;141356;2;Medium
32795;27965;127966;2;Medium
32796;36525;136526;3;Medium
32797;46552;146553;2;Low
32798;26122;126123;0;Medium
32799;42236;142237;1;Low
32800;46356;146357;0;High
32801;46237;146238;0;Medium
32802;45896;145897;3;Medium
32803;38303;138304;2;Low
32804;6964;106965;1;Low
32805;17345;117346;1;Low
32806;49822;149823;0;Medium
32807;29988;129989;4;Low
32808;10642;110643;1;Medium
32809;14733;114734;2;Low
32810;44553;144554;4;Low
32811;11329;111330;3;Low
32812;35496;135497;0;Medium
32813;661;100662;4;Low
32814;2275;102276;2;Medium
32815;5848;105849;1;Medium
32816;23678;123679;1;Low
32817;9805;109806;4;High
32818;49577;149578;0;High
32819;18184;118185;4;High
32820;7462;107463;4;Medium
32821;40946;140947;1;Medium
32822;21483;121484;0;Low
32823;25159;125160;2;Medium
32824;6872;106873;0;High
32825;49911;149912;1;Low
32826;26557;126558;2;Low
32827;10516;110517;1;Low
32828;26957;126958;0;High
32829;33120;133121;4;High
32830;7605;107606;0;Medium
32831;18242;118243;1;High
32832;22376;122377;3;Low
32833;40723;140724;4;High
32834;7066;107067;3;Low
32835;26301;126302;3;Medium
32836;44702;144703;0;Medium
32837;42305;142306;2;Low
32838;2558;102559;1;High
32839;10285;110286;1;High
32840;46522;146523;2;High
32841;14861;114862;0;High
32842;20416;120417;0;Medium
32843;27027;127028;3;Medium
32844;45357;145358;3;Low
32845;47195;147196;3;Low
32846;11066;111067;2;Medium
32847;46719;146720;1;Low
32848;23006;123007;2;Medium
32849;45122;145123;4;Medium
32850;2638;102639;4;High
32851;21357;121358;1;Medium
32852;24215;124216;4;Low
32853;10058;110059;2;Medium
32854;16887;116888;1;Low
32855;17980;117981;1;Low
32856;5472;105473;2;High
32857;15760;115761;2;High
32858;10740;110741;2;Medium
32859;25512;125513;2;Medium
32860;32876;132877;1;Medium
32861;29160;129161;1;Medium
32862;38644;138645;4;Medium
32863;5859;105860;2;High
32864;43568;143569;4;High
32865;15679;115680;1;Low
32866;37979;137980;1;Medium
32867;5389;105390;0;High
32868;25877;125878;4;Low
32869;24003;124004;0;Low
32870;22750;122751;3;Medium
32871;49063;149064;0;Medium
32872;43460;143461;4;High
32873;9216;109217;0;High
32874;43324;143325;2;Low
32875;16646;116647;2;Medium
32876;47526;147527;0;High
32877;23909;123910;3;High
32878;12926;112927;3;High
32879;32842;132843;2;High
32880;29084;129085;3;Low
32881;1600;101601;0;Medium
32882;15531;115532;1;Medium
32883;21822;121823;4;Medium
32884;44880;144881;1;High
32885;30335;130336;0;Low
32886;18009;118010;2;Medium
32887;4434;104435;4;Medium
32888;32822;132823;1;Low
32889;33760;133761;3;Medium
32890;21611;121612;2;Low
32891;15747;115748;4;Medium
32892;40211;140212;1;Medium
32893;49970;149971;3;Low
32894;42883;142884;4;Low
32895;35449;135450;4;High
32896;12744;112745;0;Medium
32897;18426;118427;2;Medium
32898;43623;143624;3;Medium
32899;9865;109866;2;Medium
32900;22794;122795;1;Medium
32901;25608;125609;3;Low
32902;40546;140547;3;Medium
32903;20228;120229;3;Medium
32904;14025;114026;4;Low
32905;277;100278;0;High
32906;44212;144213;0;Medium
32907;14909;114910;2;Low
32908;3157;103158;0;Low
32909;39380;139381;1;Low
32910;34712;134713;1;Low
32911;18720;118721;4;Medium
32912;13620;113621;2;Medium
32913;37400;137401;4;Medium
32914;33354;133355;2;Medium
32915;3012;103013;0;Medium
32916;10711;110712;1;High
32917;48483;148484;2;High
32918;43597;143598;0;High
32919;25909;125910;1;Low
32920;22017;122018;2;Low
32921;44856;144857;1;Medium
32922;37203;137204;3;High
32923;47907;147908;1;High
32924;48947;148948;1;Low
32925;22880;122881;0;Low
32926;29339;129340;2;Medium
32927;16483;116484;3;Medium
32928;47070;147071;4;Low
32929;14994;114995;3;High
32930;41276;141277;2;High
32931;6709;106710;3;Low
32932;12943;112944;3;Medium
32933;46401;146402;2;Low
32934;5998;105999;1;High
32935;41166;141167;3;High
32936;18843;118844;1;Medium
32937;40914;140915;4;Medium
32938;21783;121784;4;High
32939;767;100768;4;High
32940;42091;142092;4;Medium
32941;3596;103597;1;Medium
32942;7520;107521;1;Medium
32943;16475;116476;1;High
32944;5382;105383;3;High
32945;8637;108638;4;Low
32946;15805;115806;0;Medium
32947;8387;108388;1;High
32948;40352;140353;3;High
32949;39685;139686;2;Medium
32950;2481;102482;3;Medium
32951;43065;143066;4;Medium
32952;28866;128867;1;Low
32953;37959;137960;4;Low
32954;18207;118208;3;Medium
32955;10656;110657;1;Medium
32956;45383;145384;3;Medium
32957;40462;140463;2;Low
32958;37232;137233;3;High
32959;15002;115003;4;Low
32960;30086;130087;1;Low
32961;17660;117661;4;Low
32962;47419;147420;2;High
32963;47225;147226;4;Medium
32964;4465;104466;2;Low
32965;8470;108471;3;Medium
32966;26013;126014;4;Low
32967;26817;126818;3;Medium
32968;39127;139128;4;Low
32969;36662;136663;2;Low
32970;29253;129254;1;High
32971;42875;142876;4;High
32972;26370;126371;2;Low
32973;6074;106075;0;High
32974;23227;123228;2;Low
32975;36819;136820;1;Medium
32976;2165;102166;1;High
32977;10505;110506;4;Medium
32978;33715;133716;1;Medium
32979;13768;113769;0;Medium
32980;26277;126278;2;Medium
32981;3802;103803;0;Low
32982;37546;137547;4;High
32983;28416;128417;2;Low
32984;15905;115906;4;Medium
32985;27322;127323;4;High
32986;29602;129603;1;High
32987;35093;135094;4;Medium
32988;26901;126902;1;Low
32989;4824;104825;1;Low
32990;44915;144916;4;High
32991;33515;133516;0;Medium
32992;3735;103736;0;Medium
32993;729;100730;2;Low
32994;12658;112659;4;Low
32995;8203;108204;0;Low
32996;26011;126012;1;High
32997;38011;138012;3;High
32998;15385;115386;0;Low
32999;44943;144944;1;Low
33000;20842;120843;4;Low
33001;26760;126761;0;Low
33002;10522;110523;4;Medium
33003;16893;116894;1;Medium
33004;7160;107161;0;Medium
33005;24997;124998;0;Medium
33006;25623;125624;2;Medium
33007;25109;125110;1;Low
33008;46550;146551;4;Low
33009;28297;128298;3;Medium
33010;25584;125585;2;High
33011;48316;148317;3;Low
33012;31301;131302;4;Low
33013;43543;143544;0;Medium
33014;45201;145202;2;High
33015;39229;139230;0;Low
33016;35911;135912;0;Medium
33017;39394;139395;4;High
33018;3255;103256;1;Low
33019;23563;123564;4;Low
33020;34752;134753;0;High
33021;40629;140630;1;Low
33022;27179;127180;4;Low
33023;37731;137732;0;Medium
33024;24786;124787;1;Low
33025;41115;141116;0;High
33026;35393;135394;0;High
33027;32210;132211;4;Medium
33028;26099;126100;1;Low
33029;6849;106850;3;Medium
33030;49051;149052;2;Medium
33031;28243;128244;2;Low
33032;12101;112102;1;Low
33033;7322;107323;0;Low
33034;48417;148418;1;Low
33035;48473;148474;1;Medium
33036;3580;103581;3;High
33037;30014;130015;4;High
33038;10734;110735;1;Low
33039;21708;121709;1;High
33040;23381;123382;3;Medium
33041;47141;147142;3;Medium
33042;26955;126956;1;High
33043;41755;141756;2;Low
33044;42506;142507;4;High
33045;21425;121426;2;Low
33046;38669;138670;2;High
33047;6833;106834;3;Medium
33048;16629;116630;3;High
33049;25859;125860;4;Medium
33050;38537;138538;2;Medium
33051;32029;132030;2;Medium
33052;10885;110886;3;Medium
33053;46156;146157;1;High
33054;34630;134631;4;High
33055;38539;138540;4;Low
33056;48476;148477;1;Medium
33057;9046;109047;3;High
33058;31030;131031;2;Low
33059;25899;125900;4;Medium
33060;22170;122171;0;High
33061;18002;118003;1;Medium
33062;34096;134097;2;Low
33063;22985;122986;1;Medium
33064;16838;116839;1;Low
33065;19358;119359;3;Low
33066;131;100132;4;Low
33067;27716;127717;1;High
33068;38230;138231;1;Medium
33069;40284;140285;3;High
33070;11349;111350;3;Low
33071;41672;141673;4;High
33072;44667;144668;3;Medium
33073;30199;130200;4;Medium
33074;27106;127107;3;Medium
33075;32912;132913;4;Medium
33076;26187;126188;3;Medium
33077;8717;108718;1;High
33078;778;100779;1;Medium
33079;35194;135195;3;Medium
33080;29150;129151;1;High
33081;8711;108712;2;High
33082;8222;108223;1;Medium
33083;992;100993;3;High
33084;32427;132428;2;Low
33085;13412;113413;1;High
33086;46613;146614;0;Medium
33087;45977;145978;2;Medium
33088;4412;104413;1;High
33089;32046;132047;0;Medium
33090;38763;138764;1;Medium
33091;30228;130229;2;Medium
33092;456;100457;3;High
33093;3070;103071;2;Low
33094;34947;134948;1;Medium
33095;13780;113781;0;Low
33096;30059;130060;4;High
33097;48185;148186;3;High
33098;20736;120737;3;Medium
33099;32790;132791;3;Low
33100;26864;126865;1;Low
33101;23362;123363;3;Low
33102;24758;124759;3;Medium
33103;22799;122800;3;Low
33104;9062;109063;2;High
33105;18641;118642;0;Medium
33106;39664;139665;1;Medium
33107;26806;126807;2;Medium
33108;41691;141692;2;Medium
33109;10659;110660;4;High
33110;42184;142185;2;High
33111;16213;116214;3;Medium
33112;43196;143197;1;Low
33113;44589;144590;2;Medium
33114;4698;104699;3;Low
33115;35043;135044;4;Medium
33116;3356;103357;3;Medium
33117;38388;138389;3;Medium
33118;36718;136719;4;Low
33119;29508;129509;1;Low
33120;41750;141751;4;Medium
33121;21821;121822;3;Low
33122;24599;124600;0;High
33123;17121;117122;4;Medium
33124;9063;109064;2;High
33125;16365;116366;0;Low
33126;7023;107024;3;Medium
33127;10472;110473;1;Medium
33128;3695;103696;1;High
33129;45228;145229;2;High
33130;34550;134551;4;High
33131;39439;139440;1;Low
33132;5133;105134;3;Low
33133;26488;126489;0;High
33134;15838;115839;3;Medium
33135;9626;109627;1;Low
33136;15767;115768;4;Low
33137;13162;113163;2;Medium
33138;30289;130290;0;High
33139;16043;116044;0;Medium
33140;16481;116482;3;Medium
33141;6085;106086;0;Medium
33142;34308;134309;3;High
33143;19444;119445;3;High
33144;13976;113977;4;Low
33145;17301;117302;2;High
33146;27560;127561;4;Medium
33147;18341;118342;2;Low
33148;9986;109987;2;High
33149;5690;105691;3;Medium
33150;24037;124038;4;Medium
33151;6226;106227;0;High
33152;2798;102799;2;High
33153;48736;148737;2;Low
33154;41293;141294;4;Low
33155;48868;148869;2;Medium
33156;40323;140324;0;Medium
33157;601;100602;4;Low
33158;44415;144416;4;Medium
33159;39548;139549;1;Medium
33160;177;100178;2;Low
33161;33875;133876;0;Medium
33162;44982;144983;0;Low
33163;31384;131385;3;Medium
33164;43108;143109;3;Medium
33165;29237;129238;2;Medium
33166;21488;121489;4;High
33167;31216;131217;0;Medium
33168;49979;149980;2;Low
33169;9184;109185;0;Medium
33170;38231;138232;0;Low
33171;12910;112911;2;Medium
33172;40208;140209;3;Low
33173;239;100240;2;Medium
33174;43071;143072;1;Medium
33175;43889;143890;2;Medium
33176;25672;125673;1;High
33177;13154;113155;2;Medium
33178;49302;149303;1;Low
33179;26305;126306;4;High
33180;25360;125361;0;Low
33181;25189;125190;1;Medium
33182;40386;140387;3;Medium
33183;22670;122671;1;Medium
33184;8190;108191;2;Medium
33185;12246;112247;3;Medium
33186;559;100560;2;High
33187;12918;112919;1;Medium
33188;48636;148637;0;High
33189;39;100040;3;Medium
33190;33382;133383;2;Medium
33191;14694;114695;1;High
33192;45401;145402;1;Low
33193;22710;122711;2;Low
33194;44065;144066;4;High
33195;31760;131761;4;High
33196;28934;128935;4;Low
33197;19296;119297;3;Medium
33198;30804;130805;1;Low
33199;20620;120621;1;Medium
33200;32757;132758;0;Low
33201;47262;147263;1;Medium
33202;31086;131087;2;Medium
33203;45410;145411;0;Medium
33204;21602;121603;0;Medium
33205;38715;138716;3;Medium
33206;49384;149385;0;Medium
33207;31631;131632;0;Low
33208;19853;119854;2;Low
33209;39839;139840;0;High
33210;9868;109869;3;Medium
33211;11137;111138;1;Medium
33212;45413;145414;4;High
33213;41074;141075;4;High
33214;46023;146024;0;High
33215;15367;115368;4;Low
33216;37126;137127;2;Medium
33217;5943;105944;4;High
33218;14860;114861;1;Medium
33219;21518;121519;3;Medium
33220;13497;113498;1;Low
33221;17423;117424;1;Low
33222;45150;145151;3;Low
33223;39816;139817;2;High
33224;5608;105609;1;Low
33225;47938;147939;2;Medium
33226;12968;112969;2;High
33227;19414;119415;3;High
33228;41535;141536;0;High
33229;29404;129405;1;Medium
33230;3230;103231;2;High
33231;6937;106938;2;Medium
33232;23195;123196;3;Medium
33233;27219;127220;2;Low
33234;5872;105873;0;High
33235;3027;103028;1;Medium
33236;37506;137507;2;Medium
33237;35378;135379;4;Low
33238;11230;111231;1;High
33239;8497;108498;4;Medium
33240;16093;116094;4;Low
33241;26634;126635;3;Medium
33242;47196;147197;1;Medium
33243;46873;146874;4;High
33244;26085;126086;0;Low
33245;18765;118766;0;Medium
33246;18566;118567;4;High
33247;32717;132718;3;Low
33248;5253;105254;0;Medium
33249;883;100884;1;High
33250;20925;120926;3;Medium
33251;35424;135425;3;Low
33252;33200;133201;0;Medium
33253;3867;103868;2;High
33254;29226;129227;1;Medium
33255;35113;135114;1;Medium
33256;45580;145581;2;Medium
33257;48213;148214;4;Medium
33258;21433;121434;0;Low
33259;6589;106590;0;Medium
33260;18432;118433;3;Low
33261;17877;117878;4;Low
33262;44276;144277;4;Medium
33263;24444;124445;2;High
33264;27584;127585;2;Medium
33265;39472;139473;2;High
33266;9186;109187;4;Medium
33267;23087;123088;0;High
33268;29989;129990;1;Medium
33269;48336;148337;0;Medium
33270;21636;121637;4;Medium
33271;6105;106106;0;High
33272;28353;128354;3;High
33273;36842;136843;3;Low
33274;23027;123028;0;High
33275;9300;109301;4;High
33276;20555;120556;2;Medium
33277;6282;106283;0;High
33278;1925;101926;4;Medium
33279;26555;126556;4;Medium
33280;24345;124346;1;Medium
33281;29529;129530;1;Low
33282;5062;105063;1;Medium
33283;17235;117236;4;Low
33284;6757;106758;1;Low
33285;18922;118923;0;Medium
33286;40801;140802;3;Medium
33287;15953;115954;1;Medium
33288;27741;127742;1;Medium
33289;15786;115787;1;Medium
33290;17550;117551;4;Medium
33291;39013;139014;4;Medium
33292;47644;147645;2;Medium
33293;29575;129576;3;Low
33294;35577;135578;2;Medium
33295;25091;125092;3;Medium
33296;26846;126847;0;Medium
33297;10751;110752;4;Low
33298;24031;124032;1;Medium
33299;19878;119879;1;Medium
33300;4926;104927;0;Medium
33301;23280;123281;3;High
33302;42072;142073;1;Medium
33303;29153;129154;0;Medium
33304;38173;138174;0;Medium
33305;1817;101818;3;High
33306;18339;118340;1;Medium
33307;42165;142166;3;Low
33308;15273;115274;0;Low
33309;31589;131590;4;Low
33310;3886;103887;0;Medium
33311;1020;101021;2;Medium
33312;25837;125838;0;Low
33313;31075;131076;4;Low
33314;199;100200;1;High
33315;36276;136277;3;Medium
33316;46512;146513;2;Medium
33317;25865;125866;3;Medium
33318;38642;138643;0;High
33319;23431;123432;3;Low
33320;41419;141420;0;High
33321;30863;130864;2;Medium
33322;6107;106108;1;High
33323;31084;131085;3;High
33324;875;100876;1;Low
33325;25705;125706;2;Low
33326;9985;109986;3;Medium
33327;22309;122310;4;High
33328;30302;130303;4;High
33329;44906;144907;0;Medium
33330;39369;139370;0;Low
33331;38248;138249;1;Low
33332;21761;121762;2;Medium
33333;49709;149710;2;Medium
33334;19492;119493;1;High
33335;22591;122592;0;Medium
33336;562;100563;1;Low
33337;27523;127524;0;Low
33338;45205;145206;2;Low
33339;32287;132288;0;Low
33340;1009;101010;1;Low
33341;16718;116719;2;Low
33342;14538;114539;3;Medium
33343;25910;125911;3;Medium
33344;24230;124231;0;Low
33345;26296;126297;1;Medium
33346;2168;102169;3;Low
33347;40083;140084;1;Low
33348;42866;142867;2;Low
33349;18705;118706;2;Low
33350;304;100305;1;High
33351;30494;130495;0;High
33352;8433;108434;2;Medium
33353;34982;134983;4;Low
33354;33641;133642;3;Low
33355;3307;103308;0;Medium
33356;36977;136978;0;Low
33357;27441;127442;4;Low
33358;49699;149700;4;Low
33359;49184;149185;1;High
33360;22846;122847;0;Low
33361;49980;149981;3;High
33362;31014;131015;0;High
33363;35349;135350;1;Medium
33364;29786;129787;4;Low
33365;3860;103861;2;Low
33366;26229;126230;4;High
33367;678;100679;2;Low
33368;26511;126512;2;High
33369;44317;144318;4;Low
33370;2892;102893;2;High
33371;9929;109930;1;Medium
33372;5467;105468;2;Medium
33373;24768;124769;0;Low
33374;33662;133663;2;Medium
33375;13965;113966;1;High
33376;31376;131377;0;Medium
33377;17826;117827;3;Medium
33378;935;100936;3;High
33379;3686;103687;1;High
33380;17626;117627;3;Medium
33381;378;100379;0;Low
33382;36907;136908;4;Low
33383;2364;102365;0;Low
33384;5880;105881;3;High
33385;20984;120985;2;Medium
33386;17074;117075;3;Medium
33387;4922;104923;4;Medium
33388;38440;138441;3;Medium
33389;27714;127715;3;Low
33390;40397;140398;4;Low
33391;10539;110540;2;Low
33392;5831;105832;0;Low
33393;42610;142611;2;Low
33394;24789;124790;4;High
33395;29617;129618;2;High
33396;41533;141534;1;Low
33397;13750;113751;4;Medium
33398;47175;147176;0;Medium
33399;34822;134823;1;Low
33400;14592;114593;3;Medium
33401;35625;135626;3;High
33402;47323;147324;3;High
33403;26924;126925;0;High
33404;2126;102127;3;Medium
33405;12797;112798;4;Medium
33406;26471;126472;1;High
33407;33345;133346;1;High
33408;34546;134547;4;Low
33409;37299;137300;0;Low
33410;20024;120025;4;Low
33411;11100;111101;0;Low
33412;16416;116417;1;Medium
33413;13645;113646;3;Low
33414;13071;113072;1;Medium
33415;2143;102144;1;Medium
33416;44359;144360;2;Low
33417;44363;144364;3;Low
33418;48256;148257;3;Medium
33419;14387;114388;3;Low
33420;10620;110621;1;Medium
33421;24012;124013;2;Medium
33422;5130;105131;0;Medium
33423;29051;129052;4;High
33424;45330;145331;3;Low
33425;21013;121014;0;High
33426;49377;149378;2;Low
33427;20227;120228;1;Medium
33428;6093;106094;1;Low
33429;6986;106987;4;Medium
33430;13839;113840;4;High
33431;45480;145481;1;Medium
33432;41409;141410;2;Medium
33433;48881;148882;1;Medium
33434;38516;138517;1;Medium
33435;22036;122037;3;Low
33436;25610;125611;2;High
33437;47886;147887;3;Medium
33438;38394;138395;0;Medium
33439;909;100910;1;Medium
33440;21582;121583;4;Low
33441;11778;111779;3;Low
33442;49448;149449;1;Medium
33443;31124;131125;3;Medium
33444;41776;141777;1;High
33445;42013;142014;0;Medium
33446;34162;134163;2;High
33447;36822;136823;3;High
33448;45114;145115;1;Low
33449;41829;141830;2;Low
33450;32442;132443;4;Medium
33451;9450;109451;1;Low
33452;48074;148075;2;Medium
33453;7861;107862;4;High
33454;9970;109971;1;Low
33455;1675;101676;3;Medium
33456;1052;101053;1;High
33457;31157;131158;4;High
33458;20486;120487;3;Low
33459;40541;140542;3;Low
33460;6382;106383;4;High
33461;42836;142837;0;Low
33462;2060;102061;0;Low
33463;42962;142963;0;Medium
33464;41257;141258;0;High
33465;21716;121717;2;High
33466;22192;122193;0;Medium
33467;46249;146250;3;Medium
33468;9319;109320;4;Low
33469;12457;112458;2;Low
33470;6840;106841;1;High
33471;30614;130615;2;Low
33472;33612;133613;1;High
33473;25808;125809;2;High
33474;25415;125416;2;Low
33475;1320;101321;3;Low
33476;27750;127751;3;Low
33477;11913;111914;2;Medium
33478;3617;103618;4;Low
33479;34259;134260;3;Medium
33480;18688;118689;2;Low
33481;11772;111773;0;High
33482;47878;147879;4;High
33483;41682;141683;4;Low
33484;3944;103945;4;Medium
33485;20976;120977;1;Medium
33486;29685;129686;4;Low
33487;40512;140513;1;High
33488;35446;135447;2;Medium
33489;40792;140793;4;High
33490;42527;142528;0;Medium
33491;24130;124131;3;Medium
33492;13597;113598;1;Medium
33493;49594;149595;3;Medium
33494;45111;145112;2;High
33495;37566;137567;4;Low
33496;11786;111787;3;High
33497;42079;142080;4;High
33498;41821;141822;3;Medium
33499;23334;123335;0;Low
33500;6429;106430;2;Low
33501;3247;103248;3;Medium
33502;28507;128508;4;Low
33503;15186;115187;3;Medium
33504;32440;132441;3;Low
33505;40662;140663;0;Medium
33506;30924;130925;2;Low
33507;38333;138334;4;Medium
33508;6866;106867;4;Low
33509;24691;124692;3;High
33510;18789;118790;4;High
33511;28230;128231;3;High
33512;36759;136760;2;Medium
33513;991;100992;2;Medium
33514;3228;103229;1;High
33515;7021;107022;2;Low
33516;14383;114384;3;Medium
33517;20843;120844;0;Medium
33518;38911;138912;4;Medium
33519;41424;141425;2;Medium
33520;11865;111866;0;High
33521;8514;108515;1;Medium
33522;25551;125552;0;Low
33523;37728;137729;1;High
33524;28687;128688;1;Low
33525;26840;126841;3;Medium
33526;17978;117979;1;Medium
33527;36161;136162;3;Low
33528;22576;122577;3;Low
33529;31302;131303;3;Medium
33530;37992;137993;3;Low
33531;18126;118127;1;Low
33532;49240;149241;2;Medium
33533;29382;129383;4;Medium
33534;47921;147922;3;Low
33535;19903;119904;1;Low
33536;47368;147369;2;High
33537;42497;142498;3;Medium
33538;19316;119317;4;Medium
33539;8301;108302;2;Low
33540;31439;131440;3;Low
33541;26657;126658;2;Medium
33542;35772;135773;3;High
33543;23597;123598;4;High
33544;26353;126354;0;Medium
33545;38196;138197;2;Low
33546;2968;102969;2;Low
33547;26937;126938;3;Low
33548;16047;116048;3;High
33549;46574;146575;2;Medium
33550;23698;123699;4;Low
33551;19176;119177;2;High
33552;36454;136455;3;Medium
33553;17902;117903;4;High
33554;32625;132626;1;Low
33555;10683;110684;0;Low
33556;48157;148158;3;Low
33557;1903;101904;0;High
33558;242;100243;3;Medium
33559;30013;130014;4;Medium
33560;12198;112199;3;High
33561;47177;147178;4;Medium
33562;27021;127022;3;Medium
33563;27974;127975;4;Medium
33564;29101;129102;4;Medium
33565;28088;128089;1;High
33566;20597;120598;0;High
33567;7478;107479;0;Medium
33568;9849;109850;3;Low
33569;32898;132899;0;Low
33570;3021;103022;4;High
33571;17962;117963;4;Medium
33572;4536;104537;3;Medium
33573;12207;112208;0;Low
33574;24240;124241;1;Low
33575;43951;143952;1;Medium
33576;35055;135056;0;Low
33577;40823;140824;4;Medium
33578;36883;136884;3;Low
33579;26715;126716;3;High
33580;23253;123254;4;Medium
33581;14783;114784;2;High
33582;37505;137506;3;Medium
33583;17360;117361;0;Medium
33584;34491;134492;4;Low
33585;20787;120788;0;Low
33586;40751;140752;2;Low
33587;8626;108627;2;Medium
33588;49140;149141;3;Low
33589;49386;149387;2;High
33590;28118;128119;1;High
33591;37523;137524;4;High
33592;16468;116469;1;Low
33593;44003;144004;4;Low
33594;13415;113416;4;Medium
33595;23649;123650;1;Low
33596;29791;129792;4;High
33597;17371;117372;1;Medium
33598;15976;115977;0;Medium
33599;22978;122979;3;Low
33600;25446;125447;1;Medium
33601;14508;114509;1;Medium
33602;47834;147835;0;High
33603;25667;125668;4;High
33604;32761;132762;2;Low
33605;10955;110956;1;Low
33606;43711;143712;4;Low
33607;725;100726;2;Medium
33608;26461;126462;3;Medium
33609;22706;122707;0;Low
33610;9780;109781;2;Medium
33611;13358;113359;0;Medium
33612;35426;135427;3;Medium
33613;3164;103165;4;Low
33614;48642;148643;4;Medium
33615;7233;107234;1;Low
33616;8145;108146;1;Medium
33617;30220;130221;4;Medium
33618;36798;136799;1;Medium
33619;35384;135385;4;Medium
33620;35284;135285;2;High
33621;34608;134609;2;Low
33622;10555;110556;2;Medium
33623;20703;120704;4;Medium
33624;3884;103885;1;Low
33625;25597;125598;1;Medium
33626;21984;121985;0;Medium
33627;33228;133229;4;Low
33628;2689;102690;1;Medium
33629;27773;127774;2;Medium
33630;23554;123555;4;Medium
33631;16907;116908;3;Medium
33632;25133;125134;1;Low
33633;3304;103305;0;Medium
33634;20575;120576;4;Low
33635;35282;135283;3;Low
33636;25231;125232;4;Medium
33637;26612;126613;0;Medium
33638;28804;128805;2;Low
33639;39269;139270;1;High
33640;27058;127059;3;Low
33641;11951;111952;0;Medium
33642;30772;130773;4;High
33643;45277;145278;3;Medium
33644;13761;113762;0;Medium
33645;23747;123748;3;Low
33646;1462;101463;4;Medium
33647;37946;137947;0;High
33648;33889;133890;0;Medium
33649;34497;134498;0;Medium
33650;16868;116869;3;Low
33651;1985;101986;2;Medium
33652;45441;145442;3;High
33653;142;100143;2;Medium
33654;8798;108799;0;Low
33655;9654;109655;3;Medium
33656;18753;118754;1;High
33657;35936;135937;0;High
33658;9791;109792;4;Low
33659;44257;144258;4;Medium
33660;48524;148525;3;High
33661;46464;146465;1;Medium
33662;32707;132708;4;Medium
33663;25574;125575;4;Low
33664;27675;127676;4;High
33665;4142;104143;0;Low
33666;12196;112197;4;Medium
33667;18776;118777;3;Low
33668;1964;101965;0;Medium
33669;38453;138454;3;Low
33670;49262;149263;2;High
33671;31438;131439;2;Medium
33672;35719;135720;0;High
33673;6640;106641;2;Low
33674;16953;116954;1;Medium
33675;4586;104587;4;Medium
33676;46665;146666;4;Low
33677;13073;113074;4;Medium
33678;40365;140366;0;Low
33679;28543;128544;0;Low
33680;3835;103836;0;Low
33681;13810;113811;4;Medium
33682;44770;144771;0;Low
33683;8467;108468;0;Low
33684;47505;147506;0;Medium
33685;29262;129263;1;Medium
33686;39356;139357;4;Medium
33687;23232;123233;1;High
33688;7811;107812;1;High
33689;43767;143768;3;High
33690;15157;115158;4;Low
33691;38648;138649;1;Low
33692;6830;106831;2;Medium
33693;28992;128993;2;Medium
33694;19602;119603;2;Medium
33695;32942;132943;2;Medium
33696;31085;131086;1;Medium
33697;48254;148255;0;Low
33698;37846;137847;3;High
33699;28755;128756;1;Low
33700;36015;136016;2;Medium
33701;41494;141495;3;Medium
33702;34575;134576;3;High
33703;46256;146257;0;Low
33704;7495;107496;2;Low
33705;24482;124483;4;High
33706;28585;128586;2;Low
33707;42245;142246;0;Medium
33708;16079;116080;4;High
33709;24254;124255;1;Medium
33710;43769;143770;1;Medium
33711;12354;112355;1;Medium
33712;46578;146579;0;Medium
33713;5962;105963;1;Medium
33714;15412;115413;0;Low
33715;19962;119963;1;Medium
33716;3892;103893;4;Low
33717;7277;107278;0;High
33718;14720;114721;1;Medium
33719;6666;106667;2;Low
33720;8504;108505;3;Medium
33721;49593;149594;0;Medium
33722;12142;112143;1;High
33723;9938;109939;0;High
33724;11331;111332;2;Low
33725;49201;149202;0;Low
33726;17490;117491;4;Medium
33727;36345;136346;1;High
33728;7904;107905;1;Medium
33729;17506;117507;4;Medium
33730;5812;105813;1;Low
33731;10185;110186;4;High
33732;20516;120517;1;Low
33733;49952;149953;2;High
33734;8731;108732;4;Low
33735;5637;105638;2;High
33736;46630;146631;1;Low
33737;948;100949;4;Low
33738;17875;117876;3;Low
33739;34104;134105;1;Medium
33740;30099;130100;3;Medium
33741;48894;148895;3;Low
33742;46518;146519;3;Low
33743;46074;146075;2;Medium
33744;49210;149211;2;Medium
33745;11176;111177;2;Medium
33746;36918;136919;0;Medium
33747;4791;104792;4;Low
33748;39867;139868;4;High
33749;6733;106734;0;Low
33750;45895;145896;1;Low
33751;22010;122011;1;Low
33752;28479;128480;3;Medium
33753;39481;139482;0;Low
33754;38952;138953;1;High
33755;23107;123108;3;Low
33756;22952;122953;0;Medium
33757;46286;146287;3;High
33758;41702;141703;0;High
33759;8025;108026;1;Medium
33760;35776;135777;4;Medium
33761;24838;124839;2;High
33762;19804;119805;1;Medium
33763;22386;122387;0;Medium
33764;18104;118105;2;High
33765;47723;147724;4;Low
33766;38616;138617;3;Low
33767;9160;109161;3;High
33768;13216;113217;3;Medium
33769;25616;125617;0;High
33770;38651;138652;3;High
33771;15855;115856;1;Low
33772;902;100903;3;Medium
33773;1740;101741;2;High
33774;6262;106263;3;High
33775;38152;138153;1;Medium
33776;40770;140771;4;Medium
33777;24465;124466;0;High
33778;23222;123223;4;Medium
33779;48696;148697;3;Medium
33780;3936;103937;1;High
33781;1734;101735;2;Medium
33782;28967;128968;2;Medium
33783;9212;109213;3;Medium
33784;5211;105212;1;High
33785;36755;136756;1;Low
33786;19915;119916;0;Low
33787;11500;111501;3;Medium
33788;24353;124354;1;Medium
33789;46759;146760;2;Low
33790;9760;109761;2;Medium
33791;22115;122116;1;Low
33792;15978;115979;3;Low
33793;25212;125213;2;Medium
33794;24585;124586;4;Medium
33795;33364;133365;2;Low
33796;17671;117672;0;Medium
33797;29458;129459;4;Medium
33798;43170;143171;1;High
33799;5420;105421;1;Medium
33800;36282;136283;4;Medium
33801;36359;136360;1;Low
33802;28320;128321;2;Medium
33803;20388;120389;4;High
33804;20296;120297;0;Medium
33805;40632;140633;1;Medium
33806;27899;127900;0;High
33807;46444;146445;2;Medium
33808;15485;115486;3;Low
33809;14321;114322;2;Medium
33810;49583;149584;3;Medium
33811;36725;136726;2;Low
33812;44393;144394;0;High
33813;23198;123199;4;Medium
33814;43698;143699;1;High
33815;16841;116842;3;Low
33816;39922;139923;4;Low
33817;4674;104675;0;Medium
33818;30908;130909;4;High
33819;18781;118782;1;High
33820;38698;138699;3;Low
33821;43227;143228;0;High
33822;25347;125348;3;High
33823;21213;121214;1;Low
33824;9894;109895;3;High
33825;49303;149304;4;High
33826;44687;144688;2;Medium
33827;12906;112907;2;High
33828;44777;144778;1;High
33829;6858;106859;0;Medium
33830;36443;136444;3;Low
33831;41757;141758;1;High
33832;39648;139649;2;Low
33833;34978;134979;1;Low
33834;37193;137194;0;Medium
33835;18304;118305;1;Medium
33836;16489;116490;1;Medium
33837;48485;148486;2;Low
33838;24503;124504;0;Low
33839;17296;117297;3;Low
33840;4023;104024;3;Low
33841;15197;115198;0;High
33842;38149;138150;2;High
33843;30287;130288;4;Low
33844;31288;131289;2;Medium
33845;5001;105002;2;High
33846;4509;104510;4;High
33847;13684;113685;0;Low
33848;37529;137530;2;Medium
33849;37947;137948;2;High
33850;40028;140029;0;High
33851;32039;132040;4;Medium
33852;33727;133728;2;Medium
33853;1348;101349;2;Medium
33854;4351;104352;2;High
33855;30476;130477;3;Medium
33856;37707;137708;0;Medium
33857;17754;117755;3;Low
33858;32925;132926;1;High
33859;17265;117266;3;High
33860;43952;143953;4;Medium
33861;12014;112015;0;High
33862;5408;105409;1;Low
33863;47050;147051;0;Medium
33864;12328;112329;1;Low
33865;17066;117067;4;Low
33866;12741;112742;3;Medium
33867;4967;104968;0;Medium
33868;42188;142189;4;Low
33869;10383;110384;2;Medium
33870;651;100652;0;Low
33871;10767;110768;2;High
33872;48595;148596;3;High
33873;32627;132628;3;High
33874;14573;114574;1;Medium
33875;8782;108783;3;Low
33876;17525;117526;1;Low
33877;7434;107435;0;Medium
33878;44564;144565;0;Low
33879;37621;137622;4;High
33880;1258;101259;3;Medium
33881;22186;122187;1;Medium
33882;13054;113055;4;High
33883;23636;123637;2;Medium
33884;15211;115212;4;Medium
33885;3909;103910;1;Low
33886;49244;149245;0;Low
33887;33517;133518;1;Medium
33888;38455;138456;1;Low
33889;41724;141725;1;High
33890;29220;129221;0;Medium
33891;28216;128217;0;Medium
33892;764;100765;1;Medium
33893;30002;130003;0;Medium
33894;22807;122808;2;Medium
33895;44051;144052;1;Medium
33896;29020;129021;3;Low
33897;42117;142118;4;Low
33898;20370;120371;0;Medium
33899;16970;116971;1;High
33900;7265;107266;3;Medium
33901;21384;121385;3;Low
33902;1775;101776;2;High
33903;2879;102880;2;Medium
33904;21317;121318;0;High
33905;18146;118147;1;Medium
33906;40271;140272;1;Low
33907;15769;115770;1;Medium
33908;6771;106772;0;Low
33909;1729;101730;0;High
33910;18557;118558;4;Medium
33911;5970;105971;2;Medium
33912;41083;141084;0;High
33913;21782;121783;3;High
33914;14700;114701;2;Low
33915;20472;120473;1;Low
33916;22371;122372;1;Medium
33917;39642;139643;2;High
33918;17993;117994;3;High
33919;36803;136804;0;Low
33920;7970;107971;0;Medium
33921;43651;143652;3;Medium
33922;14147;114148;1;High
33923;12061;112062;0;Low
33924;49382;149383;0;Medium
33925;26003;126004;2;Low
33926;44509;144510;2;Low
33927;41518;141519;3;High
33928;34371;134372;0;High
33929;17425;117426;2;Low
33930;15656;115657;3;Low
33931;12893;112894;3;Low
33932;7305;107306;3;Medium
33933;48789;148790;2;High
33934;6179;106180;0;Low
33935;22422;122423;1;Medium
33936;22252;122253;0;Medium
33937;32552;132553;4;Medium
33938;35005;135006;0;Medium
33939;4717;104718;0;Low
33940;46389;146390;1;Low
33941;10987;110988;1;High
33942;17331;117332;0;Low
33943;13728;113729;4;Medium
33944;486;100487;0;Medium
33945;48363;148364;1;Medium
33946;24519;124520;4;High
33947;18189;118190;1;High
33948;34899;134900;4;Low
33949;26999;127000;3;Low
33950;13196;113197;4;High
33951;12916;112917;0;Low
33952;29649;129650;1;High
33953;8385;108386;0;High
33954;49732;149733;1;Low
33955;37002;137003;4;Medium
33956;41992;141993;0;Medium
33957;461;100462;1;Low
33958;639;100640;4;Medium
33959;34936;134937;3;Medium
33960;17431;117432;4;Low
33961;41894;141895;1;Medium
33962;49347;149348;3;Low
33963;19902;119903;0;High
33964;40803;140804;1;High
33965;25493;125494;3;Low
33966;35616;135617;0;Low
33967;9177;109178;0;Medium
33968;36531;136532;3;Medium
33969;27799;127800;0;Medium
33970;130;100131;3;Low
33971;48375;148376;3;Medium
33972;21033;121034;2;High
33973;5189;105190;3;High
33974;2755;102756;4;High
33975;30921;130922;4;Low
33976;31731;131732;2;Medium
33977;26141;126142;2;Low
33978;47888;147889;0;Low
33979;35218;135219;2;High
33980;7673;107674;0;Low
33981;28038;128039;2;Medium
33982;41809;141810;2;High
33983;48097;148098;2;Medium
33984;23044;123045;2;High
33985;44440;144441;2;High
33986;42413;142414;3;Medium
33987;43385;143386;4;Medium
33988;9889;109890;1;Medium
33989;7;100008;2;Medium
33990;21512;121513;3;Low
33991;23612;123613;2;High
33992;39897;139898;4;Medium
33993;47564;147565;3;Medium
33994;32563;132564;4;Low
33995;35332;135333;1;High
33996;19323;119324;2;Medium
33997;39712;139713;0;Low
33998;23779;123780;0;High
33999;49160;149161;3;Medium
34000;41066;141067;4;Medium
34001;41517;141518;2;High
34002;3724;103725;1;Medium
34003;9305;109306;3;Medium
34004;38493;138494;2;Medium
34005;35603;135604;0;Low
34006;28388;128389;1;Medium
34007;24413;124414;2;Low
34008;41456;141457;3;Low
34009;34767;134768;0;Medium
34010;39093;139094;4;Medium
34011;39795;139796;4;Low
34012;41449;141450;1;Low
34013;11020;111021;4;High
34014;48825;148826;1;Low
34015;41290;141291;4;Low
34016;21614;121615;3;Low
34017;36637;136638;4;Low
34018;4708;104709;4;Low
34019;8966;108967;2;Low
34020;24153;124154;1;Medium
34021;39758;139759;4;Low
34022;18905;118906;1;Medium
34023;47724;147725;1;High
34024;32672;132673;4;High
34025;26044;126045;3;Medium
34026;19756;119757;4;Low
34027;36450;136451;1;High
34028;48296;148297;0;High
34029;3205;103206;3;Low
34030;49601;149602;2;Medium
34031;33216;133217;0;Low
34032;8391;108392;0;Low
34033;38991;138992;0;Low
34034;10709;110710;0;High
34035;20955;120956;4;Low
34036;27726;127727;1;Medium
34037;6944;106945;4;Medium
34038;16225;116226;1;Low
34039;30884;130885;0;Medium
34040;39230;139231;1;High
34041;31361;131362;2;High
34042;1958;101959;2;Medium
34043;14454;114455;0;Medium
34044;22151;122152;1;Medium
34045;15722;115723;4;Medium
34046;49818;149819;1;Low
34047;43932;143933;0;High
34048;42076;142077;2;Medium
34049;40258;140259;3;Medium
34050;29336;129337;4;Medium
34051;14038;114039;3;Medium
34052;5177;105178;0;Low
34053;45251;145252;1;Low
34054;37261;137262;3;Medium
34055;42532;142533;0;High
34056;8780;108781;4;High
34057;25966;125967;3;High
34058;33654;133655;1;Medium
34059;213;100214;1;Medium
34060;28721;128722;0;Medium
34061;4428;104429;1;High
34062;40193;140194;4;Low
34063;31783;131784;2;Low
34064;8068;108069;4;Medium
34065;19742;119743;2;Low
34066;46570;146571;1;Low
34067;30317;130318;0;High
34068;16600;116601;4;Medium
34069;26597;126598;2;Medium
34070;4680;104681;1;High
34071;38881;138882;3;Low
34072;19585;119586;0;Low
34073;35;100036;3;High
34074;24325;124326;3;Medium
34075;5622;105623;1;Medium
34076;14924;114925;2;Low
34077;49422;149423;2;Low
34078;26902;126903;1;Medium
34079;31297;131298;3;Medium
34080;13817;113818;4;Low
34081;48125;148126;0;Low
34082;23685;123686;1;Low
34083;41164;141165;0;High
34084;43107;143108;1;Medium
34085;11875;111876;0;Low
34086;15601;115602;3;Low
34087;24524;124525;2;Medium
34088;28542;128543;1;Low
34089;43179;143180;1;Medium
34090;5067;105068;1;Low
34091;49893;149894;2;Medium
34092;13375;113376;4;Medium
34093;16902;116903;1;High
34094;14153;114154;4;Low
34095;22385;122386;4;High
34096;3154;103155;4;High
34097;24113;124114;4;Medium
34098;9758;109759;0;High
34099;30929;130930;0;Medium
34100;8647;108648;4;Medium
34101;25470;125471;0;High
34102;37205;137206;4;High
34103;16689;116690;0;Low
34104;10350;110351;3;Medium
34105;30595;130596;1;High
34106;16295;116296;0;High
34107;18192;118193;3;High
34108;19917;119918;2;High
34109;32421;132422;2;High
34110;16454;116455;2;Low
34111;14449;114450;1;High
34112;48700;148701;2;Low
34113;25585;125586;0;Medium
34114;9242;109243;0;Low
34115;21445;121446;2;Low
34116;25572;125573;0;Low
34117;9826;109827;4;Medium
34118;43058;143059;1;Medium
34119;21714;121715;1;Medium
34120;3849;103850;4;High
34121;37608;137609;1;High
34122;13595;113596;4;Medium
34123;40428;140429;1;Medium
34124;24606;124607;3;High
34125;21785;121786;4;Medium
34126;45759;145760;0;Medium
34127;26547;126548;0;Medium
34128;48351;148352;1;Low
34129;36211;136212;4;Medium
34130;775;100776;0;High
34131;24679;124680;0;High
34132;47089;147090;2;Low
34133;26658;126659;0;Medium
34134;22409;122410;4;High
34135;4121;104122;1;Low
34136;42802;142803;3;Medium
34137;40901;140902;2;Medium
34138;39680;139681;4;Medium
34139;25726;125727;3;Low
34140;22650;122651;4;High
34141;47176;147177;1;Low
34142;24337;124338;1;Medium
34143;1538;101539;3;Medium
34144;46150;146151;4;Low
34145;5538;105539;1;Medium
34146;20196;120197;0;High
34147;48024;148025;1;Low
34148;7919;107920;0;Medium
34149;25704;125705;0;Low
34150;7197;107198;1;Low
34151;47018;147019;2;High
34152;8323;108324;2;Low
34153;8876;108877;2;High
34154;32412;132413;1;Low
34155;4529;104530;4;Low
34156;42969;142970;0;High
34157;36631;136632;3;High
34158;44183;144184;4;Medium
34159;182;100183;1;High
34160;24832;124833;0;Low
34161;25749;125750;4;Medium
34162;48606;148607;0;Low
34163;26339;126340;4;Medium
34164;1179;101180;3;Low
34165;45790;145791;3;Medium
34166;41834;141835;3;High
34167;1577;101578;3;Low
34168;35784;135785;1;High
34169;45457;145458;3;Medium
34170;19026;119027;4;High
34171;25836;125837;2;Medium
34172;8602;108603;2;Medium
34173;49084;149085;4;High
34174;13038;113039;3;Low
34175;17906;117907;2;Low
34176;27277;127278;1;Medium
34177;48703;148704;0;Medium
34178;3331;103332;2;Low
34179;48337;148338;4;High
34180;22381;122382;3;Low
34181;14637;114638;2;Low
34182;30574;130575;0;Medium
34183;30521;130522;2;Low
34184;19655;119656;3;Medium
34185;37908;137909;0;High
34186;38624;138625;3;High
34187;41341;141342;3;Low
34188;17810;117811;1;Medium
34189;3505;103506;2;High
34190;37279;137280;2;Medium
34191;15371;115372;3;Medium
34192;13208;113209;2;Medium
34193;21666;121667;0;High
34194;3119;103120;4;Medium
34195;11519;111520;4;Medium
34196;48936;148937;1;Low
34197;6493;106494;1;Medium
34198;10577;110578;2;Low
34199;29167;129168;1;Medium
34200;30058;130059;4;Medium
34201;23090;123091;1;Medium
34202;18349;118350;0;Low
34203;38420;138421;1;Low
34204;37977;137978;1;Low
34205;7638;107639;0;Medium
34206;47425;147426;4;Medium
34207;48129;148130;0;High
34208;4486;104487;3;Medium
34209;44824;144825;3;Medium
34210;36691;136692;2;Medium
34211;37474;137475;2;High
34212;16969;116970;4;Medium
34213;16391;116392;2;Low
34214;1137;101138;2;Low
34215;16508;116509;2;High
34216;20647;120648;0;Low
34217;47630;147631;4;Medium
34218;20077;120078;0;Medium
34219;9277;109278;4;Medium
34220;7088;107089;1;High
34221;20628;120629;3;Medium
34222;30771;130772;1;Medium
34223;27932;127933;1;Medium
34224;34222;134223;4;Medium
34225;17289;117290;3;Low
34226;5016;105017;2;Medium
34227;2727;102728;2;Medium
34228;45599;145600;2;Medium
34229;46753;146754;0;Medium
34230;29049;129050;4;High
34231;44450;144451;2;Low
34232;49324;149325;1;Low
34233;32961;132962;4;Low
34234;48108;148109;2;High
34235;40217;140218;4;Low
34236;25913;125914;2;High
34237;40876;140877;1;Medium
34238;10980;110981;2;Low
34239;18632;118633;4;Medium
34240;37749;137750;4;High
34241;25540;125541;0;Medium
34242;47607;147608;2;Medium
34243;36726;136727;1;Low
34244;32967;132968;4;High
34245;16881;116882;0;Low
34246;20003;120004;4;Low
34247;18306;118307;1;Low
34248;13181;113182;4;Low
34249;44268;144269;2;Low
34250;14764;114765;4;Low
34251;32185;132186;4;Low
34252;38719;138720;1;Medium
34253;24602;124603;0;Medium
34254;43413;143414;4;Low
34255;40995;140996;1;Medium
34256;143;100144;1;High
34257;12070;112071;2;Medium
34258;45027;145028;0;Low
34259;23289;123290;2;Low
34260;2271;102272;4;Low
34261;21786;121787;0;Medium
34262;3192;103193;0;Medium
34263;15600;115601;0;Low
34264;21331;121332;0;Medium
34265;32207;132208;3;Medium
34266;14866;114867;1;High
34267;20002;120003;2;Medium
34268;21891;121892;4;Medium
34269;5528;105529;0;Low
34270;34453;134454;0;Medium
34271;46106;146107;2;Low
34272;12565;112566;1;High
34273;4018;104019;3;Medium
34274;27735;127736;3;Low
34275;46566;146567;2;Medium
34276;21719;121720;4;Medium
34277;33162;133163;2;Medium
34278;37173;137174;3;High
34279;36333;136334;4;Low
34280;17297;117298;2;Low
34281;13534;113535;2;Low
34282;800;100801;0;Low
34283;40138;140139;0;Medium
34284;5301;105302;0;Medium
34285;40304;140305;1;High
34286;13860;113861;3;Medium
34287;46196;146197;0;Medium
34288;49268;149269;4;Low
34289;19746;119747;3;Medium
34290;32299;132300;1;Medium
34291;25267;125268;3;Low
34292;37745;137746;0;Low
34293;7800;107801;3;Low
34294;7067;107068;2;Low
34295;32112;132113;0;Low
34296;1219;101220;3;Medium
34297;6570;106571;0;Low
34298;6255;106256;3;Medium
34299;45653;145654;2;Medium
34300;28596;128597;0;Low
34301;39612;139613;1;Low
34302;28066;128067;2;High
34303;36856;136857;1;High
34304;5777;105778;4;Low
34305;4033;104034;2;Medium
34306;19141;119142;2;High
34307;46157;146158;3;Low
34308;13663;113664;3;Low
34309;16639;116640;1;High
34310;338;100339;2;Low
34311;26979;126980;3;Medium
34312;14099;114100;0;Medium
34313;14619;114620;3;High
34314;35968;135969;2;Medium
34315;10211;110212;0;Medium
34316;33927;133928;2;Low
34317;19243;119244;0;Low
34318;27026;127027;2;Medium
34319;37408;137409;2;High
34320;43233;143234;3;High
34321;11309;111310;0;Medium
34322;37984;137985;2;Medium
34323;48500;148501;2;High
34324;8897;108898;0;Medium
34325;12054;112055;1;High
34326;11708;111709;1;Medium
34327;3129;103130;3;Low
34328;23623;123624;3;Medium
34329;29754;129755;4;Low
34330;21837;121838;4;High
34331;6001;106002;4;Medium
34332;3383;103384;0;Low
34333;14310;114311;2;High
34334;45633;145634;4;High
34335;28540;128541;0;High
34336;40437;140438;1;Low
34337;42665;142666;4;Low
34338;45741;145742;1;Medium
34339;6973;106974;2;Low
34340;6307;106308;3;Medium
34341;4616;104617;2;Low
34342;33332;133333;3;High
34343;33009;133010;0;Medium
34344;34716;134717;0;Low
34345;36928;136929;1;Low
34346;47165;147166;1;Medium
34347;35892;135893;2;High
34348;45881;145882;1;High
34349;1527;101528;1;High
34350;8894;108895;3;Low
34351;14854;114855;1;Medium
34352;13051;113052;1;Medium
34353;29272;129273;1;High
34354;13392;113393;3;Medium
34355;32328;132329;0;High
34356;43902;143903;2;Low
34357;6055;106056;4;Low
34358;15829;115830;4;High
34359;36360;136361;1;Low
34360;26928;126929;1;Medium
34361;33648;133649;3;Medium
34362;25129;125130;0;Medium
34363;7662;107663;1;Medium
34364;46604;146605;2;High
34365;25485;125486;4;High
34366;3224;103225;3;Low
34367;26964;126965;2;Low
34368;44340;144341;1;Low
34369;33886;133887;1;Medium
34370;39937;139938;4;Medium
34371;38076;138077;4;High
34372;24476;124477;2;High
34373;40231;140232;0;High
34374;21689;121690;3;Medium
34375;25751;125752;2;Medium
34376;44287;144288;4;Medium
34377;29633;129634;3;Low
34378;13856;113857;1;Medium
34379;16302;116303;1;Low
34380;21635;121636;3;High
34381;39597;139598;1;High
34382;20974;120975;2;Medium
34383;7441;107442;1;High
34384;35710;135711;0;Medium
34385;33249;133250;3;Low
34386;33779;133780;0;Low
34387;6760;106761;4;Medium
34388;2726;102727;1;Medium
34389;36315;136316;0;High
34390;35337;135338;4;Low
34391;27749;127750;0;High
34392;31638;131639;4;Low
34393;24481;124482;4;Medium
34394;43921;143922;3;Medium
34395;40725;140726;3;High
34396;19485;119486;1;Low
34397;3368;103369;0;Medium
34398;40972;140973;1;Low
34399;42106;142107;1;High
34400;16781;116782;2;High
34401;525;100526;0;Low
34402;44320;144321;4;High
34403;24795;124796;3;Low
34404;34110;134111;4;Low
34405;27553;127554;2;Low
34406;11718;111719;1;High
34407;23215;123216;3;High
34408;29367;129368;4;Low
34409;40779;140780;3;Medium
34410;3447;103448;3;Medium
34411;33775;133776;2;High
34412;10806;110807;1;Medium
34413;17097;117098;0;Medium
34414;33757;133758;2;Medium
34415;25545;125546;4;Low
34416;34364;134365;2;Medium
34417;13086;113087;2;Low
34418;42977;142978;3;Low
34419;38197;138198;2;High
34420;37836;137837;3;Medium
34421;18662;118663;1;Medium
34422;34853;134854;0;Medium
34423;16983;116984;1;High
34424;31968;131969;4;Low
34425;19675;119676;4;High
34426;19;100020;4;Medium
34427;40373;140374;2;Medium
34428;34393;134394;2;Low
34429;3840;103841;1;Low
34430;46710;146711;4;Medium
34431;7402;107403;0;Medium
34432;15667;115668;1;Medium
34433;33058;133059;4;Low
34434;3260;103261;1;Low
34435;1703;101704;1;High
34436;12632;112633;4;High
34437;23105;123106;1;Medium
34438;17591;117592;1;Medium
34439;1737;101738;4;Low
34440;7570;107571;0;High
34441;13482;113483;4;Low
34442;41480;141481;2;Low
34443;18559;118560;2;Low
34444;22196;122197;0;Medium
34445;12433;112434;4;Medium
34446;27090;127091;0;High
34447;12225;112226;4;Medium
34448;38349;138350;4;Low
34449;32849;132850;3;Medium
34450;10114;110115;3;Low
34451;19961;119962;2;Medium
34452;20634;120635;0;Medium
34453;28916;128917;2;High
34454;6304;106305;4;High
34455;11412;111413;0;Low
34456;6354;106355;0;Medium
34457;15662;115663;1;High
34458;26485;126486;0;Low
34459;28977;128978;4;Medium
34460;2430;102431;1;Low
34461;49463;149464;2;High
34462;32574;132575;4;Medium
34463;19270;119271;1;Medium
34464;10297;110298;1;Medium
34465;37937;137938;4;Medium
34466;14101;114102;1;Medium
34467;12219;112220;4;Low
34468;5517;105518;1;Medium
34469;31825;131826;3;Medium
34470;43001;143002;2;Medium
34471;12083;112084;4;Low
34472;37592;137593;3;Low
34473;35514;135515;3;Medium
34474;4652;104653;1;Medium
34475;4792;104793;2;High
34476;13005;113006;2;Low
34477;10192;110193;1;Low
34478;8515;108516;4;Medium
34479;30999;131000;3;Medium
34480;2651;102652;1;High
34481;16571;116572;2;Medium
34482;7788;107789;4;Medium
34483;28734;128735;0;Medium
34484;1268;101269;4;Low
34485;15848;115849;4;Medium
34486;41329;141330;4;Low
34487;8797;108798;4;Low
34488;26352;126353;1;Low
34489;45948;145949;2;Low
34490;26084;126085;1;Low
34491;39409;139410;0;High
34492;47189;147190;4;Medium
34493;6371;106372;4;High
34494;20218;120219;3;Low
34495;21225;121226;2;Low
34496;22855;122856;2;Medium
34497;40053;140054;0;Low
34498;42033;142034;3;Medium
34499;14695;114696;3;Medium
34500;1559;101560;1;Medium
34501;10914;110915;3;Medium
34502;31254;131255;4;Low
34503;35205;135206;3;Medium
34504;28476;128477;4;Low
34505;41420;141421;4;High
34506;1029;101030;1;Low
34507;27202;127203;0;Medium
34508;31571;131572;3;High
34509;42249;142250;0;Low
34510;31144;131145;3;High
34511;38003;138004;3;High
34512;20050;120051;0;High
34513;12341;112342;1;Medium
34514;41263;141264;4;Medium
34515;19348;119349;4;Low
34516;45926;145927;0;Low
34517;10232;110233;2;Low
34518;14077;114078;4;High
34519;9834;109835;1;Low
34520;21771;121772;4;Medium
34521;4416;104417;1;Medium
34522;14300;114301;4;Medium
34523;20458;120459;1;High
34524;35562;135563;4;Medium
34525;43529;143530;1;Low
34526;42513;142514;4;Medium
34527;40337;140338;0;Medium
34528;43050;143051;3;Medium
34529;2380;102381;2;Low
34530;34405;134406;3;Medium
34531;15429;115430;3;Medium
34532;4637;104638;3;Medium
34533;33015;133016;1;Medium
34534;14386;114387;1;High
34535;8140;108141;1;Medium
34536;25508;125509;3;High
34537;38631;138632;4;High
34538;38985;138986;3;Medium
34539;46024;146025;4;Low
34540;25993;125994;3;Medium
34541;7382;107383;4;Medium
34542;42210;142211;2;Medium
34543;10287;110288;4;High
34544;34790;134791;1;High
34545;36330;136331;3;High
34546;18943;118944;0;Medium
34547;1381;101382;1;Medium
34548;37250;137251;3;High
34549;27000;127001;1;Medium
34550;8715;108716;4;Low
34551;24566;124567;0;Low
34552;5264;105265;0;Medium
34553;14771;114772;2;Medium
34554;48828;148829;0;High
34555;7390;107391;2;Medium
34556;25092;125093;4;Low
34557;32535;132536;3;High
34558;396;100397;0;High
34559;36041;136042;2;Medium
34560;13859;113860;3;High
34561;35739;135740;0;Medium
34562;41779;141780;3;Low
34563;11888;111889;2;Medium
34564;1338;101339;4;Medium
34565;24149;124150;4;Low
34566;48130;148131;1;Medium
34567;12256;112257;0;Low
34568;30565;130566;2;Medium
34569;41570;141571;3;High
34570;2333;102334;4;High
34571;30381;130382;3;High
34572;47547;147548;1;High
34573;20284;120285;3;High
34574;34207;134208;3;High
34575;39396;139397;4;Low
34576;4958;104959;1;Low
34577;2040;102041;2;Medium
34578;20959;120960;0;Medium
34579;15691;115692;0;Medium
34580;20127;120128;4;High
34581;7823;107824;2;Medium
34582;24074;124075;1;Low
34583;16200;116201;0;Medium
34584;37895;137896;3;High
34585;42603;142604;2;Low
34586;6319;106320;2;Medium
34587;11839;111840;4;High
34588;37216;137217;1;High
34589;28014;128015;2;High
34590;14989;114990;3;Low
34591;41721;141722;2;Low
34592;36361;136362;4;Low
34593;24984;124985;2;Medium
34594;9516;109517;2;Medium
34595;10621;110622;4;High
34596;6602;106603;0;Low
34597;21495;121496;1;Medium
34598;25947;125948;3;Low
34599;26374;126375;0;Medium
34600;17846;117847;1;Medium
34601;32310;132311;2;Medium
34602;28765;128766;3;Medium
34603;36953;136954;4;Medium
34604;32093;132094;0;Low
34605;23593;123594;2;Medium
34606;12404;112405;2;High
34607;49245;149246;0;Medium
34608;9188;109189;2;Medium
34609;18220;118221;3;High
34610;4118;104119;0;Medium
34611;9048;109049;0;Low
34612;44678;144679;1;Medium
34613;48786;148787;0;High
34614;35109;135110;2;High
34615;11128;111129;3;Low
34616;34756;134757;0;High
34617;33101;133102;2;Low
34618;32692;132693;3;Medium
34619;716;100717;4;Medium
34620;2799;102800;2;Medium
34621;21763;121764;4;High
34622;12192;112193;4;High
34623;17508;117509;2;Low
34624;9918;109919;3;High
34625;11285;111286;2;Low
34626;47933;147934;1;Medium
34627;16949;116950;1;High
34628;6521;106522;1;Low
34629;38570;138571;3;Medium
34630;27305;127306;2;Medium
34631;28426;128427;1;High
34632;12628;112629;3;High
34633;6278;106279;3;Medium
34634;33199;133200;2;Low
34635;19734;119735;4;Medium
34636;8355;108356;4;High
34637;23766;123767;0;High
34638;40168;140169;0;Medium
34639;8043;108044;4;Medium
34640;3329;103330;1;High
34641;21248;121249;3;Medium
34642;33007;133008;4;Medium
34643;48638;148639;2;Low
34644;21788;121789;0;Low
34645;34935;134936;3;Medium
34646;27733;127734;3;Low
34647;8237;108238;2;High
34648;15782;115783;4;High
34649;30006;130007;2;Low
34650;13123;113124;0;Medium
34651;37161;137162;0;High
34652;25929;125930;4;Medium
34653;41319;141320;2;Medium
34654;25683;125684;2;High
34655;762;100763;1;Medium
34656;25544;125545;4;Medium
34657;40236;140237;4;Medium
34658;21979;121980;2;Medium
34659;34275;134276;4;Low
34660;27498;127499;2;Medium
34661;25482;125483;3;Low
34662;26124;126125;1;Medium
34663;22056;122057;2;Medium
34664;6008;106009;2;Low
34665;23865;123866;4;High
34666;9548;109549;1;Low
34667;29908;129909;3;Medium
34668;40378;140379;0;High
34669;5184;105185;3;Low
34670;42503;142504;1;Medium
34671;31121;131122;0;Low
34672;16528;116529;1;Medium
34673;5013;105014;4;Medium
34674;38271;138272;3;Low
34675;13680;113681;3;Low
34676;17637;117638;4;Medium
34677;28183;128184;3;Low
34678;34574;134575;4;Medium
34679;28214;128215;4;Medium
34680;36783;136784;0;Low
34681;14990;114991;0;Medium
34682;24281;124282;0;Low
34683;41879;141880;2;High
34684;32744;132745;2;Medium
34685;35713;135714;1;Medium
34686;3852;103853;2;Low
34687;18498;118499;0;High
34688;39313;139314;1;Medium
34689;10110;110111;4;High
34690;18545;118546;2;Low
34691;1725;101726;0;High
34692;15306;115307;4;Low
34693;38100;138101;4;Low
34694;15563;115564;1;High
34695;19690;119691;4;Low
34696;30744;130745;3;Medium
34697;10343;110344;0;Medium
34698;17068;117069;4;Low
34699;43271;143272;0;Medium
34700;10807;110808;4;Medium
34701;1044;101045;1;Medium
34702;20556;120557;0;Medium
34703;12112;112113;2;Medium
34704;10123;110124;0;High
34705;972;100973;0;High
34706;15631;115632;3;Low
34707;26866;126867;0;Low
34708;4701;104702;2;Low
34709;20291;120292;4;Low
34710;29255;129256;3;High
34711;6989;106990;4;High
34712;28797;128798;0;Medium
34713;21982;121983;2;Low
34714;5055;105056;2;High
34715;28117;128118;1;Low
34716;13542;113543;4;Medium
34717;14949;114950;0;Medium
34718;21862;121863;2;Low
34719;16676;116677;3;Low
34720;25542;125543;4;High
34721;45861;145862;2;Low
34722;25978;125979;2;Low
34723;38816;138817;1;Medium
34724;2814;102815;2;Medium
34725;19154;119155;0;Low
34726;36328;136329;1;High
34727;45574;145575;2;Low
34728;596;100597;2;Low
34729;4838;104839;3;High
34730;13956;113957;1;High
34731;49613;149614;4;High
34732;41313;141314;2;Medium
34733;18735;118736;4;Low
34734;44486;144487;1;Low
34735;49813;149814;0;Low
34736;43457;143458;2;Medium
34737;19701;119702;2;Medium
34738;22428;122429;4;Low
34739;31419;131420;1;Medium
34740;43492;143493;4;Medium
34741;44617;144618;4;Medium
34742;30326;130327;1;Medium
34743;32592;132593;4;High
34744;1643;101644;0;High
34745;24968;124969;1;Low
34746;20540;120541;2;High
34747;4948;104949;3;Medium
34748;30566;130567;0;Medium
34749;10771;110772;2;Medium
34750;7116;107117;0;Low
34751;5498;105499;4;Low
34752;25755;125756;2;Medium
34753;38773;138774;2;Medium
34754;19969;119970;2;Medium
34755;3761;103762;2;Low
34756;35762;135763;2;Medium
34757;23885;123886;2;Medium
34758;8752;108753;3;High
34759;12668;112669;0;Medium
34760;21698;121699;3;Medium
34761;11910;111911;4;Medium
34762;38903;138904;2;Low
34763;47147;147148;2;Medium
34764;44764;144765;4;High
34765;6908;106909;0;Low
34766;18275;118276;4;Low
34767;23375;123376;4;Medium
34768;20423;120424;1;High
34769;14593;114594;3;Medium
34770;22862;122863;2;Low
34771;26116;126117;3;High
34772;32569;132570;0;High
34773;28012;128013;4;Medium
34774;13919;113920;3;Low
34775;49451;149452;4;Medium
34776;20305;120306;0;Medium
34777;10779;110780;3;Low
34778;46225;146226;3;Medium
34779;4955;104956;1;Medium
34780;25979;125980;4;High
34781;27439;127440;1;Low
34782;1918;101919;1;High
34783;13418;113419;4;High
34784;6743;106744;3;High
34785;23633;123634;0;Low
34786;3912;103913;3;Low
34787;21657;121658;2;Low
34788;15869;115870;0;Medium
34789;4843;104844;0;High
34790;15758;115759;1;Medium
34791;6550;106551;2;Medium
34792;43407;143408;2;Low
34793;12785;112786;0;Low
34794;9741;109742;4;Medium
34795;45399;145400;4;High
34796;29322;129323;3;Medium
34797;28319;128320;2;Medium
34798;19529;119530;1;Medium
34799;34972;134973;3;Low
34800;32393;132394;2;High
34801;9387;109388;4;Medium
34802;44799;144800;2;Low
34803;25099;125100;0;Low
34804;25163;125164;3;Medium
34805;10326;110327;4;Low
34806;42405;142406;1;Low
34807;15591;115592;3;Medium
34808;27551;127552;0;Medium
34809;9784;109785;1;Medium
34810;40732;140733;2;Medium
34811;46541;146542;1;Medium
34812;38912;138913;2;Low
34813;12931;112932;0;Medium
34814;9125;109126;2;Low
34815;43190;143191;2;Low
34816;20330;120331;3;Medium
34817;34992;134993;1;Medium
34818;5750;105751;4;High
34819;14433;114434;2;Low
34820;13964;113965;4;Medium
34821;48634;148635;2;Medium
34822;44477;144478;4;High
34823;42099;142100;3;High
34824;4060;104061;4;Medium
34825;22788;122789;0;Medium
34826;30865;130866;4;High
34827;49241;149242;0;High
34828;1859;101860;0;Low
34829;35407;135408;3;Medium
34830;29687;129688;3;Medium
34831;40562;140563;2;Medium
34832;32234;132235;1;High
34833;48305;148306;1;Medium
34834;49284;149285;2;Medium
34835;23592;123593;3;Medium
34836;31282;131283;2;Medium
34837;3008;103009;4;High
34838;28150;128151;4;High
34839;27835;127836;3;Low
34840;34355;134356;0;Low
34841;32138;132139;0;Medium
34842;28302;128303;2;Medium
34843;4910;104911;2;High
34844;6375;106376;3;Medium
34845;17307;117308;3;Medium
34846;9578;109579;2;Medium
34847;26728;126729;3;Medium
34848;33899;133900;3;High
34849;28642;128643;3;Medium
34850;27450;127451;2;Medium
34851;21222;121223;3;High
34852;47709;147710;1;Low
34853;41600;141601;2;High
34854;5110;105111;3;Medium
34855;2805;102806;1;Medium
34856;11933;111934;1;Low
34857;7905;107906;4;Medium
34858;25154;125155;3;Low
34859;6425;106426;1;Low
34860;44279;144280;3;Medium
34861;34263;134264;4;Medium
34862;24868;124869;2;Medium
34863;1006;101007;1;Low
34864;43551;143552;1;Medium
34865;9393;109394;1;Low
34866;38965;138966;4;Low
34867;32456;132457;1;Low
34868;42627;142628;1;Medium
34869;5223;105224;0;High
34870;2803;102804;3;Medium
34871;4899;104900;2;Low
34872;48269;148270;1;High
34873;23984;123985;0;Medium
34874;48805;148806;1;High
34875;25831;125832;3;High
34876;42206;142207;2;Low
34877;1229;101230;0;Medium
34878;3648;103649;2;Medium
34879;19592;119593;4;High
34880;6275;106276;2;Low
34881;21290;121291;0;Medium
34882;6562;106563;1;Medium
34883;43564;143565;3;High
34884;49157;149158;1;High
34885;37493;137494;2;High
34886;44107;144108;1;Low
34887;32240;132241;1;Medium
34888;10097;110098;2;High
34889;5327;105328;0;Medium
34890;6129;106130;0;Medium
34891;26021;126022;2;Low
34892;4069;104070;3;High
34893;4133;104134;2;Low
34894;44881;144882;3;Medium
34895;32337;132338;2;Low
34896;1821;101822;3;High
34897;34532;134533;4;Low
34898;5732;105733;1;Low
34899;40660;140661;3;Medium
34900;43309;143310;3;Low
34901;9934;109935;0;Low
34902;25174;125175;0;Medium
34903;47725;147726;2;Low
34904;22686;122687;0;Medium
34905;38143;138144;3;High
34906;28267;128268;2;Medium
34907;11094;111095;0;Medium
34908;24426;124427;3;Medium
34909;17197;117198;3;Low
34910;27235;127236;0;Low
34911;1816;101817;4;Low
34912;29097;129098;2;Medium
34913;47978;147979;3;Medium
34914;6941;106942;2;High
34915;20480;120481;4;Medium
34916;10140;110141;2;Medium
34917;20615;120616;0;Low
34918;38423;138424;2;High
34919;25777;125778;4;Low
34920;5593;105594;4;Low
34921;26131;126132;2;High
34922;46906;146907;4;Medium
34923;9757;109758;1;Medium
34924;20208;120209;2;Low
34925;7733;107734;1;Medium
34926;22879;122880;0;Medium
34927;35564;135565;2;Medium
34928;41474;141475;1;Medium
34929;42060;142061;4;High
34930;41363;141364;4;Low
34931;30805;130806;0;High
34932;17913;117914;1;Low
34933;15792;115793;2;High
34934;48386;148387;1;High
34935;17596;117597;3;Low
34936;32998;132999;1;Medium
34937;1962;101963;0;Medium
34938;24315;124316;3;High
34939;8671;108672;1;Low
34940;24648;124649;0;Low
34941;37383;137384;3;High
34942;13447;113448;1;High
34943;29472;129473;2;High
34944;5889;105890;2;Medium
34945;29916;129917;1;Low
34946;28637;128638;4;Medium
34947;21260;121261;3;Medium
34948;22923;122924;1;High
34949;4279;104280;3;Low
34950;43586;143587;0;Medium
34951;12035;112036;2;Low
34952;38786;138787;0;Medium
34953;40001;140002;2;Medium
34954;10661;110662;2;High
34955;18540;118541;3;Medium
34956;14752;114753;2;High
34957;25371;125372;3;Medium
34958;29439;129440;3;Low
34959;18955;118956;3;Medium
34960;27830;127831;3;High
34961;27072;127073;3;Low
34962;36981;136982;3;Low
34963;37758;137759;1;Low
34964;33922;133923;1;Low
34965;3514;103515;0;Low
34966;45902;145903;0;High
34967;6123;106124;4;Medium
34968;29269;129270;2;Low
34969;6367;106368;3;High
34970;21939;121940;2;Low
34971;20113;120114;3;Low
34972;9975;109976;4;Low
34973;21685;121686;1;Medium
34974;31006;131007;2;Low
34975;6254;106255;3;Low
34976;11312;111313;4;Low
34977;14512;114513;1;Medium
34978;4191;104192;4;Medium
34979;6618;106619;0;Medium
34980;25048;125049;2;Medium
34981;26900;126901;1;Medium
34982;9858;109859;3;Medium
34983;34553;134554;3;Low
34984;3521;103522;4;High
34985;46393;146394;2;High
34986;26188;126189;0;Low
34987;36876;136877;4;Medium
34988;30990;130991;4;Low
34989;17407;117408;0;High
34990;4323;104324;2;Low
34991;49003;149004;2;Low
34992;43557;143558;0;Low
34993;20922;120923;1;Medium
34994;41958;141959;4;Medium
34995;41718;141719;1;Medium
34996;24076;124077;0;Medium
34997;31280;131281;4;Low
34998;37843;137844;2;Medium
34999;31876;131877;1;Low
