_row_id;Student_ID;actual;predicted;prob_Low;prob_Medium;prob_High
15220;115221;High;Medium;0.30324384631794343;0.50572271692352566;0.19103343675853099
45578;145579;Medium;Medium;0.30075054004345964;0.49116327156344158;0.2080861883930987
3573;103574;Low;Low;0.49070652536563941;0.426136197430797;0.083157277203563557
25998;125999;Medium;Medium;0.31012534505651351;0.49781132913375714;0.19206332580972943
14627;114628;Low;Low;0.49087607371288738;0.41437732046098658;0.094746605826125888
2641;102642;High;High;0.0086501192730623795;0.15157302694659863;0.83977685378033906
49276;149277;Medium;Medium;0.28211856661901819;0.50934592639909426;0.20853550698188761
32261;132262;Medium;Medium;0.35739299736334423;0.51327887073911527;0.12932813189754039
38091;138092;Medium;Low;0.46326409740104019;0.44835044239827032;0.088385460200689367
7853;107854;Low;Low;0.48027463874283677;0.42140211299260949;0.098323248264553686
10139;110140;Low;Medium;0.26908583550251175;0.46457876157522116;0.26633540292226698
16560;116561;Medium;Medium;0.37980800249809393;0.49130224688333279;0.12888975061857336
27850;127851;Low;Low;0.54400855424268157;0.39683928190188839;0.059152163855430082
45982;145983;High;Medium;0.37424351338999357;0.47350727746826649;0.15224920914173981
48215;148216;Low;Medium;0.31823980928911466;0.50702999940128035;0.1747301913096049
30916;130917;Medium;Low;0.53019762739744458;0.40793222289461606;0.061870149707939311
8430;108431;Low;Low;0.62561691724893886;0.33984961177538248;0.034533470975678694
36409;136410;High;Medium;0.33107102975273084;0.51687738259757154;0.15205158764969753
33347;133348;Low;Low;0.67369199617163422;0.29882116954783672;0.027486834280529091
39872;139873;Medium;Medium;0.21863585249831952;0.51388391857960469;0.26748022892207579
34415;134416;Medium;Medium;0.23569140359638016;0.50883564710393603;0.25547294929968384
47003;147004;High;High;0.097766414361370235;0.43421854727000542;0.46801503836862424
34732;134733;High;High;0.070431369068057026;0.33238506335433926;0.59718356757760371
15626;115627;Low;Medium;0.18258611444127834;0.46385761113784063;0.35355627442088106
36575;136576;Medium;Medium;0.35226860513777208;0.49301998427857896;0.15471141058364901
46336;146337;Medium;Medium;0.30759337958505639;0.50952310093145248;0.1828835194834911
26815;126816;Low;Medium;0.20604444761855498;0.52858438422621545;0.26537116815522954
5740;105741;High;Low;0.47976458648513781;0.43253258857864885;0.087702824936213439
4141;104142;Low;Medium;0.38130508423898352;0.45832797155344152;0.160366944207575
30826;130827;Medium;Medium;0.39627974931248272;0.48901953641395496;0.11470071427356247
2479;102480;Medium;Low;0.49803541404465651;0.43426123643821057;0.067703349517132957
5385;105386;Medium;Medium;0.3984115711498829;0.48505121974832344;0.11653720910179358
27428;127429;Medium;Low;0.45562295931568408;0.43133584555014054;0.11304119513417542
38464;138465;Low;Medium;0.43316091271309898;0.46074302056540789;0.10609606672149322
21615;121616;Low;Low;0.59065457370106766;0.36634265766318935;0.043002768635743045
46790;146791;Low;Low;0.55486371027444814;0.39305952714160047;0.052076762583951441
24805;124806;Medium;Medium;0.13482892632195015;0.4792989538854861;0.38587211979256369
10416;110417;Low;Medium;0.2990076073525883;0.52413003043536055;0.17686236221205115
45983;145984;Low;Medium;0.30131914623285605;0.51175071556142804;0.18693013820571583
6163;106164;Low;Medium;0.38917699074097833;0.47878556227602115;0.13203744698300046
18950;118951;Medium;Low;0.61532465641962997;0.33885559894054046;0.045819744639829546
28780;128781;Medium;Low;0.46647130845827844;0.43759156127993398;0.09593713026178767
41338;141339;Low;Medium;0.34989660096387115;0.51050348922995936;0.1395999098061694
34994;134995;Medium;Medium;0.42397888467358541;0.46237101909694173;0.11365009622947286
30745;130746;Low;Low;0.4839570848274275;0.42996661324548191;0.086076301927090662
29365;129366;Low;Low;0.4775165679265389;0.42113906157287834;0.10134437050058274
37576;137577;Medium;Low;0.59304978756561866;0.34789071069860922;0.059059501735772083
18367;118368;High;Medium;0.29402963763885698;0.50653541210863973;0.19943495025250335
19067;119068;Medium;Medium;0.24617162255234859;0.514365836379716;0.23946254106793544
18137;118138;Low;Low;0.55520526778002699;0.38034618910111473;0.064448543118858295
41654;141655;Medium;Medium;0.20685948139825741;0.49039773310238827;0.30274278549935435
15191;115192;Medium;Medium;0.42726454294591371;0.45750875095500809;0.11522670609907823
30518;130519;Medium;Medium;0.33002985476028385;0.51579235164542336;0.15417779359429282
20102;120103;Medium;Medium;0.3533463817742582;0.50893687386763453;0.1377167443581073
33957;133958;Medium;Low;0.5397001186738466;0.39715233798384636;0.063147543342306989
20367;120368;Low;Low;0.46651569530884412;0.42389931551318033;0.10958498917797553
8790;108791;High;High;0.093478055058507439;0.4048192419513692;0.50170270299012332
41320;141321;Medium;Medium;0.20937094889589278;0.50279900729413096;0.28783004380997618
828;100829;Low;Low;0.52405416722196541;0.41491702083233839;0.06102881194569619
5676;105677;Medium;Medium;0.16871215308036708;0.4380461883514663;0.39324165856816673
10218;110219;Medium;Low;0.48779281686349285;0.41769673251467032;0.094510450621836814
22970;122971;Low;Medium;0.44646447436515951;0.44759586177336064;0.10593966386147996
4886;104887;Low;Medium;0.43586177812012505;0.46440600802258708;0.099732213857287852
12322;112323;Medium;Medium;0.23457803807397146;0.50575032363456329;0.25967163829146528
15030;115031;Low;Low;0.46745965087083147;0.44522275912914683;0.087317590000021747
42852;142853;Medium;Medium;0.12658172042240357;0.4869261270923852;0.38649215248521135
32147;132148;High;Medium;0.33719907235513086;0.51149136607020274;0.15130956157466635
35895;135896;Medium;Medium;0.15699281637250787;0.48981514493393014;0.35319203869356197
43517;143518;Medium;Medium;0.41128505612822064;0.47318952225723132;0.11552542161454814
11143;111144;Medium;Medium;0.16783001262003841;0.509898926202624;0.32227106117733761
24658;124659;High;High;0.011134685264481421;0.1499437568300111;0.83892155790550738
4836;104837;High;High;0.086423744621871953;0.35373827333530644;0.55983798204282165
12828;112829;Medium;Low;0.52630380791454823;0.40526126946508617;0.068434922620365518
16728;116729;Medium;Medium;0.23359526120365579;0.53946669480001164;0.22693804399633263
42703;142704;Medium;Medium;0.38707100538670719;0.47717007803390415;0.1357589165793886
32832;132833;Medium;High;0.089162443793586316;0.40176802514689686;0.50906953105951691
48067;148068;Medium;Medium;0.3053328302983162;0.46989415244886362;0.22477301725282009
18537;118538;Medium;Medium;0.42199797817613838;0.45734485842752737;0.12065716339633414
20523;120524;Medium;Medium;0.32595869089356178;0.50047292319935088;0.17356838590708734
33935;133936;Low;Low;0.63581554276055785;0.32981535156877345;0.034369105670668774
33065;133066;Low;Low;0.45591605803527152;0.44827251039026067;0.095811431574467795
34804;134805;Medium;Low;0.57194969645396299;0.37910408282438662;0.048946220721650321
14139;114140;High;High;0.050251655617911589;0.34366970611163011;0.60607863827045827
30373;130374;Medium;High;0.07647900200741356;0.39887787174854678;0.52464312624403964
40942;140943;Low;Medium;0.36928087879634369;0.48438633001840209;0.14633279118525422
14000;114001;Low;Low;0.51779174126869942;0.39901223263385488;0.083196026097445724
20394;120395;Medium;Medium;0.16510074594078838;0.50291476156981008;0.33198449248940154
21469;121470;Low;Low;0.52652923694247111;0.40133981477838993;0.072130948279138962
39034;139035;Medium;Low;0.5906507211432831;0.36271738017377386;0.046631898682943117
22648;122649;Low;Medium;0.28939369518965657;0.52207658447743621;0.18852972033290719
33434;133435;Low;Low;0.58192918830876883;0.35391648627470895;0.06415432541652219
6106;106107;High;High;0.038217632627634758;0.26759677732200693;0.69418559005035818
14212;114213;Medium;Medium;0.13482502185088163;0.47715741608845946;0.3880175620606589
11872;111873;Medium;Medium;0.20904816661189404;0.44976774979458634;0.34118408359351965
9709;109710;Low;Low;0.6421441246894809;0.31416286583556502;0.043693009474954081
14271;114272;Medium;Medium;0.39640326748915361;0.47409854166048587;0.12949819085036046
43157;143158;High;Medium;0.36951304794919365;0.49618692812346316;0.13430002392734314
35736;135737;Low;Low;0.54815103348549243;0.39432145453344863;0.057527511981059015
42039;142040;Low;Medium;0.20409258495913479;0.51688747994923878;0.27901993509162643
43556;143557;High;High;0.0097962653090067475;0.14280772897066674;0.84739600572032647
29756;129757;Low;Low;0.49311187169508552;0.42225180075040664;0.084636327554507854
5883;105884;High;Medium;0.28176956993850238;0.51751620730424341;0.20071422275725415
27783;127784;Medium;Low;0.6938524632140024;0.28034583071500463;0.025801706070992855
16458;116459;Medium;Medium;0.3450456666734375;0.50449343664872381;0.15046089667783866
5679;105680;Medium;High;0.048086754835263076;0.35446628200344998;0.59744696316128687
5779;105780;Low;Low;0.63138625366220225;0.33594073073536429;0.032673015602433512
11439;111440;Medium;Medium;0.25229418896604489;0.51427568253585099;0.23343012849810418
30797;130798;Medium;Medium;0.12111723790436009;0.45994555829804845;0.41893720379759147
12289;112290;Low;Medium;0.32384688850174242;0.5093409532403157;0.16681215825794185
30491;130492;High;High;0.0091052227784429677;0.16215790549652551;0.82873687172503163
3561;103562;Low;Low;0.50032296681221611;0.41983970514957841;0.079837328038205452
32764;132765;High;Medium;0.43597863053446201;0.45661663532706603;0.10740473413847189
8840;108841;Low;Medium;0.12327228531343902;0.46157756620569862;0.4151501484808624
3438;103439;Low;Low;0.66785378855938415;0.30016040042690029;0.031985811013715566
9663;109664;High;High;0.0031267088377848556;0.099401458108404298;0.89747183305381084
20373;120374;Medium;Low;0.4954553761676157;0.42659005967125496;0.077954564161129308
33039;133040;Medium;High;0.059018855045040799;0.33161556371311313;0.60936558124184603
38554;138555;High;High;0.043527669605651687;0.27133686117434025;0.68513546922000801
13631;113632;Medium;Low;0.66892001927780753;0.30491403772245085;0.0261659429997416
6329;106330;High;High;0.024734373207947288;0.25595856971381414;0.71930705707823861
30093;130094;Low;Low;0.5240671653594241;0.41261058717933324;0.063322247461242598
47444;147445;Low;Medium;0.43340293490426607;0.46577854096333449;0.10081852413239953
37639;137640;Low;Low;0.57316737492079461;0.37826776278979907;0.048564862289406249
33133;133134;Medium;Low;0.67146903688075976;0.29858318485066837;0.029947778268571999
45301;145302;High;Medium;0.10922246984606059;0.45573748890095361;0.43504004125298579
40860;140861;Low;Low;0.63869267325378565;0.33287072459567646;0.02843660215053791
6593;106594;Medium;Medium;0.36159618470757238;0.45886968066987344;0.17953413462255424
2309;102310;High;Medium;0.17941180538561285;0.49345034370404384;0.3271378509103432
7652;107653;Medium;Medium;0.38129972709031285;0.49522714706118937;0.12347312584849789
5851;105852;Low;Medium;0.19173412753511535;0.4903180363590815;0.31794783610580313
12513;112514;Medium;Medium;0.12509265168292372;0.45378356930382097;0.42112377901325532
15506;115507;Medium;Medium;0.26154689644987966;0.52248018848273148;0.21597291506738878
20366;120367;Low;Low;0.57881155569293086;0.37074451583909723;0.050443928467971903
49257;149258;Medium;Medium;0.42991193757685109;0.46864560996176469;0.10144245246138434
20477;120478;Medium;Medium;0.35712604975251883;0.50009329817415582;0.14278065207332544
26591;126592;High;High;0.03769789671122481;0.27533600992369978;0.68696609336507553
34856;134857;Medium;Medium;0.23222103418407639;0.49802227665555493;0.26975668916036877
32303;132304;Medium;High;0.07345264910054275;0.4064704185932263;0.52007693230623087
1667;101668;Medium;Low;0.4965749671350726;0.43081983789603956;0.072605194968887829
43048;143049;High;Low;0.53080156269532019;0.40616734238361241;0.063031094921067357
12010;112011;High;Medium;0.26668125327937614;0.50040489748228734;0.23291384923833652
710;100711;Medium;Medium;0.37340432470617307;0.49206671121654549;0.13452896407728152
18695;118696;Medium;Low;0.53290782585702923;0.40332451591265156;0.063767658230319241
21627;121628;High;High;0.0027418104894870714;0.089684300336237963;0.90757388917427484
15253;115254;Medium;Low;0.57968396083715479;0.37091478713445919;0.049401252028386147
15586;115587;Medium;Medium;0.2367560249715164;0.52236388113438381;0.24088009389409978
36512;136513;High;High;0.0096439464323120148;0.16421773337257825;0.82613832019510969
15097;115098;Medium;Medium;0.35626971787786871;0.49307365954257187;0.15065662257955936
41681;141682;Medium;Low;0.50666619151334125;0.41550661866905553;0.077827189817603323
44006;144007;Medium;Medium;0.39982791502372533;0.47212049326199246;0.12805159171428226
5689;105690;Low;Medium;0.15063946359183802;0.48101226910062567;0.36834826730753623
28572;128573;High;Medium;0.37366193770223161;0.48146879327371739;0.14486926902405092
47278;147279;Medium;Medium;0.15406511327677364;0.43307785066154969;0.41285703606167656
1579;101580;Medium;Medium;0.14710283827534235;0.50396211408904568;0.34893504763561189
29796;129797;Low;High;0.07083356170818754;0.38162737128056728;0.54753906701124511
28206;128207;Medium;Medium;0.37854186822302632;0.49775451706156892;0.12370361471540471
1321;101322;Medium;Medium;0.41780908775072934;0.46924940615355071;0.11294150609571982
6513;106514;Medium;Low;0.49324002578980125;0.43172486349685507;0.075035110713343733
20977;120978;High;High;0.0014287600262902365;0.058701668805145726;0.93986957116856418
27678;127679;Medium;Medium;0.39962413464593921;0.48226740024889575;0.11810846510516507
9980;109981;Medium;High;0.034692926525223718;0.28810514706664797;0.67720192640812837
9140;109141;Low;Medium;0.20555036131288112;0.49261095599998983;0.3018386826871291
44601;144602;Medium;Medium;0.11706142664842603;0.4483093879724071;0.43462918537916678
40421;140422;Medium;Medium;0.43013855216293717;0.43606492796863655;0.13379651986842628
42310;142311;Low;Low;0.58928770942979869;0.36202600465458745;0.048686285915613761
38723;138724;Medium;Low;0.53086343389371649;0.40452364111424188;0.064612924992041548
43985;143986;Medium;Medium;0.42850853610978096;0.45658169291228679;0.1149097709779323
2414;102415;Medium;Medium;0.35495713271740348;0.47921395087724289;0.1658289164053536
27869;127870;Medium;Low;0.51520975425880455;0.38662618125721493;0.098164064483980559
6576;106577;High;Medium;0.12776346544986605;0.44217789152878284;0.43005864302135111
13788;113789;High;Medium;0.42581262767696448;0.45585147477551474;0.1183358975475207
24604;124605;High;Medium;0.16950879465445792;0.49022640083761809;0.34026480450792401
45378;145379;High;Medium;0.21603830428912824;0.45862493706117974;0.32533675864969197
31935;131936;Medium;Medium;0.29539492248433635;0.50794416153267297;0.19666091598299074
44064;144065;Medium;Medium;0.3272612484831543;0.47113483982022097;0.20160391169662467
46770;146771;Medium;Medium;0.39461868519821036;0.47434246376584899;0.13103885103594057
850;100851;Low;Medium;0.29876690858699778;0.51105317865869415;0.19017991275430807
31204;131205;Medium;Medium;0.16458537305200108;0.48027437078703783;0.35514025616096118
28064;128065;Medium;Medium;0.19751881236676871;0.50808826540865171;0.29439292222457952
7024;107025;Medium;Low;0.54297644349571661;0.39850625577819559;0.058517300726087774
45608;145609;Medium;Medium;0.18471022883547047;0.51298687513621999;0.30230289602830945
47061;147062;Low;Medium;0.3577011645606889;0.49358836867229233;0.14871046676701871
23598;123599;Medium;Medium;0.36431038853163966;0.50114980145452692;0.13453981001383344
22013;122014;Low;Medium;0.38954654745221312;0.49176455751200837;0.11868889503577859
12630;112631;Low;Medium;0.40729511132143015;0.4712007225416483;0.12150416613692162
19681;119682;Low;Medium;0.36310082654064585;0.45364980420080636;0.18324936925854782
21459;121460;High;High;0.065000454356142656;0.37069280758329287;0.56430673806056453
23379;123380;Medium;Medium;0.20278783837813302;0.5009046923978755;0.29630746922399154
45685;145686;Medium;Medium;0.10838374971812369;0.44873982014098807;0.44287643014088823
3770;103771;High;High;0.13185564465527549;0.42839830598161649;0.43974604936310807
11333;111334;Low;Medium;0.35328738313886909;0.49290557957847175;0.15380703728265913
24262;124263;High;Medium;0.30396678689419987;0.50249500254988821;0.19353821055591192
21077;121078;High;Low;0.46389895972321538;0.44922848848006369;0.08687255179672089
25628;125629;Medium;Medium;0.29162637160777216;0.47361680086712649;0.23475682752510124
15040;115041;Low;Medium;0.40818478058505764;0.48304943067132616;0.10876578874361607
32080;132081;High;Medium;0.26804308769963275;0.51865584752117544;0.21330106477919178
16933;116934;High;High;0.087456871991942256;0.41856682205653323;0.49397630595152459
6583;106584;Medium;Medium;0.3364705952924118;0.51134053834859772;0.15218886635899051
26334;126335;Low;Low;0.55434176785471723;0.38529908830592191;0.060359143839360981
22213;122214;Medium;Low;0.50755436127875897;0.40318511667088253;0.08926052205035849
24300;124301;Medium;Low;0.53833572073307401;0.38311777093729871;0.078546508329627146
10685;110686;Low;Low;0.51638476559348401;0.41776962382606408;0.065845610580452019
48299;148300;Low;Low;0.52256600309176771;0.41507630954287894;0.062357687365353312
19058;119059;High;High;0.0025303353908169932;0.092812423981302017;0.904657240627881
28483;128484;Medium;Medium;0.40055869508786207;0.47820189237416616;0.1212394125379717
16937;116938;Medium;Medium;0.29662854178007708;0.51412846860407879;0.18924298961584413
19090;119091;Medium;Medium;0.4543118986124523;0.45491627576128724;0.090771825626260488
11942;111943;High;Medium;0.10788612988746261;0.44783933262639719;0.44427453748614026
4889;104890;Medium;Medium;0.30096419411190933;0.47475042172740722;0.22428538416068336
21990;121991;Low;Medium;0.33038852185292966;0.49613020205785802;0.17348127608921227
39128;139129;Low;Low;0.49967187497570886;0.42875698840995369;0.071571136614337283
386;100387;Low;Low;0.59178303139218846;0.35946610960195924;0.048750859005852222
34227;134228;High;Medium;0.31921814721579983;0.48480251444483718;0.19597933833936301
4043;104044;Low;High;0.092774307112307053;0.41407063138071787;0.49315506150697502
38790;138791;Low;Low;0.69205437043569695;0.28538002860696693;0.022565600957336115
32878;132879;Medium;Medium;0.32364165238153303;0.52263881427245973;0.15371953334600721
47879;147880;Medium;Medium;0.37174821838413624;0.4860460255446426;0.14220575607122113
27793;127794;Medium;Medium;0.30223873060033768;0.52013264923752944;0.17762862016213291
5579;105580;Medium;Medium;0.3123038793245923;0.50512661756856936;0.18256950310683831
8094;108095;Medium;Medium;0.26313505344466948;0.50251764918330755;0.23434729737202301
30145;130146;High;High;0.027643039769029477;0.27100616332567562;0.70135079690529489
29241;129242;Low;Medium;0.37449592297279088;0.49696493032893951;0.12853914669826977
40299;140300;Low;Medium;0.23032090940191866;0.51266895805436941;0.25701013254371197
35129;135130;High;High;0.012417918691031583;0.19255058319528132;0.79503149811368712
25737;125738;Medium;Medium;0.16199283292823605;0.50527839266569952;0.33272877440606446
33495;133496;Medium;Low;0.52143748186492489;0.40685483548237444;0.071707682652700652
49754;149755;Medium;Low;0.61021828014887891;0.35253847380453979;0.037243246046581267
11636;111637;Low;High;0.064798255944806787;0.38929865750867626;0.54590308654651698
5824;105825;Medium;Low;0.52268491730127498;0.41486164710914436;0.062453435589580587
47671;147672;High;Medium;0.19581454710053176;0.4557303060011596;0.34845514689830864
20641;120642;Medium;Low;0.48009997627073164;0.43829841344444087;0.081601610284827389
1418;101419;Medium;Low;0.59796282306596937;0.35723425705669465;0.04480291987733595
47962;147963;High;High;0.028235850479329236;0.26449059359674093;0.70727355592392971
33395;133396;Medium;Low;0.6379321894437322;0.3211290786522974;0.040938731903970411
23276;123277;High;Medium;0.23473316031098357;0.44825904776488884;0.31700779192412754
19181;119182;Low;Medium;0.36459049230564589;0.4967850259246866;0.13862448176966746
33282;133283;Medium;Medium;0.2430450882156224;0.50132679680187631;0.25562811498250132
8807;108808;High;Medium;0.12413277237919072;0.46238991715288458;0.41347731046792474
43555;143556;Medium;Medium;0.40135180000675302;0.47295391740239129;0.12569428259085566
34937;134938;Low;Low;0.45725878037010115;0.45619790182894226;0.086543317800956476
4194;104195;Low;Medium;0.21038782184459759;0.50714131498145876;0.28247086317394365
15380;115381;High;Medium;0.30659387856757075;0.46479418900133967;0.22861193243108949
46217;146218;Low;High;0.089496648978802482;0.43225101821580331;0.47825233280539425
46118;146119;Medium;Low;0.47648072270941721;0.43758510074968326;0.085934176540899632
22046;122047;Low;Medium;0.3965626573022516;0.48671319557258863;0.11672414712515969
32628;132629;Medium;Medium;0.22600425648633596;0.50267978985989425;0.27131595365376987
4229;104230;Low;Low;0.57003642830855694;0.38421814734021947;0.045745424351223633
38959;138960;Low;Low;0.67532824520338675;0.30005244988890561;0.024619304907707598
27350;127351;Low;Low;0.57250169213637614;0.36454596605390738;0.062952341809716386
34996;134997;Medium;Medium;0.12880310438376408;0.47120960050883764;0.39998729510739817
41275;141276;Medium;Medium;0.3147118882810227;0.50719581184742502;0.1780922998715522
21002;121003;Low;Medium;0.2365533630652224;0.53200869790492378;0.23143793902985388
42367;142368;High;High;0.046312913968698528;0.34708978054616968;0.6065973054851318
40491;140492;Low;Medium;0.38504336634512326;0.44480355736413413;0.17015307629074256
8027;108028;High;Medium;0.18305392770167286;0.50045465450942572;0.31649141778890144
13708;113709;Medium;Medium;0.15925747830322956;0.48263780194050954;0.35810471975626096
34660;134661;High;Medium;0.24360815376604952;0.51766753504594587;0.23872431118800466
23967;123968;Low;Medium;0.35535283529147899;0.50013587833871886;0.14451128636980218
20491;120492;High;Low;0.46426849206243637;0.44466061991720668;0.091070888020356955
32117;132118;Medium;Medium;0.31133364922467027;0.50677112891819132;0.18189522185713844
20294;120295;Medium;Low;0.66034559628995537;0.30985258855172498;0.029801815158319641
4876;104877;Low;Low;0.47286564916945628;0.41392569469166834;0.11320865613887525
26218;126219;High;Low;0.50924767736789844;0.41767592780025381;0.073076394831847663
26789;126790;High;Low;0.57668257167406489;0.37097538248730416;0.052342045838630988
27250;127251;Medium;Low;0.44173764422496709;0.43349321843475241;0.12476913734028053
33683;133684;Low;Medium;0.29583225322422024;0.52299144657975327;0.18117630019602651
5392;105393;Low;Medium;0.35178489488566023;0.45724006478911228;0.19097504032522736
25511;125512;Low;Low;0.49048364318105681;0.43072955623906406;0.07878680057987919
29946;129947;Medium;Low;0.46664251100985638;0.44601971762845294;0.087337771361690714
12715;112716;Medium;Medium;0.23628104729204066;0.52174240685139428;0.24197654585656503
23801;123802;Low;Medium;0.36640532289225797;0.45699028803626862;0.17660438907147349
16350;116351;Low;Medium;0.45650375957756334;0.45851307742485342;0.084983162997583198
872;100873;Low;Low;0.45612022937540236;0.42299280179008414;0.12088696883451346
28439;128440;Medium;Low;0.60671124632238294;0.35087155732152675;0.042417196356090328
22277;122278;Medium;Medium;0.22621430182228824;0.46606703729124815;0.3077186608864636
5280;105281;Medium;Medium;0.2487039947212053;0.50660899714972896;0.24468700812906574
44280;144281;Low;Medium;0.16371147054872601;0.49645975827436578;0.33982877117690818
45056;145057;High;Medium;0.3013816337506256;0.52584346799384618;0.17277489825552816
12840;112841;Medium;Medium;0.32839767067324627;0.51590709089891873;0.155695238427835
5141;105142;High;High;0.0016104429042916883;0.059005694813848791;0.93938386228185955
13030;113031;Medium;Medium;0.13053074904640205;0.46828013635081195;0.40118911460278589
5419;105420;Low;High;0.10360746988459568;0.4301780868636762;0.46621444325172812
49851;149852;Medium;Medium;0.20199019015068692;0.50544580816325624;0.29256400168605678
47667;147668;Medium;Low;0.48007924978697714;0.44065692033647241;0.079263829876550507
36309;136310;High;High;0.059450523714168639;0.37186629079566785;0.5686831854901635
22161;122162;Medium;Low;0.5542241106096778;0.39047428893887742;0.055301600451444853
30410;130411;High;Medium;0.27303104742497369;0.47914734472361026;0.24782160785141619
21684;121685;Medium;Low;0.48920476117448441;0.43689287457501463;0.073902364250500993
23852;123853;Low;Medium;0.19308884885749447;0.50595626619518952;0.30095488494731598
1472;101473;Medium;Medium;0.28274028953259572;0.50332652129052813;0.21393318917687618
33602;133603;Medium;Medium;0.30946488658518601;0.47832777279064648;0.21220734062416763
33855;133856;Medium;High;0.051296415885587025;0.35186000548816865;0.59684357862624438
12566;112567;Low;Low;0.66455506941733455;0.30648858966436432;0.028956340918301088
49263;149264;Medium;Medium;0.15109829815386958;0.44055898495886664;0.40834271688726376
42900;142901;Medium;Medium;0.27371869238864593;0.5100976029458778;0.21618370466547626
33478;133479;Low;Medium;0.21113406673950291;0.50829871095631463;0.28056722230418241
23715;123716;Low;Low;0.6551249663845502;0.31315520467464286;0.031719828940806924
18176;118177;High;High;0.12381525234424171;0.41470329171565851;0.46148145594009982
11505;111506;Medium;Low;0.49733727373128334;0.42844932475626712;0.074213401512449567
45945;145946;Medium;Medium;0.22035329865647427;0.5176443444630755;0.26200235688045032
36148;136149;Medium;Medium;0.27222016750622224;0.50649047661021451;0.22128935588356327
48000;148001;High;High;0.00144615434519594;0.06571206567154729;0.93284177998325679
34005;134006;High;Medium;0.30685751621230051;0.50629157177291495;0.1868509120147846
19093;119094;Low;Medium;0.31398926788270826;0.51211882358857552;0.17389190852871628
2703;102704;Medium;Low;0.52063102730033572;0.41836493641349021;0.061004036286173999
40755;140756;High;Medium;0.10476008929568827;0.47342399860961609;0.4218159120946956
32796;132797;Low;Low;0.65244647048063364;0.30485176145243476;0.04270176806693167
25928;125929;High;Medium;0.2456304212808923;0.4973748777390104;0.25699470098009719
22826;122827;Low;Low;0.52108224104359968;0.40855680848338349;0.070360950473016839
9344;109345;Low;Medium;0.34687085428307929;0.50871527854469512;0.14441386717222565
29851;129852;High;Medium;0.3639940594430886;0.46894385846669939;0.16706208209021212
22725;122726;High;Medium;0.16049430522219668;0.48981610858117358;0.34968958619662971
42404;142405;Medium;Low;0.55908876842921129;0.38936533286991143;0.051545898700877259
31125;131126;Medium;Low;0.53525012922207016;0.39460288396995602;0.070146986807973696
41305;141306;Medium;Low;0.57426613893075007;0.37845496924030947;0.047278891828940538
8283;108284;Low;Low;0.49339180782957004;0.42946810067984814;0.077140091490581875
25205;125206;Low;Low;0.61344996770053506;0.34871967435023887;0.03783035794922613
12077;112078;Medium;High;0.055264663570411633;0.36194822839549051;0.58278710803409783
25135;125136;High;Low;0.52709455727898336;0.41455075523469559;0.058354687486320965
14243;114244;Medium;Low;0.65621959925673534;0.31333186524429052;0.030448535498974163
33413;133414;Medium;High;0.14378367511114257;0.41964498052014981;0.43657134436870765
19312;119313;Low;Medium;0.37881088638153093;0.48947604468048767;0.1317130689379814
5207;105208;Medium;Medium;0.34932265003043383;0.5125058395261749;0.13817151044339121
42243;142244;Low;Medium;0.30623077210709099;0.50285593932776929;0.19091328856513973
22487;122488;Low;Low;0.5934852151889678;0.36195925111217997;0.044555533698852338
38738;138739;Low;Low;0.46264855988506659;0.44130524875838045;0.09604619135655286
6665;106666;Medium;Low;0.51815764678502463;0.40250588113536251;0.079336472079612766
25122;125123;Low;Low;0.53394564061257366;0.39672604997543792;0.069328309411988337
6662;106663;Medium;Low;0.56700198609346397;0.3743838520951091;0.05861416181142682
49307;149308;High;High;0.075058560372147073;0.39268532354082109;0.53225611608703183
26742;126743;Low;Low;0.52401827011152902;0.41045448099464604;0.065527248893825052
42797;142798;Medium;Low;0.49987695654614239;0.42892743058510424;0.071195612868753297
1441;101442;Medium;Medium;0.39787265432108304;0.48199523589114407;0.12013210978777288
37555;137556;Medium;Medium;0.4513161431238758;0.45705084945898705;0.091633007417137244
19845;119846;Medium;Medium;0.407732174481785;0.44253380093609296;0.14973402458212198
7343;107344;High;Medium;0.11106348260941386;0.44923927096595695;0.43969724642462932
46343;146344;Low;Low;0.54333785253917011;0.39083221830253906;0.065829929158290737
34884;134885;Medium;High;0.0016292392766701252;0.06710720169278131;0.93126355903054858
20749;120750;Low;Medium;0.30730542991544252;0.51501791076740522;0.17767665931715218
15504;115505;Low;Medium;0.27785440792764049;0.52564196201270885;0.19650363005965066
325;100326;Medium;Medium;0.37408509252483291;0.48693298792714534;0.13898191954802178
7169;107170;Low;Medium;0.3502471220159028;0.4942066734286264;0.15554620455547083
48073;148074;Medium;High;0.014054355808364489;0.16998065236794307;0.81596499182369253
7310;107311;Medium;High;0.0276760505598404;0.25380644042284028;0.71851750901731937
39562;139563;Low;Medium;0.30808001818893915;0.50120992819337307;0.19071005361768781
2115;102116;Low;Low;0.45327842695807474;0.43365786300317161;0.11306371003875361
5966;105967;Low;Medium;0.26790205395590277;0.47434992316312086;0.25774802288097648
31515;131516;Medium;Medium;0.39865149618129347;0.48790399306232263;0.11344451075638384
7174;107175;Low;Medium;0.43226439235992259;0.46569054748781336;0.10204506015226396
3365;103366;Low;Low;0.63482209547621116;0.32530985872102824;0.039868045802760682
28890;128891;Medium;Low;0.58704257074245858;0.36657274671447238;0.046384682543068954
2568;102569;Medium;Medium;0.17935843270021287;0.45829146494192136;0.3623501023578658
33936;133937;Low;Medium;0.19987287410997931;0.52503446758882388;0.27509265830119672
22450;122451;Medium;High;0.068246424411937553;0.3797409252549856;0.55201265033307678
34293;134294;Medium;Medium;0.15106266022415812;0.47594868131704887;0.37298865845879303
1913;101914;Medium;Medium;0.38440581913324617;0.48785041777771537;0.1277437630890384
4436;104437;Medium;Medium;0.44970076945591253;0.46053746202282891;0.089761768521258431
44063;144064;Low;Medium;0.39943641735248997;0.46941696418611784;0.13114661846139219
25521;125522;High;High;0.0014188839495920898;0.05453277685205566;0.9440483391983524
27552;127553;Low;Medium;0.41477388630515377;0.48483909884734672;0.10038701484749961
42910;142911;High;High;0.14134777276474739;0.41486943227683476;0.44378279495841783
28875;128876;Medium;Medium;0.31979069829897305;0.50820290970809223;0.17200639199293466
7392;107393;Low;Medium;0.19808310503097748;0.51748454423476287;0.28443235073425965
29420;129421;High;Medium;0.10928951838968819;0.4570402861616138;0.43367019544869811
6736;106737;High;High;0.02283652940710101;0.20603393907766418;0.77112953151523489
19382;119383;Medium;Medium;0.35214418709853917;0.48872789932590249;0.15912791357555839
41973;141974;Medium;Medium;0.31759838474717839;0.49803158537810127;0.18437002987472029
36478;136479;Medium;High;0.078836857798353518;0.38666515007056906;0.53449799213107752
40657;140658;Low;Low;0.48208121153502687;0.42393924735383381;0.093979541111139361
13945;113946;Low;Medium;0.21914392430696217;0.46621664323318734;0.31463943245985054
41470;141471;Medium;High;0.073156872838094245;0.3933138168916025;0.53352931027030337
28541;128542;Medium;Medium;0.29002660720496232;0.52512206346644541;0.18485132932859233
11775;111776;Medium;Medium;0.30781867396855361;0.49639129665561438;0.19579002937583195
3431;103432;Low;Low;0.6283336142753686;0.33291278165510885;0.038753604069522579
19611;119612;Medium;Medium;0.4213354447176868;0.46346103119865695;0.11520352408365629
39073;139074;Medium;Medium;0.36820499526676126;0.48027580901728362;0.1515191957159551
7896;107897;Medium;Low;0.52948638883852284;0.40154265222097846;0.068970958940498622
32430;132431;Low;Low;0.53724559646650571;0.40081824057601412;0.06193616295748023
17444;117445;Low;Medium;0.38099821788047428;0.48827134186494103;0.13073044025458475
30637;130638;Medium;Medium;0.20742959123476765;0.5092243433902357;0.28334606537499668
48723;148724;Medium;Medium;0.22916396412056933;0.49138171878996467;0.27945431708946594
6795;106796;High;Low;0.54447180453918598;0.40440807255894606;0.051120122901867952
38153;138154;Low;Low;0.45376665253777554;0.45350655473391971;0.092726792728304794
30692;130693;High;High;0.041793013412068543;0.27268559622532856;0.68552139036260284
42656;142657;Low;Medium;0.3769999696562254;0.48052534140465797;0.14247468893911663
27384;127385;Low;Medium;0.36877110187699064;0.43908609605299803;0.19214280207001125
8743;108744;High;Medium;0.13163544077412775;0.48588951084089405;0.3824750483849782
35188;135189;Medium;High;0.0060882597607556281;0.13332255275333399;0.86058918748591051
40599;140600;Low;Low;0.57637452211342366;0.37571324670880363;0.04791223117777272
36532;136533;Medium;Medium;0.36685515535505342;0.48754750490326126;0.14559733974168526
42599;142600;Medium;High;0.078931164385323535;0.40221826521549381;0.5188505703991827
27342;127343;High;Medium;0.2067884133028233;0.50860973214121485;0.28460185455596193
48400;148401;Low;Low;0.59587384797238807;0.3549142436956943;0.049211908331917645
12427;112428;High;Medium;0.13038069683829073;0.45137633522205078;0.41824296793965843
17098;117099;Low;Low;0.58136483250751469;0.36693594348091346;0.051699224011571822
3692;103693;Low;Low;0.59582490632469665;0.36231436940372214;0.041860724271581107
25722;125723;High;Low;0.52051695730917003;0.3991136234609361;0.080369419229893879
27161;127162;Low;Low;0.65214598699983273;0.30777869406612302;0.040075318934044271
2088;102089;Low;Low;0.59558420557788838;0.36122741380800455;0.043188380614107014
27599;127600;Low;Medium;0.245518594432624;0.5041006529080766;0.25038075265929943
19800;119801;Medium;Medium;0.30679203050122594;0.51401026956575191;0.17919769993302206
6062;106063;Low;Low;0.48409954290296814;0.44187952221689419;0.074020934880137584
28855;128856;Medium;Medium;0.34327084185155365;0.49507722087543238;0.16165193727301383
24118;124119;Medium;Medium;0.36867736471705564;0.47890131892808196;0.15242131635486239
24241;124242;Medium;Medium;0.21571301160866715;0.50771150323952341;0.27657548515180946
43681;143682;Medium;Low;0.61832337036127782;0.32959130732608166;0.052085322312640431
16063;116064;Low;Medium;0.44831632048197462;0.45050355276022774;0.10118012675779767
25171;125172;High;Low;0.64053149422637778;0.32625435836994093;0.033214147403681379
26581;126582;Medium;Medium;0.21820132017368113;0.51946883200832994;0.26232984781798885
38362;138363;Medium;Medium;0.25893641531419886;0.51928322896363122;0.22178035572216998
36844;136845;Low;Low;0.57707322184800658;0.37806443432095427;0.044862343831039091
9448;109449;Low;Low;0.53689968932507015;0.40345933643522325;0.059640974239706712
23999;124000;Medium;High;0.095844010163901788;0.42398128431808557;0.48017470551801272
6232;106233;Medium;Medium;0.35635395944179282;0.5035917529732451;0.14005428758496208
19206;119207;Medium;Medium;0.3290305626809728;0.49833435317033498;0.17263508414869216
10311;110312;High;High;0.046567967701548481;0.34391301609238117;0.60951901620607052
21370;121371;Low;Medium;0.38570953437518496;0.44419077794107803;0.17009968768373696
28127;128128;Medium;Medium;0.42094300852624061;0.44510837475067977;0.1339486167230797
49;100050;Medium;Medium;0.1637319263929298;0.50389917513616789;0.33236889847090223
5892;105893;Medium;Low;0.48232513413786499;0.41316579014200239;0.10450907572013254
11446;111447;Low;Medium;0.35191401089573693;0.4455473792249055;0.2025386098793576
48688;148689;Medium;Low;0.66746055311842445;0.30362482461646145;0.028914622265114064
10716;110717;High;High;0.10879062499110914;0.43769347909689404;0.45351589591199692
30734;130735;High;Medium;0.34882239114199548;0.50677993874540761;0.14439767011259697
27302;127303;Medium;Medium;0.19169224392275833;0.44407693808913762;0.36423081798810414
33772;133773;High;High;0.017760855959366311;0.230553669699473;0.75168547434116062
17750;117751;Medium;Low;0.57312986345336014;0.36241797405162668;0.064452162495013066
24195;124196;Low;Medium;0.38495090438473134;0.48351207348032993;0.13153702213493887
6033;106034;Medium;Medium;0.12154538080648405;0.47003442064893197;0.40842019854458411
19530;119531;High;Medium;0.35498911122797983;0.49825488063365553;0.14675600813836462
28308;128309;High;High;0.0064276830632513529;0.13948012477951291;0.85409219215723586
2936;102937;High;Medium;0.22054732869194577;0.50907188194778197;0.27038078936027227
2304;102305;Medium;Medium;0.36026657993391342;0.46136820124819006;0.17836521881789652
24110;124111;High;High;0.0078067578434787297;0.15603391285642557;0.83615932930009573
15430;115431;Low;Low;0.47094578291789024;0.44171313996986322;0.087341077112246548
23991;123992;Medium;Low;0.53671084363797572;0.38018626835336694;0.083102888008657394
48684;148685;High;Low;0.53290188361948554;0.40158164235319421;0.065516474027320304
22343;122344;Low;Medium;0.20509303694680048;0.50907389104037548;0.28583307201282399
49251;149252;High;High;0.080360006060949479;0.34429616335928687;0.57534383057976368
24708;124709;Low;Low;0.50510615481499777;0.41896227130593983;0.075931573879062422
34626;134627;Medium;Low;0.48536167577365702;0.4377304452083346;0.076907879018008482
31482;131483;High;Medium;0.31136292598097737;0.50502511558059648;0.1836119584384262
40016;140017;Low;Low;0.63292178837096025;0.33014348649190428;0.036934725137135402
43312;143313;High;High;0.0086669892307770242;0.13787939754415776;0.8534536132250653
15583;115584;High;High;0.069508762899302523;0.39387780942560052;0.53661342767509701
2816;102817;Medium;Medium;0.41187300928479637;0.48316066845430122;0.10496632226090248
10290;110291;High;High;0.054992835447119699;0.35320829241983459;0.59179887213304572
10234;110235;High;High;0.021193672355279206;0.20925396824197445;0.76955235940274636
22967;122968;High;High;0.017649126157091802;0.21575940644417196;0.76659146739873629
16011;116012;High;Low;0.49128355953501934;0.43611646626826034;0.072599974196720402
30893;130894;Low;Low;0.65076447125299419;0.32096326199543723;0.028272266751568603
15570;115571;Medium;Medium;0.11494568648060847;0.44550979146287345;0.43954452205651817
15985;115986;High;High;0.010499605719611043;0.14013976276698703;0.84936063151340191
27756;127757;Low;Low;0.55511639442753258;0.3741951372713273;0.070688468301140006
22076;122077;Medium;Medium;0.39498516985481913;0.48052146180274685;0.12449336834243394
32994;132995;Low;Medium;0.14046700699798984;0.48099685030911937;0.37853614269289088
44473;144474;High;Low;0.54699341723083117;0.40002633427335382;0.052980248495815035
7330;107331;Low;Low;0.54093017633699125;0.40240879515539357;0.056661028507615167
22285;122286;High;Low;0.46368166063920674;0.44406930255847621;0.092249036802316983
8841;108842;Medium;Medium;0.28952545894661375;0.51908054744874521;0.19139399360464102
45959;145960;Low;Low;0.63674610995301095;0.32908558505856617;0.034168304988422986
40321;140322;Medium;Medium;0.40890628882972202;0.48011968653109793;0.11097402463918005
21180;121181;High;High;0.010052137712737975;0.17618356677651384;0.81376429551074803
12590;112591;High;High;0.11702130895670655;0.42959172268564444;0.45338696835764902
24734;124735;Low;Low;0.46481259504594613;0.42939997101742433;0.10578743393662951
2915;102916;Medium;Medium;0.21747568016793667;0.5093375831091127;0.27318673672295057
26295;126296;Low;Low;0.55994526669808309;0.38865689938141146;0.051397833920505342
42704;142705;High;Medium;0.42227931894884169;0.46207832857803793;0.11564235247312041
9844;109845;Medium;Medium;0.16865855425093537;0.48648716597896657;0.34485427977009808
14717;114718;Medium;Medium;0.41836056865956017;0.46353853893933283;0.11810089240110702
46732;146733;Medium;Medium;0.2238833834551231;0.5100554286557879;0.26606118788908895
24921;124922;Low;Medium;0.35471955075583611;0.48028207129624162;0.16499837794792219
15039;115040;Medium;Low;0.62333749226788626;0.33614345023001635;0.040519057502097444
13574;113575;Low;Medium;0.43785152913020309;0.46622564198656541;0.095922828883231379
37285;137286;Low;Medium;0.22599455002505459;0.50810006734115254;0.26590538263379287
42496;142497;Medium;Low;0.47052355094651477;0.44109738937044451;0.088379059683040648
26885;126886;Medium;Medium;0.29076184445521736;0.49789113899263371;0.21134701655214902
4188;104189;Medium;Medium;0.30973867161799823;0.45789984721699334;0.23236148116500835
40811;140812;Medium;Medium;0.20760478607280583;0.47242692654649099;0.31996828738070321
36848;136849;Low;Low;0.47837608819974142;0.43429812470697171;0.087325787093286783
21269;121270;Medium;Medium;0.43420950457239116;0.45611360300504072;0.10967689242256809
32746;132747;Medium;High;0.035950255895391123;0.26474848786086619;0.69930125624374273
47776;147777;High;Medium;0.16422265599564109;0.47647661178162176;0.35930073222273723
45851;145852;Medium;Medium;0.38779450980765351;0.48024905775902205;0.13195643243332453
42616;142617;Medium;High;0.10258105335247159;0.43576819898275221;0.46165074766477621
14616;114617;Low;Low;0.57506764606953342;0.37815426425638538;0.0467780896740813
34087;134088;Medium;Medium;0.37075583676045576;0.45502414375627065;0.17422001948327354
38591;138592;Medium;Medium;0.23559447945223772;0.51786920503384903;0.24653631551391317
40613;140614;Medium;High;0.044982939732916123;0.28874168610140083;0.66627537416568305
42987;142988;High;Low;0.4800687237851109;0.44455078087305333;0.075380495341835718
31864;131865;Low;Medium;0.33625437605687497;0.50346044271083457;0.16028518123229052
19716;119717;High;High;0.0074711325374970409;0.13035107448559569;0.86217779297690722
40032;140033;Low;Low;0.45842369910240621;0.45268607377677522;0.088890227120818677
45212;145213;Medium;Medium;0.34706689962520931;0.48991472316793744;0.16301837720685325
8295;108296;High;Low;0.59157902837284082;0.36649067792126983;0.041930293705889361
12498;112499;Medium;Medium;0.1482001282511132;0.47352122557640475;0.37827864617248202
3141;103142;Low;Low;0.64802085981418966;0.31854358128812021;0.0334355588976901
13988;113989;Medium;Medium;0.26712033147116182;0.50589888401540739;0.22698078451343082
44386;144387;Medium;Low;0.62249559892045647;0.32762301974725133;0.049881381332292217
22729;122730;Medium;Medium;0.17395220869759553;0.49279497858253474;0.33325281271986967
40014;140015;Low;Low;0.47733716737280335;0.4420619453268263;0.080600887300370405
15520;115521;Low;Medium;0.35715073532880437;0.49607445800809757;0.14677480666309806
186;100187;Low;Medium;0.38648267063030523;0.49469204482925749;0.11882528454043721
24365;124366;High;High;0.10410409904298336;0.42294938096363949;0.47294651999337711
26833;126834;Low;Low;0.47793604028328485;0.44424784884931579;0.077816110867399396
4727;104728;Medium;Medium;0.21489679675142531;0.44632710451308988;0.3387760987354847
31844;131845;High;High;0.027936300318969515;0.21626559142865784;0.75579810825237259
2583;102584;Low;Low;0.56102104329054403;0.3881931220070311;0.050785834702424766
20169;120170;High;High;0.020639812862624472;0.24655285083612549;0.73280733630125017
40547;140548;Medium;High;0.09252468275932739;0.43342245142074148;0.47405286581993111
31032;131033;Medium;High;0.021544209068874332;0.23873670485283813;0.7397190860782874
12704;112705;Medium;Low;0.47828035387010204;0.439742120593414;0.081977525536484006
1246;101247;High;Medium;0.15227699429066383;0.49276011035806921;0.35496289535126685
20120;120121;Low;Medium;0.4312485483718515;0.46991297106098434;0.0988384805671641
31310;131311;Low;Medium;0.35396392281458983;0.5079340670408955;0.13810201014451465
47946;147947;Low;Low;0.45900055471742357;0.45626248748067272;0.084736957801903837
11498;111499;Medium;Medium;0.3603894288463087;0.4685970867054351;0.17101348444825606
29389;129390;Low;Medium;0.15486503501567103;0.43606528323043398;0.40906968175389502
31584;131585;Low;Medium;0.42202368082583486;0.43951387751031468;0.13846244166385047
1971;101972;High;High;0.018401708748663911;0.22645549152032091;0.75514279973101517
21905;121906;Low;Medium;0.34776092961227439;0.4757482870328989;0.17649078335482662
31598;131599;High;Medium;0.28217495302110357;0.4645239056604189;0.25330114131847753
21063;121064;Low;Low;0.46413127181912928;0.44503452895313772;0.090834199227733045
5983;105984;Medium;Medium;0.21360612098848641;0.50864224087665599;0.27775163813485759
19293;119294;High;High;0.079564492349959451;0.40133315780718137;0.51910234984285919
17974;117975;Medium;Medium;0.24418222556644614;0.51128162793414256;0.2445361464994113
25439;125440;Medium;Medium;0.29836835981148724;0.49678929705666403;0.20484234313184876
10996;110997;Low;Low;0.51695337068810898;0.41688926065087589;0.066157368661015112
45359;145360;Medium;Medium;0.23566085357294889;0.5324104483117521;0.23192869811529904
15387;115388;Medium;High;0.061300945600783058;0.38471413860478204;0.55398491579443487
36293;136294;Medium;Medium;0.22379499452199572;0.47865897739501595;0.29754602808298836
30702;130703;Low;Medium;0.36403081552311045;0.49377776886440899;0.14219141561248047
46784;146785;Low;Low;0.48159220829273541;0.43673003064276888;0.081677761064495522
27915;127916;Low;Low;0.54260371779565852;0.39558168599937343;0.061814596204968049
41709;141710;Medium;High;0.06139700669934077;0.36070352855548787;0.5778994647451714
20604;120605;High;Low;0.46623874736980031;0.45549611667605328;0.078265135954146386
4801;104802;Low;Low;0.53786055932889631;0.39320869664972397;0.068930744021379692
32031;132032;Medium;Low;0.50531263010863481;0.40047391640816599;0.094213453483199192
10932;110933;Medium;Medium;0.2397387241365036;0.52600813377635014;0.23425314208714618
47569;147570;Low;Medium;0.15818898813070573;0.49678216997508517;0.34502884189420913
28854;128855;Medium;Medium;0.34475694268889279;0.50351827456690479;0.15172478274420242
13794;113795;High;Medium;0.14906869440377818;0.49282928981954333;0.35810201577667844
9031;109032;High;Medium;0.10587240238043755;0.45897334936614009;0.43515424825342236
43899;143900;Low;Medium;0.31011102724580003;0.47593719670405726;0.21395177605014268
17732;117733;Low;Low;0.49790116206161905;0.4317932575252752;0.07030558041310582
499;100500;Medium;High;0.068497246497035133;0.38277013065244458;0.54873262285052027
42741;142742;Medium;Low;0.58508415355963928;0.36706281979952582;0.047853026640834857
9616;109617;Medium;Medium;0.25684814701426267;0.51385454169451528;0.22929731129122208
38432;138433;High;Low;0.51358149015848553;0.41995350819056765;0.066465001650946876
11611;111612;Medium;Medium;0.11681223374698778;0.47087147342770419;0.41231629282530802
4360;104361;Low;Low;0.48435216887211924;0.4375649306214483;0.07808290050643249
38260;138261;Medium;Medium;0.40394147881231118;0.49146144507341977;0.10459707611426912
37289;137290;Low;Medium;0.40599859281108625;0.48141542417207073;0.112585983016843
45112;145113;Medium;Medium;0.24413347405837887;0.47384456643234429;0.28202195950927672
45883;145884;Medium;Medium;0.19208935953265652;0.49602621133358754;0.31188442913375597
20015;120016;Low;Medium;0.41819923372127693;0.46333316643373335;0.11846759984498977
11586;111587;Medium;Medium;0.25528614002648797;0.47683346494913292;0.26788039502437921
2197;102198;High;High;0.013853723289551279;0.17160340501364002;0.81454287169680872
5752;105753;Medium;High;0.046566758644901292;0.27667171161615101;0.67676152973894776
26453;126454;High;High;0.095207777150633319;0.43471990632565449;0.47007231652371206
32498;132499;High;Medium;0.35134615512407136;0.48389666120105507;0.16475718367487344
10473;110474;High;Medium;0.13759268630276617;0.4670099720747255;0.39539734162250839
24781;124782;Medium;Low;0.66813691656631491;0.29455801030346113;0.037305073130224006
18163;118164;High;Medium;0.13447517944675086;0.49608145062527276;0.36944336992797638
35160;135161;Medium;Medium;0.39683427317830666;0.47733117755944293;0.12583454926225038
16312;116313;High;Medium;0.12733501531692198;0.47054591123705103;0.40211907344602682
14186;114187;Low;Low;0.54662855454213466;0.39343735613580844;0.059934089322056849
26225;126226;Medium;High;0.021941804012202477;0.25016728703383473;0.72789090895396269
49400;149401;Low;Medium;0.35816781814329585;0.45969755557624037;0.18213462628046381
6190;106191;Medium;Low;0.50277020875111578;0.42652503545605491;0.070704755792829352
40482;140483;Medium;Medium;0.40099106452026412;0.44786519383805895;0.15114374164167696
48653;148654;Medium;High;0.027434795766490123;0.26136849878387008;0.71119670544963987
25143;125144;Medium;Medium;0.42046808835785077;0.46701606369796866;0.11251584794418047
24170;124171;Low;Medium;0.35092608581300944;0.49271641945206424;0.15635749473492633
35172;135173;Medium;Low;0.62166910914679163;0.33102578255714932;0.047305108296058988
44815;144816;High;Low;0.50297389107858381;0.4275800787208196;0.06944603020059667
683;100684;Low;Low;0.45135991530394615;0.45006845387109834;0.098571630824955431
34642;134643;Medium;Medium;0.31285844451888711;0.4992836016517192;0.18785795382939377
41584;141585;Low;Low;0.47886428226721328;0.44096425387968319;0.080171463853103558
20010;120011;Medium;Medium;0.39636703563559039;0.47011621106209234;0.13351675330231733
8207;108208;High;High;0.094635052927423469;0.38019752321321254;0.52516742385936399
48370;148371;Low;Medium;0.29954459526233745;0.47686349175497306;0.22359191298268941
35814;135815;Low;Low;0.59166081098713896;0.36404247008298779;0.04429671892987324
49009;149010;Medium;Low;0.45213174701267622;0.4445145150471374;0.10335373794018649
35174;135175;Medium;High;0.055008968000322678;0.36261054659079123;0.58238048540888609
13031;113032;Low;Low;0.5494172157503121;0.3896270528947966;0.060955731354891386
40443;140444;Medium;Low;0.61616664855460501;0.34773770192837289;0.036095649517022127
25268;125269;Low;Low;0.56086932242417176;0.38869880493406461;0.050431872641763666
47525;147526;Low;Medium;0.42754661211515282;0.47522251243526187;0.097230875449585419
26362;126363;Medium;Medium;0.3031630684409371;0.47270355283734206;0.22413337872172079
45197;145198;Medium;Medium;0.3708637982154756;0.5020533990471423;0.12708280273738198
40243;140244;Low;Low;0.53727269486161089;0.39838933575346663;0.064337969384922547
29876;129877;Low;Low;0.60055791420054783;0.34612620303295438;0.05331588276649795
33577;133578;High;Medium;0.24021846793547008;0.50166544964807014;0.25811608241645972
25269;125270;Low;Low;0.50038075305314811;0.42012438496002708;0.079494861986824886
40980;140981;High;High;0.02928553069127449;0.27877010258112894;0.69194436672759663
16955;116956;Low;Low;0.52188454711058241;0.40799568301936873;0.070119769870048809
21637;121638;Low;Low;0.68565375957915387;0.29135685354904894;0.022989386871797076
48102;148103;Medium;Low;0.56933523426256949;0.37514925111909025;0.055515514618340284
22024;122025;Low;Low;0.4924174200340487;0.40907980830183743;0.098502771664113933
29231;129232;Medium;Low;0.47100550926889995;0.44304784417673121;0.085946646554368761
19086;119087;High;High;0.12372222441648385;0.40957643287734974;0.46670134270616637
28065;128066;Medium;High;0.015807844973174782;0.21521376960708691;0.7689783854197384
5401;105402;Medium;Low;0.6202728360188553;0.32943015857013269;0.05029700541101205
35914;135915;Low;Low;0.52954104540643754;0.39982049458167396;0.07063846001188849
45265;145266;High;High;0.13292703265123729;0.41021867172694387;0.45685429562181873
22109;122110;Medium;Low;0.49521541114277917;0.43670675767310863;0.068077831184112286
19461;119462;Medium;Medium;0.23075402652261967;0.53046403250031926;0.2387819409770611
13952;113953;Medium;Low;0.51328481334142484;0.38902770286286514;0.097687483795710003
33182;133183;Medium;Medium;0.13792565123951625;0.47030968458265859;0.39176466417782524
16049;116050;Medium;Medium;0.11365022479634511;0.47058252833781017;0.41576724686584471
44568;144569;Low;Medium;0.14851135625258999;0.49435152904580892;0.35713711470160098
48839;148840;High;High;0.0065859783565212077;0.1378353126834016;0.85557870896007715
21270;121271;Low;Medium;0.40178393027951004;0.48519135174561684;0.11302471797487321
17798;117799;Low;Low;0.46625030035506343;0.44174093558881738;0.092008764056119186
14772;114773;Medium;Low;0.68467518871359068;0.29043547975465855;0.024889331531750797
6626;106627;Medium;Medium;0.3283713773390799;0.50486849318701132;0.16676012947390875
16139;116140;High;High;0.0024327662907930804;0.087475348644810103;0.91009188506439676
27836;127837;Low;Low;0.52852224058120734;0.41179361115011415;0.059684148268678516
13220;113221;Medium;Medium;0.19350090261289071;0.52099376385050211;0.28550533353660718
18273;118274;High;Medium;0.11650110420563241;0.44597617483362056;0.43752272096074712
30071;130072;Medium;Medium;0.45283700509762809;0.45930452764164426;0.087858467260727754
15326;115327;Medium;Low;0.46420012580458969;0.44873294105597478;0.087066933139435629
28361;128362;Low;Low;0.4952409401344931;0.42923609238719262;0.075522967478314357
19191;119192;Medium;Medium;0.2128982699659876;0.51397246604975855;0.2731292639842538
36484;136485;High;Medium;0.18892172274469002;0.46862427162510056;0.34245400563020939
22218;122219;Medium;Low;0.59318761762343242;0.361611669667463;0.045200712709104626
18917;118918;Medium;High;0.14777981539270321;0.42392105561573135;0.42829912899156553
16201;116202;Medium;Low;0.47854102416851541;0.43682823486024125;0.084630740971243373
25448;125449;Low;Medium;0.40022098231813025;0.48718874700017473;0.11259027068169507
28116;128117;Medium;Medium;0.17593591612759046;0.45309044605006299;0.3709736378223466
26087;126088;High;High;0.13818152437315007;0.41646698452043596;0.44535149110641398
5079;105080;Medium;Medium;0.23866864908489613;0.51188554062466984;0.24944581029043408
12222;112223;High;Medium;0.30963515795201735;0.51575539882541455;0.17460944322256811
29183;129184;High;Medium;0.36877293673303396;0.49399247766626914;0.13723458560069676
31525;131526;Medium;Low;0.46540820261627958;0.45118757397128711;0.083404223412433226
30972;130973;Medium;Medium;0.23309414534962525;0.5063528389148152;0.26055301573555961
43131;143132;High;High;0.021794615856889743;0.24606014145169053;0.73214524269141967
18022;118023;Low;Low;0.50844526941867563;0.42134594170245693;0.070208788878867404
20536;120537;Medium;Low;0.52520074513058435;0.41093884677300674;0.063860408096409055
3732;103733;Medium;Medium;0.2694728570122335;0.52020080178630101;0.21032634120146548
39432;139433;Medium;Low;0.52426626971709178;0.4123445633559546;0.063389166926953552
35728;135729;High;High;0.00064324909892183257;0.046542616980860291;0.95281413392021796
14128;114129;Low;Low;0.60331067705333863;0.35649173165613962;0.040197591290521702
7740;107741;High;Medium;0.16700225791583537;0.4333917584850604;0.39960598359910426
45779;145780;Medium;Medium;0.43169320459282617;0.45434019264545139;0.11396660276172237
33863;133864;Medium;Medium;0.13077707464136409;0.47987622400820362;0.38934670135043231
37188;137189;Medium;Medium;0.25122318777617669;0.51454609087359771;0.23423072135022568
34995;134996;Medium;Medium;0.15350877921989486;0.43672388780209243;0.40976733297801265
31557;131558;High;Medium;0.34531973495474455;0.50667736179814282;0.14800290324711263
14838;114839;Low;Medium;0.32605846055181498;0.51452705293496903;0.15941448651321594
42546;142547;Medium;Medium;0.14664378960267491;0.4808084343601523;0.37254777603717276
42189;142190;Low;Low;0.6984175761893282;0.28234784221789855;0.019234581592773192
9403;109404;Medium;Medium;0.41068677419982597;0.47160306216001013;0.11771016364016401
15451;115452;High;Medium;0.26666893012103421;0.51631369483138934;0.21701737504757643
8030;108031;Low;Medium;0.35749131760863323;0.46103980956006446;0.18146887283130222
37892;137893;Medium;Medium;0.36145781710450831;0.49344580519266174;0.14509637770282985
12236;112237;Low;Low;0.56570500119254441;0.369190098953948;0.06510489985350755
21888;121889;Low;Medium;0.15864612102455036;0.4932178450666464;0.34813603390880332
15143;115144;High;High;0.033275230853518079;0.27922273975028949;0.68750202939619243
6395;106396;Low;Medium;0.18109677863690826;0.49767282665548057;0.32123039470761117
3814;103815;Medium;Medium;0.38715915634980036;0.45918547120120246;0.1536553724489973
21186;121187;Medium;Medium;0.34732020751317799;0.46159449628285687;0.19108529620396505
2959;102960;Medium;Medium;0.22139876043742834;0.49239664112854853;0.28620459843402318
32709;132710;Low;Low;0.55983059678720992;0.38877576121477248;0.051393641998017513
7185;107186;Low;Low;0.54970445604451246;0.38849020813270857;0.061805335822779063
41440;141441;Medium;Medium;0.39777337500745769;0.48195286986871455;0.12027375512382764
43831;143832;Low;Low;0.57204697593547127;0.38310048580093004;0.044852538263598765
22231;122232;High;High;0.05315572387650213;0.3503351665589664;0.5965091095645314
39037;139038;Low;Low;0.49879149391788813;0.42923402973525171;0.071974476346860161
34560;134561;High;Medium;0.15838830136058074;0.48976212879996184;0.35184956983945731
43104;143105;Low;Low;0.48649119614200775;0.43298355870044541;0.080525245157546776
861;100862;Low;Low;0.58278833863026802;0.36751904346279257;0.049692617906939303
18613;118614;Low;Medium;0.20542670938801222;0.50448834599088865;0.29008494462109913
32150;132151;High;High;0.014091084806790076;0.21662128595738928;0.76928762923582072
38259;138260;Medium;Medium;0.28827958085100458;0.50470884032392493;0.20701157882507049
48489;148490;Low;Low;0.59932802792591788;0.35676922390198257;0.043902748172099576
47395;147396;High;High;0.0018300400362402461;0.073923374419028964;0.9242465855447306
6656;106657;Low;Medium;0.29629964718005875;0.46784987250859378;0.23585048031134759
2635;102636;High;High;0.078645229543954948;0.42284812568263946;0.49850664477340551
12642;112643;Medium;Medium;0.22041425440741697;0.50940909337398932;0.27017665221859377
43891;143892;High;Medium;0.18596008442609427;0.45299513232068173;0.36104478325322403
9767;109768;Low;High;0.10358725000066574;0.4342262795329872;0.46218647046634703
37532;137533;High;Medium;0.14074623723068974;0.4613793384011004;0.39787442436820991
43337;143338;High;Medium;0.37801485229610171;0.48348262145410981;0.13850252624978848
23553;123554;Low;Medium;0.31879943044953929;0.50478855664098765;0.17641201290947309
45064;145065;High;Low;0.45962247025796782;0.44472473836848497;0.095652791373547152
48729;148730;Medium;Medium;0.28407060006708795;0.53436659650924045;0.18156280342367154
10513;110514;Low;Low;0.53802358313035126;0.40565791859126266;0.0563184982783861
4;100005;Medium;Medium;0.34498812979642773;0.50398298056524571;0.15102888963832664
14143;114144;Medium;Low;0.55882866363244221;0.36692569281123627;0.074245643556321558
45038;145039;High;High;0.11176870509206581;0.39536861500217402;0.4928626799057601
40941;140942;Low;Low;0.64388245813376799;0.3221776633416441;0.033939878524587783
6958;106959;High;High;0.0033430347657075381;0.095830419263516348;0.90082654597077616
15321;115322;Low;Medium;0.43699699137134101;0.46276808307802003;0.1002349255506389
42057;142058;Medium;Medium;0.23773572175241886;0.51863638913777022;0.2436278891098109
33596;133597;Low;Medium;0.37699614166114098;0.47898429000365572;0.14401956833520338
36145;136146;Low;Low;0.48047298370303287;0.43413732663546317;0.085389689661503856
27798;127799;Medium;Medium;0.28196321811077446;0.52437814514375036;0.19365863674547523
17584;117585;Low;Medium;0.27513857507765971;0.50838601583309473;0.21647540908924556
28803;128804;Medium;Medium;0.42950791787810061;0.46733273747746101;0.10315934464443834
33138;133139;Medium;Medium;0.135681063051803;0.46648852960062531;0.39783040734757169
22014;122015;High;Low;0.58558370573108398;0.36653134987010461;0.047884944398811344
32111;132112;Medium;Medium;0.43899459803189866;0.46259874114061289;0.098406660827488501
2954;102955;Low;Medium;0.17028493952038021;0.4194077485058898;0.41030731197373005
29830;129831;Medium;Medium;0.29184598308239207;0.49273101745174269;0.2154229994658651
32874;132875;Medium;High;0.041110736007839342;0.32334326186432244;0.63554600212783829
34396;134397;Medium;Low;0.65001171846189965;0.31454491697115028;0.035443364566949957
36869;136870;Low;Medium;0.43387388956107353;0.46398570122163119;0.10214040921729516
43771;143772;Low;Low;0.46087773272507387;0.42367570997767101;0.1154465572972551
29310;129311;Medium;Medium;0.21317989612029353;0.46835129894901095;0.3184688049306954
36852;136853;Medium;High;0.10670805027903318;0.43659197625721058;0.45669997346375629
48693;148694;High;High;0.02244771685901898;0.2051271472651035;0.77242513587587758
42084;142085;Medium;Medium;0.26432272477336405;0.45537041526992056;0.2803068599567155
47308;147309;Low;Low;0.46217741710291238;0.42064630326012042;0.11717627963696714
30237;130238;Medium;Medium;0.26266647782379882;0.48320040429826522;0.25413311787793585
15139;115140;Medium;Medium;0.36720100721954202;0.47133227340550177;0.16146671937495616
32624;132625;Low;Medium;0.44651963926626037;0.45113302057820465;0.10234734015553508
49354;149355;Low;Low;0.46994599187818176;0.41831399991095225;0.11174000821086602
17364;117365;High;High;0.029964226450225378;0.28444881474425565;0.68558695880551901
26326;126327;Medium;Medium;0.28327861411136268;0.50208366865227971;0.21463771723635761
5505;105506;Low;Medium;0.28559157808233698;0.51940785805567313;0.19500056386198991
6621;106622;Medium;Medium;0.43642993232692368;0.46520395482272514;0.098366112850351239
22096;122097;Medium;Medium;0.40704492530165043;0.46909353037989038;0.12386154431845914
26943;126944;Medium;Medium;0.24119238887287256;0.52376966154459481;0.23503794958253271
23877;123878;High;High;0.0081725146940368944;0.15800702446734116;0.83382046083862205
17838;117839;Low;Low;0.55665855502051942;0.39042278042062267;0.052918664558857929
36303;136304;Low;Low;0.62671337598447985;0.33366849643108848;0.039618127584431596
49621;149622;Low;Low;0.51002170247564504;0.40052848020371773;0.089449817320637212
4375;104376;Medium;High;0.0094053714860989502;0.17263500025660106;0.81795962825730006
25166;125167;Low;Low;0.60971435449308597;0.35282407080980643;0.037461574697107612
31979;131980;High;High;0.0057869278479380608;0.13408908496634089;0.86012398718572103
34257;134258;Low;Low;0.52691723902222498;0.41012207318114302;0.062960687796632095
33501;133502;Medium;Low;0.49681290900309971;0.43203660792490978;0.071150483071990456
2121;102122;Low;Medium;0.22893365148147446;0.51713557772321617;0.25393077079530935
35927;135928;Low;Low;0.51460563546044158;0.41407793687967126;0.071316427659887133
10151;110152;Medium;Medium;0.43194100184518958;0.46116752706539199;0.10689147108941834
36461;136462;Medium;Medium;0.19298318821511312;0.50947503735682609;0.29754177442806085
10869;110870;Low;Medium;0.31451677302498116;0.51128344636252765;0.17419978061249125
14086;114087;Medium;Medium;0.32915335950496899;0.49761592001848426;0.17323072047654683
42522;142523;Low;Medium;0.40259693799093832;0.47694957030749424;0.12045349170156737
15213;115214;High;High;0.039749255542061053;0.30811347220291346;0.65213727225502538
40240;140241;Medium;Low;0.62535898475113982;0.33315461789312123;0.041486397355738835
28662;128663;Low;Low;0.58273923695202245;0.37181031082890237;0.045450452219075232
13500;113501;Medium;High;0.069530089528131486;0.38534859477723049;0.54512131569463806
22544;122545;High;High;0.039352599139901315;0.2653613984680534;0.6952860023920453
31780;131781;Low;Medium;0.37083419053190436;0.44832951530836868;0.1808362941597271
17084;117085;High;High;0.014249490431797754;0.20473507525439374;0.78101543431380849
1832;101833;High;High;0.053405847047284953;0.30657607592685215;0.64001807702586277
9753;109754;Medium;Medium;0.35733251279879291;0.49547776938193139;0.14718971781927562
37490;137491;Low;Low;0.48497465676418705;0.43504083161551221;0.079984511620300874
7809;107810;Medium;Medium;0.23808779126286062;0.50853674807096028;0.25337546066617905
12419;112420;Low;Low;0.48769096110987997;0.42874658531749354;0.083562453572626538
41358;141359;Medium;Medium;0.31184561854500437;0.51717367517227952;0.17098070628271614
14506;114507;Medium;High;0.037552289990073678;0.25785315053755042;0.70459455947237581
18352;118353;Medium;Medium;0.44998481335213614;0.46007295165491707;0.089942234992946735
29312;129313;High;Medium;0.43130210012389036;0.46476306079345425;0.10393483908265537
17996;117997;Low;Medium;0.40333683475801185;0.45771414388594622;0.13894902135604198
1871;101872;Medium;Medium;0.16260488760314584;0.45675831254240606;0.38063679985444804
3173;103174;High;Medium;0.15084705107239543;0.44053872797164623;0.40861422095595828
10246;110247;High;High;0.078133589630828323;0.40322824018518821;0.5186381701839835
48216;148217;Low;Low;0.56501788508763395;0.37928798048932127;0.055694134423044717
9078;109079;Low;Medium;0.31863121151090817;0.50160738049082731;0.17976140799826457
41448;141449;Low;Low;0.53991314879406416;0.401232460437418;0.058854390768517929
4871;104872;High;High;0.074442429940661345;0.3856857543256747;0.53987181573366394
18429;118430;High;Medium;0.17380021573845378;0.49928123716608597;0.32691854709546037
31652;131653;Medium;Medium;0.41651729411743155;0.4770120000412334;0.10647070584133507
28704;128705;Medium;Medium;0.23123166909799484;0.52171528642069576;0.24705304448130946
45;100046;Low;Low;0.47432991094306004;0.41496482583929933;0.11070526321764057
28545;128546;Medium;Low;0.6000608099370438;0.34638165273752913;0.053557537325427111
9662;109663;High;Medium;0.10789499252966754;0.44670345558160734;0.44540155188872521
46889;146890;Low;Low;0.65883653269431397;0.31008502800586457;0.031078439299821549
4700;104701;Low;Medium;0.42757981192318018;0.44638028613365532;0.12603990194316445
41941;141942;High;Medium;0.2745641862806531;0.51211525745262909;0.21332055626671786
29995;129996;Low;Medium;0.42648406778855502;0.4656611778307389;0.10785475438070594
22582;122583;High;High;0.083113229601282104;0.36464774000471945;0.55223903039399846
40492;140493;Low;Low;0.52676106165324244;0.41005844487687976;0.06318049346987778
30033;130034;Medium;Medium;0.36337111570797875;0.48041426176819557;0.15621462252382556
22719;122720;Low;Low;0.62759695052371178;0.33756090845279124;0.03484214102349685
76;100077;Low;Medium;0.38638080394310781;0.47531202748196438;0.13830716857492781
17466;117467;High;Medium;0.20759949370599204;0.47220910456108856;0.32019140173291932
44480;144481;High;High;0.073272983361819768;0.42367663634776148;0.50305038029041882
22940;122941;Medium;Medium;0.21920797528186031;0.45994428627608747;0.32084773844205222
36273;136274;Low;Low;0.66446413216418088;0.30818466002763462;0.027351207808184543
13764;113765;Medium;Medium;0.3607443159479935;0.49215483934510101;0.14710084470690551
20765;120766;Medium;Low;0.47406645078157139;0.41925952696872099;0.10667402224970753
21229;121230;Medium;Medium;0.41084623746761556;0.47185451970668646;0.11729924282569797
2215;102216;Low;Medium;0.2049836547570579;0.49995303194362251;0.29506331329931962
20832;120833;Medium;Low;0.58892357927997596;0.36151492342287728;0.049561497297146782
7042;107043;High;Medium;0.26476428352511677;0.50933541802569215;0.2259002984491911
40015;140016;Low;Medium;0.33990918282167182;0.45745962528498585;0.2026311918933425
22669;122670;Low;Medium;0.37158419926365543;0.48435477102008873;0.14406102971625584
17562;117563;Low;Low;0.59138660477657257;0.36366837312019856;0.044945022103228816
26608;126609;Medium;Medium;0.13223305339656258;0.47780002528810717;0.38996692131533034
24371;124372;Low;Medium;0.44285703921569453;0.45767521224107238;0.099467748543233245
35527;135528;Low;Low;0.5831834632712668;0.3660580290531068;0.050758507675626383
507;100508;Medium;Low;0.46874598092637687;0.44164402956943427;0.089609989504188928
34877;134878;Medium;Medium;0.32018459754773221;0.5098544521549685;0.16996095029729932
45019;145020;Medium;Medium;0.27315009767619963;0.52487482884413095;0.20197507347966942
27214;127215;Medium;Low;0.47861667455301471;0.43598582487738174;0.085397500569603588
15224;115225;Medium;Medium;0.3909733990793246;0.49611820692577047;0.11290839399490503
16732;116733;Low;Medium;0.40622308474028485;0.47364972466861616;0.120127190591099
11394;111395;High;High;0.061857753040262788;0.37099113752604629;0.56715110943369085
10637;110638;High;High;0.0022556531853296655;0.082522024625020812;0.9152223221896495
6883;106884;High;Medium;0.32142387965416713;0.51448575051748746;0.16409036982834546
13365;113366;Medium;Medium;0.31819782571945804;0.49505770712099406;0.18674446715954796
39952;139953;High;High;0.0016592943624422945;0.069871053355715695;0.92846965228184186
28366;128367;Medium;Medium;0.45073554770405516;0.45658572740710401;0.092678724888840658
14824;114825;High;High;0.043777874624445705;0.31929298625475588;0.6369291391207984
39278;139279;Medium;Low;0.48688304549425609;0.42440346692947378;0.088713487576270067
49763;149764;High;Medium;0.1369675335447065;0.47085046150184767;0.3921820049534458
37358;137359;High;High;0.01717232819406379;0.22105597600890897;0.7617716957970273
29353;129354;Low;Low;0.53182065017017033;0.40400965020198182;0.06416969962784784
1239;101240;Medium;Low;0.52216527210265007;0.41707068936864256;0.060764038528707376
49158;149159;Low;Low;0.57677123773885741;0.3581044726132831;0.065124289647859504
22577;122578;Low;Low;0.7042676492021287;0.26868710138641044;0.027045249411460939
22018;122019;Medium;Medium;0.33128110512406556;0.50659026812618313;0.16212862674975131
25820;125821;Low;Medium;0.32410469783100865;0.50570925739678796;0.17018604477220348
19587;119588;Medium;Medium;0.23324373418633079;0.50274948517296603;0.26400678064070315
26023;126024;Medium;Medium;0.31860586700551546;0.51899884632474924;0.16239528666973535
28688;128689;Medium;Low;0.55643537981648683;0.39028731997538002;0.053277300208133233
46654;146655;Medium;Low;0.51661819196417247;0.41815470981095376;0.065227098224873756
166;100167;High;Low;0.55558143972838892;0.37454136072115329;0.069877199550457667
4580;104581;Medium;Low;0.58946615638802591;0.35932335213424899;0.051210491477725106
49639;149640;Low;Medium;0.3425148283246946;0.50913927473080833;0.14834589694449704
32986;132987;High;Medium;0.30302014224221269;0.50159127396349801;0.19538858379428919
14448;114449;Medium;Medium;0.32585252778507812;0.49687378869409959;0.1772736835208224
45164;145165;Low;Low;0.58360690827416295;0.36879989377113903;0.047593197954697929
42847;142848;High;Medium;0.17109620426410324;0.49419559357745885;0.33470820215843788
30835;130836;Low;Low;0.58426068872694492;0.37177805769031397;0.043961253582741264
49686;149687;High;High;0.014439448258384162;0.19893126458148799;0.78662928716012781
26091;126092;Low;Low;0.53660722260153426;0.40641281692283782;0.056979960475627804
19438;119439;High;Low;0.47458825163781371;0.43719298993355166;0.088218758428634594
21017;121018;Low;Medium;0.13044749606937397;0.451555259557125;0.417997244373501
19874;119875;High;High;0.0021220008425072872;0.082485060104048893;0.91539293905344377
13184;113185;Low;Medium;0.33567819712633545;0.49993562108571493;0.1643861817879497
44462;144463;Medium;Low;0.55182443810119597;0.38683773860623821;0.061337823292565825
44435;144436;Medium;Low;0.56584789921604317;0.38226432686574274;0.051887773918214003
4498;104499;Low;Medium;0.45472058855200936;0.45683449072875754;0.088444920719233155
11204;111205;Medium;Medium;0.18122535774790779;0.47707844373162039;0.34169619852047184
20239;120240;Low;Low;0.50640626489904772;0.42519640943739817;0.068397325663554137
46416;146417;High;High;0.0036985690356210773;0.10347754199661029;0.89282388896776865
16165;116166;Low;Low;0.66051860344863678;0.31118878377942832;0.028292612771934844
28619;128620;Medium;Medium;0.31524934015166073;0.51094297425897883;0.17380768558936044
3103;103104;Low;Medium;0.35267492526187127;0.49566091744554952;0.15166415729257915
34113;134114;High;Medium;0.43537176681964956;0.4362733584350994;0.12835487474525101
40701;140702;Medium;Medium;0.34306846102083954;0.50737734714595684;0.14955419183320365
18272;118273;Low;Medium;0.29717368947643508;0.48730537680596631;0.21552093371759848
35554;135555;Low;Low;0.62669895052924163;0.33794273883876136;0.035358310631996986
23741;123742;Low;Low;0.63496138468548236;0.33494714684106153;0.030091468473456156
43983;143984;Medium;High;0.07471184114678793;0.41927471294753443;0.50601344590567754
8126;108127;High;High;0.010184953330554965;0.17504760357513957;0.81476744309430538
8197;108198;Medium;Medium;0.25797157389534148;0.4958539140439619;0.24617451206069649
46103;146104;Medium;Low;0.47603662336913566;0.44263094666964026;0.081332429961224029
17325;117326;High;Low;0.54438232588008095;0.39589498747775509;0.059722686642163937
6095;106096;Medium;High;0.046194709162075381;0.3303395293471082;0.62346576149081645
11119;111120;Low;Medium;0.11592749209126994;0.45308861324594202;0.43098389466278797
12917;112918;Medium;Medium;0.29925813876006635;0.46827280343779715;0.23246905780213656
40744;140745;Low;Medium;0.36260196717652432;0.45753264128491772;0.17986539153855793
32431;132432;Low;Low;0.68560778862397664;0.29241700821829708;0.02197520315772624
42459;142460;Low;Medium;0.43065590844143087;0.45618565228682273;0.11315843927174626
45231;145232;Low;Medium;0.2933279410757994;0.50783058548124382;0.1988414734429568
45820;145821;Low;Low;0.53235654398715571;0.40288872476307797;0.064754731249766356
29783;129784;Low;Low;0.48782455219090065;0.43032571602755898;0.081849731781540203
11777;111778;Medium;Medium;0.40153593539747701;0.43717607920769153;0.16128798539483155
6868;106869;Medium;Medium;0.19054643478187316;0.52089982650220146;0.28855373871592538
12957;112958;Low;Medium;0.3985450853588261;0.46648158432140846;0.13497333031976538
27574;127575;High;High;0.01565968704930262;0.21158088868197655;0.77275942426872102
9634;109635;Medium;Low;0.57606133857009156;0.37688940008479083;0.047049261345117555
34043;134044;Medium;Medium;0.25173944825417904;0.50435706532944957;0.24390348641637141
45898;145899;Medium;Low;0.5063362072221762;0.41866458420916003;0.074999208568663767
5388;105389;High;Low;0.48841857111024373;0.41656813413459737;0.09501329475515892
6267;106268;High;Medium;0.24618256905591326;0.51951617528655814;0.23430125565752855
14727;114728;Medium;Low;0.49417428320893103;0.40874738083695428;0.097078335954114844
23204;123205;Low;Medium;0.22363002531804252;0.504486665544983;0.27188330913697456
16543;116544;Low;Low;0.48928465664282333;0.43501541050292619;0.075699932854250501
11455;111456;Medium;Low;0.43922920528077192;0.43481782475204328;0.12595296996718483
10043;110044;Medium;Medium;0.21804077921116355;0.50047270916045616;0.28148651162838034
22510;122511;Low;Low;0.49590769963491543;0.42727415167901156;0.076818148686073048
3358;103359;Low;Medium;0.31138535866217798;0.50611115628283576;0.18250348505498634
39819;139820;Low;Medium;0.12641753669024053;0.48226366080844801;0.3913188025013114
42899;142900;Low;Low;0.48910677599084457;0.42980481353498007;0.081088410474175365
26645;126646;Low;Low;0.49164499439541265;0.43854374917802286;0.069811256426564522
12807;112808;Medium;Medium;0.32623632469967623;0.47619831272416091;0.19756536257616289
23540;123541;High;High;0.071964810025857931;0.33770242487444663;0.59033276509969546
28515;128516;Low;Medium;0.1819948842751854;0.50423436619329698;0.31377074953151757
5072;105073;Medium;Low;0.46832064429280446;0.43991947043028473;0.091759885276910924
5479;105480;Medium;Medium;0.41416309714419952;0.44193357787030213;0.14390332498549832
36935;136936;High;Medium;0.19155550143695152;0.45870918377124659;0.34973531479180187
32584;132585;Medium;Medium;0.28260337293873822;0.51545766050176844;0.20193896655949331
43202;143203;Medium;Medium;0.24300405198974309;0.51818125664118353;0.2388146913690733
1682;101683;Medium;Low;0.46027267178322018;0.44806380639160703;0.091663521825172914
2994;102995;Low;Low;0.46837603985517595;0.44594287713586583;0.085681083008958131
11518;111519;Medium;Low;0.67825385961862439;0.29469918584801402;0.027046954533361457
17111;117112;High;High;0.0025776584705387005;0.075843610981383786;0.92157873054807748
5804;105805;Low;Medium;0.37240609946950964;0.4892032397798286;0.1383906607506617
20780;120781;Medium;Low;0.59232783204244888;0.3595557094491621;0.048116458508389061
48369;148370;Medium;Medium;0.44448971916058455;0.4630958149737015;0.092414465865714057
29853;129854;Medium;Low;0.57928934764018203;0.37386744414282091;0.046843208216997077
45176;145177;Medium;Low;0.50998577414382062;0.42058753984741176;0.069426686008767544
10014;110015;Medium;Low;0.58865811653801847;0.36680170119667521;0.044540182265306358
14266;114267;Medium;Medium;0.32540777429717882;0.49505152369784028;0.17954070200498093
30349;130350;Medium;Medium;0.2259650884525165;0.50568318084465835;0.26835173070282509
41826;141827;High;High;0.10565417564832751;0.43857591790351291;0.45576990644815957
43722;143723;High;High;0.031825762407229563;0.24457670109696478;0.7235975364958056
12748;112749;High;High;0.064783069090022752;0.39922791819926723;0.53598901271071009
45368;145369;Medium;Low;0.56117923011642312;0.3845411589815968;0.054279610901980045
36801;136802;High;Medium;0.20036960643120727;0.49840675457292044;0.30122363899587234
6383;106384;High;Medium;0.37463645379555338;0.50332324680398588;0.1220402994004607
31250;131251;High;High;0.0048171389302392158;0.12462145279327727;0.87056140827648354
34026;134027;Medium;Medium;0.38549465900376101;0.48766317679268062;0.12684216420355854
46326;146327;Medium;Medium;0.19321022483714226;0.45039258048681052;0.35639719467604725
4615;104616;Medium;Low;0.52168036846390831;0.41417128612089682;0.064148345415194846
47830;147831;Low;Low;0.5562642325233057;0.3857225013796397;0.058013266097054574
4893;104894;Medium;Medium;0.36106776661818252;0.49781766916600734;0.14111456421581028
33947;133948;High;Medium;0.11614347652482999;0.48374277583765757;0.40011374763751245
22462;122463;Medium;Medium;0.41703297429062836;0.47295271886208323;0.11001430684728844
6462;106463;Medium;Medium;0.34434612991023456;0.45726980951511897;0.19838406057464653
12699;112700;Medium;High;0.090606842960314085;0.41811871750576257;0.4912744395339233
29141;129142;Low;Low;0.58508085405221244;0.35534781383436687;0.05957133211342068
20179;120180;Medium;Low;0.48668506258067723;0.43475790386334062;0.07855703355598212
11102;111103;Low;Medium;0.31824907713240713;0.49818501411754229;0.18356590875005069
5947;105948;Low;Low;0.56837936304185943;0.3679826378133465;0.063637999144794094
43692;143693;Low;Low;0.4689656523383936;0.43990218329516217;0.091132164366444196
32066;132067;Low;Medium;0.28652368911082815;0.50439295371906967;0.20908335717010212
42956;142957;High;Medium;0.30374659791968905;0.51591429529817501;0.18033910678213586
11233;111234;High;High;0.055297825284874716;0.35028459296016801;0.59441758175495729
20283;120284;Low;High;0.042750960646521494;0.32846547492012634;0.62878356443335226
12146;112147;Medium;Low;0.52121324721753026;0.4122616929806035;0.066525059801866279
38235;138236;Medium;Medium;0.26655163254578307;0.50910774026691918;0.22434062718729769
30960;130961;Medium;Medium;0.29744381825830507;0.50014889496383441;0.20240728677786052
9099;109100;Medium;High;0.082654337445214929;0.40203468291715316;0.51531097963763184
36526;136527;Medium;Medium;0.24760140205114028;0.5139620550266053;0.23843654292225447
38921;138922;Medium;Low;0.5930579620014711;0.35945824226596224;0.0474837957325666
29589;129590;Medium;Low;0.61023036059118163;0.34285269102899335;0.046916948379825144
22575;122576;Medium;Medium;0.40483061668464948;0.46079415428591336;0.13437522902943716
1159;101160;Medium;High;0.099388804784838539;0.43530419781674079;0.46530699739842069
6906;106907;High;Medium;0.10541689600845858;0.45209601662003601;0.44248708737150544
23942;123943;Low;Low;0.4473192567007464;0.42864166181772245;0.12403908148153109
19354;119355;Medium;Medium;0.13413266659077011;0.45701978903531504;0.40884754437391474
25495;125496;High;Medium;0.15946081604186166;0.48114765965288359;0.35939152430525462
42762;142763;High;High;0.050692487319005629;0.33480672913792536;0.61450078354306903
39331;139332;High;High;0.0030540742559091016;0.097440118456126101;0.89950580728796481
36675;136676;High;Medium;0.16602178779942606;0.43775185319266163;0.39622635900791237
41543;141544;Medium;Medium;0.20218512435914723;0.51523369380812145;0.28258118183273134
30470;130471;High;High;0.02620709680382757;0.26513882897745855;0.70865407421871374
12786;112787;Low;Medium;0.33909038364254102;0.50979984295481562;0.15110977340264337
37221;137222;Low;Low;0.50768878314277055;0.39591411158047307;0.096397105276756337
30940;130941;High;Medium;0.18740326701916343;0.50439630272180047;0.3082004302590361
46411;146412;Medium;High;0.090452502699573778;0.43260402433884926;0.47694347296157702
16358;116359;Low;Low;0.50461414029760721;0.40102830688099145;0.094357552821401347
21913;121914;Low;Medium;0.28475962953338868;0.4736631803976819;0.24157719006892933
28195;128196;Medium;Medium;0.29487536444000562;0.49244083429699298;0.21268380126300135
192;100193;Low;Low;0.53535191793143777;0.39676468355406153;0.067883398514500773
40343;140344;Medium;Low;0.53346540263835973;0.4052340958065338;0.061300501555106371
22111;122112;High;Medium;0.18214752941812856;0.48515008673679816;0.33270238384507328
49313;149314;High;High;0.045989263442705437;0.32470463812259176;0.62930609843470287
6922;106923;Medium;Medium;0.19584424550492466;0.49845239562026777;0.30570335887480765
39091;139092;High;High;0.075097717353748525;0.34183179672121167;0.58307048592503985
49733;149734;Low;Medium;0.38731317723843156;0.48680125451739265;0.12588556824417577
39791;139792;Medium;Medium;0.24391472442953685;0.53471541175517989;0.22136986381528323
13029;113030;Medium;Medium;0.44853869694753351;0.45392785619831771;0.097533446854148761
46614;146615;Low;Medium;0.34716184361078323;0.50793907030938401;0.14489908607983273
2049;102050;Medium;Medium;0.14639750257320447;0.49801777507249079;0.35558472235430483
29267;129268;Medium;Low;0.60576272740348069;0.34362047930055112;0.050616793295968181
15161;115162;Low;Low;0.58953800827685976;0.36393215677817486;0.046529834944965369
32763;132764;High;Medium;0.34805605908257115;0.49789794415664529;0.15404599676078362
38777;138778;Medium;Low;0.50117940031077601;0.42296573771038326;0.075854861978840837
26170;126171;Low;Low;0.55758707741430136;0.39337194440282491;0.049040978182873722
31424;131425;Medium;High;0.080887717216292385;0.40219927110447157;0.51691301167923609
41806;141807;Medium;Medium;0.33913755180138183;0.49545548029408454;0.16540696790453369
34452;134453;Low;High;0.096899834541962965;0.37083171871942494;0.53226844673861207
44679;144680;Low;Low;0.46186282920220667;0.41339616816153263;0.12474100263626087
43942;143943;Medium;Medium;0.385323317024103;0.4850641674971547;0.12961251547874222
16088;116089;Medium;Medium;0.42145727266230987;0.46425183613151877;0.11429089120617142
28883;128884;Medium;Medium;0.27931971505142961;0.50438408092178932;0.2162962040267811
2485;102486;Low;Low;0.5305303409770098;0.4023745180275356;0.067095140995454494
25915;125916;Medium;Low;0.52398804605022964;0.41202369393891836;0.063988260010851977
43012;143013;Medium;High;0.043861530282659635;0.32253724807061279;0.6336012216467275
23069;123070;Low;Medium;0.27544202361975739;0.52994587933411186;0.19461209704613075
24199;124200;Medium;Low;0.4866151411787486;0.4042867970965946;0.10909806172465669
29502;129503;Medium;Medium;0.22454708473594498;0.4562277972731586;0.31922511799089631
12495;112496;Low;Medium;0.38222634073174444;0.48191257217203104;0.13586108709622466
38350;138351;Medium;Medium;0.26162652860011332;0.52660307601989209;0.21177039537999465
31119;131120;Medium;Medium;0.1992611929852299;0.47057035722912316;0.33016844978564702
30824;130825;Medium;High;0.034565819140576395;0.29606951158133082;0.66936466927809279
11542;111543;Low;Medium;0.40124439921253502;0.48250880930455825;0.11624679148290683
17285;117286;Low;Low;0.55832200141029176;0.3880911677858575;0.053586830803850669
14986;114987;Medium;Medium;0.29886232764830234;0.52181854777723591;0.17931912457446175
45002;145003;High;High;0.020659567193629488;0.19525563282310188;0.78408479998326863
1451;101452;Low;Medium;0.31536257808183721;0.50749145728864642;0.17714596462951648
38241;138242;Low;Low;0.51232553845275797;0.41859349193361245;0.069080969613629667
32197;132198;Medium;Medium;0.21778518829855661;0.47027690020856472;0.31193791149287881
38218;138219;Medium;High;0.093775704479231572;0.38633218679635151;0.51989210872441693
4035;104036;Low;Medium;0.23085922552409999;0.50406733055729402;0.26507344391860599
4743;104744;Low;Medium;0.44121251282934043;0.44962738675349145;0.10916010041716816
13404;113405;High;High;0.00034228389372649529;0.031574370248961502;0.96808334585731193
14897;114898;Low;Medium;0.35532865727764329;0.49196424438208169;0.15270709834027504
28352;128353;Medium;Medium;0.43734694754757952;0.46030380214809269;0.1023492503043278
13878;113879;Medium;Medium;0.43828948842462645;0.4630620001685084;0.098648511406865313
35410;135411;High;Medium;0.36067735045906174;0.49952865901525495;0.13979399052568342
15596;115597;Low;Low;0.57040238295811208;0.3799796128003336;0.049618004241554325
1504;101505;Low;Medium;0.41594188694082429;0.46486187318789862;0.11919623987127712
2085;102086;Low;Low;0.59990401851441311;0.35562693669694984;0.044469044788636954
28171;128172;Low;Low;0.45757850929059063;0.42994911975641381;0.11247237095299562
24879;124880;Medium;Medium;0.4420699327356703;0.45906492679902206;0.098865140465307658
32256;132257;Low;Low;0.61439947402019146;0.34804881237227137;0.037551713607537146
792;100793;Medium;Medium;0.25969164740618839;0.52141421293322388;0.21889413966058774
28963;128964;High;Medium;0.24933627407037379;0.50507998617275351;0.24558373975687264
31039;131040;Medium;Medium;0.2793452793309209;0.44808296727701213;0.27257175339206696
27404;127405;Low;Medium;0.20758694218749962;0.4961844965528478;0.29622856125965258
43373;143374;Medium;High;0.0046547614678821752;0.11785435983568771;0.87749087869643005
31781;131782;Medium;Medium;0.15636510524049896;0.50541274427898264;0.33822215048051846
17652;117653;Medium;Low;0.51762201404598196;0.40131861947431818;0.081059366479699857
30866;130867;Low;Low;0.5368761368999394;0.40188748988900785;0.061236373211052755
40120;140121;Low;Medium;0.39764788772998344;0.47642691332175657;0.12592519894825993
36495;136496;High;High;0.0090667099024627114;0.15260718410111279;0.83832610599642454
46099;146100;High;High;0.0023090292886190742;0.070325155202724643;0.92736581550865627
7995;107996;Medium;Medium;0.32814501574193161;0.51280207320609594;0.15905291105197256
36129;136130;Medium;Medium;0.17296326740138471;0.49756117523627735;0.32947555736233802
37356;137357;Medium;Low;0.58005180571233805;0.37024395861533321;0.04970423567232856
46976;146977;Medium;Medium;0.18594814038517246;0.49556623740525158;0.3184856222095761
30949;130950;Low;Low;0.51048932876528352;0.42348352080114504;0.066027150433571519
30485;130486;Low;Low;0.46609797591194391;0.44670336936741278;0.087198654720643407
22556;122557;High;High;0.0008247508257263822;0.050397786188498925;0.94877746298577459
23082;123083;High;Low;0.47345955681853091;0.42530508879995882;0.10123535438151028
4660;104661;High;Medium;0.2119797504159612;0.51173475581680572;0.27628549376723305
25889;125890;Low;Low;0.46720502580545831;0.44367480644994128;0.089120167744600395
7184;107185;Medium;Medium;0.1297297619022498;0.45771944807554027;0.41255079002220996
29906;129907;Medium;Medium;0.17519091554255595;0.43517816859924391;0.38963091585820026
1701;101702;Low;Medium;0.38759879734922165;0.49387173649412558;0.11852946615665268
43371;143372;Low;Medium;0.3059528100451252;0.48196957175662269;0.21207761819825216
29478;129479;Medium;Medium;0.22767488632529251;0.46881616745552052;0.303508946219187
27769;127770;Low;Low;0.55039958521461185;0.39429039019276413;0.055310024592623935
37558;137559;High;High;0.10017655269057571;0.43128247249299068;0.46854097481643359
40061;140062;High;High;0.070700912119895667;0.39080808850246079;0.53849099937764355
35487;135488;Low;Medium;0.40921537559517984;0.45388536627750631;0.13689925812731382
27707;127708;Low;Medium;0.23196246939801454;0.50677507278721468;0.26126245781477075
17030;117031;High;High;0.023246224918366351;0.25900182560390705;0.71775194947772658
15320;115321;Low;Low;0.5156022840174681;0.40057946578298304;0.083818250199548694
34750;134751;Medium;High;0.14388929714762935;0.41937450715627622;0.4367361956960944
2595;102596;High;Medium;0.19948552754954843;0.44964496501851303;0.35086950743193868
43936;143937;Low;Medium;0.3322056421540901;0.51951772947119024;0.14827662837471964
48210;148211;High;Medium;0.35995009740903328;0.48240356451348027;0.15764633807748638
13577;113578;Low;Low;0.45916086270876821;0.43695046635159651;0.10388867093963521
8182;108183;High;Medium;0.17294497968941885;0.50435211796009227;0.32270290235048876
2161;102162;Medium;Medium;0.24338240492836832;0.50240217955067812;0.25421541552095356
25175;125176;Medium;Medium;0.32503432772378316;0.49968862147851878;0.17527705079769795
24561;124562;High;Medium;0.35279036018267651;0.49015359359822458;0.15705604621909883
19103;119104;Low;Medium;0.30164314477696358;0.51225649862917011;0.18610035659386628
22800;122801;Low;Low;0.49495573530902859;0.43602938714805928;0.069014877542912245
36860;136861;High;Medium;0.16332451691078662;0.47933154322616495;0.35734393986304852
36845;136846;Low;Low;0.45512072803751258;0.42518023621038664;0.11969903575210084
1494;101495;Low;Low;0.70797711662829599;0.26502960012781768;0.026993283243886505
2618;102619;Low;Low;0.47177085835693622;0.42729024551033812;0.10093889613272564
44053;144054;Medium;Medium;0.29849248094357445;0.51810914646597572;0.18339837259044992
6409;106410;Low;Low;0.46543433242294824;0.44107866673283391;0.093487000844217863
2297;102298;Low;Low;0.60597223752495588;0.35301187826239422;0.041015884212649997
19979;119980;Low;Medium;0.24694817402787958;0.51263349242048339;0.24041833355163708
42386;142387;High;Low;0.47632242244948575;0.43181640436259749;0.091861173187916895
13769;113770;High;High;0.044832420757085802;0.32536655574268675;0.62980102350022737
11690;111691;Medium;Medium;0.33248846526627102;0.51688729688648549;0.15062423784724341
36349;136350;Medium;Low;0.44864033805646308;0.44661303396057972;0.10474662798295713
18722;118723;High;Low;0.50019541539823198;0.43115372959443848;0.068650855007329467
9237;109238;Medium;Medium;0.22292648550626357;0.53613874533967898;0.24093476915405743
19334;119335;High;High;0.042414941002694093;0.32020924227105008;0.63737581672625587
38236;138237;High;High;0.048468124283153752;0.35212355207039614;0.59940832364645014
25690;125691;Medium;Medium;0.20919737730593083;0.46640079569820203;0.32440182699586712
3135;103136;Low;Medium;0.39391997660250039;0.47913547075225482;0.12694455264524479
44665;144666;High;High;0.022039800148791866;0.20202448014351262;0.77593571970769537
43029;143030;Medium;Low;0.51678748655217277;0.39642044591214742;0.08679206753567989
16087;116088;Low;Low;0.5994425728721009;0.35571883193907761;0.044838595188821502
12393;112394;Medium;Low;0.43913034737911344;0.43189706498495739;0.1289725876359292
36316;136317;Low;Medium;0.14063081119209431;0.46533495471809572;0.39403423408981003
32600;132601;Medium;Medium;0.14841938750861469;0.47307835298210155;0.37850225950928362
43499;143500;Medium;Medium;0.27852480287915371;0.52004039249942091;0.20143480462142541
40459;140460;High;High;0.044350664502972877;0.27383189432886479;0.68181744116816223
12731;112732;Low;Low;0.54497981380077831;0.39236917760875467;0.062651008590467017
47038;147039;High;High;0.10426797674108354;0.44708627737892487;0.44864574587999162
44544;144545;Medium;Medium;0.12071276699635639;0.4583913994560036;0.42089583354763999
27721;127722;Medium;Medium;0.21002234367906086;0.46171284737258633;0.32826480894835286
25577;125578;High;High;0.019703311420046311;0.22938492892402518;0.75091175965592849
21234;121235;Low;Medium;0.40871513628938771;0.4439751341249526;0.14730972958565969
5494;105495;Medium;Medium;0.23356710628023708;0.49674056257511201;0.26969233114465097
33644;133645;High;Medium;0.33396576074950146;0.49910770571313839;0.16692653353736023
49238;149239;High;High;0.057870926394579324;0.36391680415354771;0.57821226945187298
37324;137325;High;Medium;0.41837884463312097;0.45789199948205334;0.12372915588482571
5344;105345;Medium;Medium;0.16809628332980667;0.49710114262859628;0.33480257404159697
8973;108974;Medium;Medium;0.16293607155788212;0.49800652189703049;0.33905740654508731
39082;139083;High;High;0.10369565460322386;0.44632453204877015;0.44997981334800613
27880;127881;Low;Low;0.58502122837106885;0.36857899026703395;0.046399781361897104
32455;132456;Medium;Medium;0.26974430653293485;0.52407929414106913;0.20617639932599602
48339;148340;High;Medium;0.24579683656505835;0.47120097401320998;0.28300218942173172
24819;124820;Medium;Low;0.5916114281993744;0.36519171028627168;0.043196861514353972
30316;130317;High;Medium;0.13850978662503852;0.44258077039858701;0.41890944297637445
27856;127857;High;High;0.076347452246506922;0.39333116098516469;0.53032138676832841
43254;143255;Medium;High;0.10878954926447364;0.39559710658895647;0.49561334414656993
20038;120039;Medium;Medium;0.26429109470083939;0.46779852897806112;0.26791037632109949
29009;129010;Medium;Medium;0.44283739051832355;0.45749415830538565;0.099668451176290696
12540;112541;Low;Medium;0.35002452089010028;0.50058970739230391;0.14938577171759584
30618;130619;Medium;High;0.030165957394823119;0.28469031658964933;0.68514372601552753
48331;148332;Low;Medium;0.3751732885409606;0.45216990681438818;0.17265680464465125
40628;140629;High;High;0.081859522482661776;0.37599834353330519;0.5421421339840331
29737;129738;Low;Low;0.48970193081180402;0.4301277215310878;0.080170347657108107
47824;147825;Medium;Medium;0.32705760178108428;0.49246733407608861;0.18047506414282707
11482;111483;Low;Low;0.48935804061251503;0.43281913922454412;0.07782282016294087
38647;138648;High;Medium;0.44507045711276932;0.45946011427902977;0.095469428608200832
15355;115356;Low;Low;0.57200266765682983;0.38243037617940118;0.045566956163768928
45208;145209;Low;Low;0.60257384474515152;0.35632646830699438;0.041099686947854139
30164;130165;Medium;Medium;0.27822018074739341;0.51937708143122585;0.20240273782138068
851;100852;Low;Medium;0.27545387219062206;0.49702867514794041;0.2275174526614375
1517;101518;High;Medium;0.26769530565916339;0.51921164122227692;0.21309305311855969
13865;113866;Low;Low;0.57025237264907414;0.3779497660911833;0.051797861259742582
47172;147173;Low;Low;0.53780319072801863;0.40265694389639828;0.059539865375583152
47767;147768;Medium;Medium;0.38760914670367913;0.48453463018460935;0.1278562231117116
40371;140372;High;Medium;0.21249261128357355;0.50768502299228502;0.27982236572414149
7463;107464;Medium;Medium;0.12974472625232542;0.48265071897342127;0.38760455477425343
31583;131584;High;Medium;0.20223966255706446;0.53617286643377715;0.26158747100915847
1474;101475;High;High;0.087480267859621916;0.39504281976214167;0.51747691237823634
48507;148508;Medium;Low;0.58819080351777275;0.36319060837828449;0.048618588103942761
30992;130993;Medium;Medium;0.14018034431460788;0.48858384451512604;0.37123581117026611
6715;106716;Low;Low;0.56680982975988181;0.36808974262204708;0.065100427618071041
45702;145703;Medium;Medium;0.23510537314575117;0.46839033848107336;0.2965042883731755
18102;118103;High;High;0.033713791423972517;0.25040086903383746;0.71588533954219002
44940;144941;Medium;Medium;0.28598553885519257;0.50710434033731477;0.20691012080749266
15765;115766;Low;Low;0.55034980237690656;0.39425650466351897;0.05539369295957456
2425;102426;Medium;Low;0.47851159182051073;0.44455314278357333;0.076935265395915872
27159;127160;Low;Medium;0.31584025694414941;0.5144982353659372;0.16966150768991339
9291;109292;Low;Medium;0.41756804509357404;0.46977871790657849;0.1126532369998476
3798;103799;Low;Medium;0.3590384373116422;0.50207735907835183;0.13888420361000611
33840;133841;Medium;Medium;0.39305099700338963;0.47855596994297694;0.12839303305363328
49937;149938;High;High;0.0022106766139745083;0.07950999590144682;0.91827932748457874
40296;140297;High;Medium;0.29346087229570583;0.47670296101080067;0.22983616669349338
23392;123393;Low;Low;0.55175565529839066;0.38842846243466495;0.059815882266944474
21491;121492;Medium;Medium;0.39068968880724897;0.48515261399129883;0.12415769720145226
27510;127511;Medium;Low;0.57481755455703687;0.37507509350917673;0.050107351933786258
20217;120218;Low;Medium;0.22553448489476147;0.51223546000346276;0.26223005510177577
21032;121033;High;High;0.012916676769331489;0.19657424066731383;0.79050908256335461
9261;109262;High;Medium;0.15131438075637219;0.43311831015964486;0.41556730908398298
42867;142868;Medium;High;0.007072071421990617;0.14431624809137014;0.84861168048663926
41688;141689;High;Low;0.50462655487926356;0.40296155112858517;0.092411893992151342
11833;111834;Low;Low;0.50592653875189197;0.41853851393782632;0.075534947310281625
30441;130442;Medium;Medium;0.17253305614393588;0.44781303138526313;0.3796539124708011
4927;104928;Medium;Medium;0.20122313431672495;0.51298828740666003;0.28578857827661497
32948;132949;Low;Medium;0.33555443872203622;0.49543648689107106;0.16900907438689261
25096;125097;High;Medium;0.36108417463757647;0.46198461901024868;0.17693120635217496
47464;147465;High;Medium;0.37070220709324186;0.49722103784225247;0.13207675506450567
8517;108518;Medium;Low;0.51051281159123041;0.41499305563166905;0.074494132777100541
41421;141422;High;High;0.090849803099998683;0.4375890007682311;0.47156119613177028
30752;130753;Low;High;0.096798839566976033;0.42967806158050209;0.47352309885252181
24841;124842;High;High;0.066026437734133303;0.40014690255634194;0.53382665970952481
37264;137265;Medium;High;0.055525539745432173;0.35734238776238419;0.58713207249218358
23580;123581;High;Medium;0.38571212308508568;0.46803570363188951;0.14625217328302478
33661;133662;Low;Medium;0.21278300930832875;0.50572420318469724;0.28149278750697404
29191;129192;Medium;Medium;0.21776644392374339;0.51541729070338815;0.26681626537286846
32129;132130;High;Low;0.49113721148375;0.43452955271623628;0.074333235800013678
18152;118153;High;Medium;0.16060976928475976;0.4887229630221428;0.35066726769309742
25783;125784;Low;High;0.0094252907820550468;0.16336138740906961;0.82721332180887541
49945;149946;High;Medium;0.16581120464500568;0.49332027014782559;0.34086852520716876
9519;109520;Medium;Medium;0.2302092588070736;0.52888583795766397;0.24090490323526245
21960;121961;Low;Medium;0.31302582239174687;0.49629279910507601;0.19068137850317712
18165;118166;Medium;Medium;0.20972890148959558;0.51133905470605923;0.27893204380434528
33104;133105;Medium;Medium;0.29336838206159349;0.50620489854662154;0.200426719391785
28899;128900;Low;Medium;0.42259455486337344;0.46794517463926494;0.10946027049736168
11012;111013;Medium;Medium;0.31353926958468981;0.49749651916138038;0.18896421125392976
10354;110355;Low;Medium;0.36928068781004381;0.49325906736978081;0.13746024482017541
1679;101680;Low;Low;0.45192852920878823;0.44912490972043317;0.098946561070778538
16698;116699;Medium;Low;0.44911399380077366;0.4400591218461154;0.11082688435311094
44200;144201;High;Medium;0.29899869088071257;0.51434526953568327;0.18665603958360416
18038;118039;Medium;Medium;0.16419792572673411;0.47141638870184238;0.36438568557142359
33514;133515;Low;Medium;0.31743132013256198;0.51040258502669245;0.17216609484074558
16163;116164;High;Medium;0.19756993091692221;0.46410114114872347;0.33832892793435437
13446;113447;Low;Low;0.5625228188361342;0.37032790540829363;0.067149275755572155
41349;141350;Medium;Low;0.46585846336410502;0.45476297755413286;0.079378559081762209
12039;112040;Medium;Medium;0.24964260614026407;0.47484625902184568;0.27551113483789036
1580;101581;Low;Low;0.5752040075874999;0.37985582723525579;0.044940165177244286
1438;101439;Low;Low;0.53318963129559316;0.4057669306209678;0.061043438083439053
27970;127971;Low;Low;0.58399307880408191;0.36786318214848474;0.048143739047433361
25490;125491;Medium;Low;0.4696803436617969;0.43487925883848144;0.095440397499721635
37503;137504;Medium;Medium;0.096532989436645136;0.45692297742885107;0.4465440331345038
16899;116900;Medium;Low;0.61444996689183329;0.33228509611313067;0.053264936995036039
27295;127296;Low;Low;0.5172386856617609;0.41320096306475651;0.069560351273482604
40140;140141;Low;Low;0.62268916294172749;0.3420228860173356;0.035287951040936884
12136;112137;Medium;Medium;0.37583451627615461;0.49385002094660246;0.13031546277724301
8489;108490;High;High;0.025834914021067554;0.22853583549696513;0.74562925048196727
36500;136501;Medium;Low;0.59732317211648744;0.36202383252938586;0.040652995354126621
27233;127234;Medium;Low;0.54805770556382549;0.3970985705751558;0.054843723861018615
38096;138097;High;Medium;0.15286975688259696;0.49351949357150959;0.35361074954589339
25744;125745;High;Medium;0.42662300420414034;0.47254358834252341;0.10083340745333635
29384;129385;Medium;Medium;0.19307807356126058;0.50694603839514374;0.29997588804359571
46942;146943;Medium;Medium;0.30232595584538341;0.50376229919226179;0.19391174496235483
20744;120745;Low;Low;0.60793950726435086;0.35050605421516862;0.04155443852048045
19679;119680;High;Medium;0.13052948724513486;0.468355621083059;0.40111489167180603
188;100189;Medium;Low;0.58586507461504811;0.36794464879327621;0.046190276591675627
6745;106746;High;High;0.11506747581306508;0.39544684494871835;0.48948567923821656
15119;115120;High;High;0.0090904216214937831;0.16425024453904913;0.82665933383945711
7138;107139;Low;Low;0.63064345366121499;0.33683475955976422;0.032521786779020789
7165;107166;Low;Medium;0.18931276720852938;0.50959250336192374;0.30109472942954685
1148;101149;Medium;Low;0.55410285107139134;0.38928979658860485;0.056607352340003754
29350;129351;Low;Medium;0.40598743047642105;0.47321651039852441;0.12079605912505445
14638;114639;Medium;High;0.04998211981050836;0.34448133816317145;0.60553654202632012
6645;106646;Low;Low;0.63253180191496561;0.33502529495490507;0.032442903130129291
39852;139853;High;Medium;0.16663798040851849;0.48166057441442123;0.3517014451770602
21359;121360;Low;Medium;0.15854678512313666;0.4788955650052571;0.36255764987160627
15223;115224;High;Medium;0.31178865820646445;0.49686436731982864;0.19134697447370691
35593;135594;Low;Medium;0.28156560248810242;0.5124608610638749;0.20597353644802263
48981;148982;Low;Medium;0.23588629401315545;0.50213752773897757;0.26197617824786701
24893;124894;Medium;Low;0.48640536256204098;0.43278825843717222;0.080806379000786799
26777;126778;Low;Low;0.60832491303686353;0.32987489627843175;0.061800190684704812
43811;143812;Low;Medium;0.39820329544447158;0.48202697172820458;0.11976973282732388
10201;110202;Medium;Medium;0.32651393915801119;0.47155081647688379;0.20193524436510507
39270;139271;Low;Low;0.64841890086528831;0.30646636725664805;0.045114731878063627
18041;118042;High;Medium;0.42406388428386033;0.46146603355080895;0.11447008216533071
46587;146588;Low;Low;0.64040085336576058;0.32864272566193586;0.030956420972303524
7593;107594;Low;Low;0.60501036188715474;0.35156411204450988;0.043425526068335454
37438;137439;High;High;0.026018546989190827;0.25237712606969093;0.7216043269411182
13621;113622;Medium;Medium;0.21868740033058531;0.47835995420208505;0.3029526454673297
46625;146626;High;Medium;0.36734533542956277;0.50564214032289367;0.12701252424754356
9700;109701;Low;Medium;0.23552892436329903;0.46667813959326454;0.29779293604343654
28314;128315;High;Medium;0.17029410753599997;0.44407868759919022;0.38562720486480995
16401;116402;Medium;Low;0.59376375197372433;0.34645021431486672;0.05978603371140899
33802;133803;High;Medium;0.20323115775624789;0.51444054290002617;0.28232829934372583
5373;105374;Low;Low;0.49941007187093706;0.42370767787936581;0.076882250249697234
6702;106703;High;High;0.026707475025596773;0.24255814860518973;0.73073437636921346
21919;121920;High;Medium;0.31300051199066348;0.47918605977520989;0.20781342823412674
23657;123658;Low;Medium;0.23378939039590393;0.50683383281264405;0.25937677679145205
24935;124936;High;High;0.047562040274714321;0.29686745791628194;0.65557050180900378
10447;110448;Medium;Low;0.48128581451362168;0.40779293254715338;0.11092125293922493
3276;103277;Medium;Medium;0.17609144967521784;0.45697193472546721;0.36693661559931495
22413;122414;Medium;Medium;0.2545126419683863;0.45442252783885506;0.29106483019275858
11380;111381;Medium;Low;0.45178971641929039;0.44484073274208741;0.10336955083862219
12053;112054;High;Low;0.61182894847241187;0.35145236528508234;0.036718686242505835
20710;120711;High;Medium;0.23091483169109114;0.45006712099747731;0.31901804731143152
6411;106412;Low;Low;0.57438160115451453;0.37098174776885862;0.054636651076626935
41332;141333;High;Medium;0.35319806258662712;0.49245229176834859;0.15434964564502437
49173;149174;High;High;0.10170247329148192;0.36033831939011657;0.53795920731840152
7585;107586;Low;Low;0.49627894857609817;0.4029551390770067;0.10076591234689525
14023;114024;High;High;0.096377156586497287;0.44705188364054455;0.45657095977295808
29970;129971;Medium;Low;0.48811570377571695;0.43099762281072279;0.080886673413560248
24738;124739;Medium;Low;0.56203109130690265;0.3832531334645925;0.054715775228504737
28018;128019;High;Medium;0.2543441236590771;0.50520256738546476;0.24045330895545822
26767;126768;Medium;Low;0.52457338298335543;0.40995794856450718;0.06546866845213746
14355;114356;Low;Medium;0.40397273113485549;0.479173722465639;0.11685354639950549
6027;106028;Medium;High;0.064114988290285196;0.33486599506223524;0.60101901664747948
36401;136402;High;Medium;0.12519951690305156;0.46643359435790865;0.40836688873903976
14138;114139;High;Medium;0.22520075302643749;0.51292294704194996;0.26187629993161254
2878;102879;Low;Low;0.47419391771829739;0.43148958572314261;0.094316496558560128
34063;134064;Medium;Low;0.53046162590716051;0.40497465545871991;0.064563718634119666
19462;119463;Low;Low;0.49583215845806494;0.4282517149664854;0.075916126575449605
35209;135210;Medium;Low;0.68812127324557015;0.28659951008357615;0.025279216670853664
43192;143193;Medium;Medium;0.11092707505693421;0.44729324662257181;0.44177967832049408
21266;121267;Low;Low;0.51616247712749019;0.41708585685076044;0.066751666021749409
46744;146745;High;High;0.038635122463120064;0.30520523870494048;0.65615963883193951
526;100527;High;High;0.093534011634892097;0.41116256043160848;0.49530342793349935
1063;101064;Low;Low;0.4878333170844717;0.42877763435046434;0.083389048565064017
4468;104469;High;Medium;0.15251711025504031;0.47204112421250582;0.3754417655324539
29708;129709;Medium;Medium;0.31827708812463418;0.50007625504348407;0.18164665683188175
26763;126764;High;High;0.099161622729747281;0.42846374254820019;0.47237463472205249
7299;107300;Medium;Low;0.47432103523056762;0.43933902864935681;0.086339936120075678
36302;136303;High;High;0.019806868703606061;0.230057801552604;0.75013532974378994
31106;131107;High;Medium;0.41138097066450824;0.4680409640533314;0.12057806528216029
27997;127998;High;High;0.12966728161181465;0.42790030242590227;0.44243241596228317
6965;106966;Low;Low;0.64398898707326135;0.32478953243369701;0.031221480493041597
12459;112460;Low;Low;0.53229495523191073;0.40779300110234412;0.059912043665745242
37329;137330;Medium;High;0.035347560111209354;0.28989804131946795;0.67475439856932284
45921;145922;High;Low;0.66897502285198929;0.3026001823894478;0.02842479475856282
46798;146799;Low;Medium;0.40138464997251505;0.44271231707771785;0.15590303294976704
41151;141152;Low;Medium;0.44529344881214916;0.45126245685253258;0.10344409433531834
16398;116399;Low;Medium;0.41734235970264749;0.47333677783794065;0.10932086245941187
31375;131376;Medium;High;0.011009939676359326;0.16443650133299201;0.82455355899064875
23318;123319;Medium;High;0.021619668546123596;0.24216593300350256;0.73621439845037373
36492;136493;Low;Low;0.54249954990853422;0.38957653617137339;0.067923913920092296
35715;135716;Medium;Medium;0.43850974926110448;0.47315329137175516;0.088336959367140491
45674;145675;High;High;0.0010205975328532919;0.043741486335073611;0.95523791613207309
47128;147129;Medium;Medium;0.16612902602715882;0.51620335544073426;0.31766761853210701
33706;133707;Low;Medium;0.37965026715201056;0.4929413834246491;0.12740834942334028
35159;135160;High;Medium;0.098545907251677015;0.45302686782557522;0.44842722492274778
42015;142016;Medium;Low;0.53963577250881911;0.40175648016104681;0.058607747330134012
49898;149899;High;Low;0.49672363850792328;0.42831504090731154;0.074961320584765068
49633;149634;Medium;Low;0.46528046889887004;0.44458331493821751;0.090136216162912425
15519;115520;Medium;Medium;0.31974294773845058;0.4717643136637843;0.2084927385977651
46553;146554;High;High;0.00055290730074421767;0.040150366282346826;0.959296726416909
42058;142059;High;High;0.018106206690754308;0.22815416994329576;0.7537396233659498
40837;140838;High;Medium;0.43614418552964063;0.45965482289576948;0.1042009915745899
24063;124064;Medium;Medium;0.15606522630755587;0.48964983561723713;0.35428493807520695
20214;120215;Low;Medium;0.44013163038598202;0.4628591578088192;0.097009211805198822
34267;134268;Low;Medium;0.25858688271066904;0.52877010787016099;0.21264300941916997
40521;140522;Low;Low;0.53696518561035655;0.40052296733897985;0.062511847050663552
46170;146171;Medium;Medium;0.19118325627207525;0.50048740463011154;0.30832933909781318
24676;124677;Medium;Low;0.56903563308806004;0.37416081107210231;0.056803555839837747
33436;133437;High;Medium;0.44716940348384199;0.45658965877172158;0.096240937744436511
6582;106583;Medium;Medium;0.261250088607062;0.51529094195833003;0.22345896943460797
28099;128100;Medium;Medium;0.29284558160965324;0.51239278796606957;0.19476163042427722
49854;149855;Low;Low;0.6909534136948392;0.2865462215056484;0.022500364799512375
30603;130604;Medium;Medium;0.36639238078031994;0.49137702414078965;0.14223059507889041
16946;116947;High;High;0.0081679438953382744;0.14917767878118088;0.84265437732348092
7192;107193;Low;Low;0.64961510998566918;0.31849583663431352;0.031889053380017345
336;100337;Low;Low;0.52807654013799954;0.41135224388869152;0.060571215973308931
34770;134771;Low;Low;0.56303886555598293;0.3841840147165464;0.052777119727470671
45409;145410;Medium;Low;0.49037433437066885;0.41528907651267655;0.094336589116654435
21936;121937;Low;Medium;0.45115469661636581;0.45601552034848347;0.092829783035150701
46886;146887;Medium;Medium;0.31143262492247709;0.51002869109200577;0.17853868398551717
43973;143974;High;High;0.047673087291288503;0.32845588360368461;0.6238710291050269
8750;108751;Medium;Medium;0.4283880995717651;0.4663570236798712;0.10525487674836366
29914;129915;High;High;0.014802927017359283;0.21293719901538977;0.77225987396725093
28451;128452;Medium;Low;0.57462787894941281;0.36077607383146237;0.064596047219124833
38413;138414;High;Medium;0.15279265177010895;0.47966065441786243;0.36754669381202848
11967;111968;Medium;Medium;0.29644209315079573;0.46676016402353204;0.23679774282567223
23174;123175;Low;Medium;0.45050747878580893;0.45844629260032832;0.091046228613862759
20452;120453;Low;Low;0.54862923190319401;0.39389794270681083;0.057472825389995076
31570;131571;Medium;Medium;0.32661310441132474;0.47235016846002581;0.20103672712864942
28617;128618;Low;Medium;0.23592266757473823;0.50617631110451766;0.25790102132074411
16338;116339;High;Low;0.54241176604542807;0.39890772992639717;0.058680504028174686
24532;124533;Low;Medium;0.29257301101669925;0.50663641706079121;0.20079057192250957
4115;104116;Medium;Low;0.53114401554487067;0.40828770829098854;0.060568276164140858
18759;118760;Low;Low;0.5652584861212181;0.38212315259348079;0.052618361285301236
34892;134893;Medium;Medium;0.40379290353898167;0.4795516015456735;0.1166554949153449
19229;119230;Medium;Medium;0.32258524907259029;0.46169018583420574;0.21572456509320395
19418;119419;Medium;Medium;0.45214666415997495;0.45303748685498696;0.094815848985038018
15222;115223;Low;Medium;0.3721153690718535;0.45553167474524175;0.17235295618290472
8286;108287;Medium;Medium;0.23227640325174306;0.5127474590385821;0.25497613770967481
45626;145627;High;High;0.023071968668508656;0.25254670094302617;0.72438133038846519
43381;143382;Medium;High;0.099448640682443287;0.37571846802938308;0.52483289128817356
14422;114423;Medium;Medium;0.21915888148263549;0.49833225182828955;0.28250886668907493
37314;137315;Medium;Medium;0.24847253299006256;0.5128465714288527;0.23868089558108477
3642;103643;Medium;Medium;0.12972421680528029;0.43739110206873588;0.43288468112598383
45947;145948;Low;Medium;0.26118116276185449;0.51866108177799208;0.22015775546015337
25095;125096;High;Medium;0.1908239676327127;0.45825803307731389;0.35091799928997336
45283;145284;Medium;Medium;0.43044831871107919;0.45461502768318585;0.11493665360573499
16086;116087;Low;Medium;0.30667724655424239;0.50967783762820162;0.18364491581755604
1377;101378;Medium;Medium;0.29841305849429145;0.51085876436571831;0.19072817713999032
49405;149406;Low;Medium;0.20068277832180637;0.50534758036336913;0.2939696413148245
12620;112621;Medium;Medium;0.28309300049853509;0.51342308316201457;0.2034839163394504
11040;111041;High;High;0.078294675454601545;0.35528065809614895;0.56642466644924949
39703;139704;Medium;Medium;0.4034382953476629;0.47587714241060275;0.12068456224173435
20307;120308;Medium;Medium;0.36234487228011059;0.50219967276606647;0.13545545495382297
34931;134932;Low;Low;0.66801428533459806;0.29404223150260606;0.037943483162795867
45367;145368;Medium;Medium;0.22241710401392836;0.50359997181746163;0.27398292416861003
35647;135648;Medium;Low;0.50070475664657288;0.42489950246538538;0.074395740888041781
8675;108676;Low;Low;0.4655735983461784;0.44706426019308632;0.087362141460735315
30131;130132;Medium;Low;0.53411576403852667;0.38870192760556882;0.077182308355904408
41379;141380;High;Medium;0.30339540731434883;0.5038340801746819;0.19277051251096936
43163;143164;Medium;Medium;0.38867700337280042;0.49370917590706198;0.11761382072013762
27636;127637;Low;Low;0.53482314973413803;0.38779841534817144;0.077378434917690586
7214;107215;High;High;0.00078905046193995798;0.040255130752159349;0.95895581878590075
16190;116191;Medium;Low;0.62755557813286644;0.33469395230958471;0.037750469557548905
35943;135944;Low;Low;0.50427752739409737;0.41981591153119718;0.075906561074705489
3314;103315;High;Medium;0.27650589160698691;0.52640462452736558;0.19708948386564751
9148;109149;High;Medium;0.15593571159746392;0.47158778980762267;0.3724764985949135
7566;107567;Low;Low;0.44994765780111978;0.42166441853978559;0.12838792365909474
31239;131240;Medium;Medium;0.18374965703041271;0.49670337192165659;0.31954697104793067
5619;105620;Low;Low;0.54368087671659326;0.39909103881656777;0.057228084466838983
32786;132787;Medium;High;0.10902050356126256;0.43110736547151735;0.45987213096722013
14514;114515;Low;Medium;0.29209157227138982;0.4996625628732288;0.20824586485538135
40164;140165;Low;Medium;0.18690939060130651;0.50312404424088775;0.30996656515780568
38701;138702;Medium;Medium;0.26700650290746164;0.504356841989686;0.22863665510285247
4474;104475;Medium;Medium;0.21513925983851642;0.51025248440668225;0.27460825575480124
6660;106661;Medium;Medium;0.34580809246841543;0.47260505765273753;0.18158684987884699
9080;109081;High;Medium;0.27865327032679926;0.50421254419939998;0.21713418547380084
49862;149863;Low;Low;0.64692491128981888;0.32305421245756361;0.030020876252617575
18563;118564;Medium;Low;0.54923787907767574;0.39368123268933969;0.057080888232984628
33458;133459;Medium;High;0.025021840289730847;0.23358017778749637;0.74139798192277284
7895;107896;Medium;High;0.082427081918049497;0.4104375429182352;0.50713537516371521
14987;114988;Low;Medium;0.45463810838357843;0.45990320559671016;0.085458686019711461
19442;119443;Low;Medium;0.39295769931596508;0.47836877465346389;0.12867352603057094
6391;106392;Medium;Medium;0.44133508378082048;0.45238589392463902;0.10627902229454043
15421;115422;Medium;Medium;0.21808436918728571;0.51845768464525765;0.2634579461674566
39068;139069;High;High;0.10227431470440618;0.43846801172419969;0.45925767357139408
36674;136675;High;Medium;0.44166977447772771;0.45617361955809349;0.10215660596417864
37464;137465;Medium;Medium;0.19217749891911631;0.46405901425361451;0.3437634868272692
8723;108724;Medium;High;0.097910249476009389;0.43217490745929638;0.46991484306469422
38164;138165;Low;Medium;0.16348004510074121;0.49001530145715072;0.34650465344210796
10262;110263;Low;Low;0.49334850169949179;0.42102213862302906;0.0856293596774792
24171;124172;Medium;Medium;0.22236610873781276;0.50219552551258706;0.27543836574960023
13596;113597;Medium;Low;0.46313418530818701;0.42081984441333975;0.11604597027847324
38494;138495;Medium;Low;0.48216615866434909;0.43091539569710235;0.086918445638548586
286;100287;Medium;Low;0.63206846105528935;0.33300267827386626;0.034928860670844428
44860;144861;Low;Low;0.61778688191135067;0.34051691641477683;0.041696201673872474
29940;129941;High;Medium;0.28176747391297458;0.50813284225495903;0.21009968383206637
35092;135093;Medium;Medium;0.33152334174979053;0.49947156741383492;0.16900509083637463
35070;135071;Medium;High;0.1117264217560342;0.40832502799429382;0.47994855024967203
29774;129775;High;Medium;0.31109283297035051;0.51670384880185916;0.17220331822779034
11010;111011;Low;Low;0.51501674860415569;0.41704507696342674;0.06793817443241755
41807;141808;High;Medium;0.27219211898017159;0.5055006004561452;0.22230728056368321
40476;140477;Low;Medium;0.12264909483606148;0.45243539455352316;0.42491551061041544
10333;110334;High;Medium;0.33779937124344328;0.49948296691304861;0.162717661843508
22335;122336;Low;Medium;0.26010637986788876;0.4957878190938218;0.24410580103828933
41292;141293;Medium;Low;0.57228433604035511;0.37969020413932603;0.048025459820318854
19470;119471;Low;High;0.0098835399309057208;0.17595835343656585;0.81415810663252852
42349;142350;High;High;0.096321511858142764;0.42615759518585461;0.4775208929560027
30486;130487;Medium;Low;0.59605150667673168;0.35806114919887311;0.04588734412439515
4892;104893;High;Medium;0.34799286222030951;0.46312608375024661;0.18888105402944383
22342;122343;Medium;High;0.063175838639937545;0.38140767675980125;0.55541648460026127
7040;107041;Medium;Low;0.46298866160694047;0.44983663432216997;0.087174704070889453
37326;137327;High;Medium;0.1373956560694187;0.47827537813444732;0.3843289657961339
2079;102080;Low;Low;0.48140999224089054;0.43497113338725885;0.083618874371850657
19703;119704;Low;Low;0.61907186211744036;0.34246174317426775;0.038466394708291843
33172;133173;Medium;Medium;0.25905625578865449;0.51711507638626075;0.22382866782508473
14379;114380;Medium;Medium;0.2103224159294286;0.51929421384598207;0.2703833702245893
1762;101763;Medium;Medium;0.30053317895395087;0.51174443951064708;0.18772238153540197
39412;139413;High;Medium;0.17528287708596679;0.43665409230161606;0.38806303061241715
22583;122584;Medium;Medium;0.22941863121985612;0.51960898286595625;0.25097238591418769
20839;120840;Low;Medium;0.16033143213874596;0.44687512211777292;0.39279344574348118
44325;144326;Low;Low;0.47842402343181084;0.42901166043434907;0.092564316133840155
22380;122381;Medium;Medium;0.310825898751171;0.50449080430881998;0.18468329694000898
41634;141635;High;Medium;0.33227393253833654;0.48047702512595197;0.18724904233571152
27819;127820;High;High;0.098828396888352141;0.4094516208274146;0.4917199822842333
41433;141434;Medium;High;0.12453112093665819;0.41320801430421333;0.46226086475912848
21848;121849;Medium;High;0.030215481470437067;0.29000624928678415;0.67977826924277884
14713;114714;High;High;0.049242052691499921;0.36713245231854846;0.58362549498995153
43996;143997;Medium;Medium;0.3902283528941487;0.47405824114666395;0.13571340595918752
17091;117092;Medium;Medium;0.25049746845401549;0.5045096703312425;0.24499286121474198
4576;104577;Low;Low;0.55819114653016999;0.37212509915415387;0.069683754315676208
4665;104666;Medium;Medium;0.34742434896575952;0.46209993422413603;0.19047571681010439
33619;133620;Low;Medium;0.31006489894083433;0.50263467529505446;0.18730042576411124
38397;138398;Low;High;0.089195213193787551;0.40896370351586203;0.50184108329035038
4127;104128;High;Medium;0.16411709292028595;0.44558070056857413;0.39030220651113984
37788;137789;Low;Medium;0.3774973933574764;0.47914680733871517;0.1433557993038084
39197;139198;Medium;Medium;0.27873247410352775;0.47200222794559943;0.24926529795087282
1038;101039;High;High;0.054931986999577749;0.37271809112398557;0.57234992187643663
34861;134862;Medium;Low;0.49330650842342444;0.42330540079326445;0.083388090783311233
7538;107539;High;High;0.14003960046478217;0.42546628595803931;0.43449411357717849
5138;105139;Medium;Medium;0.31691020107706913;0.4995940438312278;0.18349575509170318
41818;141819;Medium;Low;0.68866876955857725;0.28536833280152379;0.025962897639898903
16844;116845;Low;Low;0.56569307523859858;0.38408298245578942;0.050223942305612099
38678;138679;Low;Medium;0.43708121948124651;0.46791605193349622;0.095002728585257226
17999;118000;Medium;Medium;0.27956239014629986;0.49523791464341232;0.22519969521028763
44959;144960;High;Medium;0.21657123605036033;0.51437112826267173;0.26905763568696794
16531;116532;Medium;Low;0.60402423860081256;0.3583678846164155;0.037607876782771964
30575;130576;Low;Medium;0.30835842855615464;0.52128182472964435;0.17035974671420098
37175;137176;Low;Medium;0.4421018856628271;0.45765232357758739;0.10024579075958556
28444;128445;Medium;Medium;0.18341653276007538;0.47569484840822873;0.34088861883169591
27479;127480;Medium;Medium;0.27671483506595684;0.51892173877184067;0.20436342616220249
44315;144316;Medium;Medium;0.22012020981716834;0.51305489726807563;0.26682489291475597
5606;105607;Low;Low;0.47268098734999436;0.44231756118155097;0.0850014514684546
8486;108487;Low;Low;0.47214293894753118;0.4203481647215474;0.10750889633092146
7981;107982;High;Low;0.58072375624560668;0.3771043880713309;0.042171855683062372
49689;149690;Low;Low;0.59348801776660542;0.36194872171089765;0.044563260522496921
32429;132430;High;High;0.0044642052443016143;0.095434147062970959;0.90010164769272738
5487;105488;Low;Medium;0.27043874338202861;0.51456160477588542;0.21499965184208605
46290;146291;Low;Low;0.46679918520621905;0.44269381221768284;0.090507002576098075
41895;141896;High;High;0.028295526080359071;0.28892240659202717;0.68278206732761371
13064;113065;High;Medium;0.40061181630733478;0.4904189432800653;0.10896924041260003
2358;102359;High;Medium;0.33508071401600908;0.49755960836714969;0.16735967761684112
8363;108364;Medium;Medium;0.1094497915034352;0.46088257680153633;0.42966763169502853
30167;130168;High;Medium;0.15540757388234319;0.44999322561342714;0.39459920050422959
28623;128624;Medium;Medium;0.35556304991517357;0.49484581850346265;0.14959113158136386
20770;120771;High;Medium;0.12762624490075244;0.47173586132950479;0.40063789376974268
25526;125527;Low;Low;0.57560368728891009;0.37943450270847079;0.044961810002619153
2778;102779;Medium;Medium;0.334925374083964;0.5027156675737473;0.1623589583422887
27488;127489;High;Medium;0.32529546958537614;0.50513438348589834;0.16957014692872549
2897;102898;Low;High;0.073051979253973526;0.4016711919079175;0.52527682883810889
23971;123972;High;Low;0.49416868619737492;0.42588623853211605;0.079945075270509008
41951;141952;Low;Medium;0.44288724780428307;0.46301237525274253;0.094100376942974268
16944;116945;Medium;Medium;0.32591408232082253;0.5037382358144743;0.1703476818647032
3592;103593;Medium;Low;0.57124142344552986;0.37832008955796559;0.05043848699650446
4813;104814;Medium;Medium;0.35675864138913765;0.50103841890465262;0.14220293970620965
47898;147899;Medium;Medium;0.21862388934041529;0.49810221215345807;0.28327389850612661
481;100482;Low;Low;0.43586556009348165;0.43418904470204223;0.12994539520447604
4796;104797;High;High;0.013172068690321866;0.16140834978489441;0.82541958152478356
39377;139378;Medium;Medium;0.41128450026091312;0.46909683489072873;0.11961866484835815
33833;133834;High;Medium;0.10044884602322382;0.45778916733065239;0.44176198664612382
49121;149122;Low;Medium;0.42376043980479194;0.47405086490400483;0.10218869529120313
17577;117578;Low;Medium;0.30505358343961059;0.50930691709301346;0.18563949946737601
19215;119216;High;High;0.028233808874598986;0.2626492279734296;0.70911696315197148
10760;110761;High;Medium;0.23814220434873334;0.52058206927880768;0.24127572637245892
13904;113905;Medium;Medium;0.30459806584815402;0.48357950198874222;0.21182243216310376
30451;130452;High;Medium;0.22523110566064156;0.47089781802713754;0.30387107631222082
27186;127187;High;Medium;0.15227903355607564;0.48518936022461207;0.36253160621931224
4025;104026;Medium;Low;0.50550673297605775;0.42111282445050496;0.073380442573437205
48692;148693;Low;Low;0.51090362370325837;0.40980860143241032;0.079287774864331348
13994;113995;Medium;Low;0.46427697202712293;0.44128161470917798;0.094441413263699023
14497;114498;High;Medium;0.27530272347548573;0.51371999572920579;0.21097728079530853
23773;123774;Medium;Medium;0.38749907864617955;0.4879358956310611;0.12456502572275929
48231;148232;Medium;Low;0.59943304292272437;0.35726245571741216;0.043304501359863447
47778;147779;Medium;Medium;0.3969425522361299;0.47714884680430042;0.12590860095956957
40206;140207;High;High;0.051761606880997194;0.31861434255730053;0.62962405056170234
27682;127683;Low;Low;0.51085023856144396;0.39750638100986962;0.091643380428686458
47940;147941;Low;Medium;0.36060583283576858;0.4890468573928558;0.15034730977137559
9539;109540;High;Medium;0.13481039386286314;0.46234618431179458;0.40284342182534227
26236;126237;High;High;0.0015786679796902377;0.071126340393721926;0.92729499162658791
46771;146772;High;Medium;0.19443798065286538;0.50499147755482243;0.30057054179231218
47428;147429;Low;Low;0.55564224074400292;0.3950222253062754;0.04933553394972167
15414;115415;Medium;Low;0.59518546522736882;0.35857293155261238;0.046241603220018766
15291;115292;Medium;Low;0.49080262684848547;0.43151172951386146;0.077685643637653054
6099;106100;Low;Medium;0.30526973548959135;0.5089809057111363;0.18574935879927235
35013;135014;High;Low;0.52753577005813135;0.41148426874043237;0.060979961201436256
22906;122907;Low;Low;0.51562416888214258;0.4197156298517184;0.064660201266139
47159;147160;High;High;0.024679411751831946;0.26412303876066873;0.71119754948749925
28846;128847;Medium;Medium;0.23535590109391943;0.50425368550118155;0.2603904134048991
25251;125252;Low;Medium;0.29880273871493374;0.48467762329204089;0.21651963799302534
34838;134839;Low;Low;0.55812229369730082;0.36053490540079197;0.081342800901907153
48344;148345;Low;Low;0.47073559433778345;0.42244842098988111;0.10681598467233555
5805;105806;High;High;0.010282675649618137;0.17086056579058573;0.81885675855979601
2745;102746;Low;Medium;0.42423187654958849;0.44794506365196995;0.12782305979844166
23545;123546;Medium;Medium;0.41763850122233315;0.47701391294146589;0.10534758583620098
49994;149995;High;Medium;0.12944420823850764;0.45948231087823033;0.41107348088326207
43956;143957;Medium;Low;0.51222251298829968;0.39765529118144061;0.090122195830259627
17705;117706;Medium;Low;0.50178016743030729;0.41766558516898722;0.080554247400705617
22689;122690;High;Medium;0.21552290288402018;0.48594533373430204;0.29853176338167764
40262;140263;Medium;Medium;0.42680392364348163;0.46586104986632287;0.10733502649019543
22667;122668;Low;Low;0.47305953795520594;0.437236417866608;0.089704044178186032
49566;149567;Medium;Medium;0.43886518407740033;0.46302254920607216;0.098112266716527494
15420;115421;High;High;0.06711268574423894;0.36612960784622456;0.56675770640953649
42484;142485;Medium;Low;0.69334209183096163;0.28325236043948571;0.023405547729552684
24267;124268;Medium;Medium;0.3969508865379433;0.44407538626232596;0.15897372719973071
41614;141615;Low;Medium;0.40702198735712936;0.45086069547214674;0.14211731717072401
30039;130040;High;Medium;0.39736651115272037;0.48812070708712235;0.11451278176015733
49001;149002;Low;Low;0.58734990180969304;0.34945351155384835;0.063196586636458468
40254;140255;Low;Medium;0.31905971027520824;0.50418606967012503;0.17675422005466673
8067;108068;Medium;Low;0.54322723093435088;0.38365387425094682;0.073118894814702254
21257;121258;High;High;0.06690509836991021;0.36967541983384028;0.56341948179624968
30304;130305;Low;Medium;0.38350202413665813;0.48079883140092899;0.1356991444624128
39206;139207;High;Low;0.44409629275761864;0.42867494116412991;0.1272287660782514
19297;119298;Medium;Low;0.54609248697042545;0.39469100977283877;0.059216503256735838
28261;128262;Low;Low;0.52271953558562334;0.41608815746140748;0.061192306952969108
44719;144720;Medium;Medium;0.32483143767002692;0.4934545959120602;0.18171396641791285
7539;107540;Low;Low;0.54195226930984031;0.39539591778268751;0.06265181290747214
12977;112978;Medium;Medium;0.33940146142034316;0.50767964886638162;0.15291888971327525
15093;115094;Low;Low;0.53431328879788853;0.40756724530710675;0.058119465895004593
44238;144239;Medium;Medium;0.16972534645584658;0.48701883308356647;0.34325582046058689
26103;126104;Low;Medium;0.41730151926101633;0.45954190283116098;0.12315657790782263
12873;112874;Medium;Medium;0.19717844542816607;0.5110476840459075;0.29177387052592646
39451;139452;Medium;Medium;0.13910446065477527;0.4814409459319125;0.37945459341331217
20853;120854;Medium;Low;0.49374488689486301;0.42735006637265838;0.078905046732478584
17037;117038;Low;Medium;0.38805046555818268;0.45629960091296279;0.15564993352885467
39528;139529;Medium;Medium;0.11154692659431292;0.46434237319627203;0.42411070020941516
15418;115419;Low;Medium;0.3381920402184535;0.50192001354862437;0.15988794623292216
8874;108875;Low;Low;0.51378739242722349;0.39638270823405464;0.089829899338721833
43661;143662;High;High;0.06082445445855323;0.36373300813754889;0.57544253740389795
15657;115658;Medium;Medium;0.19816547222361466;0.51449153039551121;0.28734299738087415
4239;104240;Low;Medium;0.43157060288136906;0.46723482690073453;0.10119457021789637
20254;120255;High;Medium;0.3685715366435513;0.45401439589367665;0.17741406746277208
25352;125353;Medium;Medium;0.21385028216748658;0.50830647187503286;0.27784324595748061
1687;101688;High;Medium;0.15403085688751528;0.48688654904326301;0.35908259406922166
6461;106462;Low;Medium;0.4342132727952438;0.46154177888720638;0.10424494831754991
18797;118798;Low;Low;0.57310532675715797;0.36892128650478917;0.057973386738052766
37815;137816;Medium;Medium;0.37389035250160796;0.49444441354715868;0.13166523395123325
37528;137529;Low;Low;0.52959340724961801;0.39483141664910176;0.075575176101280284
44313;144314;Low;Low;0.47870011647653127;0.44666876865477212;0.074631114868696613
44420;144421;Medium;Medium;0.24228974124824451;0.51397273406560851;0.24373752468614704
43384;143385;Medium;Low;0.5140338511347895;0.39806659709806491;0.087899551767145631
47507;147508;Medium;High;0.073452017109406756;0.3802279633948577;0.5463200194957355
26252;126253;High;Medium;0.14038195493544328;0.4688420071819866;0.39077603788257004
41423;141424;Medium;Low;0.48440667483239841;0.40772427410526457;0.10786905106233702
37222;137223;High;High;0.014146331031405633;0.19995945833187956;0.78589421063671494
14091;114092;Medium;Low;0.4670484029900876;0.4405350870079614;0.092416510001950974
20473;120474;High;Medium;0.16255492748227213;0.47507059708115096;0.36237447543657686
4222;104223;Low;Medium;0.24963615599257336;0.49817125240276039;0.25219259160466634
35099;135100;Low;Low;0.68950238984673196;0.2879130708421595;0.022584539311108428
20086;120087;Low;Medium;0.42084905669466688;0.47714538621185065;0.10200555709348248
23760;123761;High;Medium;0.16656168922056;0.50222889446856189;0.33120941631087814
24615;124616;Medium;Medium;0.34358430295990194;0.49658739007592284;0.1598283069641753
35639;135640;Medium;Medium;0.43425645400653767;0.45838667379894293;0.10735687219451943
26741;126742;Medium;Medium;0.32924154315731563;0.49966478660798952;0.17109367023469482
20148;120149;Low;Low;0.56176739824250077;0.38369688301074228;0.054535718746756986
25906;125907;Medium;Medium;0.2006068780565233;0.50591780089587857;0.2934753210475981
42521;142522;Medium;Low;0.58047930882983312;0.37702692366307855;0.042493767507088401
20593;120594;Low;Medium;0.31080931066924794;0.50493585049549339;0.18425483883525867
10198;110199;Low;Medium;0.21221173362038312;0.52235542696396364;0.26543283941565327
24360;124361;Low;Medium;0.30599460582641991;0.47952570270121575;0.21447969147236431
23963;123964;Low;Low;0.5071148334072888;0.42288943902957654;0.069995727563134699
32754;132755;Low;Low;0.67575246236790321;0.29774290504959416;0.026504632582502744
22116;122117;Low;Low;0.5398296430708811;0.39766820832011501;0.062502148609003882
26790;126791;Low;Medium;0.37771237328614216;0.4882393959068414;0.1340482308070165
13020;113021;Medium;Low;0.51897770207592686;0.38963783967326193;0.091384458250811262
8384;108385;Medium;Medium;0.26140245966965781;0.52822166726160658;0.21037587306873565
18911;118912;Medium;Medium;0.42467982669314935;0.46231932108857043;0.1130008522182802
15689;115690;High;High;0.11342927690321848;0.43889687332340815;0.44767384977337338
28993;128994;High;High;0.060144907360083433;0.36098374894858581;0.57887134369133075
33123;133124;Low;Low;0.61689750186138459;0.34348753800372517;0.039614960134890333
9412;109413;Medium;Low;0.56033710022288252;0.38720526578999065;0.052457633987126835
36711;136712;High;High;0.033872580811824309;0.30134646464849879;0.66478095453967689
29199;129200;Low;Low;0.46429847935553992;0.43985576951790767;0.095845751126552345
31519;131520;Low;Low;0.60662374254898288;0.33929385404913348;0.054082403401883632
6320;106321;Medium;Medium;0.2194997732683851;0.5179416663715195;0.26255856036009545
12675;112676;Low;Medium;0.37772451741244728;0.48476219900316697;0.13751328358438583
4518;104519;Medium;High;0.13249287866129197;0.41948759560169541;0.44801952573701259
45406;145407;High;High;0.11529272258394364;0.38011287473930711;0.50459440267674927
32556;132557;High;High;0.0026844327654243676;0.076030262700981455;0.92128530453359414
35678;135679;High;High;0.03591211970466849;0.30570894295820139;0.65837893733713015
27471;127472;Medium;Medium;0.41505602692330212;0.47079430256750393;0.11414967050919399
498;100499;Medium;Medium;0.31388553865395524;0.45662794640266541;0.22948651494337929
28351;128352;Medium;Low;0.49364570125338392;0.42993249608664452;0.076421802659971588
31496;131497;Low;Low;0.46509551988527337;0.44015543034878113;0.09474904976594567
40570;140571;Low;Low;0.52592192501640633;0.41381077110829539;0.06026730387529812
3994;103995;Medium;Low;0.59434816679564462;0.35994970999117593;0.045702123213179499
4984;104985;High;Medium;0.36916869012301357;0.48828020784432596;0.14255110203266039
4819;104820;Medium;Medium;0.4080174692108729;0.48669690038479674;0.10528563040433028
35370;135371;High;High;0.00073582469642370911;0.045619314410326121;0.95364486089325007
21075;121076;High;Medium;0.38008294438696011;0.49664205834108083;0.12327499727195911
45636;145637;Medium;Medium;0.41184520026956822;0.4600679045188355;0.12808689521159627
46176;146177;High;High;0.10580059162646226;0.38610056748437993;0.50809884088915791
19783;119784;High;High;0.00085982443151066306;0.050278866998903618;0.94886130856958584
31198;131199;Medium;Medium;0.39050603775774251;0.48058066704619623;0.12891329519606134
14685;114686;High;High;0.0013325407269410526;0.05447356162883072;0.94419389764422823
42353;142354;High;Medium;0.19359545600957478;0.5055083336913927;0.30089621029903263
27933;127934;Medium;Medium;0.25856157262260021;0.50943736783385618;0.23200105954354364
37524;137525;Medium;Low;0.54412417218312081;0.40743029390262292;0.048445533914256177
45655;145656;Low;Medium;0.37260267387423091;0.49729571177641385;0.13010161434935522
12634;112635;High;High;0.032879578093319664;0.29325447361368884;0.67386594829299151
15622;115623;Low;Medium;0.35436857718577147;0.49893559640550605;0.1466958264087225
19445;119446;Low;Low;0.60933140878676728;0.35109812793855927;0.039570463274673479
4649;104650;Medium;Medium;0.33485125195662513;0.47301532353340731;0.19213342450996743
33331;133332;Medium;Medium;0.11250173675787577;0.44978985406867505;0.43770840917344905
1236;101237;Low;Low;0.52270207932358981;0.39696582718674189;0.080332093489668369
21765;121766;Low;Medium;0.34113440057241762;0.45717152929682353;0.20169407013075882
19680;119681;Medium;Medium;0.44882450021327186;0.45441490393517203;0.096760595851556094
5894;105895;Medium;Medium;0.34727200806125658;0.49368430667578161;0.15904368526296189
12494;112495;Medium;Low;0.54140564486388254;0.4026672830019265;0.05592707213419093
2071;102072;Medium;High;0.079523562915956414;0.40321652504057071;0.51725991204347288
979;100980;High;Medium;0.34576792902305825;0.48642742660613475;0.16780464437080703
47036;147037;Medium;Medium;0.23335646744893304;0.52947172351251415;0.23717180903855284
25282;125283;Medium;Low;0.47774278555280547;0.4146500344495555;0.10760717999763895
4011;104012;Low;Medium;0.14644808900785627;0.47957831531011424;0.37397359568202942
23606;123607;Low;Low;0.63726937588114208;0.32805595345317246;0.034674670665685525
38467;138468;Low;High;0.067266473646680411;0.38267293089784493;0.55006059545547448
36829;136830;Medium;Low;0.52907061904062591;0.40956473100358948;0.061364649955784681
2518;102519;High;High;0.12927019565312139;0.42132227820476009;0.44940752614211849
46342;146343;Low;Medium;0.3386287292522519;0.50720411908409579;0.15416715166365236
48712;148713;Low;Medium;0.34409135187271239;0.5010521872821363;0.15485646084515134
4215;104216;High;Medium;0.37421205506056132;0.49571819931879019;0.13006974562064852
32438;132439;High;Low;0.67449708284485677;0.29789726816616574;0.027605648988977383
42166;142167;Low;Medium;0.26292656756009397;0.52708438569804805;0.209989046741858
39406;139407;Medium;Medium;0.30184713038780786;0.50167385722984514;0.196479012382347
9255;109256;High;Medium;0.19876119413650281;0.48582391834823885;0.31541488751525842
26387;126388;Medium;Medium;0.33606650029586044;0.51467776031143031;0.14925573939270922
6243;106244;Medium;Low;0.4405217798871795;0.43796170529603518;0.12151651481678526
11666;111667;Medium;Low;0.47242343143819415;0.43226123278871226;0.095315335773093549
3178;103179;Medium;Medium;0.24649392516029811;0.51760888971638885;0.23589718512331306
32069;132070;Low;Low;0.49886729106161987;0.42243314158089607;0.07869956735748411
49108;149109;Medium;Medium;0.4065943015342906;0.4747585479524018;0.11864715051330749
29503;129504;Low;Low;0.49306916476191004;0.41160827297755465;0.095322562260535357
12108;112109;Low;Low;0.57379340675879253;0.38054772594727926;0.045658867293928179
19099;119100;Medium;High;0.029117290849136182;0.23951707582182344;0.73136563332904037
29651;129652;Medium;High;0.093497935025965956;0.42841575082410815;0.47808631414992592
18757;118758;Low;Medium;0.35452546815939934;0.49027856125435587;0.15519597058624474
1340;101341;High;High;0.0011595429789277702;0.060910740263223878;0.93792971675784831
31970;131971;Low;Low;0.53691899101036666;0.3973864877526575;0.065694521236975792
38310;138311;Low;Low;0.52291753840042321;0.41723443478708105;0.059848026812495819
3291;103292;Low;Low;0.57137922482930681;0.37592538765571604;0.052695387514977217
11680;111681;Low;Medium;0.30542824971064925;0.50937604245257573;0.18519570783677503
45420;145421;Low;Medium;0.32723743709284014;0.50787614264747094;0.16488642025968894
7621;107622;Low;Medium;0.38720169825866313;0.45100786363501372;0.16179043810632315
64;100065;Low;Medium;0.26709134867119261;0.51772555143268362;0.21518309989612375
6280;106281;Medium;Medium;0.16083797375963782;0.4850128444492211;0.35414918179114113
43884;143885;Medium;Medium;0.38705282979615802;0.47644493782207803;0.13650223238176412
5912;105913;Low;Low;0.65038577752786775;0.31399037953542192;0.035623842936710309
13458;113459;High;High;0.13346840164602358;0.40298154540934811;0.46355005294462842
21873;121874;Low;Low;0.65903975394182845;0.31508191200442109;0.025878334053750472
26989;126990;Medium;Medium;0.41965323005870975;0.47238281587161718;0.107963954069673
47877;147878;High;Medium;0.14209741437940532;0.47590403209954318;0.38199855352105155
35691;135692;Low;Medium;0.43396353069475174;0.45194704444227496;0.11408942486297328
41787;141788;Low;Low;0.53649638270072908;0.39635817574896898;0.067145441550301957
19866;119867;High;Medium;0.10397877297322067;0.45187958272820378;0.44414164429857561
14474;114475;Medium;Medium;0.37078182887555555;0.48661243415627353;0.14260573696817086
25417;125418;Medium;Medium;0.32135187331332182;0.48808391450083904;0.19056421218583916
17483;117484;Low;Medium;0.45169248707630444;0.4591707597653808;0.089136753158314777
29038;129039;Medium;Medium;0.37974030069497317;0.47865016198638505;0.14160953731864173
44731;144732;Medium;Medium;0.20303195163757737;0.48986656911005777;0.30710147925236492
11977;111978;Low;Low;0.47283607563188307;0.44008147766744105;0.087082446700675886
23637;123638;Medium;Low;0.55481599154186778;0.39001174338814854;0.055172265069983691
40773;140774;High;High;0.045952689505586994;0.34623187422940366;0.60781543626500945
44332;144333;Low;Medium;0.29252914423124793;0.48660313685214235;0.22086771891660981
3034;103035;High;High;0.051249515083304616;0.33619575704720617;0.61255472786948928
3111;103112;High;High;0.023156293905208344;0.26266410793181549;0.71417959816297605
48168;148169;Medium;Medium;0.40261841611303673;0.45433068350781913;0.14305090037914406
24449;124450;Medium;High;0.13667770357206868;0.43069556060318642;0.43262673582474481
3437;103438;Low;Low;0.5045906368901325;0.42257462652513028;0.072834736584737117
25394;125395;Medium;Medium;0.26428789447963635;0.51727944665953229;0.21843265886083132
35019;135020;Medium;Medium;0.36393753514809007;0.49834783952060174;0.1377146253313081
29428;129429;High;Medium;0.27192546557805031;0.51318357935609249;0.21489095506585726
30156;130157;Medium;Medium;0.26334389837810246;0.52139736481827936;0.21525873680361815
14526;114527;Low;Low;0.47348711555454709;0.43924521017603035;0.08726767426942246
38978;138979;Low;Low;0.47111376926514914;0.42359559061559793;0.10529064011925282
5597;105598;Low;Medium;0.25553384578491145;0.50334041396656504;0.24112574024852346
41209;141210;High;High;0.042533103353594177;0.26181951759715172;0.69564737904925411
32606;132607;Medium;Low;0.49882637190775608;0.4288635076562573;0.072310120435986724
39287;139288;Medium;Medium;0.31222341913022267;0.50030176108641866;0.1874748197833587
41816;141817;Medium;Medium;0.34667837091183296;0.45838790653231998;0.19493372255584704
44044;144045;High;Medium;0.18100206291999404;0.47534042465899906;0.34365751242100689
33372;133373;Low;Medium;0.24867440087567635;0.49264965769084945;0.25867594143347411
29640;129641;High;High;0.00050395150573817832;0.032793048714055639;0.96670299978020613
34622;134623;Medium;Medium;0.20094316648743815;0.49606884094775755;0.30298799256480446
45644;145645;Medium;Low;0.47471113503274215;0.43397220581232909;0.091316659154928662
21011;121012;Medium;Low;0.54613868986221648;0.39704959823868935;0.05681171189909423
44195;144196;Low;Low;0.47899269095945896;0.4362448188394184;0.084762490201122628
35645;135646;Low;Medium;0.26400825529363742;0.5282869784430787;0.20770476626328385
35216;135217;High;Medium;0.34912454762637307;0.49339560478301908;0.15747984759060785
43090;143091;Medium;Medium;0.32855038421269045;0.4939410077796022;0.17750860800770729
28668;128669;Medium;Low;0.47945014369889405;0.43548335853507336;0.085066497766032589
20356;120357;Low;Low;0.4910226726323943;0.41119368920007338;0.097783638167532286
7961;107962;Low;Medium;0.33853722072242309;0.48537554094777707;0.17608723832979989
35417;135418;Low;Low;0.47548232229607568;0.42250224413988702;0.10201543356403737
47350;147351;Medium;High;0.10237817110454046;0.43360857802463748;0.46401325087082207
27403;127404;Medium;Low;0.6892006032362552;0.28977455889694825;0.021024837866796601
27425;127426;Medium;Medium;0.27911371435773075;0.51472780572452437;0.20615847991774491
5767;105768;Low;Low;0.51027329110947395;0.42062141924622215;0.069105289644303902
24282;124283;High;Low;0.56632654164250018;0.38013286310077515;0.05354059525672461
20735;120736;Low;High;0.036223250662909684;0.29858650530370129;0.665190244033389
10606;110607;Medium;High;0.0014197828328394865;0.056668176178876116;0.94191204098828429
36701;136702;Low;Medium;0.40879646609264525;0.47898201552048403;0.11222151838687081
31796;131797;High;High;0.035789204451131373;0.29227473263440756;0.67193606291446095
45557;145558;Medium;Low;0.53818848623101279;0.39842578403289575;0.063385729736091551
26584;126585;Low;Medium;0.35916113548052953;0.49292656842871935;0.14791229609075107
43232;143233;Low;Medium;0.34994794833245702;0.50024405118058335;0.14980800048695964
8984;108985;High;Medium;0.42858321538161304;0.44890098235698578;0.1225158022614012
44823;144824;High;High;0.0007388035731565667;0.047155632085501546;0.95210556434134175
36621;136622;High;Medium;0.27542296429739677;0.51136392119699026;0.21321311450561298
26253;126254;High;Medium;0.25074369904651317;0.51709332134395125;0.2321629796095355
43054;143055;Medium;High;0.036766636051421782;0.24733165465294066;0.71590170929563757
21853;121854;High;Medium;0.20723268726108054;0.50131490168252169;0.29145241105639785
30468;130469;Low;Low;0.52791013631328565;0.41167140254645529;0.060418461140259054
10546;110547;High;Medium;0.23774919492750557;0.44255068849080798;0.31970011658168646
40649;140650;Medium;Medium;0.16433199451004901;0.48521739536268832;0.35045061012726286
12989;112990;Low;Medium;0.22867178058076582;0.53758489587770686;0.23374332354152741
37014;137015;Medium;High;0.055109283088371055;0.34162715784768882;0.60326355906394014
27075;127076;Low;Medium;0.38060385530518209;0.47973832968501334;0.13965781500980445
6990;106991;Low;High;0.058085431026026577;0.34855160675280494;0.59336296222116858
22238;122239;Medium;Medium;0.25853725167919345;0.52696348754126754;0.21449926077953899
15702;115703;Medium;Medium;0.10564462524470714;0.45139495705963451;0.44296041769565853
8791;108792;Medium;Low;0.56831791828011713;0.37902274393354485;0.05265933778633794
33250;133251;Medium;Low;0.50760977892826498;0.42605704686478718;0.066333174206947704
3807;103808;Medium;Low;0.56069343723676346;0.38586367406134681;0.053442888701889665
41059;141060;Low;Low;0.45478108328922368;0.44353373074243141;0.101685185968345
48049;148050;High;High;0.094402834295803137;0.43193338495648276;0.47366378074771404
33124;133125;Medium;High;0.13678637708773103;0.42034526357181135;0.44286835934045748
496;100497;Medium;Low;0.65337533170405193;0.31499674391933807;0.031627924376609919
206;100207;Medium;Low;0.49563835158097114;0.42880058710474378;0.075561061314285111
5076;105077;Medium;High;0.055807842855165907;0.34391488693236288;0.60027727021247124
4725;104726;High;High;0.05890002635942361;0.37567110352042588;0.56542887012015042
9540;109541;Medium;High;0.0024043573136135529;0.083522145083198954;0.91407349760318746
19211;119212;High;High;0.15583427877433104;0.41739149009046173;0.42677423113520735
23687;123688;High;Medium;0.42627897044293456;0.46011090133564747;0.113610128221418
33197;133198;Low;Medium;0.38275510769957066;0.49546094149227871;0.12178395080815044
17061;117062;Low;Low;0.48625838549289802;0.43845512754123828;0.075286486965863611
21651;121652;Low;Low;0.57960053061527861;0.36747937280896897;0.052920096575752452
17948;117949;Low;Medium;0.2739821005826909;0.47191381435840274;0.25410408505890625
11325;111326;Low;Medium;0.39795210757859723;0.46988112795648673;0.13216676446491596
31920;131921;Low;Medium;0.30925152813524059;0.5204984605540689;0.17025001131069051
23162;123163;High;Medium;0.30280069972200629;0.50489131443147139;0.1923079858465222
49206;149207;Medium;Medium;0.38823029629759714;0.48649510131939661;0.12527460238300622
903;100904;Low;Low;0.66649707332731456;0.30507092808214925;0.02843199859053612
37482;137483;Medium;Medium;0.35721657828978165;0.50532540784261126;0.13745801386760706
42932;142933;Low;Low;0.54056585453334682;0.40363330560331501;0.055800839863338218
26596;126597;Low;Medium;0.35328136484379258;0.48921476684501669;0.15750386831119081
15216;115217;Low;Medium;0.3271069997297758;0.50863045893242542;0.1642625413377988
48543;148544;High;High;0.0030475846023730298;0.092027735985537873;0.90492467941208898
14993;114994;High;High;0.0095401513977456491;0.15806020925003572;0.83239963935221861
419;100420;Medium;Low;0.47950586959832858;0.41660828889985491;0.10388584150181644
28523;128524;Medium;Medium;0.11683126370264681;0.44762948337925701;0.43553925291809614
45909;145910;Low;Medium;0.26562227181498954;0.49246004783463565;0.24191768035037475
37818;137819;Medium;Medium;0.12549773184769544;0.47524058651799833;0.39926168163430631
28836;128837;Low;Medium;0.37175029597599724;0.49893281938191381;0.1293168846420889
43624;143625;Medium;Medium;0.16535037245398879;0.50088819239470084;0.3337614351513104
35958;135959;Medium;High;0.091152788599681206;0.35332598369419871;0.55552122770612
255;100256;Low;Medium;0.22492393141537598;0.47046191662914572;0.30461415195547831
2984;102985;Medium;Medium;0.29080361483180006;0.50423483566813154;0.20496154950006837
9373;109374;Medium;Low;0.51152752908683585;0.41832945790817466;0.070143013004989568
7147;107148;Medium;High;0.11358769439781746;0.44271876553023476;0.44369354007194778
45593;145594;Medium;Low;0.45301391722515544;0.45259140753658839;0.094394675238256259
37039;137040;Medium;Low;0.53612119084505327;0.39245131529281263;0.071427493862134095
200;100201;Medium;High;0.12316629351191083;0.40365093785892686;0.47318276862916236
30623;130624;Medium;Medium;0.36453574635798619;0.5076558750814909;0.12780837856052291
6573;106574;Low;Medium;0.43166857307338269;0.45580436529192347;0.11252706163469389
7156;107157;High;Medium;0.39954493169872124;0.48649361102682992;0.11396145727444884
24556;124557;High;High;0.0007100881346655027;0.045718723267921577;0.95357118859741274
7201;107202;High;High;0.0037748000494334747;0.10691620171369687;0.8893089982368696
1437;101438;High;Medium;0.40920836773567137;0.47451740151276955;0.11627423075155909
43615;143616;Medium;Medium;0.28688839611196609;0.52473522280409002;0.18837638108394386
4962;104963;Low;Medium;0.3494952166343675;0.49035847799447718;0.16014630537115535
6574;106575;High;Medium;0.26768758192359937;0.50281581699749689;0.22949660107890368
8888;108889;Medium;Medium;0.38809046837863115;0.48931361799990797;0.12259591362146095
5941;105942;Medium;Low;0.49283380387075082;0.41487747982230855;0.092288716306940508
5694;105695;Low;Medium;0.31942441647604342;0.50872800185734157;0.17184758166661507
4522;104523;High;Medium;0.31226970318318897;0.51488423043917031;0.17284606637764072
15858;115859;Medium;Medium;0.23792642583271964;0.50253998847241255;0.25953358569486779
10849;110850;Medium;Medium;0.45021110185948626;0.45982690049092007;0.0899619976495937
29248;129249;Medium;Medium;0.29329432091171015;0.51238345581757394;0.1943222232707158
46282;146283;High;High;0.053623684270351447;0.30971585324305168;0.6366604624865968
30313;130314;High;Medium;0.27629111007770935;0.50290895925399748;0.22079993066829318
47371;147372;Low;Medium;0.29184014136287606;0.51822559932920342;0.18993425930792046
11258;111259;Medium;Medium;0.25134515344675828;0.51150502808576259;0.23714981846747915
28609;128610;Medium;Low;0.50909330198855141;0.42363205479127036;0.067274643220178246
1093;101094;Medium;High;0.073107323244782668;0.39142360361747397;0.53546907313774328
28682;128683;Medium;Medium;0.24834431697131554;0.50433299207079552;0.24732269095788897
39165;139166;Medium;Low;0.43203599806900722;0.43129460677551607;0.13666939515547674
36857;136858;Medium;Medium;0.36466300202634583;0.46178735665238707;0.17354964132126716
48943;148944;High;High;0.11016008962856072;0.44410756851949756;0.44573234185194166
41442;141443;Medium;Medium;0.10526817426140538;0.44783226090136297;0.44689956483723153
4475;104476;Medium;Low;0.45200343639868906;0.43043228137459055;0.11756428222672026
13694;113695;Medium;Low;0.47063435419349914;0.4435148281980501;0.085850817608450716
28395;128396;Medium;High;0.040780979086661173;0.32414064377459417;0.63507837713874471
16344;116345;Low;Medium;0.38552049910980946;0.49190252843765764;0.12257697245253292
2458;102459;Low;Low;0.58440825338278035;0.36816609602953076;0.047425650587689029
21869;121870;Low;Medium;0.12849786250286027;0.49419712686986178;0.37730501062727789
24326;124327;High;Medium;0.181164667040671;0.42923836976114854;0.38959696319818043
6507;106508;High;High;0.018343464893505627;0.20896224871263178;0.77269428639386251
15254;115255;Medium;Medium;0.13467267621192683;0.47280151962539246;0.39252580416268085
49252;149253;Medium;Low;0.56012708159395774;0.3867995503398034;0.05307336806623883
39021;139022;High;Medium;0.24527048946157531;0.51624390904931428;0.23848560148911047
13477;113478;High;Low;0.48576902599401706;0.43875059359912666;0.075480380406856271
27780;127781;Low;Low;0.45572832352001191;0.44485106019007992;0.099420616289908226
16768;116769;High;High;0.051255296540728967;0.3418675221837455;0.60687718127552559
14044;114045;Medium;Low;0.48197498039721559;0.44425989924890141;0.07376512035388301
3726;103727;Medium;Low;0.59429907479464683;0.36173108690689715;0.043969838298456028
25840;125841;Medium;Medium;0.11826543216292709;0.44914432704143098;0.43259024079564196
39832;139833;High;Low;0.64300814123806971;0.32506967004735637;0.031922188714573932
21633;121634;Low;Medium;0.40603543459253455;0.47287839407318716;0.12108617133427844
17321;117322;Medium;Medium;0.37953841738320671;0.46662362736695578;0.15383795524983762
14308;114309;High;High;0.032883960046023133;0.30176854211061444;0.66534749784336245
21461;121462;Low;Medium;0.37116504194431627;0.4948329198651833;0.13400203819050047
48436;148437;Medium;Low;0.6339210834665755;0.33029349134766972;0.035785425185754803
1921;101922;Medium;Low;0.47029835174489359;0.43349443353684297;0.09620721471826342
2444;102445;Low;Medium;0.3526814294743239;0.49436214238714976;0.15295642813852631
13439;113440;High;Medium;0.44149843812489903;0.44956770048445355;0.10893386139064745
29413;129414;Medium;Medium;0.33969819306076737;0.4913075536074421;0.16899425333179055
33211;133212;Medium;Medium;0.40137460958302773;0.4860702029422031;0.11255518747476907
7680;107681;Medium;Low;0.45719019171731834;0.41536208269340463;0.127447725589277
26102;126103;High;Medium;0.16169673592392061;0.42731227203658856;0.4109909920394908
2501;102502;High;High;0.10597571404543427;0.44328032186852601;0.45074396408603978
45920;145921;Medium;Medium;0.41801881412560454;0.47617949715820829;0.1058016887161871
35768;135769;High;Low;0.47555993971486266;0.44133759762411728;0.083102462661020129
6237;106238;Medium;Medium;0.26274597047178294;0.50936532029464876;0.22788870923356833
3791;103792;High;High;0.0068040029798216786;0.14581472412530819;0.84738127289487009
11078;111079;High;Medium;0.19058651217726449;0.46381492797196844;0.34559855985076704
32752;132753;Low;Low;0.62529840685107707;0.33440505505068402;0.040296538098238945
14226;114227;Medium;Medium;0.34151192874255726;0.46459585688454597;0.19389221437289683
36851;136852;High;Medium;0.14109511535514119;0.45635688939646701;0.40254799524839185
14117;114118;Medium;Low;0.49516989259286037;0.43306769430817638;0.071762413098963335
3238;103239;Low;Medium;0.38582829021483994;0.45529570774261219;0.15887600204254784
43567;143568;Low;Medium;0.36001341075281135;0.51000991988859079;0.12997666935859797
3309;103310;Low;Medium;0.27201545100000657;0.52055405030043611;0.20743049869955738
39407;139408;Low;Medium;0.38571462227485387;0.47907651552081576;0.13520886220433034
37086;137087;Low;Medium;0.14053523253516578;0.46689516723031455;0.3925696002345197
12140;112141;Medium;Medium;0.23948349230461974;0.49895848733877396;0.26155802035660625
28613;128614;Medium;Low;0.47635591706841207;0.43329315118801287;0.090350931743575169
22074;122075;Medium;Low;0.59806668435413635;0.35449333672183747;0.04743997892402619
15959;115960;Medium;Low;0.52899867681061075;0.40632028876546444;0.06468103442392481
27822;127823;Medium;Low;0.53859716382603906;0.40314101384873818;0.058261822325222763
41815;141816;Medium;Medium;0.14206320441134557;0.49790587468925096;0.36003092089940347
49899;149900;High;Medium;0.27040544182775034;0.50228360917584569;0.22731094899640397
35733;135734;High;Low;0.50914555721312471;0.41753665235408105;0.073317790432794322
24343;124344;Medium;Low;0.50575187005285582;0.41643519833520692;0.077812931611937294
4076;104077;Low;Low;0.53436357662601519;0.40509064459129718;0.0605457787826875
11896;111897;Low;Medium;0.29805667329432028;0.48671921952259367;0.2152241071830861
15325;115326;Medium;Medium;0.17184747121665533;0.45092127089977524;0.37723125788356937
22834;122835;High;High;0.0072871815994457311;0.11759372841307784;0.87511908998747645
46078;146079;Low;Medium;0.40926586992355429;0.47143814409658702;0.1192959859798586
24715;124716;High;High;0.029374985005655656;0.2814816132696234;0.68914340172472088
15149;115150;High;High;0.0057095524669279561;0.13858980028564646;0.85570064724742556
26289;126290;Medium;Medium;0.30668057727679188;0.46432450732431418;0.22899491539889383
32578;132579;Medium;High;0.079481067385715837;0.4190147824644897;0.50150415014979444
29444;129445;Low;Low;0.48445245569931578;0.41992721206811795;0.095620332232566135
20268;120269;Medium;Low;0.49558296489175768;0.42861475373436492;0.075802281373877317
17707;117708;Low;Low;0.56323818627004696;0.38261721821420569;0.054144595515747435
10282;110283;High;Medium;0.17524136970994944;0.43520375181986137;0.38955487847018916
10300;110301;High;High;0.073382524512095523;0.37795382986912424;0.54866364561878034
15526;115527;Medium;Low;0.46742250609615937;0.44336587172206376;0.08921162218177689
33099;133100;High;Medium;0.28659278520291387;0.51394439599229791;0.19946281880478817
12238;112239;Low;Medium;0.34268261800923527;0.5005761034307552;0.15674127856000958
47376;147377;High;High;0.026137255322820071;0.2271513419445296;0.74671140273265035
14648;114649;High;High;0.090994334428320597;0.41564996495560813;0.49335570061607115
17478;117479;Low;Low;0.59566954582787446;0.36124554911478773;0.043084905057337843
17376;117377;High;Medium;0.33663776999271167;0.4934240873542925;0.16993814265299576
5945;105946;Low;Medium;0.45316996781465002;0.45634677884066505;0.09048325334468503
31750;131751;Medium;Medium;0.42827215275691921;0.47601294390915561;0.095714903333925294
36638;136639;Low;High;0.07987405304450082;0.40252965533640095;0.51759629161909826
38637;138638;Low;Low;0.45731215128303693;0.43291728356258624;0.10977056515437678
48307;148308;High;High;0.089667933660434046;0.39532011186677057;0.51501195447279535
33258;133259;Medium;Medium;0.42430480922005837;0.43670021596089553;0.1389949748190461
30996;130997;High;Medium;0.14063082800280827;0.46814855638545666;0.39122061561173505
37428;137429;Medium;Medium;0.29859905934420533;0.51094989772079991;0.19045104293499487
19195;119196;Low;Medium;0.41990095682495709;0.46893961282146568;0.11115943035357737
7229;107230;High;High;0.052456913999638068;0.35378650379364829;0.59375658220671368
5359;105360;Medium;Low;0.59216487964209974;0.36238451626811646;0.045450604089783832
25193;125194;Low;Medium;0.38752551698192883;0.48707995839786478;0.12539452462020639
22910;122911;Medium;Medium;0.38254344162446857;0.4937546792300902;0.12370187914544123
29333;129334;High;Medium;0.16247815590013387;0.51657959450954516;0.32094224959032097
22123;122124;Low;Medium;0.34937039317541196;0.4938274805245646;0.15680212630002338
32537;132538;Medium;High;0.014949445401075123;0.18125123726171682;0.80379931733720811
47164;147165;Medium;Low;0.49347530478002355;0.43266870112299338;0.073855994096983124
19525;119526;Medium;High;0.071668941966917643;0.37735350225872455;0.55097755577435781
17069;117070;Medium;Low;0.57362164867086562;0.37680773082110852;0.049570620508025805
37687;137688;Medium;Medium;0.33545548856699092;0.50551022717366201;0.15903428425934707
2415;102416;Low;Low;0.5997085358398242;0.3558201963670391;0.044471267793136718
25797;125798;Low;Low;0.47120874854790523;0.42072508591839219;0.10806616553370259
48446;148447;High;High;0.042929313664078594;0.33273491907727937;0.62433576725864193
33907;133908;Low;Medium;0.40877809451949076;0.47361830579668707;0.11760359968382217
21168;121169;Medium;Medium;0.35082777899841822;0.49218451332073915;0.15698770768084269
32591;132592;High;Medium;0.18155038303533533;0.51469841263433691;0.30375120433032776
46160;146161;Low;Medium;0.43911140448069436;0.46490872556968288;0.095979869949622806
20836;120837;High;High;0.017701241218321683;0.1756612002841019;0.80663755849757635
22414;122415;Medium;Medium;0.1492125591615984;0.47762525136383249;0.37316218947456914
6648;106649;High;High;0.016565545485624816;0.19928658394917975;0.78414787056519542
12348;112349;Medium;Medium;0.23800614215573632;0.50940796464852989;0.25258589319573377
17;100018;Medium;Medium;0.23100781721512201;0.51280561492904009;0.25618656785583793
26364;126365;Medium;High;0.066591140500132706;0.372072093541435;0.56133676595843218
12149;112150;Medium;High;0.06818701317939066;0.39577774816749761;0.53603523865311187
26460;126461;Low;Low;0.66140289647240902;0.30788942240471007;0.030707681122880821
2387;102388;Medium;Medium;0.2319231485179778;0.50574874424826788;0.26232810723375444
36431;136432;High;High;0.0027827626426153267;0.09128501964316986;0.90593221771421484
6815;106816;Low;Low;0.4856621874638522;0.43699423735304543;0.077343575183102295
30474;130475;Medium;Medium;0.13284920305055847;0.45777090338623966;0.40937989356320181
35622;135623;Medium;Medium;0.32216471608986874;0.50470076127904462;0.17313452263108667
19544;119545;Low;Low;0.69201260521901375;0.2826362879959009;0.02535110678508538
39578;139579;High;Medium;0.14247112221934952;0.46758158264439464;0.38994729513625587
5567;105568;High;High;0.08242319591843611;0.41114807844436035;0.50642872563720365
32604;132605;Medium;Low;0.50463671421247103;0.397847960826682;0.09751532496084693
8965;108966;Medium;Medium;0.19819160216807266;0.45923077460552486;0.34257762322640245
3322;103323;High;Medium;0.44764924131155814;0.45906873832631995;0.093282020362121867
3928;103929;Low;Medium;0.39302031493207046;0.48406046515459822;0.12291921991333134
9098;109099;Low;Low;0.54199587451431219;0.39667736844003804;0.061326757045649771
42170;142171;High;Medium;0.32669607521650729;0.51205398212731268;0.16124994265618003
29937;129938;High;High;0.02084879438345694;0.19779284479635983;0.78135836082018328
27095;127096;Medium;Low;0.64996574221914427;0.31618707911496685;0.033847178665888857
22524;122525;Medium;Low;0.57161096428749358;0.37738484821637697;0.051004187496129581
5639;105640;Medium;Medium;0.26438065909393277;0.47966537144414562;0.25595396946192173
7163;107164;Low;Medium;0.42983747670890043;0.46039432022303756;0.10976820306806198
8076;108077;Medium;Medium;0.4262760172748557;0.46167286332461954;0.11205111940052472
22324;122325;Low;Low;0.61149462132607768;0.35006354862825978;0.038441830045662484
16277;116278;High;High;0.096660390547671532;0.44202254827682336;0.46131706117550514
47966;147967;Medium;Medium;0.17751390209069487;0.50904735365337783;0.31343874425592727
8741;108742;High;Medium;0.11962686493418086;0.45370780964511775;0.42666532542070135
48506;148507;Medium;Medium;0.44491008997103854;0.45358474328165987;0.10150516674730165
41011;141012;High;Medium;0.26680484280107131;0.46057735273557809;0.27261780446335071
847;100848;High;High;0.0011163677880557893;0.055868512471813354;0.94301511974013097
1694;101695;Medium;Medium;0.19680810900014198;0.50969181958890708;0.29350007141095086
23331;123332;Medium;High;0.055139277543649216;0.35853213300531567;0.58632858945103528
39798;139799;Low;Medium;0.42999657101403094;0.46780544308020655;0.10219798590576237
36547;136548;Low;Low;0.47351921968972022;0.43863277526145761;0.087848005048822092
37384;137385;High;Medium;0.14086375198926285;0.46398178548414559;0.39515446252659153
6087;106088;Medium;High;0.11837448360223589;0.43036517699899673;0.45126033939876725
40963;140964;Low;Low;0.47295611270106014;0.44696156907992007;0.080082318219019857
8663;108664;Low;Low;0.60108331496867706;0.35584444566348095;0.043072239367841929
15794;115795;Medium;Medium;0.34251275111310991;0.46852260368683141;0.18896464520005871
3043;103044;Low;Medium;0.28590928892507711;0.49619383549579571;0.21789687557912704
328;100329;Low;Low;0.56301689115093567;0.37735108372823006;0.059632025120834341
49853;149854;High;Low;0.57609524797611256;0.37125475579210793;0.05264999623177944
19021;119022;Medium;Low;0.46738331259536209;0.44127934397602447;0.091337343428613424
14908;114909;Medium;Low;0.5719240382444235;0.37955793701690438;0.048518024738672144
19301;119302;High;Medium;0.40063552455403678;0.47592883174458323;0.12343564370138005
35747;135748;Low;Low;0.53974582891449796;0.39515470397264352;0.065099467112858619
47800;147801;Low;Low;0.64435176913403713;0.32020710809995645;0.035441122766006444
48624;148625;Low;Low;0.54623684517215743;0.37415474192447568;0.079608412903366899
13977;113978;Medium;Low;0.50358307521719747;0.41960944988356136;0.076807474899241127
22476;122477;High;Medium;0.17529596170450112;0.50274990686467413;0.32195413143082469
48575;148576;Low;Medium;0.12509877936602209;0.47018378568007063;0.40471743495390722
7248;107249;High;Medium;0.24610434959163283;0.52139274908454836;0.23250290132381879
15940;115941;Low;Low;0.53825268470133847;0.40137561593144877;0.060371699367212824
15562;115563;Medium;Low;0.47069033532760257;0.44253024931983154;0.086779415352565822
20914;120915;Medium;Medium;0.29702319693372925;0.51359336243158227;0.18938344063468848
45527;145528;Low;Medium;0.12666144428167786;0.47934873562651709;0.39398982009180511
44972;144973;Medium;Medium;0.40671123344548726;0.47959442673590585;0.11369433981860688
42607;142608;Low;Low;0.463888185163986;0.44048188277722228;0.09562993205879175
15346;115347;Low;Low;0.504281794897391;0.39753996917401074;0.098178235928598201
15295;115296;Low;Medium;0.23050832660115686;0.49806358702863684;0.27142808637020638
37484;137485;High;High;0.094257239668297202;0.42132703186948733;0.48441572846221553
11920;111921;High;Medium;0.13906106159591144;0.47218772966289385;0.38875120874119473
19829;119830;High;Medium;0.19450999359067736;0.50921114330356465;0.29627886310575796
43213;143214;High;High;0.096266273687639001;0.36682014503814209;0.53691358127421895
22987;122988;Medium;Low;0.65290622381400509;0.31824406086437923;0.028849715321615697
22745;122746;Low;Low;0.50592870237854848;0.42524161228862806;0.068829685332823506
38737;138738;Medium;Medium;0.34152787313503707;0.50468561261918743;0.15378651424577547
506;100507;Medium;Medium;0.33544911004432859;0.51136458127721052;0.15318630867846089
13138;113139;Low;Medium;0.37798078341163882;0.49048510559585734;0.13153411099250387
3723;103724;Low;Medium;0.37322605732061931;0.49908518738253105;0.12768875529684967
18305;118306;Medium;Medium;0.3731613155561444;0.48052633392360322;0.14631235052025238
25626;125627;Low;Medium;0.17088120936127166;0.50628371761050395;0.3228350730282244
31632;131633;Medium;Medium;0.37579051630118138;0.49710288400172686;0.12710659969709182
41350;141351;Medium;Medium;0.30370333046452275;0.45641113962818775;0.23988552990728945
43484;143485;Medium;High;0.069769028494709187;0.3852506319199932;0.54498033958529768
24798;124799;Low;Low;0.46508416140136866;0.44088363289227306;0.094032205706358271
27990;127991;High;High;0.011853102334369422;0.15951663250200734;0.82863026516362315
41192;141193;Medium;Medium;0.33881558647068077;0.45602417551426389;0.20516023801505534
21000;121001;Low;Low;0.51344192746896455;0.39501205927940036;0.091546013251635194
47337;147338;Low;Low;0.54160180080412212;0.39384857538438628;0.064549623811491569
39690;139691;Medium;Medium;0.18149688336236172;0.49918882793153885;0.31931428870609946
27522;127523;Medium;Low;0.547746410748148;0.38119055261596368;0.071063036635888213
31785;131786;Low;High;0.10700755407177036;0.43043396125191657;0.46255848467631311
10032;110033;Medium;Medium;0.30082003004961416;0.48658056644741676;0.21259940350296916
37501;137502;Low;Low;0.46632822754853431;0.42321491302622327;0.11045685942524235
44549;144550;Medium;Medium;0.23905947590912088;0.51450361079983731;0.24643691329104175
25399;125400;Low;Low;0.54760128354432058;0.39496674632457046;0.057431970131108928
6767;106768;Medium;Medium;0.20284889406414111;0.51770726746432039;0.27944383847153853
43369;143370;Medium;Medium;0.14148273296465885;0.47260737269469089;0.38590989434065021
23122;123123;Medium;Medium;0.20488670143411028;0.52417436901703762;0.27093892954885207
44565;144566;Medium;Medium;0.27192803237358032;0.50543188381070325;0.22264008381571643
13601;113602;High;Medium;0.18285481893686117;0.4570427162899996;0.36010246477313923
1797;101798;Medium;Medium;0.19517517849196564;0.45836354942056839;0.34646127208746597
49432;149433;Medium;Medium;0.4502558068668554;0.4563928256117557;0.093351367521388909
5265;105266;Medium;Low;0.52587344196232555;0.40628019107593161;0.067846366961742816
46489;146490;High;High;0.0035190928096324276;0.10550325101692239;0.89097765617344526
22134;122135;Low;Medium;0.31780071113732961;0.50555881519766854;0.17664047366500188
3858;103859;High;High;0.026328220132569038;0.25429301414428845;0.71937876572314252
46513;146514;Low;Medium;0.33291953081191172;0.50262374848554503;0.16445672070254325
11710;111711;High;Medium;0.33846338449717212;0.48156139844822454;0.17997521705460323
49155;149156;Medium;Medium;0.34058155929516321;0.4888363625940757;0.17058207811076098
17258;117259;Low;Low;0.58935170666860204;0.36483105697716822;0.045817236354229782
6520;106521;Medium;Medium;0.39266695263247781;0.45352185674691087;0.15381119062061127
19317;119318;Low;Medium;0.35101226128824936;0.49325684272819903;0.15573089598355158
30208;130209;Medium;Medium;0.30010354580758053;0.4742093273459303;0.22568712684648923
20246;120247;Medium;Low;0.45670993204450683;0.44375774617974656;0.099532321775746627
1700;101701;Low;Low;0.61349144482982643;0.34600338764719596;0.04050516752297767
11170;111171;High;High;0.055157128808426138;0.31710122259028956;0.62774164860128423
7313;107314;Low;Medium;0.42934388511621735;0.47165195022248652;0.099004164661296148
10753;110754;Low;Low;0.57883499118549986;0.37535921867645494;0.04580579013804513
37983;137984;High;Medium;0.31912255425279779;0.50903028074051071;0.1718471650066915
30293;130294;Medium;Medium;0.2547922043459499;0.50084545982320694;0.24436233583084319
42207;142208;High;Medium;0.31111965678519665;0.45730813564132045;0.23157220757348299
21844;121845;High;Medium;0.27472630689048372;0.53035245819172172;0.19492123491779456
30230;130231;Medium;Medium;0.39796327177417457;0.47649100653628645;0.12554572168953898
3483;103484;Medium;Medium;0.41226774611334283;0.45376147496159513;0.13397077892506201
45101;145102;Medium;Low;0.52107577128371996;0.41592164022614581;0.063002588490134265
10317;110318;High;High;0.031833783950140068;0.29097557928343815;0.67719063676642188
29682;129683;Medium;Medium;0.26331613111783375;0.47944875706508294;0.25723511181708336
9445;109446;High;Medium;0.23470075917698;0.47015658131432853;0.29514265950869162
49961;149962;High;Medium;0.30749530928323976;0.51182474888448681;0.18067994183227346
48856;148857;High;High;0.016894391179123062;0.22090331155684567;0.76220229726403133
32533;132534;Medium;Low;0.44930884233899071;0.43083876071159599;0.11985239694941324
41969;141970;Medium;Medium;0.18937769765393073;0.49504907146075022;0.31557323088531908
40248;140249;Low;Medium;0.19927675882881773;0.50179780257008233;0.29892543860110005
11317;111318;Medium;Medium;0.4317224121589;0.46014786384883172;0.10812972399226833
17934;117935;High;Medium;0.39772409734527825;0.45674586002638479;0.14553004262833691
37429;137430;High;High;0.097886300703219464;0.43349379405850552;0.46861990523827507
21961;121962;Low;Low;0.4656898817457838;0.44154349079974048;0.092766627454475684
38051;138052;Medium;Medium;0.30286728652159395;0.51301626289343616;0.18411645058496987
23472;123473;Low;Medium;0.44444821678183499;0.4455693941427345;0.10998238907543055
6234;106235;Medium;High;0.0063440788242785295;0.10665551743620055;0.88700040373952105
35190;135191;High;High;0.028555365949976468;0.23408067071577571;0.73736396333424781
15235;115236;High;High;0.084646325928717736;0.3560328913360839;0.55932078273519836
9832;109833;Medium;Medium;0.36124609901993637;0.5028969115822246;0.13585698939783902
14850;114851;High;High;0.013200382077776058;0.17015977093930057;0.81663984698292325
29619;129620;Medium;High;0.023350752820323062;0.24724057635188662;0.72940867082779026
35536;135537;Low;Medium;0.30413016888170569;0.49764710289736935;0.19822272822092504
49454;149455;Medium;Medium;0.20638007829608196;0.44769087866568219;0.34592904303823591
45811;145812;Medium;High;0.072530568967940218;0.39622756593974295;0.53124186509231675
45186;145187;Medium;Low;0.44775200743146754;0.43095491467642449;0.12129307789210807
31874;131875;Medium;High;0.097192120278075361;0.37415482159287761;0.52865305812904706
20098;120099;Low;Medium;0.43074628828239886;0.45516639932009922;0.11408731239750189
8468;108469;High;Medium;0.43552395741048433;0.46629510393739315;0.098180938652122449
12241;112242;Medium;High;0.078754635745861973;0.41579329760223854;0.50545206665189957
29794;129795;Low;Low;0.66504010584648898;0.29621640338448224;0.038743490769028763
12426;112427;High;Medium;0.17857833346759372;0.48098333701795049;0.34043832951445574
32613;132614;Medium;Medium;0.1458136742928659;0.47517052970403367;0.37901579600310042
8021;108022;Medium;Medium;0.29163696156050756;0.52210916924238893;0.18625386919710357
29518;129519;Medium;Low;0.47875233487559121;0.44245024535752231;0.078797419766886534
707;100708;High;High;0.091746775224153768;0.42327868069400959;0.4849745440818366
21775;121776;High;Medium;0.43681985677135743;0.46077851991623509;0.10240162331240743
12617;112618;High;Medium;0.42255321036982857;0.46787962925698218;0.10956716037318931
38612;138613;High;Low;0.59054464243877114;0.36334679449439949;0.046108563066829485
48795;148796;High;Medium;0.14578479530831939;0.50025736483061911;0.3539578398610615
40507;140508;Low;Low;0.50126451880963574;0.418745225879046;0.079990255311318301
44188;144189;Low;Medium;0.24147411409318031;0.51599278586519048;0.2425331000416292
26607;126608;High;Medium;0.18582285700624279;0.49168608107902406;0.32249106191473315
13419;113420;Medium;Medium;0.27489440054457476;0.51716450675285852;0.20794109270256678
3922;103923;Medium;Medium;0.25053253306629997;0.48284313039328175;0.26662433654041817
46219;146220;High;High;0.04586055664695874;0.33599310916417902;0.61814633418886222
7362;107363;High;Medium;0.23708622954729427;0.52653836231896878;0.23637540813373695
37748;137749;Medium;Medium;0.30584243310841447;0.52917317402025366;0.16498439287133188
5547;105548;Low;Low;0.58592257687404425;0.3675848203861779;0.046492602739777844
33439;133440;Low;Low;0.63164871881236839;0.32275074127385378;0.04560053991377775
6379;106380;Medium;Medium;0.35658624216342483;0.48231183006865103;0.1611019277679242
105;100106;Medium;Medium;0.21640226089859554;0.51783983449774917;0.26575790460365523
15448;115449;Medium;Medium;0.30309708157779736;0.49634179818161639;0.20056112024058623
22300;122301;High;Medium;0.43333549015326356;0.46514268326837049;0.10152182657836588
35541;135542;Low;Low;0.57494794417850836;0.37549123121484124;0.049560824606650428
30717;130718;Low;Low;0.58747862986881783;0.36304190372930001;0.049479466401882097
11527;111528;Low;Medium;0.45707805382500688;0.45891656662260799;0.084005379552385226
34313;134314;Low;Medium;0.38673111714170227;0.48907793920752923;0.12419094365076844
4334;104335;Medium;High;0.079069116578224213;0.36159575602809418;0.55933512739368152
49529;149530;Low;Medium;0.41968671932154894;0.46482820764106059;0.11548507303739047
32249;132250;Low;Low;0.60668906955991975;0.34267643276333237;0.050634497676747874
1064;101065;High;Medium;0.29184790980192615;0.45645366620196803;0.25169842399610587
32443;132444;Medium;High;0.025051130313524048;0.24432710368927454;0.73062176599720141
2493;102494;High;Low;0.54552828371598205;0.39576348434664071;0.058708231937377238
49684;149685;Medium;Medium;0.23507066603812299;0.46859336107921085;0.29633597288266605
19327;119328;Low;Medium;0.37922147995611166;0.48916973189968499;0.1316087881442034
9712;109713;Medium;Low;0.49235451275067504;0.44010158259920745;0.067543904650117587
35374;135375;Medium;Medium;0.15484118051992396;0.50278151732954046;0.34237730215053558
10255;110256;Low;Low;0.66053730826930057;0.31188987861763184;0.027572813113067481
15365;115366;High;High;0.00011623293791728768;0.015372519221582434;0.98451124784050037
44103;144104;Low;Low;0.48104894087348171;0.43768922303181768;0.081261836094700612
7406;107407;Medium;Medium;0.44366686644370318;0.45996055563831217;0.096372577917984634
47531;147532;Medium;Medium;0.29059997148959438;0.48894807145024621;0.2204519570601593
32730;132731;Medium;Medium;0.13412183722542592;0.47445945610369156;0.39141870667088235
16655;116656;Medium;Medium;0.39360155698264959;0.48219034702034491;0.12420809599700533
29643;129644;Medium;Medium;0.35705961551758997;0.50617687586200144;0.13676350862040859
33552;133553;Medium;Medium;0.34934288931209057;0.50094860770809535;0.14970850297981406
46757;146758;High;High;0.028023776494227087;0.26236536805102439;0.70961085545474845
36558;136559;Medium;Medium;0.32444866487068158;0.46672704280946509;0.20882429231985339
23322;123323;Low;Low;0.59937005331420123;0.35856957538384354;0.042060371301955154
37026;137027;Low;Low;0.58234667405809981;0.36986231117729002;0.047791014764610278
13426;113427;Low;Low;0.53514951996942284;0.40501914045430915;0.059831339576268024
36805;136806;Low;Low;0.47638195109521364;0.44118024150391832;0.08243780740086798
5059;105060;Medium;Low;0.51220494844586362;0.4123146285061961;0.075480423047940309
13345;113346;High;Low;0.48017456784183088;0.42763701322386277;0.092188418934306307
5518;105519;High;High;0.04280853936832904;0.3193924560422951;0.63779900458937588
13658;113659;Low;Low;0.51783950429691838;0.41930674111301086;0.062853754590070685
15404;115405;Low;Medium;0.38964416745324393;0.47281902816474164;0.13753680438201454
25006;125007;Medium;Medium;0.28109772666131905;0.49683317993235215;0.22206909340632877
18116;118117;Medium;High;0.02455008362374507;0.25451718700670284;0.72093272936955222
6885;106886;Medium;Medium;0.41501067076971326;0.45907777247181225;0.12591155675847451
46320;146321;Low;Medium;0.41663277291704071;0.47756589762020235;0.10580132946275705
22124;122125;Low;Low;0.54961480934339024;0.39068400855933516;0.059701182097274638
45255;145256;Medium;Medium;0.35257552972638467;0.49464413565476528;0.15278033461885007
7385;107386;Medium;High;0.021105827124490054;0.22948691734812918;0.74940725552738074
1529;101530;Medium;Medium;0.4212911875626984;0.47632030164538464;0.10238851079191694
44646;144647;Low;Low;0.52082806401804571;0.41165867912222914;0.067513256859725118
1014;101015;Low;Medium;0.27442820444337496;0.51184097743364898;0.21373081812297606
38622;138623;Medium;Medium;0.20168889223735156;0.49879580939213453;0.29951529837051388
21031;121032;Medium;Medium;0.13011319190230844;0.46818795271815045;0.40169885537954109
30974;130975;High;High;0.086792150325504483;0.40185488547377685;0.51135296420071863
40047;140048;High;Medium;0.23874630080461792;0.51106637827541834;0.25018732091996371
8844;108845;Low;Medium;0.2979049685252762;0.48609389102236672;0.21600114045235697
10120;110121;Medium;Medium;0.25866503288709963;0.51569349048872393;0.22564147662417641
14227;114228;Low;Medium;0.31882215139776454;0.4796573896361469;0.20152045896608856
42569;142570;Low;Low;0.48194064429499983;0.43439023074589128;0.083669124959108915
26077;126078;Low;Medium;0.16476920975865966;0.48952921481723971;0.34570157542410068
18800;118801;High;High;0.0086628046373458199;0.15286841869626022;0.83846877666639386
46287;146288;High;Medium;0.25003090372236858;0.50353254524147484;0.24643655103615664
11507;111508;Medium;Medium;0.41003915501205085;0.48343517538723113;0.10652566960071812
41643;141644;High;Medium;0.1201273088708332;0.45228653093183907;0.42758616019732787
23832;123833;High;Medium;0.17284376302338247;0.4991691513529376;0.32798708562367979
48668;148669;High;Low;0.6476364610428802;0.31946861399515825;0.032894924961961496
16943;116944;Medium;Medium;0.4426829177986355;0.46007640868653205;0.097240673514832593
30277;130278;Medium;Medium;0.34198586817518523;0.50029211619668934;0.15772201562812532
12044;112045;High;Medium;0.44080128933079343;0.45741242556054496;0.10178628510866167
4484;104485;Medium;Medium;0.42560879154951176;0.46637998200351655;0.10801122644697154
10517;110518;Medium;Medium;0.2342399899036231;0.51454959672643474;0.25121041336994226
30225;130226;Low;Low;0.46421265523181204;0.44758463340650717;0.088202711361680841
25955;125956;High;Medium;0.1292496776119294;0.43591152794993543;0.43483879443813511
43273;143274;Low;Low;0.50632153856758455;0.41774728812599177;0.075931173306423697
14709;114710;Low;Medium;0.40831419622013876;0.45307900249999017;0.13860680127987113
236;100237;Medium;Low;0.45969003777607037;0.422335358476217;0.11797460374771265
3946;103947;Low;Low;0.57142967808147738;0.37967599437969773;0.048894327538824917
27468;127469;Low;Medium;0.43615499155992449;0.46700253917579709;0.096842469264278391
3982;103983;Medium;Medium;0.2646774797351899;0.48384988206218066;0.25147263820262949
43864;143865;High;High;0.095905905751327472;0.3849219626553198;0.51917213159335263
22437;122438;Low;Medium;0.12226535807953304;0.44444826627268474;0.43328637564778222
44916;144917;Medium;Medium;0.26331740733390069;0.52293966441616768;0.21374292824993157
46843;146844;Low;Low;0.48905538907152707;0.42163381326918781;0.089310797659285124
48348;148349;High;Medium;0.17148012703655807;0.44217106838758652;0.38634880457585541
5541;105542;Medium;Medium;0.33220021741967648;0.47670563075938488;0.19109415182093864
7418;107419;Medium;Medium;0.20561925016775862;0.51218440720890257;0.28219634262333876
36154;136155;Medium;Low;0.45334485475039726;0.42546211558345143;0.12119302966615139
26514;126515;High;High;0.025138016799331562;0.27146080249961485;0.70340118070105362
38139;138140;High;Medium;0.4371823526727262;0.43825644539162262;0.12456120193565114
20303;120304;High;Medium;0.29151762634650935;0.51997295464602122;0.1885094190074694
3038;103039;Low;Medium;0.26790288084407882;0.50819001455476132;0.22390710460115987
14840;114841;Low;Medium;0.4328595759354128;0.45673788981204477;0.11040253425254241
4153;104154;Low;Medium;0.32169932189086947;0.46947319533578913;0.20882748277334146
19127;119128;Medium;High;0.039784890175483242;0.29399894228189988;0.66621616754261692
17079;117080;High;High;0.041217880302860138;0.31078517097966474;0.64799694871747504
11200;111201;Medium;High;0.050778203156847966;0.3384807928267915;0.61074100401636067
34729;134730;High;Medium;0.3202443150941775;0.50923181487409708;0.17052387003172531
31464;131465;Medium;Medium;0.18579795822285494;0.45882258365007778;0.35537945812706717
45637;145638;Low;Low;0.63764661209650619;0.330961420135089;0.031391967768404826
40309;140310;Low;Low;0.51486932332189961;0.41416884911612128;0.070961827561979024
18819;118820;Medium;Medium;0.29211986424820213;0.51493715508715043;0.19294298066464746
13417;113418;Low;Low;0.53445070138711182;0.40216802635385179;0.063381272259036378
8165;108166;Low;Low;0.59489384404684109;0.3597289460042683;0.045377209948890614
43496;143497;Medium;Medium;0.36319060338774495;0.50292931852703715;0.13388007808521787
24675;124676;Medium;Medium;0.32740128223332204;0.45743353669130199;0.21516518107537586
32795;132796;Low;Medium;0.43834337302425364;0.45113415668577855;0.11052247028996787
20053;120054;Medium;Medium;0.31908834524060431;0.4875630013315872;0.19334865342780849
44265;144266;Medium;Medium;0.29786130727763582;0.50223235913977105;0.19990633358259308
37353;137354;High;Low;0.52394131713863867;0.41250508065102304;0.063553602210338206
40852;140853;Medium;Medium;0.37369967117535602;0.49198354955132007;0.13431677927332381
32028;132029;Medium;High;0.042711834514597966;0.3238594589666029;0.63342870651879912
40202;140203;High;Medium;0.3682577559673183;0.48756516124995469;0.14417708278272701
18505;118506;Medium;Low;0.55132848379333332;0.37599220800919664;0.072679308197469997
15309;115310;Medium;Low;0.47759316311581435;0.43868745239813839;0.083719384486047238
47652;147653;High;High;0.0066367230941735602;0.13898270570915633;0.85438057119667021
21596;121597;High;Medium;0.22866305380774152;0.50015709283464549;0.27117985335761302
47122;147123;Medium;Low;0.63346762236869825;0.33190087775559979;0.034631499875701924
3614;103615;Low;Medium;0.34677900378796378;0.492879916284582;0.16034107992745417
34753;134754;Low;Low;0.53945698418682375;0.40725928274531886;0.053283733067857428
24355;124356;High;Medium;0.1818148985552713;0.47584104525455084;0.34234405619017777
28174;128175;Medium;Medium;0.39255860417402488;0.4872523750410041;0.12018902078497089
16681;116682;Low;Low;0.53165709058364741;0.40775565996261182;0.060587249453740735
11894;111895;Medium;Low;0.61939279268185665;0.34395657446313632;0.036650632855006963
30698;130699;Medium;High;0.063300344761391084;0.37999693099520282;0.55670272424340617
29412;129413;Low;Medium;0.42888950359052797;0.46535638468794815;0.10575411172152395
2451;102452;Low;Low;0.51051630392255321;0.4112248852341196;0.078258810843327295
35392;135393;Medium;High;0.078585168283610021;0.32524511042435;0.59616972129204004
28612;128613;Medium;Medium;0.15018734967997713;0.48733112367547038;0.36248152664455241
24996;124997;Medium;Medium;0.35242642587459783;0.49830872321842712;0.14926485090697503
11167;111168;Low;Medium;0.18440343322793074;0.45916215893084311;0.35643440784122604
49914;149915;High;Medium;0.16495634913519888;0.47325059642929973;0.36179305443550125
41311;141312;Low;Medium;0.39563105058529269;0.49115596071395667;0.11321298870075062
36933;136934;Medium;Medium;0.17683374658650683;0.45699768693203202;0.36616856648146118
43732;143733;Low;Low;0.57042353781049437;0.38245082691789439;0.047125635271611087
29843;129844;High;Medium;0.21355115496998028;0.50927954398233255;0.27716930104768711
23996;123997;Low;Medium;0.3871204913774523;0.45424840905803754;0.15863109956451021
25651;125652;Low;Low;0.54489428379891591;0.39683163312412462;0.058274083076959367
14066;114067;High;Medium;0.31754054979522944;0.51040083178020157;0.17205861842456904
38282;138283;Low;Low;0.59929315738318578;0.3600379622746756;0.040668880342138669
5811;105812;Low;Medium;0.11766981533409006;0.44968094001849607;0.43264924464741383
28154;128155;Medium;Medium;0.35519098794645731;0.45629590314380292;0.1885131089097396
908;100909;Medium;Medium;0.22958683146274356;0.50543466778507096;0.26497850075218554
48617;148618;Low;Low;0.5010440865292588;0.43020766975683711;0.068748243713904034
28610;128611;High;Medium;0.2136880005320837;0.50544387657737699;0.28086812289053931
38705;138706;High;Medium;0.36066708727053354;0.49728220638244419;0.14205070634702227
32743;132744;Low;Low;0.52608436108943146;0.41193187592198671;0.061983762988581791
23123;123124;Low;Low;0.55417203752213184;0.38641468009038232;0.059413282387485986
20096;120097;Medium;Medium;0.30506963660957159;0.50545514393001123;0.18947521946041718
25311;125312;Medium;Medium;0.19033060139065547;0.49983645217539235;0.30983294643395226
20878;120879;Low;Medium;0.30599915238477043;0.48782461643797725;0.20617623117725231
17439;117440;Medium;Medium;0.13776733326843327;0.44468887851328365;0.41754378821828297
22094;122095;Medium;Medium;0.41442600837095589;0.47596729514788294;0.10960669648116118
3995;103996;Low;Low;0.47420012784671955;0.43872544615628645;0.08707442599699397
42860;142861;Low;Low;0.60913347828746001;0.35080420052238098;0.040062321190159005
17561;117562;Low;Low;0.49813357968123373;0.42628610578174392;0.075580314537022228
15163;115164;Medium;Medium;0.42909499289467201;0.45583419657698693;0.11507081052834107
42492;142493;Low;Medium;0.25177447165024358;0.52055080480278382;0.2276747235469726
4384;104385;Low;Medium;0.23094717064211825;0.50132918715032282;0.26772364220755895
20973;120974;Low;Medium;0.20788393228676383;0.48004218040219876;0.31207388731103752
16375;116376;Medium;Medium;0.33741816194817664;0.50622378846240457;0.15635804958941876
14384;114385;High;High;0.012035235156017439;0.18927198029952136;0.79869278454446113
1865;101866;Medium;Medium;0.24253519951847266;0.45929417492063901;0.29817062556088841
37398;137399;High;Medium;0.23423887337939026;0.5145375112231968;0.25122361539741295
44714;144715;Medium;Medium;0.35809852139567988;0.4973011393842236;0.14460033922009646
9788;109789;High;High;0.00052926913882958841;0.039017562210092248;0.96045316865107822
4393;104394;High;High;0.027456149865342713;0.23425886910772475;0.73828498102693252
33884;133885;Low;Low;0.55052242303377308;0.39154169403946554;0.057935882926761335
3541;103542;Low;Low;0.52123181295125198;0.4093567190569723;0.069411467991775874
33880;133881;High;Medium;0.11511491542378788;0.45323063827036181;0.43165444630585037
41093;141094;Low;Low;0.46715957634436867;0.44401132463726345;0.088829099018367857
23335;123336;High;High;0.0013532723005212691;0.060121642564842231;0.93852508513463628
34977;134978;Low;Medium;0.30969840867623771;0.50121351823447025;0.18908807308929204
17445;117446;Medium;Medium;0.11122587714981805;0.46176392887952583;0.42701019397065604
36326;136327;Medium;Medium;0.4271624046660511;0.47482088947525991;0.098016705858688935
19306;119307;Medium;Medium;0.15865878819401133;0.47989954769675525;0.36144166410923345
3306;103307;Low;Medium;0.42990059563543909;0.47397039499858873;0.096129009365972323
42139;142140;High;High;0.13692924556279892;0.41653510173467095;0.44653565270253004
22322;122323;High;Medium;0.34240851828118979;0.50345631170147453;0.15413517001733562
12425;112426;Low;Low;0.44653764727345657;0.42941085810200069;0.12405149462454286
23723;123724;Low;Low;0.7145988797276186;0.26588068810502608;0.019520432167355394
13950;113951;High;High;0.0030966497927476279;0.079136124935116306;0.91776722527213606
26154;126155;Medium;High;0.086472946965016187;0.36182957354014339;0.55169747949484049
39724;139725;Medium;Medium;0.2309706831100671;0.48074662134725321;0.28828269554267966
42648;142649;High;Medium;0.20943456292334395;0.45187017466497187;0.33869526241168429
40460;140461;Medium;Medium;0.39024299683992514;0.48180830506322553;0.12794869809684931
15435;115436;Medium;Medium;0.21840837936179938;0.47796549539232158;0.30362612524587901
31533;131534;High;Low;0.51209240426925406;0.39250191208172774;0.095405683649018191
37177;137178;Medium;Medium;0.36935040011702297;0.49252179479878394;0.13812780508419309
35547;135548;Low;Medium;0.34029032573788653;0.50315360222578598;0.15655607203632751
11365;111366;Medium;High;0.051686088716123839;0.33936740728668785;0.60894650399718819
44222;144223;Medium;Medium;0.19757161541511856;0.52791174305760424;0.27451664152727723
30762;130763;Low;Medium;0.43846501427723711;0.461851229483419;0.099683756239343974
27105;127106;High;High;0.0013736108200484859;0.052391974870701477;0.94623441430925004
21041;121042;Medium;Low;0.51835288515784284;0.41231705658109385;0.069330058261063338
17286;117287;Medium;Medium;0.36788893182143273;0.4809642967338234;0.15114677144474384
47200;147201;Low;Medium;0.40650511736289502;0.44191195280990658;0.15158292982719845
26652;126653;Medium;Medium;0.13709658581410797;0.47026411161120513;0.39263930257468677
25917;125918;Medium;Medium;0.37500095207091488;0.49195447378402885;0.13304457414505633
5849;105850;Medium;Medium;0.39538111659104919;0.44921795583314172;0.15540092757580914
39855;139856;Medium;Medium;0.32680503827143265;0.50020803402599201;0.17298692770257532
14022;114023;Low;Medium;0.32001512854843378;0.46332761755554397;0.21665725389602225
25314;125315;Low;High;0.061161485894442535;0.38286227917202031;0.55597623493353709
35072;135073;Medium;Medium;0.39128812624203835;0.47986902301792222;0.12884285074003929
49926;149927;Low;Medium;0.34797125139720192;0.5002436388458098;0.15178510975698825
12379;112380;High;Medium;0.43836383090041647;0.45201433797962604;0.10962183111995755
26831;126832;High;High;0.025477160204392987;0.25515823593148507;0.71936460386412193
29548;129549;Low;Low;0.50631736511431324;0.41905096261741076;0.074631672268275939
29770;129771;Low;Low;0.56249302423014769;0.38665046448368895;0.050856511286163343
44066;144067;High;Low;0.52563651002931999;0.41136335348945169;0.063000136481228264
19441;119442;Low;Medium;0.31868508276462676;0.51557992142669906;0.16573499580867415
21896;121897;Low;Low;0.59598156866471885;0.34626335978044326;0.057755071554837924
6565;106566;Low;Medium;0.43009076125170381;0.43530277682314655;0.13460646192514961
14807;114808;Low;Low;0.54641612651634897;0.39809926991614708;0.055484603567503898
27296;127297;Medium;Medium;0.37978960056790034;0.47607420412317303;0.14413619530892657
4754;104755;High;Medium;0.27186952251898383;0.5143599593338537;0.21377051814716236
48154;148155;Low;Low;0.48863544872177028;0.43212959242355992;0.079234958854669704
47460;147461;Low;Low;0.48633245072196835;0.42832012185211332;0.085347427425918249
35957;135958;Medium;High;0.044009205716238425;0.34415943706279783;0.61183135722096382
16714;116715;Low;Medium;0.43400919717051994;0.45179195710851644;0.11419884572096377
25774;125775;Medium;Medium;0.32927731358181944;0.49800941661801085;0.17271326980016971
34526;134527;Medium;Medium;0.27661808394867082;0.49374441250668288;0.22963750354464613
9885;109886;Low;Low;0.6217729678940096;0.34079886777426144;0.03742816433172895
46369;146370;Medium;Medium;0.32015669926196505;0.49980116313775175;0.18004213760028309
46830;146831;Medium;Medium;0.31724824501912618;0.46986313728957241;0.21288861769130149
24129;124130;Medium;Medium;0.31964424631668098;0.48726659896222835;0.19308915472109078
8195;108196;Medium;Medium;0.4138476369963846;0.46902499311298657;0.11712736989062877
29798;129799;Low;Low;0.5488996389776637;0.39526217974755101;0.05583818127478539
29746;129747;Medium;Low;0.44522559634779613;0.4197763800073675;0.13499802364483623
47179;147180;Low;Medium;0.38618397795189813;0.48316026838539816;0.13065575366270366
34060;134061;Low;Low;0.49485125326166346;0.4287499493551018;0.07639879738323474
7120;107121;Medium;Medium;0.13578342032031954;0.45732176090300747;0.40689481877667305
21529;121530;Medium;Low;0.61061977361096909;0.34920831411493408;0.040171912274096777
41050;141051;Medium;Low;0.4781423693589324;0.40950530722522138;0.11235232341584628
36508;136509;High;Medium;0.36938077851566653;0.4864235508078843;0.14419567067644931
18049;118050;Medium;Medium;0.22182140381683754;0.50561347970604043;0.27256511647712195
30020;130021;Medium;Low;0.6564221515344546;0.31178648052574565;0.03179136793979976
41553;141554;Medium;Medium;0.43600997890235743;0.47071371378574212;0.093276307311900383
31937;131938;Low;Medium;0.3073546112143502;0.51504753060756692;0.17759785817808293
33697;133698;Medium;Low;0.56449724452539374;0.38074067403216777;0.05476208144243859
13526;113527;Low;Medium;0.42782687419107812;0.46735854647199659;0.10481457933692521
24794;124795;High;Low;0.53024857357451316;0.40431692915808515;0.065434497267401609
47302;147303;High;Medium;0.2048419466851274;0.46479923847998056;0.33035881483489216
44966;144967;High;High;0.019577022396308836;0.23357692139600378;0.7468460562076874
44909;144910;Low;Low;0.45630389987442715;0.43165746027467328;0.1120386398508996
28481;128482;Low;Low;0.62302915938784409;0.33362596501300423;0.043344875599151789
15867;115868;Medium;Low;0.45011297493033503;0.44805305312471011;0.10183397194495486
28879;128880;High;Medium;0.20876602234830338;0.45344683225656629;0.33778714539513044
5496;105497;Medium;Medium;0.15431620507759244;0.49389028264932244;0.3517935122730852
45968;145969;High;Medium;0.14455710085050852;0.43135964281016664;0.42408325633932487
22041;122042;High;Medium;0.32282333568792748;0.49974608367169637;0.17743058064037623
41690;141691;High;High;0.007841846789529365;0.12769162682426055;0.86446652638621002
19601;119602;Low;Low;0.4978657847120333;0.43101109149797523;0.071123123789991444
31943;131944;Medium;Medium;0.29047130413775829;0.52020690271787084;0.18932179314437075
42400;142401;Low;Medium;0.32172212974853498;0.50436243214457255;0.17391543810689247
17576;117577;Low;Low;0.61754795211670876;0.34761426264450895;0.034837785238782358
28240;128241;High;Medium;0.28938886723401624;0.47480288024795347;0.23580825251803025
32787;132788;High;Medium;0.17534504381515215;0.50579709193797517;0.31885786424687274
49947;149948;Low;Medium;0.36009836485443153;0.4753851099828027;0.16451652516276585
34727;134728;Medium;Medium;0.23325287374896653;0.46973871636707593;0.29700840988395749
36077;136078;Low;Medium;0.25044950844212566;0.51396992243909601;0.23558056911877831
34749;134750;Medium;Low;0.49622206704364225;0.42457656242251213;0.079201370533845475
20238;120239;Low;Low;0.45945922135346867;0.43351232381864835;0.10702845482788297
44595;144596;Medium;Low;0.51178231518298101;0.41929630102157533;0.0689213837954437
22418;122419;Medium;Medium;0.30870413351423359;0.49309996123907535;0.19819590524669103
26278;126279;Low;Low;0.56351250605334857;0.39076289829868366;0.045724595647967783
33879;133880;Low;Medium;0.30116757017444906;0.51393151725689623;0.18490091256865482
17694;117695;High;High;0.057797986305962473;0.37641735406924093;0.56578465962479663
7007;107008;Medium;Low;0.67125596821979427;0.30131170075767866;0.027432331022526922
41026;141027;Medium;Medium;0.44741818517842685;0.44905753135149123;0.10352428347008183
7801;107802;Low;Low;0.53938351310026733;0.38587648491569709;0.074740001984035631
18863;118864;Medium;Medium;0.365470247455284;0.50210175907052357;0.13242799347419235
24403;124404;Low;Low;0.67017836602741476;0.30269588768036493;0.027125746292220337
29555;129556;Medium;Low;0.5479179109270601;0.39942888467089011;0.052653204402049882
181;100182;Low;Low;0.45822988446123453;0.43758601013938914;0.10418410539937629
46562;146563;High;High;0.0094977621766003262;0.13679536122959937;0.8537068765938004
10951;110952;Medium;High;0.11566153382682588;0.40140172186541562;0.48293674430775851
25256;125257;High;Medium;0.4121787901343783;0.45895510668559603;0.12886610318002575
7978;107979;Low;Low;0.59310266105768816;0.35811856999158154;0.0487787689507303
37769;137770;Low;Low;0.53104590198170387;0.40453761818310979;0.064416479835186391
2653;102654;Medium;Medium;0.36596606534205572;0.50576930515133856;0.12826462950660578
17095;117096;Medium;Low;0.66791582079396772;0.3037831979845837;0.028300981221448539
31036;131037;Medium;Medium;0.3268272095741166;0.4879906462922064;0.18518214413367709
3455;103456;Medium;Medium;0.42223637043518497;0.43650569181568838;0.14125793774912676
36742;136743;Medium;Medium;0.32595960839592286;0.5038951702749066;0.17014522132917059
37242;137243;Medium;Medium;0.3705747244730313;0.48847558596463708;0.1409496895623315
21733;121734;High;High;0.0017850428437898485;0.069011289126580042;0.92920366802963006
24775;124776;Low;Medium;0.25333622167329589;0.5117297299492185;0.2349340483774856
43648;143649;Medium;Medium;0.40617807038272008;0.4464685983013118;0.14735333131596812
4287;104288;Low;Low;0.5309716132433917;0.3995112112915894;0.069517175465018941
18079;118080;Low;Low;0.56451304876098518;0.38366834042872427;0.051818610810290419
16056;116057;Medium;Medium;0.37642408623753515;0.48400179116006653;0.13957412260239832
17412;117413;Medium;Medium;0.28227799909661805;0.47882214744032875;0.23889985346305326
873;100874;Low;Low;0.49932658399447727;0.42730786290111533;0.073365553104407524
39318;139319;High;Medium;0.42912815127549109;0.46315755508877532;0.1077142936357335
24689;124690;High;Medium;0.43298742666773443;0.47392682181840945;0.093085751513856091
2257;102258;Medium;Medium;0.34487533794879321;0.46428177323866088;0.19084288881254599
37584;137585;Medium;High;0.077034736262671127;0.39192523451628813;0.53104002922104065
31393;131394;High;High;0.042082671263271164;0.30996424115531962;0.64795308758140924
13890;113891;Low;Low;0.59480523415715048;0.34677020950768372;0.058424556335165849
5180;105181;Medium;Low;0.46112023710555933;0.45051101323508924;0.088368749659351445
2513;102514;Medium;Low;0.59124923902865045;0.36079602586308757;0.047954735108262002
43382;143383;Low;High;0.021076045407033402;0.24271472059132712;0.7362092340016394
26265;126266;High;Medium;0.23032959045115506;0.44783907478864526;0.32183133476019954
37518;137519;Low;Low;0.68040856949583772;0.29377233463128016;0.025819095872882163
37968;137969;Low;Low;0.51399825620527484;0.42116607189163818;0.064835671903086867
6182;106183;Low;Low;0.60778193203166275;0.35123780870868099;0.040980259259656156
7705;107706;High;High;0.017997978069363992;0.23455703464373956;0.74744498728689635
14333;114334;High;Medium;0.20028321431479151;0.45839964970910552;0.34131713597610291
25872;125873;High;Medium;0.31562191769247927;0.48885634304777148;0.19552173925974917
2541;102542;Low;Medium;0.35789447381125838;0.50131652181842035;0.14078900437032127
34106;134107;Low;Low;0.52928610681211874;0.39116520883045669;0.079548684357424432
21981;121982;High;Medium;0.33038242711381377;0.50012364620033534;0.16949392668585089
10608;110609;Low;Medium;0.41815302297965357;0.47065374147975558;0.11119323554059088
2284;102285;Low;Low;0.47421800730124436;0.44855459284387572;0.077227399854879919
18494;118495;Medium;Medium;0.1173395054779847;0.45113640973766989;0.43152408478434551
1000;101001;High;High;0.0042672870657097161;0.11783384109418629;0.87789887184010396
47887;147888;Medium;Low;0.48911512046385203;0.43264267364356074;0.078242205892587166
705;100706;High;High;0.0012957240077346673;0.049970569740559245;0.94873370625170628
39368;139369;Medium;Medium;0.31434831324932117;0.50680915901157109;0.1788425277391078
11590;111591;Low;Low;0.54626139727719747;0.39450201078890101;0.059236591933901628
3279;103280;Low;Low;0.52257618140013917;0.40445784339746482;0.072965975202396047
41608;141609;High;High;0.059928586681655044;0.31833839945315595;0.62173301386518909
2155;102156;High;High;0.0024192764980807365;0.088965130708051357;0.90861559279386794
34413;134414;Low;Low;0.64740032280340154;0.32289516488311815;0.029704512313480334
25054;125055;High;Medium;0.27875546793359557;0.49394855189968545;0.22729598016671895
31940;131941;Medium;Medium;0.23442518255657094;0.50527556045344812;0.26029925698998102
11151;111152;Medium;Medium;0.29457209252399469;0.49408782338882395;0.21134008408718141
49342;149343;High;Medium;0.30192412567849192;0.51180543929960021;0.18627043502190793
12522;112523;Low;Medium;0.30339249850273209;0.51798783985412711;0.17861966164314083
41507;141508;Medium;Medium;0.12947125313471861;0.48106758498523167;0.38946116188004987
45279;145280;Medium;Medium;0.33464320988064511;0.49518145321442225;0.17017533690493261
18020;118021;High;Medium;0.29665475938257752;0.50593020846922376;0.19741503214819861
27739;127740;Medium;Medium;0.22885287404518173;0.5247133069665002;0.24643381898831812
2834;102835;Medium;Medium;0.30821629667450307;0.47331917303287158;0.21846453029262533
24075;124076;Medium;High;0.060857792993173537;0.37381080351262219;0.5653314034942043
33108;133109;Medium;Medium;0.38341589917043856;0.48868521633133516;0.12789888449822631
31990;131991;Medium;Medium;0.2034223989753943;0.50576440182625981;0.29081319919834586
22263;122264;High;Medium;0.43626319597546109;0.47319291459520402;0.090543889429334889
37483;137484;Medium;Low;0.53110030322696644;0.40822040716999969;0.060679289603033849
47826;147827;High;High;0.049699681786601543;0.31489294362060999;0.6354073745927884
28788;128789;High;Medium;0.17046980668967343;0.42971126484497457;0.39981892846535194
35490;135491;Medium;Medium;0.16389633361103911;0.45060677321955489;0.385496893169406
38727;138728;Medium;Medium;0.44476557813453832;0.46578647832984066;0.089447943535620938
28679;128680;Medium;Medium;0.26846269575958498;0.52575370271143951;0.20578360152897543
49291;149292;Medium;Low;0.48158863436347282;0.43283757161928521;0.085573794017241939
4413;104414;High;Low;0.50556968203407504;0.4194534502745631;0.074976867691361887
19516;119517;High;Medium;0.31131314892877548;0.50359655644267576;0.18509029462854873
48298;148299;Medium;Low;0.5026146402226962;0.42591555091647959;0.071469808860824324
43073;143074;High;High;0.012216389734983603;0.18165632799769577;0.80612728226732067
31261;131262;Low;Medium;0.24123716732864564;0.52995056444645716;0.22881226822489723
32914;132915;Medium;Medium;0.36845257764659956;0.50001769150995434;0.13152973084344616
20285;120286;Medium;Medium;0.26472570452741445;0.51624966294836538;0.21902463252422022
47237;147238;Low;Medium;0.32266416652362789;0.50640361278945811;0.17093222068691399
19167;119168;High;Low;0.45638763283783285;0.44841006169180375;0.095202305470363527
23445;123446;Medium;Medium;0.38342033019130756;0.45980111787422406;0.15677855193446824
18747;118748;Medium;Medium;0.43818282990251645;0.44080713968950175;0.12101003040798182
3796;103797;Low;Medium;0.28084485362491518;0.50326932284124704;0.21588582353383781
11130;111131;Low;Low;0.67174322977235057;0.30178246642145795;0.026474303806191406
33312;133313;Medium;Low;0.45593201004799783;0.45533851482210236;0.088729475129899815
41233;141234;High;Medium;0.18536729624463499;0.46042852083623714;0.35420418291912781
22635;122636;Low;Low;0.55720858181116262;0.38627452416969826;0.056516894019139209
9432;109433;Low;Low;0.55542114848568147;0.39103770995443171;0.05354114155988688
27171;127172;Medium;Medium;0.11198023646822818;0.47263533038747529;0.41538443314429646
46242;146243;High;High;0.016900914710483887;0.22605101537721523;0.75704806991230078
26495;126496;Low;Low;0.47906801367872559;0.43377073673599448;0.087161249585279918
48958;148959;High;Medium;0.32179836892754293;0.49983880814998438;0.17836282292247271
34800;134801;Low;Medium;0.23298656927424261;0.51520912045444522;0.25180431027131217
14140;114141;Low;Low;0.63118540936338674;0.32186131265547846;0.046953277981134904
194;100195;Medium;Medium;0.30173032514299303;0.50966034561522588;0.18860932924178109
5531;105532;Low;Medium;0.32609977125508943;0.48634525681160284;0.18755497193330786
8719;108720;Low;Low;0.47710718949949243;0.43881933537922085;0.084073475121286684
28716;128717;High;High;0.035880848599512051;0.31593865532518678;0.64818049607530104
42612;142613;Medium;Low;0.64438800482166936;0.3214903043899936;0.034121690788337156
26602;126603;Medium;High;0.097758702279432966;0.41569240341360897;0.48654889430695819
32636;132637;Low;Low;0.55164011396150359;0.37399283873644978;0.074367047302046671
957;100958;Low;Low;0.5383444949102596;0.38636681326601391;0.075288691823726411
3964;103965;Low;Medium;0.33363615756574899;0.4981707952970193;0.16819304713723177
12413;112414;Medium;Medium;0.22695916408027633;0.51766092755328352;0.25537990836644009
23020;123021;Medium;High;0.022327060115789898;0.23748899280635258;0.74018394707785751
10026;110027;Low;Medium;0.43457654444234173;0.45254619548112479;0.11287726007653352
26379;126380;High;High;0.00030737007875567847;0.030573579587391066;0.96911905033385337
39132;139133;High;High;0.022728395327311975;0.23748639902441537;0.73978520564827266
17558;117559;Medium;Medium;0.41489050046799647;0.47128735652987008;0.11382214300213359
21980;121981;High;High;0.046423874717179535;0.33585689763417248;0.61771922764864795
44048;144049;Low;Medium;0.31697099424326014;0.5021064655380918;0.18092254021864818
13826;113827;High;Medium;0.11600162063213247;0.46215137262773304;0.42184700674013459
39793;139794;High;Medium;0.23770466238689764;0.52258964538791319;0.23970569222518923
42421;142422;Low;Medium;0.21481382175036318;0.51428212702715737;0.27090405122247957
8060;108061;Medium;Medium;0.37438305888023887;0.48456099293514704;0.14105594818461423
9586;109587;High;High;0.003966568955592476;0.10988449269612642;0.88614893834828101
27889;127890;Medium;Medium;0.14427032124966868;0.47180969200517286;0.38391998674515831
11423;111424;Low;Low;0.61772325890849811;0.34717215134130047;0.035104589750201427
20991;120992;Medium;Medium;0.2267898742068023;0.50630383721831285;0.26690628857488485
23076;123077;Medium;Low;0.54252466506100971;0.39746521077990771;0.060010124159082572
47697;147698;Medium;Medium;0.23484529309358251;0.48862968000445617;0.27652502690196124
36650;136651;Low;Medium;0.38058832635942325;0.46160050085087323;0.15781117278970355
31111;131112;Medium;Medium;0.40994431418254312;0.4443374146772115;0.14571827114024546
26146;126147;Low;Low;0.5074484783813874;0.42100314126061378;0.071548380357998737
36373;136374;Low;Low;0.45184696337280422;0.44558161962736798;0.10257141699982775
32212;132213;Medium;Low;0.47486299260827119;0.41684845557053657;0.10828855182119221
38338;138339;Medium;High;0.035958603276631085;0.30272948343799538;0.66131191328537342
41715;141716;Medium;Low;0.52514885932775046;0.40751238522919747;0.06733875544305204
44960;144961;Medium;Low;0.52153498511445695;0.41364404172436914;0.064820973161173912
22113;122114;Low;Medium;0.12499312453690235;0.48323522799929108;0.39177164746380644
49766;149767;Low;Medium;0.40309025408504084;0.47635717848279574;0.12055256743216339
24001;124002;High;Medium;0.20823802435806463;0.50994778847850086;0.28181418716343448
48222;148223;Low;Low;0.65395334665004035;0.30815846991876006;0.03788818343119963
8167;108168;Medium;Medium;0.35797973506482772;0.45732091620005583;0.18469934873511643
48647;148648;Medium;Medium;0.32879038547485012;0.4649768317643091;0.20623278276084087
39974;139975;Low;Medium;0.39654506731374023;0.47365522635889279;0.12979970632736698
19180;119181;Medium;Low;0.47378578528506893;0.42138847581989214;0.10482573889503896
5172;105173;High;High;0.039451823828731997;0.32826185886280268;0.6322863173084653
27787;127788;Medium;High;0.11368660130762305;0.39414530600186071;0.49216809269051631
43724;143725;High;High;0.01488332471768751;0.18784426037725196;0.79727241490506051
3929;103930;Medium;Medium;0.33293045164173496;0.51545304469199127;0.15161650366627377
30658;130659;Low;Medium;0.3818628287194159;0.44097527309060869;0.1771618981899753
29938;129939;Low;Medium;0.44128540252482268;0.45404119344098343;0.10467340403419376
26250;126251;High;High;0.083457653976546878;0.40974477751131722;0.50679756851213598
11835;111836;High;High;0.019089677190009008;0.23320196753876318;0.74770835527122781
48505;148506;High;High;0.0087599710223176634;0.16290070028881071;0.82833932868887161
1202;101203;High;Medium;0.18476359754659244;0.50732519192362213;0.30791121052978537
33281;133282;Medium;Low;0.59674855889514278;0.35304177307778412;0.05020966802707319
49777;149778;Medium;High;0.0092797117293385838;0.16377422308351275;0.82694606518714853
29036;129037;High;High;0.0005702944243868353;0.038172575361653346;0.96125713021395987
1589;101590;High;Medium;0.21578605098025666;0.50838432476704942;0.27582962425269397
49057;149058;Low;Medium;0.42392149714662936;0.44367125438559118;0.1324072484677794
39203;139204;High;Medium;0.11404963588665276;0.4591616703720891;0.42678869374125805
21038;121039;High;Medium;0.19006752042549993;0.51073204241751635;0.29920043715698375
46298;146299;High;High;0.028384670582434667;0.2494324829260792;0.72218284649148612
20017;120018;High;Medium;0.22609648432922377;0.51672585799493087;0.25717765767584538
15022;115023;High;High;0.018056427138253946;0.21969112227792503;0.76225245058382118
48910;148911;Medium;Low;0.48763391891049107;0.41435838271396491;0.098007698375544142
15710;115711;Low;Low;0.54561723743824109;0.39180702001955509;0.062575742542203772
22411;122412;Low;Medium;0.33218624637125943;0.50960737917562826;0.15820637445311228
49921;149922;High;High;0.016604836786770671;0.18474672886411356;0.7986484343491157
38692;138693;Low;Medium;0.43746993274956009;0.45933100716415193;0.10319906008628811
31590;131591;High;High;0.085185244845969343;0.3563085540283587;0.55850620112567184
5456;105457;Low;Low;0.58589835032356152;0.36134734302663724;0.052754306649801269
20177;120178;Medium;Low;0.49381744016728812;0.43936084113485102;0.066821718697860813
35612;135613;High;High;0.0070271658990001869;0.14899536139465866;0.84397747270634116
40537;140538;High;Medium;0.15686072249580912;0.49601494072221436;0.34712433678197657
34987;134988;Low;Medium;0.43727335247879301;0.46027905619101617;0.10244759133019091
31102;131103;High;High;0.036875955076073913;0.2947447554720824;0.66837928945184366
13712;113713;Medium;Low;0.49333302722902145;0.42552782597208594;0.081139146798892517
9509;109510;Medium;High;0.14218903396331495;0.41593598208501631;0.44187498395166885
43354;143355;Low;Low;0.53800038749870316;0.4059131104888466;0.056086502012450183
8111;108112;Low;Low;0.61751859271676046;0.33306416918628673;0.049417238096952865
1741;101742;High;High;0.049816406515246027;0.28551682691339791;0.66466676657135615
6778;106779;Medium;Medium;0.33351719349504327;0.49598391188504543;0.17049889461991125
33060;133061;High;Medium;0.42040659028566779;0.44638756887457282;0.13320584083975939
10368;110369;Medium;Medium;0.3168942830019279;0.50249640163109832;0.18060931536697383
17718;117719;Medium;High;0.056914128658359882;0.37393420718262838;0.56915166415901175
14588;114589;Medium;Medium;0.34329678548484194;0.49873518071158224;0.15796803380357591
16040;116041;High;Medium;0.19514134832504446;0.45522642449548456;0.34963222717947101
49334;149335;Low;Medium;0.30659653403368486;0.50736954479266649;0.1860339211736487
22165;122166;Medium;Medium;0.23026678302991183;0.49871572844158391;0.27101748852850427
28565;128566;Low;Low;0.48857204845114793;0.42923423118470111;0.082193720364150805
20123;120124;Low;Medium;0.35070118631205793;0.48515753420118596;0.16414127948675603
8786;108787;Medium;Medium;0.39949214710175751;0.45795947017160643;0.14254838272663614
19057;119058;High;High;0.017320902524472374;0.2298360391589124;0.75284305831661535
41242;141243;Low;Medium;0.38250922603929571;0.4811867746293112;0.13630399933139314
27414;127415;High;Medium;0.10349357821065042;0.4568267064358455;0.43967971535350414
1822;101823;Medium;Low;0.52993248948780425;0.37992690635913923;0.090140604153056594
31763;131764;High;Low;0.45718885536209053;0.43256690481877375;0.1102442398191357
40040;140041;Medium;High;0.0030485024850810389;0.093736286579805525;0.90321521093511348
31414;131415;High;Medium;0.24495786322678972;0.51274703585678505;0.24229510091642525
31466;131467;Low;Low;0.55023843208028445;0.39232235414545347;0.057439213774262116
24895;124896;Low;Low;0.52231396091025628;0.40883870286675361;0.068847336222990177
22369;122370;Low;Medium;0.40141616209011793;0.47255577431182216;0.12602806359805985
40115;140116;Low;Low;0.49228764526331126;0.42941677323385274;0.078295581502835887
29216;129217;High;High;0.0063876276766763529;0.10908709443695731;0.88452527788636637
18868;118869;Low;Medium;0.35081957735533947;0.4976772982270829;0.15150312441757771
32955;132956;High;High;0.11246135775390192;0.3991107631316736;0.48842787911442442
31383;131384;Medium;Low;0.58017171206528373;0.37534588762116639;0.044482400313549809
21988;121989;Low;Low;0.59260477362981112;0.36045433140070321;0.046940894969485662
13579;113580;Low;Medium;0.31737268364861343;0.49496402748467044;0.18766328886671618
41155;141156;High;Medium;0.14856950558929638;0.48256256706704531;0.36886792734365831
28464;128465;Low;Medium;0.37796790147057063;0.44324059305907937;0.17879150547035014
39510;139511;High;High;0.082534022016827413;0.41956368030943575;0.49790229767373684
28405;128406;Low;Medium;0.2139554943834375;0.50288701628963606;0.28315748932692641
45567;145568;Medium;Medium;0.1686997947429914;0.4958506923632014;0.33544951289380726
11356;111357;High;High;0.055802848547376042;0.37321537727116777;0.57098177418145624
20044;120045;Medium;Medium;0.26132980354057816;0.46784485160152306;0.27082534485789866
14061;114062;Medium;Medium;0.16672367257108633;0.47799032902965732;0.3552859983992564
31385;131386;High;Medium;0.36810465008059007;0.48181335879906756;0.15008199112034248
28296;128297;Low;Medium;0.16125281372398212;0.49459599277003541;0.3441511935059825
22819;122820;Medium;Medium;0.27845734874861994;0.50496517431532906;0.21657747693605089
25766;125767;High;High;0.063462271929327518;0.40075151592437691;0.53578621214629563
36379;136380;Low;Low;0.54484856366022449;0.40001065410695091;0.055140782232824571
15413;115414;Low;Low;0.51874639342028384;0.41789723013586216;0.063356376443854029
35569;135570;Medium;Medium;0.37961089613674492;0.43763634614064845;0.18275275772260668
36596;136597;Medium;Low;0.50141925372506158;0.42292907656232781;0.0756516697126106
22578;122579;Medium;Medium;0.16357976359031093;0.48968920044582503;0.34673103596386401
5058;105059;High;High;0.096472745133731386;0.43553060619671002;0.46799664866955848
38834;138835;Medium;Medium;0.3739211548040291;0.49514414655608407;0.13093469863988672
48149;148150;Low;Low;0.64645508317287126;0.31966266804201515;0.033882248785113533
13643;113644;High;Medium;0.20392234733857695;0.4957090117707933;0.3003686408906297
12821;112822;High;High;0.028572555221371726;0.26332753841367557;0.70809990636495268
43820;143821;Low;Medium;0.19670921425288551;0.49279637007806809;0.3104944156690464
39881;139882;High;Medium;0.18861724703100052;0.50093367881127437;0.3104490741577251
13091;113092;Low;High;0.063387887232625756;0.38214595622702413;0.55446615654035014
37355;137356;Medium;Medium;0.4075922228979002;0.44063355157603046;0.15177422552606931
15684;115685;High;Medium;0.33391108360182042;0.50382353958099924;0.16226537681718028
37197;137198;Medium;Medium;0.22009014699916574;0.46369658675855724;0.31621326624227714
49975;149976;High;High;0.0074949829060124889;0.1442780359073659;0.84822698118662154
10074;110075;High;Low;0.65318220186956788;0.31431846285614223;0.032499335274290088
49579;149580;High;Medium;0.18810290253664044;0.45325812254240933;0.35863897492095026
21048;121049;Low;Low;0.59528219435729746;0.36034682489790987;0.044370980744792787
36238;136239;Medium;Low;0.49199180252737573;0.43557244657403643;0.07243575089858785
39246;139247;High;Medium;0.37096744295685558;0.48387399227370798;0.14515856476943642
13655;113656;Medium;Low;0.56035547262720597;0.37884407528678699;0.060800452086007088
23395;123396;Medium;High;0.13687881951739583;0.41065764666081384;0.45246353382179033
28262;128263;High;High;0.010858705323442366;0.16621715358760766;0.82292414108895007
23183;123184;Medium;Low;0.51733754241496899;0.41786184017608285;0.0648006174089482
3610;103611;High;Low;0.56647566182730291;0.37907820347432791;0.054446134698369106
49374;149375;Medium;High;0.038009902044211639;0.29407603715265473;0.66791406080313365
27754;127755;High;Medium;0.23425798060438305;0.50583534591203405;0.25990667348358287
16701;116702;Medium;High;0.020180707645749023;0.23721758261584222;0.74260170973840878
24023;124024;Medium;Medium;0.19955794650619582;0.50661326824338848;0.29382878525041572
1919;101920;Low;Medium;0.33488193187111998;0.49989889036611374;0.16521917776276618
23647;123648;Low;Low;0.57589587998778635;0.37458835283342895;0.04951576717878476
44277;144278;Medium;Medium;0.34812551749788889;0.49707528557841685;0.15479919692369418
49897;149898;Medium;Low;0.53144501318924109;0.398231998852423;0.070322987958335831
29162;129163;Low;Medium;0.37590104133111463;0.48052107045105846;0.1435778882178268
36554;136555;Medium;Medium;0.42585781124107253;0.46790883311133508;0.10623335564759223
3344;103345;Low;Low;0.45932486312931775;0.44070426373727295;0.099970873133409272
46823;146824;High;High;0.10853105259290639;0.41711039557251739;0.47435855183457637
22098;122099;High;Medium;0.45166590254822331;0.45408805806550634;0.09424603938627038
29689;129690;Medium;High;0.095560784574135499;0.42202787343443932;0.48241134199142527
10666;110667;Medium;Medium;0.29925734908949503;0.52276583673654176;0.17797681417396313
23992;123993;Low;Medium;0.30294802004785981;0.51399034052264447;0.18306163942949566
17263;117264;Medium;Medium;0.30921935162533482;0.4681917887191463;0.22258885965551889
8667;108668;Medium;Medium;0.38584436127935584;0.49303720573356818;0.12111843298707613
7718;107719;Medium;Medium;0.26432551112916092;0.4715787451827364;0.26409574368810274
12804;112805;Low;Medium;0.40958348951816737;0.46905674079148335;0.1213597696903493
9987;109988;High;High;0.016830051721739094;0.22101447550774475;0.7621554727705161
23910;123911;Low;Low;0.56487160863850638;0.38188268301727135;0.053245708344222382
28896;128897;Medium;Low;0.49566397033898141;0.43059662627947259;0.073739403381545998
26366;126367;Medium;High;0.013402847573908869;0.18669356501015483;0.79990358741593637
9837;109838;High;Medium;0.34783792382670742;0.50919974496218101;0.14296233121111157
1343;101344;Low;Low;0.50533574088842093;0.42811337252680315;0.066550886584775926
11097;111098;Medium;Medium;0.23221770241385969;0.48442302464650672;0.28335927293963364
49191;149192;Low;Medium;0.43462096457366939;0.45809135418475116;0.10728768124157947
43836;143837;Medium;Medium;0.34298242554586195;0.49156464514144455;0.16545292931269337
3763;103764;High;Medium;0.19728724313892063;0.50619582156182819;0.29651693529925116
38439;138440;High;High;0.050918095957050782;0.35573305047551151;0.59334885356743772
11177;111178;Medium;Medium;0.36329337572603232;0.48122390167301471;0.15548272260095303
44840;144841;High;Medium;0.33312631384933394;0.45772627616224593;0.20914740998842016
40899;140900;Medium;Medium;0.1774332469637763;0.50903798327422589;0.31352876976199773
9379;109380;Low;Medium;0.35525039780327877;0.51116132025879246;0.13358828193792879
32639;132640;Medium;Medium;0.40059596250662732;0.44784445206607587;0.15155958542729681
39764;139765;High;Low;0.50963373629000874;0.40905224334748558;0.081314020362505651
43218;143219;Medium;Medium;0.39182941884490546;0.46516806510359532;0.14300251605149922
40706;140707;Low;Medium;0.37057955442935303;0.48665468470986201;0.14276576086078488
28957;128958;Low;Low;0.56873196438449491;0.37781085665227809;0.053457178963227034
27802;127803;Medium;Medium;0.42353832875512132;0.47060395888021933;0.10585771236465918
32750;132751;Medium;Medium;0.34420593949022021;0.49724320719114129;0.15855085331863839
36207;136208;Medium;Low;0.46582161899596319;0.45316671739983205;0.081011663604204656
49356;149357;High;Medium;0.11183354801414988;0.444292297549015;0.44387415443683509
44527;144528;Medium;Medium;0.3941248862654928;0.4880413257579797;0.1178337879765276
1426;101427;Low;Medium;0.36632004017530656;0.49014233585311767;0.14353762397157571
22240;122241;Medium;Medium;0.2060985020287695;0.5096756676745543;0.28422583029667614
40636;140637;Medium;Medium;0.33473822433303724;0.50161870116102358;0.1636430745059391
13584;113585;Medium;Medium;0.15737559062662521;0.51184911966901625;0.33077528970435854
46729;146730;Low;Medium;0.3487562870848841;0.48932407339483414;0.16191963952028171
30007;130008;Medium;Low;0.49026027986876669;0.43069598667119136;0.079043733460042051
32884;132885;Medium;Medium;0.26363843502930162;0.51108564792040689;0.22527591705029154
49881;149882;Medium;Medium;0.37690885915103856;0.44697157457712638;0.17611956627183517
33479;133480;Low;Medium;0.35058873103236721;0.48585262730706641;0.16355864166056627
37857;137858;Low;Low;0.58202647145986797;0.35594065403907099;0.062032874501060924
41999;142000;High;Medium;0.23346266459039972;0.50635757490485911;0.26017976050474118
15092;115093;Medium;Medium;0.11705396275685145;0.46031642769631026;0.42262960954683826
9043;109044;High;Medium;0.18715572009174819;0.46737322520371177;0.34547105470453987
4431;104432;Medium;High;0.065947921461373543;0.32681476746096966;0.60723731107765677
42326;142327;Medium;Low;0.48447850616464816;0.41777921491627285;0.097742278919079037
34654;134655;Medium;Medium;0.19678456206373279;0.49633886334131549;0.30687657459495166
28533;128534;Medium;High;0.086898432673857037;0.41165680683294648;0.50144476049319653
22809;122810;Medium;Low;0.61537979744394222;0.34144636571945025;0.043173836836607672
23913;123914;Medium;Low;0.47661570232749678;0.41593486669585145;0.1074494309766518
40455;140456;Low;Low;0.61877635723611224;0.33230396103246151;0.048919681731426162
3718;103719;Medium;Low;0.70160098382218328;0.27710992419389108;0.021289091983925663
16682;116683;Medium;Low;0.56148841641294223;0.39247920471903697;0.046032378868020862
35179;135180;Medium;Medium;0.31566502860197371;0.46273768766074108;0.22159728373728535
35046;135047;Medium;Medium;0.30546109831943058;0.51166187368127991;0.18287702799928945
16512;116513;Medium;Medium;0.38435037834866115;0.4576966451213838;0.15795297652995499
40286;140287;Medium;Medium;0.42512009414049712;0.45860847154799422;0.1162714343115087
2342;102343;Medium;Medium;0.32169079741091539;0.51454362840542611;0.1637655741836585
18007;118008;Medium;Medium;0.31166946980118032;0.46240615414523789;0.22592437605358176
19613;119614;High;Medium;0.38012258775124941;0.48708153751089628;0.13279587473785429
13942;113943;Medium;High;0.066517699867138957;0.39910460762663835;0.53437769250622269
48432;148433;Medium;Low;0.63929276204804386;0.32962873677780491;0.031078501174151098
22392;122393;Low;Low;0.58952338926538028;0.36534168050678184;0.045134930227837919
23134;123135;High;Medium;0.15827069277328332;0.47767141921906497;0.36405788800765176
20935;120936;High;High;0.0023525232322726287;0.068399684133355468;0.92924779263437207
34516;134517;Medium;Low;0.61584803778487163;0.34618982496743805;0.037962137247690403
11445;111446;High;High;0.089273569320102136;0.4062765604978984;0.50444987018199949
12549;112550;Low;Low;0.67666553380513184;0.29769966894654459;0.02563479724832354
10596;110597;High;High;0.0019096539062335197;0.077723896399004344;0.92036644969476211
8854;108855;Medium;Low;0.50303598967795227;0.42619093179269923;0.070773078529348415
12940;112941;High;Low;0.6038484135885136;0.34661814589909717;0.049533440512389268
43186;143187;Medium;High;0.10565506754336534;0.42285096412718504;0.47149396832944962
27814;127815;High;Medium;0.20796988725298449;0.49804445487113119;0.29398565787588438
5663;105664;Medium;Medium;0.45206483625590188;0.45473382183583028;0.09320134190826794
35878;135879;Low;Medium;0.41877100408237122;0.47112816310423766;0.11010083281339109
9247;109248;Low;Low;0.7495409240431552;0.23598355624357481;0.014475519713269967
42228;142229;Medium;Medium;0.40799243401294571;0.47434846210082099;0.11765910388623337
33255;133256;Medium;Medium;0.40590704394705518;0.47780507587588189;0.1162878801770629
36178;136179;High;Medium;0.18851006922889693;0.42476538031803185;0.38672455045307125
823;100824;High;High;0.023963718092222145;0.21221880480893107;0.76381747709884684
45472;145473;High;High;0.037080321713672489;0.30985097816775564;0.65306870011857177
37776;137777;High;Medium;0.42184355555119335;0.47140911261332841;0.10674733183547812
30747;130748;Medium;Medium;0.45181421854737891;0.46150584421947566;0.086679937233145432
45707;145708;Low;Medium;0.31179787876784437;0.47332950658548428;0.21487261464667134
7988;107989;High;Medium;0.24678450676369534;0.47539571040233558;0.27781978283396908
39148;139149;Medium;Medium;0.14420355888890354;0.47879028277436042;0.37700615833673606
49743;149744;Medium;Medium;0.3448517760235929;0.48697999740440051;0.16816822657200656
22307;122308;High;High;0.018151137924035051;0.23341879927263798;0.7484300628033268
10999;111000;Low;Medium;0.37861939130183619;0.49519468193390409;0.12618592676425988
44577;144578;Medium;Medium;0.2890351457792858;0.516567852270582;0.19439700195013226
15924;115925;Medium;Low;0.44017708267332795;0.43998295073120336;0.11983996659546872
28692;128693;Medium;Low;0.54149143114410991;0.39845809345408617;0.060050475401803839
12551;112552;High;High;0.043773877039896228;0.3282479660094661;0.62797815695063786
13364;113365;Medium;Low;0.53889062078765049;0.38856921802451816;0.072540161187831242
34602;134603;High;High;0.017853209763982619;0.21576988439250253;0.76637690584351481
38713;138714;Low;Low;0.49909241980512759;0.43000459512953376;0.070902985065338764
6605;106606;Medium;High;0.053511610790569389;0.38033764929861524;0.56615073991081544
12182;112183;Low;Medium;0.31023587762127519;0.51332134364883319;0.1764427787298917
35716;135717;High;High;0.021036944201843825;0.18969592650312489;0.78926712929503118
12175;112176;High;High;0.013507814767328543;0.19263947768177192;0.79385270755089954
38665;138666;Low;Medium;0.40977570892943849;0.4677555058222268;0.12246878524833477
47361;147362;Medium;Medium;0.35453208347390053;0.51005231211021607;0.13541560441588343
8480;108481;High;High;0.059612258029931919;0.35815195815505824;0.58223578381500996
23315;123316;High;Medium;0.13100717033820702;0.44436509734680996;0.42462773231498296
45796;145797;Low;Low;0.51340856520570799;0.41662366474475798;0.069967770049534056
46831;146832;Low;Medium;0.22763267140037405;0.5111349742019311;0.26123235439769488
16593;116594;Medium;Medium;0.2064722447614819;0.51948807879640879;0.2740396764421093
13325;113326;Low;Medium;0.43328141386885971;0.45971098397126392;0.10700760215987644
4599;104600;High;High;0.018346642427462562;0.18708618422273884;0.79456717334979854
13782;113783;High;Medium;0.21376954770617687;0.49328331946208981;0.29294713283173346
25187;125188;Low;Low;0.45090830561536044;0.42366403096671368;0.12542766341792577
19713;119714;Medium;Medium;0.3271275967061506;0.51804880046585955;0.15482360282798979
37262;137263;Medium;Medium;0.33825475338259881;0.5052081667324303;0.15653707988497087
996;100997;Medium;Medium;0.17018824010224401;0.42257828753379512;0.40723347236396085
15071;115072;Medium;Medium;0.37242531809850715;0.49728408465024582;0.13029059725124703
6472;106473;Low;Medium;0.28508232942398581;0.51832639226033683;0.19659127831567741
35643;135644;Low;Medium;0.40633714713683361;0.47339658164057952;0.12026627122258675
10356;110357;Low;Low;0.58382844251319266;0.37410063338714244;0.042070924099664876
36761;136762;Low;Medium;0.27642410792176025;0.52040172228270332;0.20317416979553637
4587;104588;Low;Low;0.61095799103719672;0.33801700777276583;0.051025001190037444
36846;136847;Medium;Medium;0.11877219428828227;0.46379503972669678;0.41743276598502094
35177;135178;Low;Medium;0.444304421039946;0.45560556647592743;0.10009001248412669
4027;104028;High;Medium;0.17240707742065933;0.50218751323937283;0.32540540933996781
26439;126440;High;High;0.006710770854421606;0.11279540254725179;0.88049382659832642
11055;111056;Low;Medium;0.34770013365717922;0.45554082673565816;0.19675903960716265
43077;143078;Medium;Medium;0.36967820334774665;0.4625564512927538;0.16776534535949961
18460;118461;High;Medium;0.19747345816859571;0.5228330837838886;0.27969345804751566
17245;117246;Low;Low;0.6265798124033477;0.32393715873932521;0.049483028857327103
17242;117243;Medium;Medium;0.34532754444782882;0.50513690693218594;0.1495355486199853
382;100383;High;Medium;0.41605174265639283;0.4537035513588073;0.13024470598479979
15068;115069;High;Medium;0.1778913494596791;0.45015879673514292;0.37194985380517803
29401;129402;Medium;Low;0.54658745539871179;0.39532246006601401;0.058090084535274256
45551;145552;High;High;0.080996257879516656;0.42263177697070675;0.49637196514977672
49773;149774;Medium;Low;0.48439187502016956;0.41911757346995693;0.096490551509873665
48665;148666;Low;Medium;0.44144770058052435;0.46483507214737502;0.093717227272100634
1906;101907;Low;Low;0.61450647977402018;0.34270531663892706;0.042788203587052785
46627;146628;High;Medium;0.29224459351517529;0.48983640700361741;0.21791899948120735
43845;143846;High;Low;0.5496780356072114;0.39004664563569558;0.060275318757093022
5026;105027;High;Low;0.53259308517861847;0.41033843811408283;0.057068476707298636
36019;136020;Low;Low;0.48789857403289089;0.43890403147382379;0.073197394493285384
16114;116115;Low;Medium;0.43841025806961176;0.46171172672559202;0.099878015204796153
36362;136363;High;High;0.07556437230020531;0.34977544946558037;0.57466017823421423
34734;134735;Medium;Medium;0.31817855241645354;0.46761203096123488;0.21420941662231152
15611;115612;Low;Medium;0.37548350104946637;0.4854458236832519;0.13907067526728176
8013;108014;Medium;Low;0.53552507456733012;0.40762849105512861;0.056846434377541166
2930;102931;Medium;Medium;0.40554743946537236;0.46936317813019712;0.12508938240443052
32755;132756;High;High;0.068962158552754699;0.3897108763999379;0.54132696504730737
28027;128028;Medium;Low;0.54558817072283416;0.39177213193367083;0.062639697343494963
7732;107733;Medium;Low;0.4846316647748069;0.43789941444040997;0.077468920784783138
24391;124392;Medium;Medium;0.38384162071551076;0.48583844871187692;0.13031993057261246
9718;109719;High;High;0.0026331214727267085;0.091671399562315195;0.90569547896495817
39003;139004;Medium;High;0.0049300736975536599;0.11984198721270165;0.87522793908974461
5132;105133;Medium;Medium;0.14511547874541397;0.49459207881374212;0.36029244244084391
47118;147119;Medium;High;0.091343436462506825;0.40139193863978107;0.50726462489771207
20692;120693;Low;Medium;0.40465334728374841;0.47047914319090495;0.12486750952534673
8104;108105;Medium;Medium;0.32836193208428721;0.50589191214196016;0.16574615577375273
33528;133529;Low;Low;0.5203014041371069;0.40628691071430995;0.073411685148583095
49029;149030;Medium;Low;0.50309607176081583;0.40454067961687479;0.092363248622309366
10339;110340;Low;Low;0.50764702157446784;0.42357040503238119;0.06878257339315097
45729;145730;Medium;Medium;0.19668929322299358;0.50705172906563911;0.29625897771136733
39641;139642;High;Medium;0.28495773785217765;0.46232849035422352;0.25271377179359888
20651;120652;Medium;Medium;0.26115797023432252;0.51297401617894234;0.22586801358673517
35228;135229;Low;Medium;0.28049286768951875;0.51644530165383418;0.20306183065664701
6668;106669;Medium;Medium;0.11610992517007031;0.4670413405363758;0.4168487342935539
28878;128879;Low;Low;0.44940468617122775;0.43226144271827566;0.11833387111049659
29517;129518;Medium;High;0.050506721066354447;0.35624172122810993;0.59325155770553561
24437;124438;Medium;Medium;0.17424497141030271;0.47445294510459435;0.35130208348510278
319;100320;High;High;0.0032192169518591202;0.094278755701677888;0.9025020273464629
21915;121916;Medium;Low;0.46047713448066169;0.44410099666644864;0.095421868852889585
43402;143403;Medium;Low;0.5755620654468282;0.36800791317326981;0.056430021379902051
45243;145244;Low;Medium;0.31331700001720664;0.49759695868787129;0.18908604129492199
33148;133149;Medium;High;0.020443222308471572;0.23337371490053951;0.74618306279098889
27130;127131;High;High;0.098673687293154844;0.39851563588559569;0.50281067682124936
42327;142328;Medium;Medium;0.30012341757410577;0.52373363633727188;0.17614294608862238
8677;108678;Medium;Low;0.46179045986760953;0.4436937295571009;0.094515810575289544
24723;124724;High;Medium;0.29702571828390495;0.51115020757364205;0.19182407414245303
13413;113414;High;Medium;0.30960943727849133;0.51351327212434839;0.17687729059716031
24690;124691;Low;Low;0.47458406594669594;0.43936795565015158;0.086047978403152495
14903;114904;High;High;0.088789279809871197;0.42306116807619998;0.48814955211392874
49087;149088;Medium;High;0.05266926853954159;0.37147790326155017;0.57585282819890815
23937;123938;Medium;Medium;0.32479689148741542;0.45050181248177967;0.22470129603080494
34665;134666;Low;Medium;0.27498233334239641;0.51591113322765725;0.2091065334299464
35329;135330;Medium;Medium;0.28686548500498749;0.51916954951887351;0.19396496547613892
22234;122235;Low;Medium;0.41719592349041401;0.46120906348698948;0.12159501302259651
15199;115200;Medium;Medium;0.35558584629380902;0.50085878725416311;0.14355536645202788
33882;133883;Low;Medium;0.3979990621191683;0.47974534990389756;0.12225558797693414
22550;122551;Medium;High;0.10178087435121246;0.44823062820382709;0.44998849744496056
26998;126999;Medium;Medium;0.11632108495233477;0.4609909499660868;0.42268796508157841
2175;102176;Low;Low;0.4814883257140708;0.44309992048614216;0.075411753799787082
22899;122900;High;Medium;0.25559884762634977;0.50887291615804553;0.23552823621560465
21864;121865;Low;Low;0.55967658222375338;0.38144501396249747;0.058878403813749113
44382;144383;High;High;0.065045460080485382;0.38300357448843902;0.55195096543107547
14050;114051;High;Medium;0.37565993428101746;0.45330681766244946;0.17103324805653303
29585;129586;Medium;Low;0.54599281414229062;0.39576467266441251;0.05824251319329693
29703;129704;High;High;0.069834082952094811;0.37662603369381326;0.55353988335409199
17937;117938;Medium;Low;0.51790492021779821;0.41422141579144595;0.067873663990755881
27536;127537;Medium;Medium;0.22032178281726386;0.45919343968645915;0.32048477749627696
24372;124373;High;High;0.10340388556686037;0.38086014156135711;0.51573597287178252
21824;121825;Low;Medium;0.42292724499773743;0.47677751416344039;0.10029524083882212
32273;132274;Low;Medium;0.23994384409497477;0.51196159413714137;0.24809456176788389
40331;140332;Medium;Medium;0.20675029782156881;0.50642655721810703;0.28682314496032418
701;100702;High;High;0.0023210620395438318;0.080747157281640058;0.9169317806788162
24296;124297;Low;Low;0.6251865598585461;0.33906462690863792;0.035748813232815903
1367;101368;Medium;Medium;0.41575809612496878;0.43934836192476517;0.14489354195026616
49657;149658;Medium;Medium;0.3535602883437225;0.49942588756634343;0.14701382408993396
9639;109640;Medium;Medium;0.1985572769209927;0.52269324818117502;0.27874947489783231
8852;108853;High;High;0.0036028251730257001;0.10473173461144461;0.89166544021552974
38035;138036;Medium;Low;0.50802244849591316;0.42416177385596998;0.06781577764811679
27942;127943;Low;Medium;0.23621879720854458;0.51188620997311374;0.25189499281834171
40486;140487;Medium;High;0.10019430328836115;0.4364206962519539;0.46338500045968511
18127;118128;Medium;Medium;0.3150561999379109;0.47164008668742519;0.21330371337466392
23584;123585;Low;Low;0.52664112415314102;0.39103504436628023;0.082323831480578744
18399;118400;Low;Low;0.46914669285816002;0.44521339842458185;0.085639908717258059
9545;109546;Medium;Medium;0.17600251421306046;0.50234058413581395;0.32165690165112559
8587;108588;Low;Low;0.66835535898138432;0.3037982633118409;0.027846377706774745
22477;122478;Medium;High;0.0089276436233321297;0.16197920298648746;0.82909315339018042
44618;144619;Low;Low;0.55839962262033604;0.38302960776810052;0.058570769611563586
9941;109942;Medium;Low;0.57943749277818024;0.37105954365960736;0.049502963562212426
40668;140669;Medium;Medium;0.32240758231461586;0.5095197195192751;0.16807269816610904
1262;101263;Medium;Medium;0.29670927623091936;0.49930136182650631;0.20398936194257419
19175;119176;Medium;Low;0.61451883795593443;0.35129807887418318;0.034183083169882458
3601;103602;Medium;Low;0.44091494513153612;0.43719688063271944;0.12188817423574456
35275;135276;Medium;Medium;0.17221765547556125;0.50732559825060131;0.32045674627383741
39998;139999;Medium;Medium;0.11864028520986712;0.44074661164669954;0.44061310314343327
4299;104300;Low;Medium;0.30034808787685491;0.46737806626981765;0.2322738458533275
22747;122748;Medium;Low;0.5321384586291058;0.40237583076638067;0.065485710604513372
7730;107731;Medium;Low;0.46935695403421795;0.441065291890473;0.089577754075308977
8799;108800;Medium;Medium;0.20617114457220961;0.50550784283282524;0.28832101259496523
40887;140888;Low;Medium;0.33798197292086291;0.49445893167717164;0.16755909540196556
30224;130225;High;Medium;0.43173850348583459;0.46528741613253294;0.1029740803816325
5336;105337;High;High;0.026152940937447536;0.21351781375267739;0.76032924530987511
23435;123436;Low;Low;0.58771348593092132;0.35925756564574168;0.053028948423336955
36689;136690;Medium;Medium;0.15784676200198583;0.49768695893460491;0.34446627906340921
2759;102760;High;High;0.012704855672720566;0.1979981363264805;0.78929700800079883
10196;110197;Low;Medium;0.21083341421904464;0.50711382613994205;0.28205275964101334
45278;145279;Medium;Low;0.60924466118737353;0.34968863031738096;0.04106670849524538
48441;148442;Low;Low;0.46504621618793679;0.44351382442285048;0.091439959389212733
2110;102111;Medium;Medium;0.27607945333745665;0.47841506271140383;0.24550548395113958
39757;139758;Medium;Medium;0.14889285353099438;0.49291428716861507;0.35819285930039058
47771;147772;High;High;0.0098267668499020903;0.16999219663153034;0.82018103651856744
3658;103659;High;High;0.020263498453641435;0.24611121377543535;0.7336252877709234
24235;124236;High;High;0.070002803101778602;0.37050235639331208;0.55949484050490927
5451;105452;Medium;High;0.059722312025706999;0.32030020225983535;0.61997748571445765
7596;107597;High;Medium;0.14713516512487027;0.42671881694161656;0.42614601793351309
33605;133606;High;Low;0.49605087063424785;0.42563237514466939;0.07831675422108271
38610;138611;Medium;Low;0.49164140886234681;0.44012751126528865;0.06823107987236457
22359;122360;Low;Low;0.60009575787763314;0.35766773076414199;0.042236511358224912
48071;148072;Low;Medium;0.24125157070306119;0.51177079019211424;0.24697763910482459
3656;103657;Medium;Low;0.59372514497387696;0.36401537120309085;0.042259483823032261
2164;102165;Low;Low;0.62713645516036243;0.33860023014776131;0.03426331469187633
12534;112535;Medium;Medium;0.21274915446837597;0.46192061384780519;0.32533023168381875
20364;120365;Medium;Low;0.52999861755722111;0.40620908755459334;0.063792294888185649
31443;131444;Low;Medium;0.24561004111128851;0.50966264870593803;0.24472731018277349
23589;123590;Medium;Low;0.65223331333643098;0.31704083730319976;0.030725849360369168
23530;123531;Medium;Low;0.4851728607598666;0.43523012966326247;0.07959700957687095
47829;147830;Medium;Medium;0.19529957439227486;0.50765696029969898;0.29704346530802617
9640;109641;Low;Low;0.52254748254427252;0.41435022142167116;0.063102296034056357
15196;115197;Medium;High;0.078080985263109734;0.39516353853276431;0.52675547620412599
19170;119171;Medium;Low;0.5021748600526349;0.40341855482106836;0.094406585126296669
17812;117813;Low;Low;0.45103377547772833;0.43285325924439749;0.11611296527787421
21509;121510;Low;Medium;0.42081673912265743;0.45538851409545755;0.12379474678188518
6551;106552;Medium;Medium;0.17402077491806722;0.47581097884581475;0.35016824623611797
24352;124353;High;Medium;0.43707139516983257;0.47059615513139597;0.092332449698771385
8311;108312;High;Medium;0.25335129466995021;0.52053102536195417;0.22611767996809559
11289;111290;Low;Medium;0.41589009424529033;0.46990270589164418;0.11420719986306554
19540;119541;Low;Low;0.51916490635982515;0.40909481118699903;0.071740282453175819
2543;102544;Medium;Medium;0.17957106854420918;0.50032587072425749;0.32010306073153327
29560;129561;Medium;Low;0.50152728580101591;0.4072634331691567;0.091209281029827477
15516;115517;Low;Medium;0.33548678038734009;0.51328160903889808;0.15123161057376186
36135;136136;Low;Medium;0.24771367966766156;0.52115334231157451;0.23113297802076394
42829;142830;High;High;0.010415465582701249;0.18305818253271502;0.80652635188458366
8087;108088;High;High;0.0043280365539806898;0.092993824166314631;0.90267813927970464
12730;112731;Medium;Medium;0.26354024290750677;0.52127412577551735;0.21518563131697588
21294;121295;Low;Medium;0.39315711170105044;0.47996896694692348;0.12687392135202619
26260;126261;Medium;Medium;0.44134613466068168;0.46224746436038089;0.096406400978937379
49479;149480;Medium;Medium;0.20735874840875199;0.51620469893238519;0.27643655265886291
26280;126281;Medium;Low;0.43608894144536736;0.42690591632849334;0.1370051422261393
43953;143954;Low;Medium;0.27465713956468218;0.50721001406811927;0.21813284636719846
13974;113975;High;High;0.032053782640726815;0.28496148707318841;0.68298473028608486
44260;144261;High;High;0.044682920421265065;0.3137861185573485;0.6415309610213864
31255;131256;High;Medium;0.20870364813868841;0.50758179021713767;0.28371456164417391
39314;139315;Medium;Medium;0.30937030042528219;0.51055125746353558;0.18007844211118224
14167;114168;Low;Low;0.65717736179412733;0.31157711176086583;0.031245526445006871
7391;107392;Low;High;0.099155514426097019;0.43578791240760179;0.46505657316630111
17456;117457;Low;Medium;0.40473679799760165;0.46680500948219589;0.12845819252020241
42159;142160;Medium;Low;0.60019462671169521;0.35523220162998015;0.044573171658324771
33486;133487;Low;Medium;0.3744659932364105;0.4931618911223779;0.13237211564121154
30011;130012;Medium;Medium;0.29539750303948492;0.5122135661633942;0.19238893079712083
46297;146298;High;High;0.06184898818728353;0.35511641745601247;0.58303459435670391
18869;118870;Medium;Medium;0.44359010021902295;0.44664443817759319;0.10976546160338385
21647;121648;Low;Medium;0.30791647191208055;0.51764187167338183;0.17444165641453768
33720;133721;Medium;Medium;0.11744308782662975;0.45993745494611626;0.42261945722725408
13905;113906;Medium;Medium;0.28614085237807341;0.50674901901737934;0.20711012860454717
10701;110702;Medium;Medium;0.38660981537868871;0.48925527689446235;0.12413490772684907
30258;130259;Medium;High;0.033910137910154091;0.29608513237603468;0.6700047297138112
29540;129541;Medium;Low;0.50636592883692921;0.423867415503417;0.069766655659653759
23556;123557;Medium;Medium;0.32929130782718063;0.51751121126410993;0.15319748090870949
28135;128136;High;Medium;0.14591002062432448;0.47952563351625649;0.374564345859419
13108;113109;High;High;0.064440656334653262;0.32223317806388113;0.61332616560146558
32213;132214;Medium;Low;0.47629089306092937;0.4399852084469173;0.08372389849215324
6166;106167;High;High;0.059192304977267345;0.32570365066656159;0.61510404435617094
35466;135467;Medium;Medium;0.33382809494124593;0.50435690905397779;0.16181499600477625
28941;128942;Low;Low;0.55322638550310954;0.38115392272720944;0.065619691769681007
36605;136606;Low;Medium;0.27050132371277796;0.47265239963319861;0.25684627665402349
3863;103864;Low;Medium;0.34351732542884145;0.50132174523624262;0.15516092933491588
6790;106791;Low;Medium;0.37963568504654915;0.48354140950684465;0.1368229054466063
14757;114758;Medium;Medium;0.27264964526267965;0.52352995863475127;0.20382039610256908
18138;118139;High;Medium;0.27473240249378156;0.52240236252141226;0.20286523498480616
28591;128592;Low;Medium;0.39502826965135951;0.48885590419806968;0.11611582615057084
11963;111964;Low;Medium;0.26214615108704648;0.52560389456162349;0.21224995435132996
32682;132683;High;Medium;0.19618414526806729;0.47482272336158049;0.3289931313703523
16713;116714;Medium;Medium;0.23722071867738381;0.44666592743418726;0.31611335388842887
36735;136736;Medium;Low;0.52567843488535393;0.39034302825638018;0.083978536858265854
9813;109814;High;Medium;0.36513468102315105;0.45914419540276052;0.17572112357408845
29588;129589;Medium;Low;0.46853654782100973;0.44629242094816135;0.08517103123082892
23561;123562;Low;Low;0.64069470561862685;0.32582063351261487;0.033484660868758245
16981;116982;High;Medium;0.28805136138219023;0.50481500597564444;0.20713363264216531
28458;128459;Medium;Medium;0.3303949071145158;0.5069217499530656;0.16268334293241854
35064;135065;High;High;0.092329912327603292;0.43931664730618802;0.4683534403662088
18880;118881;Medium;Medium;0.32666766343953568;0.51350613458592997;0.15982620197453426
20410;120411;Low;Medium;0.34225418236985861;0.50840233358645492;0.14934348404368641
30629;130630;Low;Low;0.68840501752094507;0.28940187698333208;0.022193105495722794
3607;103608;High;Medium;0.12342082587163566;0.44735762708558574;0.42922154704277848
15577;115578;High;Medium;0.12761577068594629;0.4476169242314198;0.42476730508263394
27645;127646;Medium;High;0.054993056715869564;0.36059278625840868;0.58441415702572175
14766;114767;Low;Medium;0.39006214446850529;0.47949708438591365;0.13044077114558114
16466;116467;Medium;Medium;0.25069212236707444;0.53274418267695123;0.21656369495597433
34611;134612;Low;Low;0.47426631994430685;0.43432489587715034;0.091408784178542757
30869;130870;Medium;Low;0.59249588158477406;0.36481688344988189;0.042687234965343941
9715;109716;Low;Medium;0.26556025941980288;0.50590414216508284;0.22853559841511434
44800;144801;Low;Low;0.54756408691476111;0.38438914896630777;0.068046764118931138
23830;123831;High;High;0.098141112824486731;0.43344207455540751;0.4684168126201057
36775;136776;Medium;Low;0.45523007716921016;0.43214133630066909;0.11262858653012074
42640;142641;Medium;High;0.091191017325963339;0.37717778914735889;0.53163119352667776
44628;144629;Low;Medium;0.38380397353267609;0.49453477483569047;0.1216612516316334
5021;105022;Medium;Medium;0.28481908827533725;0.51365058766928207;0.20153032405538071
39561;139562;Medium;Medium;0.27273005222055691;0.51749972557444801;0.20977022220499511
13514;113515;High;High;0.036425668989752351;0.29991678186556858;0.663657549144679
18787;118788;High;High;0.07769293801491696;0.38792411838542801;0.5343829435996551
30806;130807;Low;Medium;0.2157312980513704;0.45513330871813396;0.32913539323049568
9523;109524;Low;Medium;0.29497188942471209;0.52012320550000612;0.18490490507528179
43693;143694;High;High;0.0006391636680740247;0.041716797620156523;0.95764403871176951
30632;130633;Low;Low;0.48713551908785335;0.4388646848154939;0.073999796096652762
39588;139589;Low;Medium;0.21162947158891626;0.51906787529233722;0.26930265311874657
6706;106707;Medium;Low;0.45320169340095423;0.44760069749695403;0.099197609102091841
43343;143344;High;High;0.0079982075232377572;0.12350951179061222;0.86849228068614992
47067;147068;Medium;Low;0.46061237677692213;0.44311137448073334;0.096276248742344459
11667;111668;Medium;Medium;0.38050127422918817;0.46280526454573861;0.15669346122507316
31802;131803;Low;Medium;0.41626760847464678;0.46995616684396635;0.11377622468138683
36150;136151;High;High;0.093723572069079025;0.43513479335344579;0.47114163457747532
16059;116060;Medium;Medium;0.25575821640101903;0.5256919886147815;0.21854979498419952
32131;132132;Medium;Low;0.59194094652038876;0.36381159737980784;0.044247456099803351
11299;111300;Medium;Medium;0.26359300779653366;0.52679758588386816;0.20960940631959821
17981;117982;Medium;Medium;0.28933407897433394;0.53075561220737744;0.17991030881828854
1666;101667;Low;Low;0.47923807442991484;0.44379894827277611;0.076962977297308999
35444;135445;Medium;Medium;0.3980174263200999;0.46809462994373285;0.13388794373616722
4325;104326;Medium;Medium;0.14446254493757724;0.45630879238490551;0.39922866267751728
24779;124780;High;High;0.02036943189391283;0.19462009231865771;0.78501047578742944
49205;149206;Low;Medium;0.29613599495725201;0.51038819749557329;0.19347580754717478
23303;123304;Medium;Medium;0.30147356086062205;0.51186704943918571;0.18665938970019216
49889;149890;Low;Medium;0.31579844735398938;0.4531438803810357;0.23105767226497498
334;100335;Medium;Low;0.47497582264848826;0.42420467949224577;0.10081949785926601
36117;136118;Medium;Medium;0.44076938492957507;0.45544017739066434;0.10379043767976047
5584;105585;High;High;0.039044757718525711;0.30634359653498172;0.65461164574649255
15969;115970;Medium;Medium;0.1914136895924399;0.49430464995764484;0.31428166044991523
15972;115973;High;High;0.064190698647459826;0.36964948161876843;0.56615981973377172
25372;125373;Medium;Low;0.5183026228636034;0.42564075441874072;0.056056622717655963
13285;113286;Medium;Medium;0.2540652080449719;0.51674310887098451;0.22919168308404361
39643;139644;Low;Medium;0.42498457784767257;0.46748100335162945;0.10753441880069792
10917;110918;Medium;Low;0.52120141185811264;0.39348886516009973;0.085309722981787572
47204;147205;Medium;High;0.030560872761719621;0.25240640677036702;0.71703272046791333
10073;110074;Medium;Medium;0.30615573587389877;0.50226009181856346;0.19158417230753785
42839;142840;Low;Low;0.5251523283351559;0.40820711570773477;0.066640555957109368
1608;101609;Low;Low;0.49353613111755751;0.43015410961676726;0.076309759265675292
1375;101376;Low;Low;0.48888031185689967;0.40657913434187565;0.10454055380122464
19568;119569;Medium;Low;0.55593382966340743;0.3889687146746641;0.05509745566192855
8629;108630;Low;Medium;0.150898381762645;0.47541490443674755;0.37368671380060731
48490;148491;Medium;Medium;0.14833924461759884;0.48002797669169106;0.37163277869070993
15712;115713;Low;Low;0.45809586994025464;0.45289473424560406;0.089009395814141315
23440;123441;Medium;Medium;0.43744431652279847;0.45877875609775559;0.1037769273794458
4159;104160;Low;Medium;0.34305664971096722;0.49399835691649441;0.1629449933725384
18517;118518;Medium;Medium;0.26415698132164489;0.46322497934401347;0.27261803933434159
39016;139017;Low;Medium;0.33465416570780016;0.51634884118316193;0.14899699310903791
33926;133927;Low;Medium;0.39732402996472016;0.4739607757119968;0.12871519432328299
5422;105423;Medium;Low;0.56058377175619512;0.37819936295994155;0.06121686528386331
7458;107459;Medium;High;0.016517040486762453;0.21843389945349215;0.76504906005974538
34031;134032;Medium;Medium;0.2937825861758262;0.50906917049792844;0.19714824332624542
30101;130102;High;Medium;0.1842003110749787;0.51357464011750409;0.30222504880751722
871;100872;Medium;Medium;0.2954159618455412;0.5146705239283258;0.18991351422613303
32847;132848;Medium;Medium;0.20408878046721965;0.4477039043874092;0.34820731514537118
34466;134467;Medium;Medium;0.34253005877708365;0.49265090164145536;0.16481903958146102
44312;144313;Medium;Medium;0.15800657628962209;0.42697536493565519;0.4150180587747227
16601;116602;Medium;Low;0.56030779235658257;0.3814240144868084;0.058268193156609034
30408;130409;Medium;Medium;0.30641183968375002;0.49024387206775499;0.20334428824849496
27572;127573;Low;Medium;0.24848866341640319;0.517531577472083;0.23397975911151375
439;100440;High;Medium;0.31326509907514538;0.53168310955240761;0.15505179137244701
6713;106714;High;High;0.0032969125427519249;0.096461533934691174;0.90024155352255686
13955;113956;Medium;Medium;0.18566916583894644;0.45411580802947793;0.36021502613157569
39939;139940;High;High;0.042389272691841159;0.31971145433771891;0.63789927297044002
22921;122922;Medium;High;0.065210340615188905;0.38144353263693193;0.55334612674787909
35656;135657;Medium;Medium;0.16116575906821012;0.44387719484496052;0.3949570460868293
15177;115178;High;High;0.0065449507415969218;0.14084381451388006;0.85261123474452305
14602;114603;Medium;High;0.030485512239713262;0.26710380758825131;0.70241068017203545
754;100755;High;Low;0.45815899424241535;0.45219328696216948;0.089647718795415041
3793;103794;Medium;Medium;0.42788038915174836;0.45936053281179839;0.11275907803645323
25712;125713;Medium;Medium;0.31054938914020469;0.48640315101891257;0.20304745984088271
48244;148245;High;Medium;0.41248426206687872;0.46712659396924999;0.12038914396387131
934;100935;Low;Medium;0.18631938814259394;0.50846554341283434;0.30521506844457175
4455;104456;Medium;Medium;0.36381179095591581;0.50335124385650476;0.13283696518757945
43172;143173;Medium;High;0.058134689179308481;0.29899246915039579;0.64287284167029568
16757;116758;Low;Low;0.54503085496761317;0.37618406898018353;0.07878507605220339
26335;126336;Low;Medium;0.37469613940910279;0.49979183567000324;0.12551202492089394
29098;129099;Low;Low;0.45640742088839975;0.45158291985538429;0.092009659256215834
18479;118480;High;Medium;0.34515374700676216;0.48783949372316027;0.16700675927007763
25590;125591;Low;Low;0.66964625011833034;0.30094667706713918;0.029407072814530515
5442;105443;High;Medium;0.34096718716031216;0.50126853078814337;0.15776428205154452
42361;142362;Medium;Medium;0.41019797492529669;0.47008623272448907;0.11971579235021435
22643;122644;Medium;Low;0.60251197837026682;0.3458552413534437;0.051632780276289453
34206;134207;Low;Medium;0.37179941648652792;0.46263701568115317;0.1655635678323189
39977;139978;Medium;Medium;0.33374896611158383;0.46551895568695378;0.20073207820146236
22383;122384;Low;Low;0.61509407749588441;0.34307899433202188;0.041826928172093804
48655;148656;Low;Medium;0.34245150620925019;0.5064699964100734;0.15107849738067639
536;100537;Low;Low;0.48553479421965923;0.43609857622773796;0.078366629552602762
20260;120261;Medium;Medium;0.42595553351054782;0.46773822509220392;0.10630624139724822
3893;103894;High;High;0.064035566209071845;0.37343979184541304;0.5625246419455151
22478;122479;High;High;0.15229168651811728;0.41877650760454321;0.42893180587733959
35725;135726;High;High;0.065309514598731244;0.37467177236281723;0.56001871303845152
49248;149249;High;Medium;0.1995589674072005;0.50031943243829868;0.30012160015450079
40018;140019;Low;Low;0.45719001205415205;0.45050050829055704;0.092309479655290849
19321;119322;Medium;Low;0.49681620215899908;0.42312144890325065;0.08006234893775023
16750;116751;Medium;Medium;0.27238547039768235;0.52066572686874446;0.20694880273357313
16410;116411;Low;Medium;0.41936273480733022;0.4782157261616945;0.10242153903097537
17983;117984;High;Medium;0.1492260679476245;0.43403004161311426;0.41674389043926136
11884;111885;Low;Low;0.68234140848421576;0.29348831564367361;0.024170275872110607
39961;139962;Low;Low;0.69580896346877541;0.28276901584032788;0.021422020690896777
35036;135037;Medium;Medium;0.30837624905637684;0.51395066322795624;0.17767308771566687
43061;143062;Low;Medium;0.41013242718456033;0.48648962212693164;0.10337795068850809
27;100028;High;High;0.040688370023682086;0.32203827981164185;0.63727335016467612
36974;136975;Medium;Low;0.57878746697772732;0.36641417462423675;0.054798358398035901
5953;105954;Medium;Medium;0.39728514439641682;0.4868212734307642;0.11589358217281907
40530;140531;Medium;Medium;0.32754024807494458;0.51220710918133083;0.16025264274372455
30561;130562;Low;Low;0.61250727839504537;0.35101000378470781;0.036482717820246875
29002;129003;High;Medium;0.16387656182367141;0.49137861876091504;0.34474481941541368
6119;106120;Medium;Medium;0.28063884643113773;0.49656712733481584;0.2227940262340464
21934;121935;Low;Low;0.53560826653855098;0.38399515392055822;0.080396579540890786
15544;115545;High;Medium;0.33126534447212425;0.49499620500704583;0.17373845052082998
48909;148910;Medium;High;0.0083363996680822037;0.13294565835372987;0.85871794197818796
1114;101115;Medium;Low;0.46893826485810325;0.44700214791430121;0.084059587227595572
5875;105876;Medium;Low;0.63063861866711413;0.33262909226965925;0.036732289063226682
27362;127363;Medium;Medium;0.18251754382002722;0.49851163346433985;0.31897082271563293
27571;127572;Low;Medium;0.38720295881898281;0.49656984692147743;0.11622719425953991
45015;145016;Medium;Low;0.47649674701978434;0.44553899630978644;0.077964256670429388
45339;145340;Low;Medium;0.32970192810805471;0.50978351355572704;0.16051455833621828
32272;132273;Low;Medium;0.42422896699493673;0.45025672049909327;0.12551431250596995
11000;111001;High;Medium;0.21725407769770064;0.50574033228778048;0.27700559001451885
18829;118830;Medium;Medium;0.24034097667355617;0.52306671410007088;0.23659230922637289
15927;115928;Low;Low;0.55845465154450791;0.38950111108616192;0.052044237369330143
39243;139244;Medium;High;0.10052648249276387;0.43325413972998705;0.46621937777724914
28396;128397;Medium;Medium;0.26798475838388114;0.50467995235797114;0.22733528925814772
49246;149247;Low;Medium;0.4022764632819435;0.47819517870277106;0.11952835801528541
36007;136008;Medium;Medium;0.38978593170272108;0.49211930224737932;0.11809476604989964
10003;110004;Low;Low;0.45595482049057445;0.45288319181864911;0.091161987690776464
3787;103788;Medium;Low;0.53068498904019012;0.40828130827381337;0.061033702685996574
49760;149761;Medium;Medium;0.38365230542414969;0.4804344417177826;0.13591325285806785
15036;115037;Low;Medium;0.24894358176891465;0.50944295848040144;0.24161345975068391
6918;106919;High;Medium;0.20901501368801381;0.4578147183604393;0.33317026795154686
48173;148174;Low;Medium;0.28373204752193643;0.5149541577975052;0.20131379468055843
36136;136137;Medium;Medium;0.24848322852059052;0.4986957658622318;0.25282100561717757
48502;148503;Medium;Medium;0.342093997671512;0.46968580654384046;0.1882201957846476
6810;106811;Low;Low;0.47411745750790951;0.43030099451523979;0.095581547976850728
19225;119226;High;High;0.015313686267392563;0.21149161482569323;0.77319469890691428
22352;122353;High;Medium;0.15694444288077206;0.46018020185239478;0.38287535526683314
8272;108273;High;Medium;0.40728292757095802;0.49109858943691848;0.10161848299212356
36112;136113;Medium;Medium;0.13376407258124787;0.44968459484848933;0.41655133257026283
5816;105817;High;Medium;0.3113168045902045;0.5132537503126986;0.17542944509709693
37631;137632;Medium;Low;0.53378714483735279;0.40125761181820213;0.064955243344445079
46734;146735;Low;Medium;0.40179179676479476;0.47997483472342994;0.11823336851177532
2191;102192;High;High;0.081128829415867146;0.38690265626143;0.53196851432270287
28223;128224;High;Medium;0.32412643319123163;0.50803012531629765;0.16784344149247074
8512;108513;Low;Low;0.56940892457217129;0.38108393312660199;0.049507142301226659
23216;123217;Low;Medium;0.34949184077611867;0.47969685171495363;0.1708113075089277
19536;119537;Low;Low;0.45530912326666362;0.45407081944490568;0.090620057288430589
32890;132891;Medium;Medium;0.435500741770387;0.46645163863508393;0.098047619594529067
39697;139698;Medium;Low;0.49165824573362132;0.41861993571693051;0.089721818549448065
29772;129773;High;High;0.024152677839636601;0.25092008489780288;0.72492723726256059
35815;135816;Medium;Medium;0.42860346413829459;0.46803037078840015;0.10336616507330522
11549;111550;Medium;Medium;0.20475835781340121;0.49232734570803416;0.30291429647856455
40900;140901;Medium;Medium;0.44543107761394335;0.46535593193093988;0.089212990455116659
2457;102458;Low;Medium;0.33075489171438821;0.5020618780397591;0.16718323024585272
34287;134288;High;High;0.00075328321218863959;0.047528026611547237;0.95171869017626409
33045;133046;Low;Low;0.49787632976862073;0.43045602268900113;0.071667647542378143
14583;114584;Low;Low;0.59253356713627892;0.36640173084007971;0.041064702023641458
45479;145480;Medium;Medium;0.38317034388637827;0.48429748978264792;0.1325321663309737
22339;122340;Low;Low;0.55041284079388952;0.38608088687435405;0.063506272331756389
44176;144177;High;High;0.053140921131229583;0.28911261023173068;0.65774646863703967
32943;132944;Low;Medium;0.16042710390372167;0.47608820800468954;0.36348468809158885
49550;149551;Low;Low;0.53379421071869981;0.40369312043013189;0.06251266885116831
49310;149311;Medium;Low;0.51754969534409112;0.41296066412684196;0.069489640529066948
21671;121672;Low;Low;0.4965891737069465;0.43285072082920639;0.070560105463847028
15930;115931;Medium;Medium;0.22948564315874601;0.52141043309361879;0.24910392374763515
577;100578;Low;Low;0.50590376890493149;0.39488451309356898;0.099211718001499527
18442;118443;Medium;Low;0.64574099059237955;0.31946024396579004;0.034798765441830429
391;100392;High;Medium;0.43944938101939579;0.45269876814161814;0.10785185083898603
14210;114211;High;Medium;0.25880738452920438;0.47575254376783255;0.26544007170296313
29035;129036;Medium;Medium;0.2798647181958126;0.47765341351672019;0.24248186828746718
15681;115682;Low;Low;0.51631369418579642;0.42166956656431176;0.062016739249891845
11262;111263;Low;Low;0.64524525000562427;0.32603184432952265;0.028722905664853228
48841;148842;Medium;Low;0.48337748779237732;0.43522713837149635;0.081395373836126245
37033;137034;Medium;Low;0.49650109977064999;0.42922301209691927;0.074275888132430842
40488;140489;Medium;Medium;0.25828298308122355;0.51170533654595096;0.2300116803728256
15487;115488;High;High;0.0068318396267142163;0.14846607224071637;0.84470208813256942
32712;132713;Medium;Medium;0.31252194753944812;0.48876752085879005;0.1987105316017618
3212;103213;Low;Medium;0.43913457425286756;0.46529307442088674;0.095572351326245725
26725;126726;Low;Medium;0.12012192652427307;0.44634901712820818;0.43352905634751876
18944;118945;Low;Medium;0.43410379317679743;0.46298236171518642;0.10291384510801618
25115;125116;High;Medium;0.14571257632776716;0.43345311880410914;0.42083430486812379
34080;134081;Low;Low;0.64856148378680323;0.31719059520702825;0.034247921006168532
49729;149730;Low;Medium;0.40162537120548358;0.47506936099226182;0.12330526780225465
47104;147105;Medium;Low;0.50753647973448046;0.4216546450807695;0.070808875184749986
18562;118563;Medium;Medium;0.39965894084468667;0.49113594828978413;0.1092051108655293
38070;138071;High;Medium;0.29132492923804887;0.472981200047558;0.23569387071439313
32848;132849;High;Medium;0.4181839156448055;0.46897602918829756;0.11284005516689682
49135;149136;Low;Medium;0.29066314499291718;0.49165778257566373;0.21767907243141899
7452;107453;Low;Low;0.50069267277652885;0.42535605610445887;0.073951271119012327
32446;132447;High;High;0.012469990007628464;0.15957724679753713;0.82795276319483435
48286;148287;High;Medium;0.12391501888779481;0.45514186101910442;0.42094312009310075
31595;131596;Medium;Medium;0.32208533564803238;0.51319253987583657;0.1647221244761311
37102;137103;Low;Low;0.46694406166900426;0.44333126560023528;0.089724672730760513
36925;136926;Medium;Medium;0.28784771363364203;0.51311752268343036;0.19903476368292758
9407;109408;Low;Low;0.66492868670229899;0.30685657812203959;0.028214735175661396
29218;129219;Medium;Medium;0.18349270064775125;0.45359527952316658;0.36291201982908222
11009;111010;Medium;Medium;0.25776353033646993;0.50388411423730939;0.23835235542622071
3342;103343;Medium;High;0.037377223989904847;0.29845469592451823;0.66416808008557693
20730;120731;Medium;Low;0.54786266378131065;0.37357174130667475;0.078565594912014591
47854;147855;Medium;Medium;0.25749521268765785;0.47559868973388181;0.2669060975784604
31402;131403;Medium;Medium;0.36504923720865418;0.48897903276065924;0.14597173003068656
41487;141488;Low;Medium;0.39732197111347856;0.47580226499473099;0.12687576389179053
43907;143908;Low;Medium;0.28589568646976388;0.50116668822274613;0.21293762530749005
13671;113672;High;High;0.053453704087110011;0.3680241272247225;0.57852216868816753
16556;116557;Medium;Low;0.54875236408123251;0.38999036793535391;0.061257267983413501
19582;119583;Low;Medium;0.2982751076619512;0.48946018863752355;0.21226470370052533
9286;109287;Low;Low;0.49216600603083072;0.42907728411915846;0.078756709850010806
42523;142524;Medium;Medium;0.37482711427787957;0.47901739170051449;0.14615549402160594
33410;133411;Medium;High;0.031736347765367018;0.26948359959173812;0.69878005264289478
48664;148665;Medium;Medium;0.19377342601098987;0.46126642368003629;0.34496015030897387
25609;125610;High;Medium;0.42492112660783193;0.47045642925066639;0.10462244414150157
30205;130206;Medium;High;0.0029969118816124507;0.088531244554435326;0.90847184356395239
42939;142940;Low;Low;0.53278299153181274;0.40275153619582277;0.064465472272364557
46323;146324;Low;Low;0.52505210444441941;0.41503250821675464;0.059915387338826016
19877;119878;Medium;Medium;0.34367770420782889;0.48806215189998181;0.16826014389218924
9210;109211;Low;Low;0.52827802962816872;0.40800434450587014;0.063717625865961122
16174;116175;High;Medium;0.34370273096111298;0.48793251691636996;0.16836475212251695
32304;132305;High;Medium;0.11382811937563804;0.45239943964956059;0.43377244097480139
14314;114315;Medium;High;0.061620783768803797;0.37582388223257251;0.56255533399862379
23205;123206;Medium;Medium;0.36746048111255358;0.44715601334310701;0.18538350554433955
33883;133884;Medium;High;0.039037636783415798;0.31233982757848661;0.64862253563809757
20802;120803;Low;Low;0.55626280610454282;0.39092503727055788;0.052812156624899249
35386;135387;Medium;Low;0.58625374466478342;0.35906682532843848;0.054679430006778072
44237;144238;High;High;0.0054037016985285652;0.13111852292991125;0.86347777537156023
12813;112814;Medium;High;0.046516591407454018;0.34860701271911571;0.60487639587343034
39302;139303;High;Medium;0.3678628329976994;0.49106798486175901;0.14106918214054173
49835;149836;Low;Low;0.49032070426460916;0.43419072503871459;0.075488570696676166
21467;121468;Medium;Medium;0.42618575205042519;0.46184146206314375;0.11197278588643106
3890;103891;Low;Low;0.45768103274293881;0.45385208167410773;0.088466885582953542
39117;139118;Low;Low;0.58881270368454597;0.36809444348006448;0.043092852835389467
2286;102287;High;Medium;0.17708007901799877;0.4846733146640464;0.33824660631795467
17689;117690;High;Medium;0.31343711005879871;0.50028381709645331;0.18627907284474798
10992;110993;Low;Medium;0.2232725109135443;0.47650535720481513;0.3002221318816406
14358;114359;Low;Medium;0.36558142946420186;0.48032571720179035;0.15409285333400796
39670;139671;Medium;Low;0.50941457555644531;0.41682594101641751;0.073759483427137104
38780;138781;High;Medium;0.29827682026556646;0.50953974811507852;0.19218343161935497
38498;138499;Low;Low;0.65850058807242506;0.31541190343795883;0.026087508489616058
46351;146352;High;High;0.00087316083069925699;0.050856686197558974;0.94827015297174178
41157;141158;Low;Low;0.50390008599264813;0.42766052928172787;0.068439384725623942
37794;137795;Low;Medium;0.34387123851178791;0.49147008772783451;0.16465867376037757
39893;139894;High;Medium;0.29021981507603639;0.51367885305367078;0.19610133187029283
29544;129545;Medium;Medium;0.30109286228569077;0.51416052962357772;0.18474660809073157
33594;133595;High;Medium;0.38369809309236136;0.48664475646905236;0.12965715043858622
14378;114379;Medium;Medium;0.34405560517823491;0.49085375971946105;0.16509063510230407
24101;124102;Medium;Medium;0.2628266234466779;0.51471534098284244;0.22245803557047969
46571;146572;Medium;Medium;0.18080999630768363;0.50937997808173185;0.30981002561058452
46335;146336;Medium;Medium;0.39106439258790804;0.44284072035132677;0.16609488706076533
43166;143167;High;Medium;0.13961178829327964;0.4781308191125897;0.38225739259413066
22007;122008;Low;Medium;0.3487012163410414;0.49133622789054238;0.15996255576841625
19369;119370;Medium;Medium;0.25743845889982142;0.48361081553654939;0.25895072556362925
12770;112771;Low;Low;0.45592814736957904;0.44327750759619772;0.1007943450342234
45070;145071;Medium;Medium;0.27532983110388848;0.51127931894517376;0.21339084995093777
16066;116067;Medium;High;0.10348999056720076;0.41688831569071905;0.47962169374208019
34150;134151;Low;Low;0.50404495377533876;0.41831308881706664;0.077641957407594664
24200;124201;High;Medium;0.23526456356626133;0.52131887491411266;0.24341656151962607
1665;101666;High;High;0.10892631468408823;0.43699884735057271;0.45407483796533893
12942;112943;Medium;Low;0.44606990467970103;0.42368445580392305;0.13024563951637599
34801;134802;Medium;Medium;0.42616740790250263;0.46102361243022871;0.11280897966726865
36267;136268;Medium;Low;0.51052116332717468;0.39912730407843122;0.090351532594394102
21803;121804;Medium;Low;0.58057803086716309;0.36832963190785989;0.051092337224977157
49427;149428;Medium;Medium;0.42606187536309431;0.47026117011396029;0.10367695452294544
24933;124934;Medium;Low;0.50060319652948126;0.42566075524024871;0.073736048230269885
49272;149273;High;Medium;0.36847207727464137;0.49264527265583313;0.13888265006952563
3905;103906;High;Medium;0.43556290975213813;0.45999977598990205;0.10443731425795978
49652;149653;Medium;Low;0.54317007085078195;0.40113135805690325;0.055698571092314748
2152;102153;Medium;Low;0.53748322050730968;0.40546326223275797;0.057053517259932247
13202;113203;High;High;0.055341744163209465;0.34740519431707961;0.59725306151971091
30875;130876;High;Medium;0.16833363930143849;0.49804961810457676;0.33361674259398483
35229;135230;Medium;Low;0.6916518307544588;0.28645638040325266;0.021891788842288699
17137;117138;Low;Low;0.58764293447799232;0.36500936414958157;0.047347701372426089
24694;124695;Medium;High;0.061284893155535827;0.37228370413959955;0.56643140270486469
1300;101301;Medium;Low;0.56743218936875783;0.38395524363026307;0.048612567000979018
44767;144768;Low;Medium;0.22408105886921173;0.49206582717669989;0.28385311395408835
11366;111367;Medium;Medium;0.33131383605434594;0.4955812834319982;0.17310488051365597
49111;149112;Medium;Medium;0.27210360064343336;0.4698273141598231;0.25806908519674343
11991;111992;High;High;0.00074127290694970638;0.039497998867881724;0.95976072822516856
21278;121279;Medium;High;0.030631185853386231;0.28123648321942274;0.68813233092719106
20844;120845;High;Medium;0.24205223601355205;0.51288649707062206;0.24506126691582589
10915;110916;Low;Low;0.72888594526804629;0.25406671984465917;0.017047334887294503
45155;145156;Medium;Medium;0.16539395210442714;0.46772613343553249;0.36687991446004026
49990;149991;Medium;Low;0.55158872699604011;0.39276737518854349;0.055643897815416399
46869;146870;High;High;0.0036209095756672654;0.10830892632976519;0.88807016409456752
43718;143719;Medium;Medium;0.24522910717479307;0.52264148163701851;0.23212941118818842
15028;115029;Low;Medium;0.42655849878411306;0.46536573312277973;0.10807576809310718
38755;138756;High;Medium;0.18608124267124318;0.43778550784225617;0.37613324948650062
41927;141928;Medium;Low;0.54806998411661945;0.39429032151374427;0.057639694369636209
17730;117731;Medium;Low;0.56461448974575734;0.36036842322221263;0.075017087032029986
42628;142629;Medium;Low;0.53575039726348805;0.39978413468978252;0.064465468046729396
46996;146997;Low;Medium;0.18062571960470694;0.47183908099110727;0.34753519940418592
32950;132951;Low;Low;0.63714589089922347;0.32658576746620577;0.036268341634570836
5800;105801;Low;Low;0.66960385475499318;0.30538293014091727;0.02501321510408952
16282;116283;Low;Low;0.57843895035630688;0.3763963732348648;0.045164676408828257
24374;124375;Medium;Medium;0.40440555028631814;0.47221998357704809;0.12337446613663375
43429;143430;Medium;Medium;0.18470228554192269;0.5205804720017424;0.2947172424563349
3412;103413;High;Medium;0.19409423125088945;0.52271548411964486;0.28319028462946572
24899;124900;High;Medium;0.34508309215753447;0.46659954199552978;0.1883173658469357
36808;136809;Low;Low;0.56187593728196938;0.3660483841478005;0.072075678570230214
36422;136423;Medium;Medium;0.33391364334292833;0.49912297748295881;0.16696337917411269
42472;142473;Medium;Medium;0.32277059005647846;0.49724765147217165;0.17998175847134998
2906;102907;Low;Medium;0.38907900582528632;0.4879351348721262;0.12298585930258735
41204;141205;Low;Medium;0.24561160171967641;0.47861420263241911;0.27577419564790451
45313;145314;Low;Low;0.66076661471916931;0.29999427812525947;0.039239107155571204
20276;120277;Low;Medium;0.2940955713163213;0.5185052445049334;0.18739918417874529
26360;126361;Low;Medium;0.31581732092227793;0.50994003050420356;0.17424264857351845
34105;134106;High;Medium;0.11372539583950057;0.45024450822443324;0.43603009593606606
29129;129130;Medium;Medium;0.43056345989399103;0.46924888040149437;0.10018765970451458
22424;122425;Medium;Medium;0.16234595905268512;0.50257439520255376;0.33507964574476107
455;100456;Low;Low;0.54768629339761621;0.40357160474726339;0.048742101855120484
7830;107831;Low;Medium;0.4196994200706341;0.47212796295005094;0.10817261697931491
48588;148589;Medium;Medium;0.18370446921369321;0.5014614539807063;0.31483407680560044
25811;125812;Medium;Low;0.54516988640309538;0.3918683177930794;0.062961795803825202
20906;120907;Low;Low;0.46194486092116599;0.45667852241260565;0.081376616666228432
40129;140130;Medium;Medium;0.28817638583811744;0.51183815439368374;0.19998545976819876
34410;134411;Medium;Low;0.52909215907139928;0.41130138544931882;0.059606455479282013
23438;123439;Medium;High;0.04582060121651093;0.33507889494023541;0.61910050384325366
32216;132217;Low;Low;0.52149765300700168;0.39281031735757405;0.085692029635424188
2723;102724;High;Medium;0.21771267020129417;0.51228410713976158;0.27000322265894416
776;100777;High;High;0.09143438838465745;0.41204161428359959;0.49652399733174307
27698;127699;Low;Medium;0.37239950642395742;0.46646221857195608;0.16113827500408659
37409;137410;Medium;High;0.019560558383694363;0.22677273343377213;0.75366670818253345
41924;141925;High;High;0.035839399315762868;0.30924908394361811;0.65491151674061898
27388;127389;Medium;Medium;0.40114399537102385;0.4744224664705704;0.12443353815840563
291;100292;Medium;High;0.010090871998836666;0.17842945636909241;0.81147967163207091
10544;110545;Medium;Medium;0.33115891240006112;0.49357454198347184;0.1752665456164671
16264;116265;Low;Medium;0.27041105509836355;0.46864564641448314;0.2609432984871532
20803;120804;Low;Low;0.49899976171800253;0.40585204430195132;0.095148193980046217
48444;148445;Medium;Medium;0.36824568579109163;0.49595595526758102;0.1357983589413273
25486;125487;Medium;Low;0.65580581107778124;0.31481561494657873;0.029378573975640167
26668;126669;Low;Medium;0.36134742667331698;0.50372335780896882;0.13492921551771428
12545;112546;High;Medium;0.23373323890855843;0.47100547285655764;0.29526128823488401
32058;132059;Low;Medium;0.38434790975167876;0.48342720585930521;0.13222488438901603
3044;103045;Medium;Low;0.64700103860950631;0.31049159862150461;0.042507362768989101
37476;137477;Low;Medium;0.39816926116831314;0.4834275198948102;0.1184032189368765
19479;119480;Medium;Low;0.48026468948651874;0.43667733936804942;0.083057971145431841
23533;123534;High;Medium;0.24672607035508506;0.50551223729396155;0.24776169235095341
2530;102531;High;Medium;0.18512272893071394;0.49587369039914675;0.31900358067013945
36024;136025;High;Medium;0.31929477882216778;0.5186693406236268;0.16203588055420551
29625;129626;High;Low;0.47797367986116079;0.44156527905144849;0.080461041087390842
41946;141947;Low;Low;0.67696275455315091;0.28757923142050201;0.035458014026346997
27037;127038;Low;Medium;0.20121172987925684;0.50789592645415427;0.29089234366658889
16581;116582;Medium;Medium;0.27705903408926597;0.50014036800988926;0.22280059790084478
22202;122203;Medium;Low;0.49073254809036121;0.43580203234391512;0.073465419565723528
573;100574;Medium;Medium;0.22070770343548041;0.5064403872447788;0.27285190931974085
18354;118355;High;High;0.061739705191652214;0.30646760145408292;0.6317926933542648
13428;113429;Medium;High;0.0034917105004472278;0.10743809858101237;0.88907019091854034
35256;135257;Medium;Low;0.66864823290602138;0.30356282034926213;0.027788946744716516
4598;104599;Medium;Low;0.51122257874246646;0.41275793921705201;0.076019482040481548
30599;130600;High;Medium;0.14347148799991738;0.49013044209860601;0.36639806990147661
38868;138869;High;Medium;0.34557054694555983;0.50623356773945216;0.14819588531498795
4928;104929;High;High;0.099317611954205909;0.37672144123193091;0.52396094681386318
47229;147230;Low;Low;0.51741737233152674;0.41901768549632651;0.063564942172146741
44419;144420;Medium;Medium;0.16934304492669258;0.49213487029636765;0.33852208477693974
7698;107699;Medium;High;0.017682024186390088;0.22174906918402554;0.76056890662958421
14004;114005;Low;Medium;0.34193858341105732;0.47098094638803745;0.18708047020090521
5539;105540;Low;Medium;0.3813768596449354;0.4821176969635344;0.13650544339153017
45242;145243;Low;Medium;0.43389272364777098;0.46472681546280242;0.10138046088942655
31189;131190;High;High;0.0092266604493133498;0.14057831315358663;0.85019502639709987
34094;134095;Medium;Medium;0.38398660465397982;0.48305040167634117;0.13296299366967895
14662;114663;Low;Low;0.61992350666074925;0.33245155015061256;0.047624943188638288
36716;136717;Medium;Medium;0.33544744359390127;0.50505777189351253;0.15949478451258611
21337;121338;Medium;Medium;0.1346600120714363;0.46108954126178781;0.40425044666677595
19308;119309;Low;Medium;0.28258964098975187;0.49526194859556499;0.22214841041468311
23943;123944;High;High;0.0060172892582638403;0.13552099641829549;0.85846171432344065
47092;147093;Medium;Medium;0.39435976921075783;0.48345375863810469;0.1221864721511375
12432;112433;Low;Medium;0.43405743251952189;0.45207306381036028;0.11386950367011771
2725;102726;High;High;0.090480489747750234;0.42027454844041595;0.48924496181183391
36318;136319;Medium;Medium;0.20070539844518012;0.52349672961806282;0.27579787193675703
947;100948;Low;Low;0.52866925399782339;0.39094313951021903;0.080387606491957572
15152;115153;Medium;Low;0.46946682678807117;0.44692308525773405;0.083610087954194626
5879;105880;Medium;Medium;0.43459299764368781;0.46050460087120648;0.10490240148510581
7799;107800;Medium;High;0.032689381859684355;0.27640616771698112;0.69090445042333437
20532;120533;Medium;Medium;0.35152568118665323;0.49174009278869069;0.15673422602465614
13668;113669;Medium;Medium;0.19128889368061963;0.48663573276006811;0.32207537355931209
41684;141685;High;Medium;0.12775313735752863;0.48663343149207672;0.38561343115039481
45298;145299;High;High;0.088058167107203045;0.4206654335377617;0.4912763993550352
14431;114432;Low;Low;0.44378968135175756;0.44167634907571462;0.1145339695725279
18608;118609;Low;Medium;0.44563667548813674;0.46299842042668293;0.091364904085180373
44452;144453;Low;Medium;0.22737664127912599;0.50410159572723545;0.26852176299363856
6991;106992;Low;Low;0.45824637796834566;0.45222570524770539;0.08952791678394896
44778;144779;Medium;Low;0.53645011074712157;0.40097455752105399;0.062575331731824516
20011;120012;Medium;Medium;0.46080904539459805;0.46096599328075016;0.078224961324651815
12800;112801;High;High;0.0083321173593352976;0.14936491141871902;0.84230297122194553
39946;139947;High;High;0.0063849273100363814;0.14380678225714455;0.84980829043281902
46409;146410;Low;Medium;0.44639841090003268;0.46025926742925427;0.093342321670713074
22022;122023;Low;Medium;0.27520162035686252;0.4857396789125738;0.23905870073056371
23863;123864;High;Low;0.47617319033236738;0.44188317424916262;0.081943635418470065
20020;120021;Low;Low;0.52296574251253491;0.40955484639507733;0.067479411092387767
38584;138585;Medium;Low;0.55940740535347844;0.38444337567951214;0.056149218967009473
9281;109282;Low;Low;0.57425790586029235;0.35850435057147334;0.06723774356823442
22177;122178;Low;Medium;0.35431770789813083;0.48606381348615857;0.15961847861571068
45627;145628;Low;Low;0.58857316056332609;0.36525958286490195;0.046167256571772071
31107;131108;Low;Medium;0.29317064700430123;0.51220294550895773;0.19462640748674107
37475;137476;High;High;0.069645516651005809;0.38213718153323922;0.54821730181575501
45460;145461;Medium;Low;0.55333561950987764;0.38599643653955384;0.060667943950568466
46169;146170;High;High;0.0339351736822062;0.29704252491178013;0.66902230140601371
39835;139836;Medium;Low;0.53536810100089172;0.4065905640397881;0.058041334959320241
48396;148397;Low;Medium;0.36519602572535342;0.48579981242382198;0.14900416185082457
42067;142068;Low;Medium;0.32083374137820253;0.45935874299853852;0.21980751562325906
16671;116672;Low;Low;0.54471664259540686;0.39974499119696544;0.055538366207627664
46113;146114;High;Medium;0.15814637223073574;0.44740474020871313;0.39444888756055124
18677;118678;Medium;Medium;0.17991762347887627;0.50112252446078742;0.31895985206033628
19110;119111;Medium;Medium;0.32970441967892056;0.49066647242477623;0.17962910789630329
48952;148953;High;High;0.026178496906769502;0.25872462913952782;0.71509687395370269
22784;122785;Low;Medium;0.40491418584785649;0.45784027597820348;0.13724553817394003
29537;129538;High;Medium;0.22726832208777395;0.51044305970029757;0.2622886182119285
27017;127018;Medium;Medium;0.36084583053669217;0.45645147327991598;0.18270269618339188
24762;124763;High;High;0.027471431103328937;0.26721564693891919;0.70531292195775175
44758;144759;High;Medium;0.40116505372486194;0.47755107184910328;0.12128387442603465
10022;110023;Low;Low;0.59030752289991073;0.36485240651098511;0.04484007058910415
26912;126913;Medium;High;0.053856237142060656;0.34498590146292907;0.60115786139501037
3420;103421;Low;Medium;0.41955079551713043;0.47113616985171647;0.10931303463115305
8308;108309;Medium;Medium;0.3790612046358342;0.48715350680310882;0.13378528856105704
5638;105639;Medium;Low;0.51915246832702044;0.41586354670946357;0.064983984963516095
10777;110778;High;High;0.055601498451402762;0.29742495287152049;0.64697354867707679
8861;108862;Medium;Medium;0.21749947273564701;0.52048988276253838;0.26201064450181466
33050;133051;Medium;Low;0.49188820246244541;0.42266480208358542;0.085446995453969277
31339;131340;Medium;Medium;0.22368449350668179;0.47151658518363404;0.30479892130968422
38374;138375;Low;Medium;0.33675242389570215;0.5122512344297806;0.15099634167451728
49141;149142;Medium;Medium;0.2970886843915469;0.48452780619598113;0.21838350941247198
31231;131232;Low;Medium;0.42683234682751436;0.46387419983168487;0.10929345334080083
11387;111388;Medium;Medium;0.33935777858203131;0.50110879956098575;0.15953342185698288
27185;127186;Medium;Medium;0.23410695121902858;0.50483048824956844;0.26106256053140303
49339;149340;Low;Medium;0.35609772791703614;0.48691482038941725;0.15698745169354661
18546;118547;Low;Low;0.57653909101864098;0.37686615779167626;0.046594751189682766
30155;130156;Low;Medium;0.35189305383555836;0.51018979240518936;0.13791715375925231
19240;119241;Low;Medium;0.32731624566615974;0.50814981205129217;0.16453394228254806
8156;108157;Medium;Medium;0.35227479257759081;0.49708116876841657;0.15064403865399262
46491;146492;Low;Low;0.47745174072098578;0.43942071933539478;0.083127539943619461
13177;113178;Low;Medium;0.43207499307137537;0.46470945379753625;0.10321555313108849
41885;141886;Medium;Medium;0.39622515660270252;0.48083424525504614;0.12294059814225121
18733;118734;Medium;Low;0.45907830737771221;0.44672517243591331;0.094196520186374547
47770;147771;Low;Medium;0.40219352421860521;0.45367402072546986;0.14413245505592484
11665;111666;High;Medium;0.18737620688488701;0.46013223809522807;0.35249155501988494
7867;107868;Medium;Low;0.64758741227141436;0.31894901173024137;0.033463575998344285
42387;142388;Low;Medium;0.41886037716930252;0.47814965825645922;0.10298996457423829
28860;128861;Medium;Medium;0.17527868405875149;0.44326893662636868;0.3814523793148798
2013;102014;Medium;Medium;0.38718508311874034;0.4889595545209432;0.12385536236031655
33668;133669;High;Medium;0.2037904309297105;0.45406763285693152;0.34214193621335803
9464;109465;Medium;Medium;0.36411372908266232;0.49174197633028516;0.1441442945870525
36489;136490;High;High;0.0089553472095782287;0.16787434955044506;0.82317030323997664
28254;128255;Low;Low;0.52766484085621268;0.41364620212103259;0.058688957022754631
32156;132157;Low;Low;0.58703457037157425;0.3649806019587748;0.047984827669650884
16362;116363;High;Medium;0.38562414749319762;0.47304201761119608;0.14133383489560625
34792;134793;Medium;High;0.097016561277750754;0.43276586548381357;0.47021757323843566
21579;121580;Medium;Medium;0.36143166986275232;0.46117058599108074;0.17739774414616682
12122;112123;Medium;Low;0.54111865483351895;0.39933637284860229;0.059544972317878732
47191;147192;Low;Low;0.52903580990437327;0.41677830988423004;0.054185880211396684
8268;108269;Medium;Medium;0.42965150601880059;0.45995082891722899;0.11039766506397053
32391;132392;Medium;Medium;0.37701977649925233;0.48632280640283998;0.1366574170979076
2935;102936;Low;Low;0.54101921340828252;0.39689988437893375;0.062080902212783763
4941;104942;Low;Low;0.62121342183957717;0.34207507514955343;0.036711503010869367
36713;136714;Low;Medium;0.11417657845064004;0.4564372162088508;0.42938620534050925
38728;138729;Medium;High;0.085732090480345746;0.40676522905596879;0.50750268046368541
4929;104930;High;Medium;0.2165647690827612;0.43850833684852125;0.34492689406871746
24611;124612;Medium;Medium;0.11283311697045502;0.45169961061808905;0.43546727241145583
47028;147029;Low;Medium;0.35148007083976124;0.50775309656364864;0.14076683259659012
23490;123491;Low;Medium;0.38656277632178548;0.4827661586580983;0.13067106502011616
10916;110917;High;High;0.074674222605941101;0.34922800584312186;0.57609777155093711
32375;132376;High;High;0.079428750238589599;0.35260705784368929;0.56796419191772118
39011;139012;Low;Low;0.58861414647702626;0.34907962853765034;0.062306224985323358
26207;126208;High;Medium;0.19036278082872865;0.46997768271949375;0.33965953645177771
18983;118984;Medium;Low;0.51537298615976945;0.41304337796515567;0.071583635875074839
4806;104807;Medium;Medium;0.2331662903425567;0.52818929175171991;0.23864441790572347
22490;122491;High;High;0.010415247638341198;0.14389053426752829;0.8456942180941307
4641;104642;Low;Medium;0.24896302750118257;0.51018590877238723;0.24085106372643023
39583;139584;Medium;Medium;0.40179198902837487;0.47814563756560913;0.12006237340601601
38211;138212;Medium;Low;0.46625669801764341;0.44132574788322726;0.092417554099129245
48493;148494;Low;High;0.093364612930021448;0.42471003654673617;0.48192535052324242
23497;123498;Medium;Medium;0.24716406161714002;0.51488550765642727;0.23795043072643274
27079;127080;Low;Low;0.69375597032326985;0.28386335523348916;0.022380674443240944
46874;146875;Low;Low;0.506553152296909;0.42754831748935962;0.065898530213731502
27117;127118;Medium;Medium;0.16983404131592106;0.48389229305169323;0.34627366563238582
35241;135242;Medium;Medium;0.23256334094981024;0.45359097074250382;0.313845688307686
39420;139421;Medium;Medium;0.26135706179433327;0.52231473916440541;0.21632819904126127
17827;117828;Medium;Medium;0.19310044296336468;0.51271252333156236;0.29418703370507288
29618;129619;Low;Low;0.53523845744377296;0.39383221703228771;0.070929325523939393
45402;145403;Low;Low;0.60578490395791429;0.35484904662268657;0.039366049419399078
18299;118300;Medium;Medium;0.40860238373456326;0.47456428919569255;0.11683332706974411
340;100341;Medium;Medium;0.34751548536624;0.49388102788187449;0.15860348675188565
33455;133456;Low;Medium;0.11381887745427878;0.4671094262070683;0.41907169633865288
18622;118623;Medium;Medium;0.42817358672196426;0.4739644273622568;0.097861985915778923
20551;120552;Low;Medium;0.42784485421995561;0.46576516726400596;0.10638997851603843
16705;116706;Medium;High;0.14122072364263064;0.42729140005775057;0.43148787629961877
22499;122500;Medium;Low;0.47028503545263639;0.42269819998723507;0.10701676456012855
4704;104705;Medium;Low;0.62268003747753042;0.33921883211400389;0.038101130408465599
590;100591;Low;Low;0.45145564828222851;0.45104960846046471;0.097494743257306851
22870;122871;Low;Medium;0.19274132842128519;0.49842476418156645;0.30883390739714822
21656;121657;Medium;High;0.057210115775979162;0.36012147271243317;0.58266841151158766
14977;114978;Low;Medium;0.30738314836059449;0.5155487913496507;0.17706806028975489
27567;127568;Medium;Medium;0.17180973870802402;0.48770088154538566;0.34048937974659038
5025;105026;High;High;0.0070157065954802571;0.13024983654545805;0.86273445685906158
10663;110664;Low;Low;0.55632738553014194;0.38580586160223285;0.057866752867625104
30116;130117;High;High;0.057159437108049028;0.3674030885632501;0.57543747432870085
26808;126809;Medium;Low;0.62331076773749738;0.34197642534385914;0.03471280691864341
20889;120890;Low;Low;0.58485656962372523;0.37225446770657045;0.042888962669704274
8882;108883;Medium;Medium;0.2606722301169897;0.52171119179775649;0.21761657808525381
22737;122738;Medium;Medium;0.27051542367773496;0.52338074523613287;0.20610383108613226
41555;141556;Low;Medium;0.32790059328133747;0.4584028790283976;0.21369652769026506
49410;149411;High;High;0.078429081279513133;0.39323998681893879;0.52833093190154812
19843;119844;Low;Low;0.49425799677424836;0.42818580309220688;0.077556200133544612
3568;103569;High;High;0.067856823822542406;0.37227717774637509;0.55986599843108253
19904;119905;Low;Low;0.45538780952042823;0.43266624942683063;0.11194594105274117
238;100239;Medium;High;0.065456586048895468;0.37470731267331669;0.55983610127778793
10933;110934;Medium;Medium;0.37761648046624818;0.49310855365158407;0.12927496588216769
41109;141110;Medium;Medium;0.22490542171404046;0.48024252836410558;0.29485204992185404
34037;134038;Medium;Low;0.475831011165328;0.43914376413932782;0.085025224695344279
14649;114650;Low;Medium;0.44315744778252275;0.45244956926962271;0.10439298294785455
19072;119073;Low;Low;0.4907626256939428;0.41241070098956562;0.096826673316491543
23355;123356;High;High;0.092655567968401562;0.40421506134248431;0.50312937068911412
10794;110795;Medium;Medium;0.35732638753818985;0.4572844792257062;0.18538913323610406
10474;110475;Medium;Low;0.51044227782241791;0.4230308841962796;0.066526837981302558
12391;112392;Low;Low;0.52936074092151975;0.40286708392356996;0.067772175154910158
2620;102621;Low;Medium;0.4344637504247606;0.47492330071590622;0.090612948859333214
26739;126740;Medium;Medium;0.15654901158986034;0.4808941215796857;0.36255686683045396
2276;102277;Medium;Medium;0.30108065994682803;0.52470586084006621;0.17421347921310579
12661;112662;High;Medium;0.19801904636919962;0.51263277235804039;0.28934818127275991
20412;120413;Low;Low;0.45800084838093846;0.446552377815503;0.095446773803558455
28164;128165;High;Medium;0.20020759093714133;0.51213019861617637;0.28766221044668233
4638;104639;High;Medium;0.11347696702845338;0.44791243202592168;0.43861060094562504
7758;107759;Low;Medium;0.31590949702148358;0.5059872253273795;0.17810327765113693
33789;133790;Medium;Medium;0.40323224615900988;0.45759417928057999;0.13917357456041018
21355;121356;High;Medium;0.26216197437011157;0.52045356231959616;0.21738446331029224
46668;146669;Medium;Low;0.51565945872268149;0.40902302841260524;0.075317512864713276
46511;146512;Medium;Medium;0.42434362603920939;0.46594400043470285;0.1097123735260878
20766;120767;Low;Low;0.4855011063059238;0.42947401750234565;0.085024876191730603
40225;140226;High;High;0.00047375991833135375;0.032233368705747299;0.96729287137592135
2644;102645;High;High;0.029769537159179477;0.27089542009525747;0.69933504274556302
28582;128583;Low;Low;0.63372009841285282;0.33146164093474473;0.034818260652402358
23203;123204;Medium;High;0.080839279571857797;0.37674984427551411;0.54241087615262795
48357;148358;Medium;High;0.0010399719441832891;0.057795766878010454;0.94116426117780627
39295;139296;Low;Medium;0.21007765142403942;0.45410414573081365;0.33581820284514691
32530;132531;Low;High;0.07581172771575076;0.39084181762972092;0.53334645465452835
46065;146066;High;Low;0.60332384445677978;0.35393787297276214;0.042738282570458141
23372;123373;Medium;Medium;0.24773033435529054;0.51713652057448822;0.23513314507022123
8151;108152;Medium;Medium;0.17904618772006553;0.49330562643880793;0.32764818584112659
21133;121134;Medium;High;0.094118177203896494;0.37638842370605602;0.52949339909004745
647;100648;Medium;Medium;0.22736954886102367;0.53317809966501517;0.23945235147396116
6820;106821;Medium;Medium;0.33614458609300762;0.50537007854512728;0.15848533536186513
22128;122129;Low;Medium;0.20812007293159746;0.50391096668789792;0.28796896038050462
10179;110180;Medium;High;0.041653229906466416;0.32447438119130445;0.63387238890222919
13852;113853;Medium;Low;0.59352958541355705;0.35368223703819462;0.052788177548248334
49837;149838;Low;Low;0.48713554312414786;0.42781189552108501;0.085052561354767117
29549;129550;High;High;0.030431854043966301;0.24515427759855335;0.72441386835748034
43770;143771;Medium;Medium;0.37498606135040297;0.49465237116610206;0.13036156748349506
22873;122874;Medium;Medium;0.34609880209013227;0.50420809559166047;0.14969310231820726
46596;146597;High;High;0.054986603992341392;0.31827427158256177;0.62673912442509683
684;100685;Medium;Medium;0.18651470274681295;0.45724206852872029;0.35624322872446673
47299;147300;Low;Low;0.57917114001609626;0.35489715274925143;0.065931707234652276
694;100695;Low;Medium;0.14025654988502662;0.47622186268661448;0.38352158742835896
46208;146209;High;Medium;0.1531529975963164;0.48303239570719125;0.3638146066964924
43997;143998;High;High;0.024095510308280974;0.26526454679481326;0.71063994289690569
8115;108116;Medium;Medium;0.40083567545738991;0.47565992875309693;0.12350439578951304
24390;124391;High;High;0.019620987049303169;0.1984407906195465;0.7819382223311504
44886;144887;High;High;0.089042927416998097;0.40864572358026091;0.50231134900274088
22727;122728;Low;Low;0.50405089627913124;0.40297365542956365;0.092975448291305093
33781;133782;Low;Low;0.51833372445612202;0.41485297740316351;0.06681329814071453
29531;129532;Medium;Low;0.53096412289935679;0.39017734729448894;0.078858529806154293
8532;108533;Low;Medium;0.2878709235639394;0.46210180750731428;0.25002726892874627
36088;136089;Medium;Medium;0.2911486877692756;0.51442242203479993;0.19442889019592441
42566;142567;Low;Medium;0.18988986050957901;0.50519759207019965;0.30491254742022134
33851;133852;Low;Low;0.47019913586648948;0.40639923952520152;0.12340162460830903
14332;114333;Low;Medium;0.37650468655883151;0.49073681641248246;0.13275849702868608
4945;104946;Medium;Medium;0.29608196626660982;0.49395559154702295;0.20996244218636717
43886;143887;High;High;0.0010245042768868334;0.056222017682423388;0.94275347804068965
38373;138374;High;High;0.00088705423780350895;0.041557178778840707;0.95755576698335565
20265;120266;Medium;Medium;0.32999193480295891;0.50861093855688178;0.16139712664015932
36324;136325;Low;Medium;0.37401038838038936;0.49109207263758065;0.13489753898203
18745;118746;Medium;Medium;0.32685961945532593;0.45636873299769848;0.21677164754697556
8066;108067;High;High;0.06334210598957489;0.35000545514087794;0.5866524388695471
28961;128962;Low;Low;0.59484904212085887;0.36413936055962193;0.041011597319519283
46453;146454;Medium;Low;0.56505466515525637;0.37910456221966005;0.055840772625083593
37891;137892;High;Low;0.49358139538782997;0.43436676632814897;0.072051838284021189
2405;102406;Low;Medium;0.22590838231107788;0.52382845207419593;0.25026316561472617
39168;139169;Low;High;0.084609256956544532;0.41434146995912174;0.50104927308433367
2621;102622;Medium;Low;0.59999025073239587;0.35112072209301837;0.048889027174585695
27366;127367;Low;Low;0.51748391762696089;0.40940835142097498;0.073107730952064021
8862;108863;High;Medium;0.17311769627892851;0.51117645058617656;0.31570585313489491
24753;124754;Low;Low;0.52971245882197826;0.3911788944737587;0.079108646704263069
17219;117220;High;Medium;0.13404314519651511;0.46227135070317571;0.40368550410030912
36788;136789;Medium;Low;0.4633717848804273;0.4442936094657845;0.092334605653788218
42230;142231;Medium;Medium;0.22413725106606205;0.46650299695746367;0.30935975197647414
15539;115540;Medium;Medium;0.38569648729516975;0.44227024328282699;0.17203326942200317
35495;135496;Medium;Medium;0.41215916356051235;0.44921759736149708;0.13862323907799051
35198;135199;Low;Low;0.54093474734942382;0.39607820017753409;0.062987052473042093
17947;117948;Low;Medium;0.27290429070560934;0.51040046837012132;0.21669524092426934
19370;119371;Medium;Medium;0.34263667945478299;0.49951769967284204;0.15784562087237514
21021;121022;Medium;Medium;0.3838714311961049;0.47508934711044748;0.1410392216934476
41161;141162;High;High;0.0017275016392358142;0.075737034250528495;0.92253546411023557
48212;148213;High;High;0.083302686542852653;0.41684956245725868;0.49984775099988871
27084;127085;Low;Medium;0.25936394347451602;0.51068285701526761;0.22995319951021631
20035;120036;Medium;Medium;0.36436774300863001;0.50490381823337316;0.13072843875799695
30065;130066;High;High;0.00076265119287987336;0.049930443715796413;0.94930690509132376
3775;103776;Low;Low;0.49336465895789211;0.4295626629930111;0.077072678049096857
38627;138628;Medium;High;0.082497417181051955;0.40689862124219417;0.51060396157675392
34404;134405;High;Low;0.46239807778312364;0.42202437405658189;0.11557754816029449
23815;123816;Low;Low;0.49976768116094766;0.42142917578645778;0.078803143052594463
40641;140642;High;Medium;0.26373723751758105;0.51211337509760635;0.22414938738481255
12056;112057;Medium;Low;0.5824914599012545;0.37095090611864628;0.046557633980099142
47081;147082;High;High;0.034906146445497964;0.30034866903482632;0.66474518451967579
681;100682;High;Medium;0.22587884902507446;0.52778888884436459;0.24633226213056089
46683;146684;High;High;0.0015489452355233703;0.0696652768800015;0.92878577788447503
45140;145141;Low;Medium;0.38256598370390466;0.49777151191035429;0.119662504385741
10766;110767;Medium;Medium;0.12406351538286682;0.45163840423987056;0.42429808037726263
30285;130286;High;Medium;0.32226247769385691;0.50949307530167931;0.16824444700446373
21230;121231;Medium;Low;0.47656696164629331;0.44311501299214873;0.080318025361557854
29897;129898;High;High;0.0080388966617104974;0.13682955132701197;0.85513155201127755
33866;133867;Medium;Medium;0.3272591457801371;0.50234926268749602;0.17039159153236688
37433;137434;High;High;0.0054451595212295627;0.11167631828390788;0.88287852219486262
272;100273;High;Medium;0.3517753000614125;0.46170804375212032;0.18651665618646726
30524;130525;Low;Low;0.46007839166974823;0.44869591941659248;0.091225688913659231
16836;116837;High;High;0.027827272913988146;0.26918923722822002;0.70298348985779191
20145;120146;Medium;Medium;0.11831891843669991;0.45222723015953459;0.42945385140376541
31932;131933;High;High;0.011613350403385746;0.19782955350350501;0.79055709609310931
48620;148621;Low;Medium;0.16799116396514294;0.50352937769568507;0.32847945833917203
4994;104995;Low;Low;0.5252774782513886;0.41325114144737002;0.061471380301241378
27755;127756;Low;Medium;0.20384404483105037;0.51451913158766582;0.28163682358128378
44303;144304;Medium;Low;0.62284495323714217;0.34158679297752442;0.035568253785333313
7699;107700;High;High;0.057726625596181094;0.30944371533249304;0.63282965907132593
31994;131995;Low;Medium;0.43176646566169907;0.46779759072017441;0.10043594361812649
41165;141166;High;High;0.042680743665203996;0.29748567888347349;0.65983357745132243
32250;132251;Low;Medium;0.40608650872508278;0.45174728882388876;0.14216620245102846
9628;109629;Medium;Medium;0.4511933672445963;0.45796687809925013;0.090839754656153612
47951;147952;Medium;Medium;0.18771351787851026;0.48715771015346354;0.32512877196802614
47532;147533;Low;Medium;0.41782648957934188;0.47122813581304462;0.11094537460761346
19722;119723;High;Medium;0.35749641253920628;0.45594116266232282;0.1865624247984709
49143;149144;Low;Low;0.45829265920757445;0.4442082533650798;0.097499087427345851
11011;111012;High;High;0.10302244738999151;0.44222277405117183;0.45475477855883673
48227;148228;Medium;Medium;0.33311511829418433;0.50328678710732322;0.16359809459849248
6731;106732;Low;Medium;0.45197177914218339;0.46782451615586629;0.080203704701950415
32545;132546;High;Medium;0.211736023475629;0.47674037989398299;0.31152359663038798
5978;105979;Low;Medium;0.3277554176970342;0.50286362330409495;0.16938095899887082
30840;130841;Medium;Low;0.56842201422645433;0.36693506913771673;0.064642916635829065
42888;142889;Medium;Medium;0.35169606925071079;0.49564432484616011;0.15265960590312913
35637;135638;Medium;Medium;0.41182959755938375;0.47860762511977273;0.10956277732084363
12483;112484;Medium;Medium;0.25878963307404279;0.47552728213102013;0.26568308479493691
49604;149605;High;Low;0.44696226996134214;0.43427645785600516;0.11876127218265263
40768;140769;High;Medium;0.30124084423508529;0.51030562414506908;0.18845353161984557
10957;110958;Medium;High;0.035385999636002426;0.29262731161693267;0.67198668874706502
26953;126954;High;High;0.0014244586357935627;0.065933603335107754;0.93264193802909856
39870;139871;High;High;0.072913398309969041;0.41071576940512855;0.51637083228490233
28059;128060;Low;Low;0.50113093184612023;0.42078963795687691;0.078079430197002808
37292;137293;Low;Medium;0.1506565976866803;0.43845356363417626;0.41088983867914347
12639;112640;Medium;Medium;0.26964253122704018;0.50620084659786135;0.22415662217509838
30429;130430;Low;Low;0.66114416297893297;0.31030989967317946;0.028545937347887528
13867;113868;High;High;0.0025212562272793971;0.085251319470869932;0.91222742430185066
17038;117039;Low;Low;0.59472432526139596;0.35677024240850919;0.048505432330094883
37083;137084;High;High;0.042285169380912528;0.31679594209181289;0.64091888852727452
27815;127816;Low;Medium;0.43488512652463118;0.46236785359309962;0.10274701988226909
41733;141734;High;Medium;0.14100254380539654;0.46988443392171642;0.38911302227288702
33029;133030;Low;Medium;0.40655162632519781;0.48010892333090899;0.11333945034389312
7069;107070;Low;Medium;0.30669285204642588;0.50354022134951781;0.18976692660405636
25169;125170;Medium;Low;0.53603129853507847;0.40569231040671139;0.058276391058210142
18715;118716;High;Medium;0.19246997452510542;0.49832562038105099;0.30920440509384367
16951;116952;Medium;Medium;0.20423597259381884;0.51153960361301654;0.28422442379316465
13211;113212;Low;Medium;0.45604732917638591;0.45808647316387147;0.085866197659742738
44583;144584;Medium;Medium;0.14390280445319326;0.47537021013744019;0.38072698540936656
44123;144124;Low;Medium;0.12916104969078351;0.48895255201950311;0.38188639828971327
38645;138646;Medium;High;0.042780763360995767;0.28108578056883315;0.67613345607017106
17218;117219;Low;Low;0.59586766618799758;0.35710878742326252;0.047023546388739935
36475;136476;Low;Low;0.46573410804897314;0.44505082244615368;0.089215069504873137
11762;111763;High;High;0.020119379101210449;0.19990109715312948;0.77997952374566015
8487;108488;Low;Low;0.635636773671022;0.33222255661586475;0.032140669713113322
5698;105699;High;Low;0.52522072172994183;0.40570490329390185;0.0690743749761564
20722;120723;Medium;Medium;0.39622959540951525;0.46961083844176638;0.13415956614871832
47732;147733;Medium;Low;0.53157050041398468;0.40811433104803513;0.06031516853798026
27452;127453;High;Medium;0.38363234271027596;0.49120062463210973;0.12516703265761417
27760;127761;High;High;0.031685208797097783;0.2859128408597042;0.68240195034319795
23459;123460;High;High;0.016472831574040871;0.21371358068160423;0.76981358774435493
31471;131472;High;Medium;0.16690073677886852;0.45691869825165271;0.37618056496947888
2896;102897;Low;Medium;0.28249716308452943;0.51212844450921247;0.2053743924062581
20071;120072;High;High;0.076706841068261811;0.36902836096952557;0.55426479796221273
581;100582;Medium;Medium;0.43412801459686429;0.46148011377801162;0.10439187162512413
13281;113282;Medium;Medium;0.42295418734221069;0.44855155443022304;0.12849425822756633
45072;145073;High;High;0.056561078401242637;0.33683323430002848;0.60660568729872899
20093;120094;Medium;Medium;0.26710962805927579;0.50883731659551257;0.22405305534521164
14686;114687;Medium;Low;0.52339760814698921;0.39496716557193456;0.081635226281076265
24288;124289;Medium;Medium;0.32767112814567639;0.50092993491982662;0.17139893693449698
33338;133339;High;Low;0.62960193421353938;0.3242771136972657;0.046120952089194769
5653;105654;Medium;Medium;0.44822411556443442;0.45450101781373292;0.097274866621832629
22133;122134;Medium;Low;0.5069579930391287;0.41161635195631963;0.081425655004551581
9585;109586;Low;Medium;0.21977768050528912;0.52721413720476307;0.25300818228994792
17468;117469;Low;Medium;0.41996348240055265;0.46752652560544572;0.11250999199400162
27303;127304;High;Medium;0.22715444501939142;0.5127211934297875;0.26012436155082097
29489;129490;Low;Medium;0.36598350755532832;0.49533164221742021;0.1386848502272513
1573;101574;Low;Medium;0.38717987298853462;0.49278864618181462;0.12003148082965071
11371;111372;Medium;Medium;0.22836272240831329;0.52903375391668117;0.24260352367500548
18315;118316;Medium;Medium;0.13968319256551465;0.48183738726476111;0.37847942016972413
43678;143679;Low;Low;0.54377437763477821;0.38844738463801676;0.06777823772720501
42397;142398;Low;Medium;0.42599763003636071;0.43963734330723997;0.13436502665639924
2698;102699;Medium;Medium;0.41190482052895488;0.46698893283984555;0.1211062466311997
35992;135993;Low;Medium;0.24482239987520504;0.50115132534192386;0.25402627478287099
23489;123490;Low;Medium;0.22115680022224518;0.48371897176341844;0.29512422801433646
37796;137797;High;Medium;0.16577034776335839;0.44217576505499379;0.39205388718164785
41945;141946;Medium;Medium;0.43279334052371521;0.44886727473945898;0.11833938473682575
27831;127832;High;High;0.00041099985005125649;0.03539044108161446;0.96419855906833429
48465;148466;High;Medium;0.39671080167617456;0.44472325454656941;0.15856594377725608
42800;142801;High;High;0.0013289739213375412;0.064013060165183086;0.93465796591347927
27372;127373;Medium;Medium;0.38347558317012076;0.48459969610800313;0.131924720721876
25013;125014;Medium;Medium;0.40508791505514086;0.47502587044599787;0.11988621449886128
11836;111837;Medium;Medium;0.34258967800092133;0.48884647573125856;0.16856384626782009
48006;148007;Low;Medium;0.33745412166387939;0.46372467007477319;0.19882120826134733
49808;149809;High;High;0.044839142466082213;0.31724179931429208;0.63791905821962569
41455;141456;Low;Low;0.60769079946723603;0.34976086258407052;0.042548337948693497
26383;126384;High;Medium;0.22164124330254401;0.50736829981724785;0.27099045688020812
48072;148073;Medium;Medium;0.37403269588424581;0.48480152921305325;0.14116577490270088
12482;112483;Medium;Low;0.46254667632156771;0.42896656919040854;0.10848675448802372
21667;121668;High;Low;0.52481159662722876;0.40848295184712868;0.06670545152564257
6402;106403;Medium;Medium;0.26819241172531044;0.51250330845806613;0.21930427981662334
49804;149805;Low;Low;0.53010606114640135;0.40039298627840181;0.069500952575196812
34889;134890;Low;Medium;0.24889059979598169;0.48479430816233088;0.26631509204168752
15708;115709;High;High;0.083004681922918919;0.41962807834464483;0.49736723973243618
47062;147063;Medium;High;0.044913341435242289;0.33532121833718709;0.61976544022757052
11796;111797;Low;Low;0.46286893228144038;0.44687509283180321;0.090255974886756393
42901;142902;Low;Low;0.58776927233945275;0.37022582103897822;0.042004906621569069
32115;132116;High;High;0.040831668673960715;0.32955102907701339;0.62961730224902579
43207;143208;High;Medium;0.32431446450250878;0.5011121944662732;0.17457334103121805
36898;136899;Medium;Low;0.49702580013456282;0.42738257532823204;0.075591624537205068
41659;141660;Low;Medium;0.38904591623574397;0.47406503307069453;0.13688905069356164
10556;110557;Medium;Medium;0.37058192155645814;0.49252490011023192;0.13689317833330999
23915;123916;High;High;0.0076609928895764465;0.14518141155466374;0.84715759555575976
49076;149077;High;Medium;0.12420662601035985;0.44385951793201583;0.43193385605762435
10269;110270;Low;Medium;0.43082526851817571;0.45491774560061166;0.11425698588121269
7264;107265;Low;Low;0.61325162274837608;0.34870152002788973;0.038046857223734264
26594;126595;Low;Medium;0.22440508380936108;0.53356727160510642;0.24202764458553255
45315;145316;Medium;Medium;0.37464895994652048;0.46271583266006222;0.16263520739341736
5037;105038;Low;Low;0.53022353620958795;0.40262835648758444;0.06714810730282765
7912;107913;High;Medium;0.43393759988997821;0.45270508646858271;0.1133573136414391
40949;140950;Medium;Medium;0.27629795355337605;0.47772707335630954;0.24597497309031444
15164;115165;Medium;Medium;0.34245339306791012;0.5146158480511327;0.14293075888095721
4729;104730;Medium;Medium;0.42473940097117147;0.46204886983157917;0.11321172919724944
9385;109386;Medium;Medium;0.21518721675250455;0.5027584078184516;0.28205437542904394
29438;129439;Low;Medium;0.42495809030376397;0.44197531797755824;0.13306659171867785
4478;104479;Low;Low;0.62370428041468551;0.33487420093641296;0.041421518648901513
614;100615;Medium;Low;0.47760777164189888;0.43332658927486223;0.08906563908323889
5921;105922;Medium;High;0.013591949630365247;0.20251136144110968;0.78389668892852515
20426;120427;Medium;High;0.028714090298664268;0.26256289526480903;0.70872301443652674
3606;103607;Medium;Medium;0.26459697875314675;0.47671463691595373;0.25868838433089958
35996;135997;Medium;Medium;0.28525650693770899;0.46704052335199003;0.24770296971030104
48158;148159;Medium;Low;0.47207401499259716;0.44623083715050332;0.081695147856899381
3359;103360;Medium;Medium;0.13812867805529183;0.4860461928019057;0.37582512914280253
10252;110253;Medium;Medium;0.27734668760895409;0.49055208627857988;0.23210122611246606
1456;101457;Medium;Medium;0.19244926312628374;0.50624548540963332;0.30130525146408299
43098;143099;Medium;Medium;0.42648413942275987;0.46793610269806396;0.1055797578791761
9731;109732;Low;Medium;0.40680235677282262;0.47032259946729837;0.12287504375987897
8350;108351;High;Medium;0.42955425984458917;0.4672420864187356;0.10320365373667525
36680;136681;Medium;Medium;0.34355461850420238;0.51280519074522946;0.14364019075056819
43630;143631;High;Low;0.45856180633657517;0.45305577301951133;0.088382420643913634
17357;117358;Medium;Low;0.47863186358875626;0.43722417772084393;0.084143958690399714
34477;134478;Medium;Medium;0.28966705135661136;0.50930237961447544;0.20103056902891317
27873;127874;Medium;Medium;0.15947002105785762;0.43013198092247457;0.41039799801966792
40716;140717;Medium;Medium;0.31804118157913541;0.50270457975224447;0.17925423866862017
31572;131573;High;High;0.023904604168903144;0.24763513068428297;0.72846026514681383
47568;147569;High;Low;0.45616046013769468;0.45121902966641309;0.092620510195892167
17747;117748;Medium;Medium;0.42184152859378238;0.47155937084411276;0.10659910056210498
19531;119532;Medium;Medium;0.43379313598590757;0.47229197638404535;0.093914887630047045
28105;128106;Medium;Medium;0.18407775096525197;0.4229061840169635;0.39301606501778452
25194;125195;Medium;Medium;0.16300720135465108;0.43796807238123858;0.39902472626411029
1695;101696;Medium;Low;0.50690243531619783;0.42681615636852421;0.066281408315277998
40939;140940;High;Medium;0.26287502587959122;0.50473662994675628;0.23238834417365237
37921;137922;High;Low;0.59203751870454502;0.36422250716159632;0.043739974133858682
21007;121008;Low;Low;0.55987166379901965;0.36573880966492212;0.074389526536058376
11562;111563;Low;Medium;0.3567076278590976;0.49831758897681339;0.14497478316408885
11073;111074;Medium;Low;0.51047190094820483;0.41613639387709406;0.073391705174701088
23797;123798;High;High;0.1132956720533148;0.43278063238123138;0.45392369556545381
12691;112692;High;Medium;0.37025863714536428;0.4863468302405779;0.14339453261405771
49142;149143;Medium;Medium;0.22814467981818048;0.4755083218526473;0.29634699832917222
24111;124112;High;High;0.058177549231106247;0.36099239288574064;0.58083005788315301
5226;105227;Medium;Medium;0.14744781526321349;0.48821400232009948;0.36433818241668714
7480;107481;Low;Medium;0.44964646727213514;0.45677993546489137;0.093573597262973457
47891;147892;High;High;0.00036059431160872282;0.03054403592490347;0.96909536976348765
41227;141228;Medium;Medium;0.40628324146537154;0.47211994692636949;0.12159681160825901
24474;124475;Medium;Medium;0.20336177575256015;0.49366607541962093;0.30297214882781881
16160;116161;Medium;Medium;0.23556265886635142;0.51028174161267215;0.25415559952097649
28369;128370;High;High;0.055673385498386137;0.36726182667637042;0.5770647878252434
48572;148573;Medium;High;0.048529393958945143;0.34009105354869812;0.61137955249235687
14444;114445;High;Medium;0.23763743660366515;0.50548954190408979;0.256873021492245
9391;109392;Medium;Low;0.64466644684005892;0.31889753354933997;0.03643601961060107
29298;129299;Low;Low;0.47212299581631401;0.43837959469864696;0.089497409485039078
16169;116170;Low;Low;0.5667017029652609;0.38481901527307955;0.048479281761659533
18404;118405;Medium;Medium;0.1371626483238878;0.47550835879958214;0.38732899287653
25161;125162;Medium;Medium;0.43294241352757623;0.45572597947783688;0.11133160699458705
41039;141040;Medium;High;0.083127846266182956;0.41705553707929277;0.49981661665452415
26189;126190;Medium;Medium;0.25937173493119375;0.5169351640539237;0.2236931010148826
47292;147293;High;Medium;0.15536042056530744;0.49313201205487306;0.35150756737981947
26350;126351;Medium;High;0.079656811497569452;0.41481118142340201;0.50553200707902857
33716;133717;Low;Medium;0.32279325546457077;0.50979893680198107;0.1674078077334481
22104;122105;Low;Low;0.45507285642131601;0.44965709235538376;0.095270051223300192
23067;123068;Medium;Medium;0.36570049444032993;0.50023996877533916;0.13405953678433097
40742;140743;Medium;Medium;0.24854890702319837;0.50485190036599648;0.24659919261080515
270;100271;Low;Medium;0.30504760147288168;0.50029545670119935;0.19465694182591906
1719;101720;High;High;0.085369847708028884;0.39250091734677339;0.52212923494519781
17778;117779;Medium;Medium;0.37281992265435787;0.49356062121652478;0.13361945612911733
23474;123475;Low;Low;0.55511108345706206;0.38713541446033634;0.057753502082601729
37379;137380;Low;Low;0.45004413787490694;0.43430657942112383;0.11564928270396937
17174;117175;Medium;Medium;0.25752961005799346;0.47571521483095192;0.26675517511105462
30516;130517;High;Medium;0.34038095884537323;0.49651912620142691;0.16309991495319992
27823;127824;Medium;High;0.0092087909442760338;0.1478305021434643;0.84296070691225966
35364;135365;High;Medium;0.22368768827088956;0.53059101203985659;0.24572129968925396
24653;124654;Medium;Low;0.52776533291447314;0.40724361789381058;0.064991049191716374
36255;136256;Medium;Low;0.64093801340659806;0.32365480462357726;0.035407181969824682
13014;113015;Low;Medium;0.340161597791382;0.49808327292830074;0.16175512928031713
9109;109110;High;High;0.053717912903374361;0.34521372280375201;0.60106836429287358
30391;130392;High;High;0.034072321623395643;0.27007464586102881;0.69585303251557551
35470;135471;Low;Medium;0.27474859752771746;0.51454478892570477;0.21070661354657777
22457;122458;Medium;High;0.043602849492024226;0.27397459864867307;0.68242255185930267
35358;135359;Low;Medium;0.32122420338424235;0.50741831679759486;0.17135747981816282
31146;131147;Medium;High;0.067815283058354409;0.37620210176242874;0.55598261517921688
31912;131913;Medium;Medium;0.15993099144433937;0.47758043628831276;0.36248857226734782
863;100864;Medium;Low;0.54882186891883578;0.3917844669290233;0.059393664152140889
22513;122514;Low;Low;0.49775434965921905;0.42913885635562554;0.07310679398515546
6499;106500;High;High;0.11577288910483766;0.43719926668030612;0.44702784421485636
23054;123055;High;High;0.0021188877823269114;0.064937133932093646;0.93294397828557951
28236;128237;Medium;Low;0.46344611139843911;0.45047883936667138;0.086075049234889442
13189;113190;Low;Medium;0.43732308663415054;0.46028278453820298;0.10239412882764651
28555;128556;Medium;Medium;0.24277238555290567;0.50218169121783307;0.25504592322926128
49433;149434;Medium;Medium;0.3582919120834861;0.48982795341534385;0.15188013450117002
8309;108310;Low;Low;0.5331867920745178;0.40136301372701355;0.065450194198468772
18752;118753;Low;Medium;0.27058885731652677;0.52381067291065697;0.20560046977281629
26080;126081;Medium;Medium;0.38018790067599906;0.48302104633752846;0.13679105298647248
12591;112592;Low;Low;0.51496931493211995;0.41168363477378556;0.073347050294094496
24244;124245;Medium;Medium;0.2414953569316472;0.51656079189796955;0.24194385117038322
38630;138631;High;High;0.10441147622142925;0.42569273223590309;0.46989579154266764
43974;143975;Medium;Medium;0.18907580438976199;0.47928090481943597;0.33164329079080207
13376;113377;Low;Medium;0.421276776178649;0.46292612417348566;0.11579709964786539
35806;135807;Medium;Medium;0.33542794103412948;0.51001507538564594;0.15455698358022465
16347;116348;Medium;Medium;0.39512497976921646;0.49374457388429943;0.11113044634648432
18334;118335;Medium;High;0.061607810204883033;0.36022595947680608;0.57816623031831094
13101;113102;Medium;Low;0.55222489065303348;0.38320161758190691;0.064573491765059471
31370;131371;Low;Low;0.62801563157584039;0.33722456300221942;0.034759805421940147
27115;127116;Medium;Medium;0.35312253440223651;0.48444184694309717;0.16243561865466624
868;100869;Medium;High;0.020734058402281989;0.2493329928753692;0.72993294872234882
7417;107418;High;Medium;0.39067164458498743;0.4834212206725983;0.12590713474241436
4032;104033;High;Medium;0.21072106968333787;0.51629489298755249;0.2729840373291097
47995;147996;Medium;Low;0.54866703369793601;0.39014230239655412;0.061190663905509979
12718;112719;Low;Low;0.54478966805527196;0.39301819977961094;0.062192132165117153
26522;126523;High;High;0.01288691552976219;0.18601546238251307;0.80109762208772473
42989;142990;Low;Medium;0.44279707932469964;0.45439072269275066;0.10281219798254963
741;100742;High;Medium;0.19857281108443725;0.46421790726560536;0.33720928164995739
36692;136693;Medium;Medium;0.24541610974928155;0.52001513627489093;0.23456875397582755
5780;105781;Low;Medium;0.30254790883724958;0.4835822102325249;0.21386988093022546
6020;106021;Low;Medium;0.41425218261721436;0.46496008097751285;0.12078773640527268
17253;117254;Low;Low;0.58178533880874672;0.37069186773746221;0.047522793453791075
15513;115514;Low;Low;0.52228935402810006;0.41229176726171024;0.065418878710189712
18052;118053;Low;Medium;0.39481591814894235;0.48104952290402558;0.12413455894703214
40976;140977;Medium;Medium;0.27131963099775019;0.50685424091822517;0.2218261280840246
24032;124033;Low;Medium;0.40149921285350537;0.48115700149311919;0.11734378565337555
613;100614;High;High;0.0098467095329463419;0.17407439410513481;0.81607889636191866
49714;149715;Low;Low;0.5019628518816629;0.41947528481030744;0.078561863308029639
45552;145553;High;High;0.14133060510396422;0.42262734999387364;0.43604204490216208
9009;109010;Low;Low;0.57360997289481275;0.38177701004875647;0.04461301705643074
49781;149782;High;Medium;0.29636563133845434;0.50348813819587934;0.20014623046566629
11188;111189;Low;Low;0.74929286044906629;0.23719227043743232;0.013514869113501264
10145;110146;Low;Low;0.53380584453666002;0.40404241349294556;0.062151741970394435
6903;106904;Low;Low;0.50659807939306234;0.4155156394379696;0.077886281168968022
31485;131486;High;Medium;0.20928407268994528;0.51424228567549968;0.27647364163455512
43289;143290;High;High;0.0038988735512039598;0.10532681390392742;0.89077431254486872
39125;139126;Medium;Medium;0.18188885240052338;0.48935862125249502;0.32875252634698149
45710;145711;Medium;Low;0.60893701913136677;0.3482901539499571;0.042772826918676121
27052;127053;High;Medium;0.37222802500359675;0.46549484652196549;0.16227712847443773
21580;121581;Low;Medium;0.41485414772186235;0.46556037317321347;0.11958547910492423
26755;126756;Medium;High;0.10733435874598472;0.42620572967415465;0.46645991157986061
13068;113069;Medium;Medium;0.30821555390427752;0.49759100611851209;0.19419343997721039
12303;112304;Medium;Low;0.57975167238641168;0.36635327697281439;0.05389505064077392
5977;105978;High;High;0.015870316440459331;0.21107234523548971;0.77305733832405088
29042;129043;Low;Low;0.55472353855615097;0.38689911753746337;0.058377343906385569
47549;147550;Medium;High;0.088816514446492717;0.43955065508105801;0.4716328304724493
37068;137069;Medium;Medium;0.37549828717811934;0.45110259346856663;0.17339911935331412
48304;148305;Medium;Medium;0.40342682083377207;0.47181934089833588;0.1247538382678921
3337;103338;Medium;Medium;0.41987171493250713;0.47640011207306232;0.10372817299443063
7376;107377;Medium;Medium;0.22339928623598504;0.50610403528518122;0.2704966784788338
49664;149665;Medium;Low;0.5214371155762676;0.41062687987678093;0.067936004546951492
22023;122024;Medium;Medium;0.199109616433742;0.50346187561968803;0.29742850794656994
23876;123877;Medium;Medium;0.28887711906947333;0.51325268833943583;0.19787019259109082
20427;120428;High;High;0.0014131493386230758;0.065207791046207164;0.93337905961516965
46151;146152;Low;Low;0.56071230235717406;0.38048475412397559;0.058802943518850313
24644;124645;Low;Medium;0.42458300138460331;0.44398259905358123;0.13143439956181535
35338;135339;High;High;0.078843429888937056;0.40793781208730928;0.51321875802375372
4285;104286;High;Medium;0.34249695093502985;0.48069786149370247;0.17680518757126754
6041;106042;Medium;High;0.087536007564414375;0.41991781354645208;0.49254617888913355
46701;146702;Medium;High;0.018364117276761144;0.23010216747753598;0.75153371524570289
10077;110078;Low;Low;0.4795285356367906;0.43691630268554577;0.083555161677663761
39552;139553;Medium;Medium;0.16441190567468503;0.49914612523683977;0.33644196908847523
46504;146505;Low;Low;0.51081336437046121;0.42577938502844237;0.063407250601096435
34543;134544;Medium;High;0.078031006298974484;0.41440147038516228;0.50756752331586319
41734;141735;Low;Low;0.58643596655165808;0.36504751435350036;0.048516519094841552
41898;141899;Medium;Medium;0.23923410784108937;0.51775024888502463;0.243015643273886
100;100101;High;High;0.031432860559362653;0.28544976984750647;0.68311736959313085
8997;108998;Medium;Medium;0.36764590001162778;0.48026523670341209;0.15208886328496002
26890;126891;High;Medium;0.23046041555353777;0.49603586959269402;0.27350371485376812
3024;103025;Medium;Medium;0.3456763226343037;0.51025321149992553;0.1440704658657708
15820;115821;Low;Low;0.63465691858951989;0.33406349278641867;0.031279588624061452
47193;147194;Medium;Low;0.54559920082014246;0.39755490323818271;0.05684589594167487
7298;107299;Low;Medium;0.42008391326622768;0.4663012316384601;0.11361485509531222
24512;124513;Low;Low;0.58983889480593699;0.35457394331901188;0.055587161875051062
23091;123092;Medium;Medium;0.43661671172537109;0.4616035331484909;0.10177975512613813
21969;121970;High;Medium;0.20884499094193523;0.49562349986195481;0.29553150919610993
27534;127535;Medium;Medium;0.39298808936942559;0.48329200808442135;0.12371990254615302
30799;130800;High;Medium;0.28367693984006581;0.50937257375153322;0.20695048640840102
18401;118402;Medium;Medium;0.16913501013927573;0.49740565743515852;0.33345933242556575
4221;104222;Medium;Medium;0.2741154327846293;0.46178151671995754;0.26410305049541316
25989;125990;Medium;High;0.033110266002148177;0.31253597198447713;0.6543537620133747
9360;109361;Low;Low;0.5106554977856208;0.41716240137621008;0.072182100838169033
36688;136689;Low;Low;0.60507976455566059;0.35320573444381942;0.041714501000519981
36363;136364;High;High;0.023667933477816896;0.2439948780752017;0.73233718844698148
34091;134092;Low;Low;0.47105989123915631;0.44504374519407525;0.08389636356676837
6052;106053;Medium;Medium;0.30869948954520371;0.50331850742871853;0.18798200302607779
34352;134353;High;Medium;0.37695557000697788;0.47019169562846508;0.1528527343645571
16542;116543;Low;Low;0.70520826399776626;0.27409265957674933;0.020699076425484415
2832;102833;Low;Low;0.64897868261568958;0.32245126464098395;0.028570052743326496
34097;134098;High;Medium;0.38049833075426115;0.48580044802771305;0.1337012212180258
35634;135635;High;High;0.001242708504723066;0.057520772880997668;0.94123651861427915
4015;104016;Medium;Medium;0.12930985196061548;0.48248107012695923;0.38820907791242543
23982;123983;Medium;Low;0.64561069425755824;0.32276752682671328;0.031621778915728406
9004;109005;Low;Low;0.6276882952484919;0.33911473880006687;0.033196965951441289
34718;134719;High;High;0.01084849691092493;0.17440340901799944;0.81474809407107573
24462;124463;High;Medium;0.43986773507625643;0.45812017706709163;0.10201208785665193
5832;105833;Medium;Medium;0.45286480334571788;0.45848517375423758;0.088650022900044589
28321;128322;High;Medium;0.4131333759773968;0.46982776139357924;0.11703886262902403
31452;131453;Medium;Low;0.58659301935252428;0.36298594959237801;0.050421031055097688
20599;120600;Low;Low;0.52068310255147587;0.41274474772604802;0.066572149722476021
8761;108762;High;High;0.023642516997530002;0.25041747393466546;0.72594000906780454
34381;134382;High;Low;0.47218444987777564;0.44574927928665958;0.082066270835564767
15639;115640;High;High;0.053916419339817535;0.3402271476583229;0.60585643300185954
44832;144833;Low;Medium;0.28862454706501695;0.52204325639634308;0.18933219653863995
49120;149121;Medium;High;0.025109365412985946;0.21572409544504653;0.75916653914196752
1646;101647;Medium;Medium;0.23021497860142623;0.47449364094548802;0.29529138045308573
10503;110504;Medium;High;0.07032231033476484;0.38289088024360624;0.54678680942162894
25246;125247;Medium;Medium;0.4006732020272406;0.47410739651465772;0.12521940145810165
8662;108663;Medium;Medium;0.29073472171682679;0.51752747863928483;0.19173779964388843
3086;103087;Medium;Medium;0.24295799003731067;0.48122741595001484;0.27581459401267455
10944;110945;Medium;Medium;0.39525440351343227;0.47790744961687426;0.12683814686969352
40088;140089;High;High;0.017145547778700657;0.18539153578370957;0.79746291643758971
25849;125850;Medium;Medium;0.19717183192189527;0.51181908438062729;0.29100908369747752
13590;113591;Medium;Low;0.58698832325871586;0.36925447357593005;0.043757203165354204
43468;143469;Medium;Medium;0.10950135851354237;0.45562381076205083;0.43487483072440686
19790;119791;High;Medium;0.21089453995084914;0.506885566323379;0.28221989372577194
12163;112164;Medium;Medium;0.34306048800433631;0.50032000773855778;0.15661950425710586
46324;146325;Medium;Medium;0.32157915402598802;0.51171431092060449;0.16670653505340741
22003;122004;Medium;Medium;0.28470249060783609;0.49636819857678394;0.21892931081537997
36209;136210;Low;Low;0.51192795453171147;0.39759566077589664;0.090476384692391873
8302;108303;Low;Medium;0.29891356319246698;0.4727058263894926;0.22838061041804039
23496;123497;Low;Medium;0.23959601128949376;0.46952929971351015;0.29087468899699598
27049;127050;High;High;0.030720786210368434;0.28394270628483109;0.68533650750480035
33098;133099;Medium;Medium;0.33122130328795302;0.50406171248440479;0.16471698422764225
14755;114756;Low;Medium;0.4176484985298945;0.44136594745016011;0.14098555401994534
13399;113400;Low;Medium;0.33333369245069733;0.49609916050190767;0.17056714704739495
30194;130195;High;Low;0.4571304350358818;0.45666220236216243;0.086207362601955745
16591;116592;Low;Medium;0.38165350105377649;0.46637715492624432;0.15196934401997922
42226;142227;Medium;Medium;0.39800397157162359;0.44798328911149476;0.1540127393168815
27905;127906;Low;Medium;0.391927877078246;0.44744824279937812;0.16062388012237597
40124;140125;High;High;0.047545532865708368;0.35007104245445975;0.60238342467983186
49365;149366;Low;Low;0.53843263481336812;0.39941923164078413;0.06214813354584784
5317;105318;Medium;Medium;0.36531063735101738;0.45525120970326682;0.17943815294571586
47209;147210;High;Low;0.52332451828081317;0.40931228980100176;0.067363191918185142
45209;145210;Low;Low;0.66895498826856215;0.30258386388960756;0.028461147841830171
19896;119897;Medium;Medium;0.27450982413210268;0.48901528860008997;0.23647488726780733
23798;123799;Medium;Medium;0.22994033848370651;0.50514174183358951;0.2649179196827039
22904;122905;Medium;Medium;0.44656116640205568;0.46340131324640993;0.09003752035153445
7999;108000;Medium;High;0.057138131608548914;0.34167394108862903;0.601187927302822
30000;130001;Low;Medium;0.22312530927477173;0.47634323628382558;0.30053145444140272
18770;118771;Medium;Low;0.46496962629537769;0.436889570808209;0.098140802896413332
12577;112578;High;Medium;0.22545778915574025;0.50597585402771084;0.26856635681654889
14516;114517;High;Medium;0.3997260687317275;0.47891807496051486;0.12135585630775757
38729;138730;Low;Low;0.52771864251563372;0.40652413337356347;0.065757224110802731
38977;138978;Low;Medium;0.24454259240531279;0.53213135743349183;0.22332605016119539
28985;128986;Low;Medium;0.36134416283666709;0.48980435671664257;0.14885148044669028
13102;113103;Medium;Medium;0.2949249693201898;0.52021570625185298;0.18485932442795713
24038;124039;High;High;0.077127473333785279;0.39110092944744612;0.53177159721876854
1249;101250;High;Medium;0.28778497911727008;0.50823423392741673;0.20398078695531316
11345;111346;High;High;0.077904973334262217;0.35230226948444826;0.56979275718128952
40565;140566;Low;Medium;0.21539899108109642;0.47786880557823797;0.30673220334066548
748;100749;Medium;High;0.032831276438190171;0.28368857370319733;0.6834801498586125
48675;148676;Medium;Low;0.46882185017543826;0.43151553885711169;0.099662610967450133
27499;127500;Medium;Medium;0.24310868995470747;0.4629933977388262;0.29389791230646639
10187;110188;Medium;Medium;0.2655469357773852;0.50831845191940805;0.22613461230320681
3870;103871;Low;Medium;0.39780628789931827;0.4793880813168937;0.12280563078378819
49665;149666;High;Low;0.60289727600384946;0.35894725293151414;0.038155471064636418
42267;142268;Medium;Medium;0.16178463235514129;0.50751499978241577;0.33070036786244295
32839;132840;Low;Low;0.56917494913830236;0.375832129121629;0.054992921740068784
29432;129433;High;High;0.010246604383296595;0.17643388231442428;0.81331951330227925
47166;147167;High;Medium;0.2262312124311496;0.49544526526675414;0.27832352230209612
21463;121464;Low;Low;0.54740552381097152;0.39113754155094826;0.061456934638080225
20911;120912;Medium;High;0.043732574232497899;0.3314026944844834;0.62486473128301867
390;100391;Medium;High;0.11702040976325744;0.38908007627412977;0.49389951396261284
10538;110539;Medium;Medium;0.33632687198560685;0.51426070895974219;0.14941241905465097
44110;144111;Medium;Medium;0.11019746194731142;0.44997391678956872;0.43982862126311989
29205;129206;Medium;Low;0.62105371865880798;0.3407264739651189;0.038219807376073105
36078;136079;Medium;Medium;0.40523728875958354;0.47905074608700432;0.11571196515341206
42504;142505;High;High;0.00073949146094059667;0.040121454459573339;0.95913905407948596
22320;122321;Low;Medium;0.43126096200418335;0.4611016426114567;0.1076373953843599
7372;107373;Medium;Low;0.59423327600193132;0.36078203689224114;0.044984687105827592
26647;126648;Medium;Medium;0.41551226703422672;0.47170732174414448;0.11278041122162877
46635;146636;Low;Low;0.62521728484287331;0.33695570266194608;0.037827012495180626
34641;134642;Low;Low;0.65290216178372651;0.31965549317370162;0.02744234504257189
10018;110019;Medium;Medium;0.34117421160478073;0.50364726172499341;0.15517852667022591
21534;121535;Medium;Low;0.62663179501389654;0.34058258098717126;0.032785623998932173
31114;131115;Medium;Medium;0.260851727338346;0.48175523457835895;0.25739303808329506
13748;113749;Medium;Medium;0.14854131489249023;0.46785575547297725;0.38360292963453252
12374;112375;Low;Medium;0.30833649684041875;0.4525457456913517;0.23911775746822947
16806;116807;Medium;Medium;0.26436110100687177;0.50907987521123776;0.22655902378189041
37580;137581;Low;Low;0.53573476137585818;0.40619467841169044;0.058070560212451244
43553;143554;High;High;0.077298739476358194;0.40556469315136262;0.5171365673722792
46670;146671;Medium;Low;0.47596926729425626;0.44446592139106578;0.079564811314677866
38819;138820;Medium;Medium;0.23498054147372655;0.50800582481094914;0.25701363371532432
31437;131438;Medium;Medium;0.19668126623883014;0.50686540024284576;0.29645333351832415
26666;126667;Medium;High;0.10588615684011644;0.38709930997185482;0.50701453318802869
41707;141708;High;High;0.030704540297327013;0.28015804889339202;0.68913741080928093
38332;138333;Low;Low;0.65729833631021062;0.31446885778215444;0.028232805907634908
11671;111672;High;Medium;0.15101333743688442;0.48280984602286253;0.36617681654025303
41722;141723;Medium;Low;0.513199783465911;0.41751298023572997;0.06928723629835902
13048;113049;Medium;Low;0.4543805027421246;0.44778056789428045;0.097838929363595006
46081;146082;High;High;0.10826974782395288;0.39062935847333397;0.50110089370271316
31512;131513;High;Medium;0.38507305839714395;0.44804841935036266;0.16687852225249336
8032;108033;Low;Medium;0.3262648995460074;0.50095457070353966;0.17278052975045285
39841;139842;Low;Low;0.54787949850592044;0.39635861266220557;0.055761888831873954
40062;140063;Medium;Medium;0.36588900338949021;0.50065030317590054;0.13346069343460923
1143;101144;Low;Medium;0.31987323491081909;0.4979616533537819;0.18216511173539912
7302;107303;Low;Medium;0.43443676764618117;0.4681352159074626;0.097428016446356291
26508;126509;Medium;Low;0.59002999425654135;0.36654956404407135;0.043420441699387247
45309;145310;Medium;Medium;0.11606276385153599;0.47677518512926259;0.40716205101920144
38768;138769;Low;Low;0.62452469256750942;0.33925247290308763;0.036222834529402941
35583;135584;Medium;Low;0.4991676955246539;0.40171983200647049;0.099112472468875543
40671;140672;Low;Medium;0.44361951854282505;0.45974077545178138;0.096639706005393552
26636;126637;Low;Low;0.53714721894174278;0.39413167363231921;0.068721107425937983
49608;149609;Low;Medium;0.28666922789823285;0.46590645223627919;0.24742431986548796
36544;136545;High;Medium;0.31275929527944141;0.51034514053545876;0.17689556418509986
2158;102159;High;Medium;0.16682212120372175;0.50077809427244402;0.33239978452383423
28843;128844;High;High;0.0018118203445901644;0.076902879096677534;0.92128530055873226
1664;101665;Medium;Medium;0.2115447680911989;0.51278836621658019;0.27566686569222093
25397;125398;Low;Low;0.6424893531303606;0.31151107512723503;0.045999571742404502
34460;134461;Medium;Medium;0.37190031648132954;0.48514214286302165;0.14295754065564892
2591;102592;Low;Low;0.46848755087830385;0.44418110378208125;0.087331345339614813
45054;145055;High;High;0.10170035562356239;0.38086094481448046;0.51743869956195709
26845;126846;Low;Low;0.45449784134311949;0.44811649930120623;0.097385659355674323
2232;102233;Medium;Medium;0.34028097287115411;0.49096171257321325;0.16875731455563259
25555;125556;Low;Medium;0.34774446298126205;0.49127764939328528;0.16097788762545268
2355;102356;High;High;0.10326266267605068;0.40024219160828378;0.49649514571566566
27710;127711;Low;Medium;0.29529056726620728;0.50195036288389128;0.20275906984990147
14680;114681;High;High;0.036583472516701646;0.26152871636220859;0.70188781112108978
21624;121625;Medium;Low;0.53056768071889771;0.41314277284018436;0.056289546440917944
12103;112104;Medium;Low;0.54841591739503404;0.39168494025365319;0.059899142351312613
12671;112672;Medium;High;0.046168333746386681;0.34384192312166473;0.60998974313194865
38360;138361;Medium;High;0.091181205825853318;0.43394278276566961;0.47487601140847696
35258;135259;Medium;Medium;0.34128352398099943;0.51583098935407978;0.14288548666492068
14404;114405;High;High;0.018377127231507993;0.2241007990053655;0.75752207376312641
41317;141318;Medium;Medium;0.26094380827896246;0.45080223352790383;0.28825395819313382
26513;126514;Medium;Low;0.61539503562559472;0.34542742976242413;0.039177534611981299
30856;130857;Medium;Low;0.56836414924732048;0.38284925919309593;0.048786591559583585
26493;126494;High;High;0.033807995723426867;0.28022985154464758;0.68596215273192551
13055;113056;Low;Low;0.61179627439118645;0.33766657753391638;0.050537148074897162
14739;114740;High;High;0.092813748106616287;0.37450640657380396;0.53267984531957968
4855;104856;Medium;Medium;0.33907217238048792;0.49021871981565246;0.17070910780385973
28273;128274;High;Medium;0.17852956599051145;0.43897172882439484;0.38249870518509382
2216;102217;Low;Low;0.5971685913177005;0.35966264061091768;0.043168768071381876
41699;141700;High;High;0.040420624615259179;0.31936145936569482;0.64021791601904587
6676;106677;Medium;Low;0.55768298516288961;0.38864822334981974;0.053668791487290479
34894;134895;Low;Low;0.53878937095923773;0.39681738303954922;0.064393246001213114
16992;116993;Medium;Low;0.56022668018090749;0.38534030183499191;0.054433017984100579
35790;135791;Medium;Medium;0.38614701730014184;0.45064677973275696;0.16320620296710123
29942;129943;Medium;Medium;0.2410130417266001;0.46556643257046326;0.2934205257029367
35065;135066;High;Medium;0.32871570367928149;0.46265468664356502;0.20862960967715363
8665;108666;Medium;Medium;0.24633702331263424;0.50938695673182699;0.24427601995553877
19363;119364;Low;Low;0.50681139536929876;0.42326422421838583;0.069924380412315412
36072;136073;Low;Low;0.59577159223031562;0.36079630231375498;0.043432105455929369
47493;147494;Medium;Medium;0.24570288252233335;0.47642653712606076;0.27787058035160583
14409;114410;Low;Low;0.51542921977801837;0.39888036987993386;0.085690410342047899
39846;139847;High;Medium;0.1143686213924852;0.46362503836665914;0.4220063402408557
2459;102460;Medium;Low;0.58679831024666307;0.36902632706736349;0.044175362685973565
5131;105132;Low;Medium;0.39600402063130757;0.47487387519472268;0.12912210417396966
35176;135177;Medium;Low;0.63146960958846254;0.32563590488893612;0.042894485522601271
3998;103999;Medium;Low;0.4592119295506647;0.44411303735838847;0.096675033090946813
511;100512;Medium;Low;0.60386396234245876;0.3571169637646564;0.039019073892884754
15501;115502;High;Low;0.53310680955742973;0.40255319510083232;0.064339995341738052
26877;126878;High;High;0.078749376114880629;0.39340479623476177;0.5278458276503577
45733;145734;High;High;0.0065947331358011084;0.13675961867903202;0.85664564818516697
2604;102605;High;High;0.010362436816657303;0.17335139899578506;0.81628616418755751
12673;112674;Low;Medium;0.42987352942731055;0.47456606441118249;0.095560406161506933
793;100794;Medium;Medium;0.2116217450701903;0.49653401963265104;0.29184423529715875
8344;108345;Medium;Low;0.53240026684817665;0.38474164244539044;0.082858090706432838
1644;101645;High;High;0.0006535085073971857;0.045007946438812223;0.95433854505379068
15497;115498;Medium;Medium;0.2977173187311839;0.52810317204118007;0.17417950922763611
31180;131181;Low;Medium;0.37856810271612329;0.46085826346723885;0.16057363381663772
46203;146204;Medium;Medium;0.21343480484021865;0.43737621942852806;0.34918897573125335
5999;106000;Medium;Low;0.59377588621618482;0.36345563401955233;0.042768479764262714
29964;129965;Low;Medium;0.3859184582097519;0.44602363618325569;0.16805790560699235
5624;105625;Low;Low;0.52775994753137212;0.41413457279577265;0.058105479672855356
11250;111251;High;Medium;0.12182174381934632;0.47290035809915648;0.40527789808149717
846;100847;Medium;Medium;0.30009343699552382;0.52463183308996442;0.17527472991451165
35707;135708;High;Medium;0.31968287794759381;0.51822081005432008;0.16209631199808608
5203;105204;Medium;High;0.053876102299288089;0.3474496478447241;0.59867424985598783
3248;103249;Medium;Medium;0.28235354909147231;0.4997648168080302;0.21788163410049743
21738;121739;Low;Medium;0.39097087703271177;0.47973840200630352;0.12929072096098468
36611;136612;Low;Medium;0.10759145146546505;0.45164943129818369;0.44075911723635131
10515;110516;Low;Medium;0.25648588443833159;0.51414014588568457;0.22937396967598381
40727;140728;High;Low;0.5618691853470863;0.38871775433378375;0.04941306031912987
22775;122776;Medium;Medium;0.32276405477643261;0.49521853889427631;0.18201740632929109
35500;135501;Medium;Low;0.50167600059518025;0.40842639182164664;0.089897607583173139
38688;138689;Medium;Low;0.67761927854264448;0.29638261471703731;0.025998106740318327
41125;141126;Low;Medium;0.1895057210319033;0.47268847992247609;0.33780579904562058
18463;118464;High;Medium;0.19947625933386287;0.46634784964548504;0.33417589102065204
956;100957;Low;Low;0.48497239977266998;0.43208152868518446;0.082946071542145602
12509;112510;Medium;Medium;0.44630674668577502;0.45528323824436978;0.098410015069855139
29852;129853;High;Medium;0.095696669011156754;0.45831762272665516;0.44598570826218803
25369;125370;Medium;Medium;0.32100426082281619;0.50166604389578084;0.17732969528140302
876;100877;High;High;0.0017907701701517726;0.072749844269347594;0.92545938556050056
37109;137110;Medium;High;0.029899845353371118;0.29955847927092344;0.67054167537570541
31423;131424;Low;Low;0.56381806163482573;0.37503669962767838;0.061145238737495847
19669;119670;Low;Low;0.53650822263345543;0.40164708957283213;0.061844687793712494
42450;142451;Medium;High;0.057284743551863665;0.36246411635031883;0.58025114009781753
49305;149306;Medium;Medium;0.40777687180984357;0.44081311602467582;0.15141001216548053
17273;117274;Medium;Low;0.71605792073564878;0.26502586105839021;0.018916218205961031
6388;106389;Low;Low;0.50728770199946349;0.42190723254474322;0.070805065455793265
13773;113774;Medium;Medium;0.36542685353530152;0.49830890106494097;0.13626424539975737
47186;147187;High;High;0.075108952137534976;0.40882326739557368;0.51606778046689139
26589;126590;High;High;0.014874202685472475;0.2065167404671846;0.77860905684734294
23277;123278;Low;Low;0.58907575650471;0.36552998471923714;0.045394258776052916
3510;103511;Low;Low;0.59922013330175605;0.35721390210536258;0.043565964592881298
45526;145527;Low;Low;0.46531357564947162;0.42941691584989855;0.10526950850062992
9000;109001;Low;Medium;0.33168694758849121;0.45916900688352269;0.20914404552798602
29572;129573;Medium;Medium;0.34646574805591646;0.50252404723095834;0.15101020471312521
16304;116305;Low;Low;0.48454319645579264;0.44149758390638055;0.073959219637826798
17465;117466;Low;Medium;0.14237629859705259;0.48961450655794492;0.36800919484500244
38646;138647;High;Medium;0.30360196631285824;0.50009591481470483;0.19630211887243693
26104;126105;Low;Low;0.55635310091578694;0.38662213544618346;0.057024763638029496
5959;105960;Low;Low;0.54118032977132813;0.40239433135403119;0.056425338874640657
37551;137552;Low;Low;0.62397414258365147;0.33821160432510333;0.037814253091245295
41145;141146;Medium;Medium;0.34887679119690673;0.50584224430473534;0.14528096449835792
33722;133723;Low;Medium;0.37222022286373768;0.45662066550639668;0.17115911162986561
16819;116820;Medium;Low;0.47540139985760665;0.44765518841672786;0.076943411725665406
17918;117919;High;High;0.084753430526742793;0.43440567905248539;0.48084089042077194
34644;134645;High;Medium;0.18867902418435414;0.48948483888963101;0.32183613692601487
30444;130445;High;High;0.05675237648937019;0.35008124325273487;0.59316638025789481
17472;117473;Medium;Medium;0.15213829304230395;0.4709859911714479;0.37687571578624812
23153;123154;Medium;Medium;0.36293947667644755;0.48219442937488421;0.15486609394866818
20109;120110;Medium;Low;0.49039768800468697;0.42695165743020114;0.082650654565111795
15703;115704;Low;Medium;0.39524411880107657;0.47981624994367328;0.12493963125525002
19299;119300;High;High;0.038969226928052852;0.31479885878116343;0.64623191429078364
21795;121796;Low;Low;0.49445997768875521;0.42354757911665109;0.081992443194593714
28453;128454;Low;Low;0.57403330981397604;0.37428161347300509;0.051685076713018807
19365;119366;Low;Medium;0.37063737062724689;0.45996973695275489;0.16939289241999822
23039;123040;Medium;Medium;0.2159480691571572;0.44994184209897653;0.33411008874386633
8221;108222;Low;Medium;0.43565090580245963;0.46146952364383281;0.10287957055370761
21051;121052;Medium;Medium;0.20287824323132972;0.52607200907883911;0.27104974768983126
28652;128653;Low;Low;0.52647171413408744;0.41235848246046974;0.061169803405442737
36221;136222;Low;Low;0.61951231462063938;0.3392692619013849;0.041218423477975746
16291;116292;High;Low;0.49514497435567578;0.41006728241637325;0.094787743227950874
19324;119325;High;High;0.0011711002990194429;0.060108999871743674;0.93871989982923687
19694;119695;High;High;0.020150151107593994;0.22890404009744134;0.75094580879496464
7510;107511;Low;Low;0.47628579743979277;0.44786593253160617;0.075848270028601159
18744;118745;High;Medium;0.19584596706608709;0.50041206909948754;0.30374196383442542
39704;139705;Medium;Low;0.47232976743859567;0.43918396852141328;0.088486264039990978
16097;116098;Low;Low;0.48898164943028738;0.43461651020453546;0.076401840365177234
7276;107277;Medium;Medium;0.2260872893574149;0.47736537517920219;0.2965473354633828
32952;132953;Medium;Low;0.54177984600571127;0.39314673256383842;0.065073421430450251
49387;149388;Low;Low;0.63932751877817162;0.32450980782354455;0.036162673398283891
34584;134585;Medium;Medium;0.30370488848765448;0.52295719374563887;0.17333791776670665
21120;121121;Medium;High;0.065221546669550018;0.38852508507821726;0.5462533682522327
48944;148945;High;High;0.0064109098097902377;0.13012431630623073;0.86346477388397891
19923;119924;Medium;Low;0.5684626762233328;0.37690426413540856;0.054633059641258648
32929;132930;Medium;Medium;0.2860377536506743;0.4903195091996338;0.22364273714969191
8932;108933;Low;Medium;0.44100136254631966;0.4599607611289368;0.099037876324743618
38661;138662;High;High;0.10488323791234763;0.44593386967632331;0.44918289241132897
33887;133888;High;Medium;0.19010029411680607;0.48538352672782487;0.32451617915536918
28264;128265;High;High;0.080966903633541906;0.40138932994780152;0.51764376641865661
10687;110688;Medium;Medium;0.3104161398898771;0.51124832049559965;0.17833553961452323
36917;136918;High;Medium;0.15427050170927664;0.43520218295770779;0.41052731533301545
26527;126528;Low;Medium;0.19688783657739908;0.51084638191165788;0.29226578151094301
47979;147980;Low;Low;0.59029074041541829;0.36418869469472781;0.045520564889853933
49185;149186;High;Medium;0.12000441279137575;0.46850982513775669;0.41148576207086773
47623;147624;Low;Medium;0.25751127181275268;0.51877354842213208;0.22371517976511524
12847;112848;Low;Medium;0.42231676160764381;0.46099219431855604;0.1166910440738001
40412;140413;Low;Medium;0.38132250890307506;0.48077930889533826;0.13789818220158667
34012;134013;Medium;Low;0.69015908684836313;0.2841955247836046;0.025645388368032207
40269;140270;Medium;Medium;0.16823719555017205;0.49991384708013009;0.33184895736969772
48474;148475;Low;Medium;0.29838605454547718;0.52094885534617974;0.18066509010834308
1109;101110;Medium;Medium;0.21340595436384299;0.519157289128372;0.26743675650778498
23935;123936;Low;Medium;0.35126779642828415;0.47261881132009448;0.17611339225162154
22502;122503;Low;Medium;0.16434682237518097;0.50812222471445589;0.32753095291036305
3004;103005;Low;Medium;0.33761758704041445;0.49948662422341844;0.16289578873616711
45684;145685;Low;Medium;0.23696789463150639;0.51772266563049096;0.24530943973800273
28697;128698;Low;Low;0.52294751145803309;0.41049044804782236;0.066562040494144631
14345;114346;High;High;0.000354528293262337;0.027547029560266133;0.97209844214647145
49083;149084;Low;Medium;0.43655010417632328;0.46554002034313263;0.097909875480544195
15790;115791;Low;Medium;0.36245901374986034;0.45852363918932143;0.17901734706081812
14945;114946;High;Low;0.64019274900937329;0.30885282841928641;0.050954422571340308
44362;144363;Medium;Low;0.4580594919051067;0.44782032065423905;0.094120187440654215
4432;104433;Low;Low;0.47685021422401658;0.42118221678744683;0.10196756898853669
48317;148318;Medium;Medium;0.25128640749218362;0.51557895454919367;0.23313463795862271
7122;107123;Medium;Medium;0.2488613117764073;0.47102066109744417;0.28011802712614853
30461;130462;Medium;High;0.062640241426586821;0.33561897011732233;0.60174078845609091
34133;134134;Medium;Medium;0.42808073311492961;0.45559121074106834;0.1163280561440021
37327;137328;Medium;Medium;0.18341136519541096;0.49352868168225233;0.32305995312233676
35255;135256;Medium;Low;0.6135818223222993;0.35049652494698252;0.035921652730718338
44476;144477;Medium;Medium;0.28386080003488967;0.46147171708764823;0.25466748287746216
40177;140178;Medium;Low;0.44387684082052009;0.42805846229349748;0.12806469688598243
11180;111181;Low;Medium;0.25254670314841793;0.4904866138105573;0.25696668304102477
24995;124996;Medium;Low;0.60148382945275713;0.35641404897924434;0.042102121567998495
48658;148659;High;Medium;0.13873536453245788;0.47072747809858417;0.390537157368958
9303;109304;Low;Low;0.51430034087230425;0.41085226845598183;0.07484739067171392
22681;122682;High;Medium;0.14743950108982801;0.48932314793298071;0.36323735097719123
3727;103728;Low;Low;0.53988021919826723;0.39905869208891248;0.061061088712820351
34399;134400;Medium;Medium;0.21450102778497543;0.49606186318810191;0.28943710902692271
32988;132989;Low;Low;0.46013405236531529;0.45880220393572346;0.081063743698961285
27016;127017;Low;Low;0.50056336588737449;0.4272941112711362;0.072142522841489351
11891;111892;Medium;High;0.032731195133620244;0.28685814673437621;0.68041065813200352
19194;119195;Medium;Medium;0.27097305710937486;0.5081981311158148;0.22082881177481037
45669;145670;High;Medium;0.23916998661314576;0.47639389769475721;0.28443611569209692
12465;112466;Low;Low;0.55871437216377839;0.39015469234918149;0.051130935487040029
15132;115133;High;Medium;0.42343321834455544;0.46956870690611469;0.10699807474932974
10604;110605;Medium;High;0.061956804575995922;0.35525409640468048;0.58278909901932363
46568;146569;Low;Low;0.50205126736621342;0.42353747698483657;0.074411255648950028
26404;126405;Low;Low;0.64438827404751919;0.31360744614320779;0.042004279809273001
8877;108878;Medium;Medium;0.13379557815160759;0.47462744342695778;0.39157697842143452
30178;130179;Low;Medium;0.3015658460287246;0.5198674991301464;0.17856665484112896
48050;148051;Medium;Medium;0.22028818095803882;0.50626628676324115;0.27344553227872009
32879;132880;High;Low;0.4689426266767846;0.44506962569351438;0.085987747629700947
39994;139995;Medium;Medium;0.39104554772660388;0.47482114015629473;0.13413331211710153
23419;123420;Medium;Medium;0.29420290498761337;0.49302157484709197;0.21277552016529475
49960;149961;Low;Medium;0.24163677420813023;0.5289403551462204;0.22942287064564937
14083;114084;Medium;High;0.11068097943343448;0.4069268212209799;0.48239219934558558
1365;101366;Low;Low;0.62225537415679011;0.33875570844910696;0.038988917394103019
44201;144202;Low;Low;0.55070668874974582;0.39392261504649728;0.055370696203756835
39828;139829;Low;Medium;0.43654594389247603;0.45358294217387279;0.10987111393365119
15674;115675;Medium;Medium;0.35171542799555106;0.48863012291002744;0.15965444909442136
14215;114216;Low;Low;0.51089349672873774;0.42332862123695447;0.065777882034307761
11969;111970;Medium;Medium;0.13467815979782477;0.46598703486838788;0.39933480533378735
29483;129484;High;Low;0.54403348542107854;0.40061452323208335;0.055351991346837985
10147;110148;Medium;High;0.082995430679451532;0.41102132031803573;0.50598324900251279
30813;130814;Medium;High;0.070151757831878797;0.39465344996896468;0.53519479219915655
33412;133413;Low;Low;0.46298224019264045;0.44480856054236495;0.092209199264994671
3501;103502;Medium;Medium;0.44778098681721301;0.45825871613303132;0.093960297049755642
49597;149598;Low;Low;0.59167425174131028;0.36183329747744902;0.046492450781240688
4676;104677;Low;Medium;0.24863964116774273;0.4863764333254591;0.26498392550679817
49932;149933;Low;Medium;0.30368812702061498;0.50612477193782568;0.19018710104155931
38256;138257;High;High;0.0056288506376458245;0.13603366293559233;0.85833748642676178
44757;144758;High;Low;0.5095870888386741;0.41918449287357656;0.071228418287749312
44887;144888;Low;Medium;0.23943335526698534;0.47898825361270508;0.28157839112030963
541;100542;Medium;Low;0.49687939047137186;0.42515188110040247;0.07796872842822565
20903;120904;Medium;Medium;0.3836276369216326;0.48158279883682298;0.13478956424154445
10877;110878;High;High;0.110438007059859;0.41005709488452902;0.47950489805561197
23896;123897;Low;Low;0.56505340177992081;0.36194413640533646;0.073002461814742778
26644;126645;Medium;Low;0.49515199994508841;0.42937461794449105;0.07547338211042047
7903;107904;Medium;Medium;0.40412877812204479;0.45583595758277806;0.14003526429517707
18727;118728;Medium;Low;0.55522396012593678;0.3916053120381775;0.053170727835885764
7403;107404;Medium;Medium;0.22016221656929588;0.44911609051695967;0.33072169291374431
28443;128444;High;Medium;0.25395648839361273;0.51013077322690981;0.23591273837947749
43709;143710;Low;Medium;0.42690253012348323;0.45538714737971353;0.11771032249680335
32686;132687;Low;Low;0.60806218836179982;0.35102710461847375;0.040910707019726454
13251;113252;Low;Low;0.56201668687971496;0.38606426785134768;0.051919045268937307
7062;107063;Low;Low;0.5803170254882809;0.37031971523596319;0.049363259275755869
18090;118091;Medium;Low;0.46977884259241226;0.43899271030651765;0.091228447101070045
44413;144414;High;High;0.0031143138861888832;0.081563147012026896;0.91532253910178407
49392;149393;Medium;Medium;0.26656707113742278;0.51284589868505581;0.22058703017752138
38371;138372;Medium;Medium;0.32155377427232246;0.49690944149600808;0.18153678423166947
35718;135719;Low;Low;0.57530495969239126;0.37085676043194266;0.053838279875666063
41244;141245;Low;Low;0.5724977336334971;0.37762479557101758;0.049877470795485268
7737;107738;High;High;0.0016744127469894719;0.070092585962850062;0.92823300129016051
21132;121133;Low;Medium;0.26092274483742189;0.5158298443405186;0.22324741082205951
49850;149851;Medium;High;0.0056387499738618863;0.126451775659431;0.86790947436670718
34534;134535;Medium;Low;0.50478349521518429;0.42085584336843895;0.074360661416376705
10068;110069;Medium;Medium;0.40871599157707711;0.46175057786805751;0.12953343055486535
11429;111430;Low;Medium;0.38736808319483906;0.48492035369387881;0.12771156311128209
27196;127197;Medium;Medium;0.30453780277275344;0.52671336249471112;0.16874883473253535
28657;128658;Medium;Medium;0.14316038161408293;0.45206779234434002;0.40477182604157713
28433;128434;Low;Low;0.67258942051408077;0.29980239391141617;0.02760818557450307
47870;147871;Medium;Medium;0.25787413098169149;0.47282598352529409;0.26929988549301448
21989;121990;Low;Medium;0.16013522144528597;0.48838259457365857;0.35148218398105546
33453;133454;Medium;Low;0.48670766400467524;0.43211402988487263;0.081178306110451973
42176;142177;High;High;0.024910234459306502;0.25321311157027115;0.72187665397042233
22541;122542;Low;Low;0.57537535030842368;0.37757924501341733;0.047045404678159097
13985;113986;Low;Medium;0.37813352763080743;0.48119416447268271;0.14067230789650981
37751;137752;Medium;Medium;0.37028519185055619;0.46138000166039012;0.16833480648905369
22816;122817;Low;Low;0.57405296354192781;0.35709107515734317;0.068855961300728977
37928;137929;High;Medium;0.29506519446960333;0.50988092698094112;0.19505387854945558
13634;113635;High;High;0.090089154947894282;0.43383717252137116;0.47607367253073468
48843;148844;Medium;Medium;0.17119554931312089;0.42403178156082189;0.40477266912605719
22455;122456;Medium;Medium;0.19020558846541077;0.45366464743797547;0.35612976409661362
24441;124442;High;Medium;0.18952388602049372;0.45623205019976065;0.35424406377974571
49074;149075;Low;Medium;0.32558003632726679;0.46434731042272859;0.2100726532500046
49956;149957;Low;Low;0.59949289154469498;0.35850077645177941;0.042006332003525652
10723;110724;Low;Medium;0.4431956094030608;0.45182273621364083;0.10498165438329836
29354;129355;Low;Low;0.57539325031914845;0.3796934799891179;0.044913269691733683
8055;108056;Medium;High;0.055244296818159962;0.33786171552557948;0.60689398765626046
35420;135421;Low;Low;0.47093846595933497;0.44487549569343676;0.084186038347228279
40172;140173;Medium;Medium;0.38760706244817439;0.48563323689342003;0.12675970065840569
8240;108241;High;Medium;0.25542070186347804;0.50444339950223882;0.24013589863428314
40379;140380;Low;Low;0.50156978452680556;0.42530022427214093;0.073129991201053637
48990;148991;Medium;Low;0.52067693105547486;0.41277285574741907;0.066550213197106065
4297;104298;Medium;Medium;0.17978498126938294;0.44916401049803401;0.37105100823258291
23402;123403;High;High;0.0045816296124498342;0.11039045404481324;0.88502791634273692
35011;135012;Medium;Medium;0.1341529983191507;0.47617024396243057;0.3896767577184187
31840;131841;High;High;0.044389024134748392;0.32208762238185701;0.63352335348339461
33738;133739;High;Medium;0.29493575192654786;0.5111686550517679;0.19389559302168419
5050;105051;Medium;Medium;0.14419103010798823;0.43734605540361476;0.41846291448839706
33835;133836;Medium;High;0.0065125511268765953;0.1423633171167635;0.85112413175635993
18876;118877;Medium;Medium;0.27975683927448847;0.51456771882968522;0.20567544189582637
17901;117902;Medium;High;0.08812023676636363;0.40850180340191344;0.50337795983172295
19232;119233;Medium;Medium;0.24899579796415178;0.49965118993689528;0.25135301209895283
11955;111956;Medium;Medium;0.27314736270546064;0.51770430871337358;0.20914832858116578
23148;123149;High;Medium;0.20301047577766157;0.46367658275523321;0.33331294146710527
18144;118145;Low;Low;0.55317998462320295;0.39124166900423707;0.055578346372559963
46998;146999;Low;Medium;0.24482624725750715;0.50925439972059661;0.24591935302189624
17721;117722;High;Medium;0.40866114372073226;0.47468108092821393;0.11665777535105383
44609;144610;Medium;Low;0.51600464788761791;0.39265381744568867;0.091341534666693341
18293;118294;High;Medium;0.12007210251789766;0.46512557350100775;0.41480232398109473
3278;103279;Medium;Medium;0.21376555856691171;0.51263331021367609;0.27360113121941226
18336;118337;Medium;Medium;0.44576790091046842;0.45150628113945829;0.10272581795007338
31642;131643;High;High;0.072184898706193448;0.39249463210520158;0.53532046918860499
8954;108955;Medium;Medium;0.28713527396711597;0.4813760369850642;0.2314886890478198
30303;130304;Medium;Medium;0.45274338729121016;0.4538263983386322;0.093430214370157555
48433;148434;High;Medium;0.14419156507621814;0.4716258486002986;0.38418258632348329
19959;119960;Medium;Low;0.45990615913499383;0.43978938677905283;0.10030445408595344
15870;115871;Medium;Medium;0.34669409188266664;0.50954366199799805;0.14376224611933525
37032;137033;Low;Low;0.50124346786604412;0.4310608007418697;0.067695731392086275
34007;134008;Medium;Medium;0.16484706158908127;0.47846185413376424;0.35669108427715457
34373;134374;Medium;Low;0.4638596003883193;0.44508568781475449;0.091054711796926188
34700;134701;Medium;Medium;0.2158331333427872;0.51102615764725834;0.27314070900995446
43446;143447;High;Low;0.45951186665725108;0.42359579584573026;0.11689233749701874
26813;126814;Medium;Medium;0.36432475064808317;0.49569967066303922;0.13997557868887769
44816;144817;Medium;Low;0.48671219767276869;0.43370672921021769;0.079581073117013568
27646;127647;Medium;Low;0.46349601425870296;0.42251167418401314;0.11399231155728391
12532;112533;Medium;Medium;0.25091252122584584;0.48195464784654923;0.26713283092760498
32557;132558;Low;Low;0.47818554584186079;0.4314693892227402;0.090345064935399025
15129;115130;High;High;0.023096053170330654;0.25053590536162984;0.72636804146803935
9249;109250;Low;Medium;0.39935258925056505;0.48285687295050123;0.11779053779893373
21423;121424;High;High;0.028940381331729575;0.26992219124648253;0.70113742742178786
33739;133740;Medium;Low;0.47919210940784157;0.41210540784676997;0.10870248274538846
33529;133530;Medium;Medium;0.2288011267118267;0.49935140989884153;0.27184746338933191
23264;123265;Medium;Medium;0.25086482017094114;0.52122682278805765;0.22790835704100113
2965;102966;Medium;Medium;0.31911610203661578;0.50929830642297513;0.17158559154040906
31251;131252;Medium;Medium;0.31203222056644025;0.51154006989255463;0.17642770954100515
9119;109120;High;Medium;0.28798395255384041;0.51454237958265037;0.1974736678635092
32191;132192;High;Medium;0.40000315061027608;0.48374112348339865;0.11625572590632513
48026;148027;High;High;0.023740676156073514;0.24521650914703463;0.73104281469689181
26499;126500;Medium;Low;0.52463742336417141;0.40695888413710934;0.068403692498719151
37336;137337;High;High;0.030989134871662674;0.28306319288763354;0.68594767224070385
29622;129623;High;High;0.10289877578784308;0.43695242812944501;0.46014879608271186
44256;144257;High;Medium;0.41914244859156646;0.47856417544029306;0.10229337596814046
24463;124464;Medium;Medium;0.36599303795263072;0.49585388808129865;0.13815307396607063
40954;140955;High;High;0.014576968311868064;0.18896845202271037;0.79645457966542155
33693;133694;Low;Medium;0.43163154632121187;0.45093092855975941;0.11743752511902876
44636;144637;Medium;Low;0.59218579676970218;0.36545035541580367;0.042363847814494232
47211;147212;High;Medium;0.11267011202441363;0.44902794657274853;0.43830194140283779
6886;106887;Low;Low;0.61199414159449028;0.33635948646910158;0.05164637193640817
2945;102946;Low;Medium;0.40064353530596969;0.47145923791568528;0.12789722677834497
14123;114124;Medium;Low;0.62311841519904299;0.34248315717522781;0.034398427625729096
45933;145934;Medium;High;0.0098977405522222995;0.17708995151840332;0.81301230792937451
7445;107446;Medium;High;0.099265287039126404;0.43122042354663587;0.46951428941423773
38523;138524;High;Medium;0.3245330750121051;0.50386989705927621;0.17159702792861875
1026;101027;High;Medium;0.34701144838178788;0.49082117813510989;0.16216737348310237
40996;140997;Low;Medium;0.4210202697586839;0.44177058945793296;0.13720914078338325
8666;108667;High;Medium;0.28758086672269245;0.52611120428401814;0.18630792899328935
36483;136484;Low;Medium;0.40336359322690418;0.464931738963133;0.13170466780996282
34823;134824;High;Medium;0.12838118912621577;0.4641727076906681;0.40744610318311625
47953;147954;Low;Medium;0.29691814013641205;0.50531166128307192;0.197770198580516
4161;104162;Medium;Low;0.51388288889463896;0.41974050815587211;0.066376602949488897
10552;110553;Medium;High;0.077781847144554328;0.39655041890561127;0.52566773394983435
49563;149564;Medium;Medium;0.37596468049480819;0.47943717179556361;0.14459814770962831
37816;137817;High;Medium;0.13812146626195204;0.48399562695935766;0.3778829067786903
48349;148350;High;Medium;0.16920813921479336;0.48886063610101221;0.3419312246841944
13593;113594;Medium;High;0.020298655746950764;0.22390147672948335;0.75579986752356598
21187;121188;Low;Low;0.61770800749999577;0.34425402853762471;0.03803796396237949
3600;103601;High;High;0.035599994467677275;0.30540845279426554;0.65899155273805721
38009;138010;Low;Medium;0.33896337716382829;0.48865490692707836;0.17238171590909329
46349;146350;Medium;Medium;0.14606117330512999;0.46272305494981664;0.3912157717450534
45207;145208;Medium;Medium;0.13181140168875791;0.47484357822519924;0.39334502008604272
28787;128788;Low;Low;0.51253466294305083;0.41653904276377812;0.070926294293171044
16052;116053;Low;Low;0.459195677500431;0.41497254166992009;0.12583178082964902
25806;125807;Low;Low;0.59347336659727257;0.36345142751521692;0.043075205887510432
48226;148227;Medium;Low;0.51676647953501997;0.40594208487933658;0.07729143558564347
2507;102508;Low;Medium;0.34275968050264255;0.49504281460912614;0.1621975048882312
4702;104703;Low;Low;0.49494124606385981;0.43119859417233952;0.073860159763800684
12316;112317;Medium;Medium;0.2248816782710053;0.5280990659521736;0.2470192557768211
43545;143546;Medium;High;0.090176279817598876;0.43075517612153624;0.47906854406086491
8524;108525;Medium;Low;0.55907495217028924;0.3859815007499881;0.054943547079722765
36602;136603;Medium;Low;0.47628947947862915;0.4422917953990369;0.081418725122333876
28684;128685;Medium;Low;0.6147214984112408;0.34623869464869539;0.039039806940063725
26627;126628;Low;Low;0.47344952877545315;0.41309048250217767;0.11345998872236925
20441;120442;Low;Medium;0.27615594730603643;0.51726128052765841;0.20658277216630516
36346;136347;Medium;Medium;0.42079751261858506;0.44923260235878049;0.12996988502263454
27397;127398;Low;Medium;0.38977765682652943;0.44783989403135571;0.16238244914211483
47351;147352;Medium;High;0.046607596823516749;0.34951011568892232;0.6038822874875609
25965;125966;Low;Low;0.4779011210678924;0.4417157589906745;0.080383119941433059
32830;132831;High;High;0.0099446620127215061;0.16219786169796696;0.82785747628931139
9339;109340;Low;Medium;0.33122331007372713;0.50350985250335079;0.16526683742292206
26276;126277;Low;Medium;0.4412113515857875;0.45754713421839405;0.10124151419581853
43415;143416;Low;Low;0.46738145401681191;0.44769507949845277;0.084923466484735338
49790;149791;Low;High;0.082414186487645813;0.42065987042428604;0.49692594308806814
28469;128470;Low;Medium;0.40901054522079583;0.47063225057190566;0.12035720420729855
11844;111845;Medium;Low;0.45107703316442405;0.44720135681521633;0.10172161002035966
44423;144424;Low;Low;0.48875103952611765;0.43163921419226736;0.079609746281614935
20961;120962;Low;Low;0.55665404049217715;0.39302814514154588;0.050317814366276935
7397;107398;Medium;Medium;0.40135957365888469;0.46842759379362703;0.13021283254748833
13916;113917;Low;Low;0.53286690702416428;0.41203835350046564;0.05509473947537006
33850;133851;High;Medium;0.13607528797404006;0.45793461128013035;0.40599010074582959
113;100114;Low;Medium;0.43224106425383191;0.46840940656105534;0.099349529185112681
512;100513;Medium;Medium;0.29048206422751849;0.5076532919361173;0.20186464383636424
11483;111484;High;Medium;0.10959158572004919;0.46404595965338685;0.42636245462656386
8689;108690;Low;Medium;0.14169835134370681;0.48388223233793598;0.37441941631835723
49472;149473;Low;Low;0.65621876427278514;0.31782662391369843;0.025954611813516423
202;100203;Medium;Low;0.57137340078591181;0.36385521256461528;0.064771386649472851
31612;131613;Low;Medium;0.40949764456002219;0.47045428699336567;0.12004806844661212
18418;118419;High;High;0.0037292428350541623;0.10358970161942201;0.89268105554552379
22986;122987;Medium;Medium;0.33886205430043337;0.51030985134783857;0.15082809435172806
5202;105203;Medium;Medium;0.33908006182570188;0.4998516866270647;0.16106825154723339
41572;141573;Low;Medium;0.34120813111850445;0.51293999690762448;0.14585187197387106
36614;136615;High;High;0.046217186449037252;0.31736479470480977;0.6364180188461529
25445;125446;High;High;0.010215771492527954;0.18418195898252257;0.8056022695249494
18857;118858;Low;Medium;0.15023542801495979;0.48017832517973691;0.36958624680530333
40048;140049;Medium;Medium;0.42245023838593354;0.44290430009047549;0.13464546152359094
41385;141386;Low;Medium;0.21860036117260265;0.49550462294535003;0.28589501588204724
6417;106418;Low;Low;0.44799410716033466;0.44685529524457612;0.10515059759508931
9168;109169;Medium;Medium;0.34197398005596463;0.50949761846149599;0.14852840148253932
17922;117923;Medium;Low;0.45164811203676336;0.45121180619403639;0.097140081769200359
14651;114652;Medium;Low;0.49498325683403077;0.42178628077183605;0.083230462394133134
12987;112988;High;Medium;0.38629097293075054;0.49383316759450069;0.11987585947474874
10730;110731;High;Medium;0.27066214354309687;0.52359864432533976;0.20573921213156332
36895;136896;High;Medium;0.11232741099629515;0.45634986655393006;0.43132272244977476
41099;141100;High;Medium;0.32022545994165103;0.50374885539967518;0.17602568465867377
48545;148546;High;High;0.085262505085792445;0.4318225956440101;0.48291489927019743
2373;102374;Low;Medium;0.40787673773234712;0.47547461220719334;0.11664865006045952
46955;146956;Low;Medium;0.31244706535061761;0.50365322075743224;0.18389971389195023
8399;108400;Medium;Medium;0.43941815459572153;0.44417573723967851;0.11640610816460004
35949;135950;High;High;0.0069597039379873911;0.11821753478936491;0.8748227612726478
42389;142390;Medium;Medium;0.34978915694248408;0.50405678655524622;0.14615405650226967
16924;116925;High;High;0.036177852390540929;0.26695594699404646;0.6968662006154126
34324;134325;Medium;Medium;0.19859168754795201;0.50762972849497368;0.29377858395707429
14921;114922;Low;Low;0.61517430724444766;0.3438713095515718;0.040954383203980448
25693;125694;Low;Low;0.50091997570652669;0.42519794984766512;0.073882074445808174
28403;128404;Low;Medium;0.41635209027924558;0.475693553291758;0.10795435642899628
14664;114665;Medium;Medium;0.35971899059726886;0.49319717994429857;0.14708382945843257
12463;112464;Low;Low;0.57752278627409714;0.37082171437463185;0.051655499351270985
8594;108595;High;High;0.088640611175608536;0.38376515757375934;0.5275942312506321
42756;142757;Medium;Medium;0.17679508898002097;0.49508901419751628;0.32811589682246267
35660;135661;Medium;Low;0.50133935816449238;0.39953374926914226;0.099126892566365393
41551;141552;Medium;High;0.14317375338099786;0.41946292141099562;0.43736332520800647
5484;105485;Medium;Medium;0.37700985734372849;0.44694362174117253;0.17604652091509887
32236;132237;Low;Low;0.56919956509153236;0.38342528553584898;0.047375149372618552
4551;104552;High;Medium;0.36731279294891706;0.49346308839278274;0.13922411865830028
13877;113878;Medium;Medium;0.27272333063057813;0.49784974293176326;0.22942692643765866
24009;124010;Low;Medium;0.42775228642329299;0.47174665317251907;0.10050106040418796
49974;149975;Medium;Medium;0.43794364732808516;0.43947658910905324;0.12257976356286159
3907;103908;Medium;Medium;0.23640680329654049;0.51530002210713322;0.2482931745963263
5968;105969;Low;Low;0.57495889772092823;0.37079713135030296;0.054243970928768918
27265;127266;Medium;High;0.10499667702911787;0.44427944485540333;0.45072387811547893
45012;145013;Low;Low;0.53968866759134593;0.3988208499316821;0.061490482476972086
40497;140498;Low;Low;0.51753381227653883;0.4125587227649013;0.069907464958559914
27212;127213;Low;Medium;0.37525930029479826;0.49095024749162319;0.13379045221357855
35155;135156;Low;Medium;0.43579889276290001;0.46318078655229467;0.10102032068480525
21008;121009;High;Low;0.54343693862749209;0.39113011294459077;0.065432948427917054
35406;135407;Low;Medium;0.39654092317277484;0.45223301967459517;0.15122605715262996
12038;112039;Medium;Low;0.58478961714289157;0.35123108642089668;0.063979296436211752
30661;130662;Low;Medium;0.42494707327444481;0.47544761601208702;0.099605310713468148
18411;118412;Low;Low;0.46411770570635891;0.44438405108582529;0.091498243207815841
19331;119332;Low;Medium;0.29471885668046355;0.51781920677052451;0.187461936549012
2704;102705;Medium;Medium;0.41417451369335295;0.46955821494012512;0.11626727136652192
12964;112965;Medium;Medium;0.41791856106110375;0.48241663221187042;0.099664806727025712
46539;146540;Medium;High;0.005448302463010677;0.12883531266617573;0.86571638487081348
45202;145203;Medium;Medium;0.35508543630241196;0.48105025602116686;0.16386430767642121
13864;113865;High;Medium;0.29987042805352015;0.49767035257865094;0.20245921936782887
12371;112372;Medium;Medium;0.42901546807354829;0.46774241261615479;0.10324211931029682
38228;138229;Medium;Medium;0.33030780046338076;0.51332853242561416;0.15636366711100508
12792;112793;High;Medium;0.21404217114353882;0.4736403492770852;0.31231747957937606
19987;119988;High;High;0.11139190824113913;0.38821124136063134;0.50039685039822945
43686;143687;Medium;Medium;0.25621348085232337;0.51282617283398013;0.23096034631369652
41131;141132;Low;Low;0.59355624859508171;0.36509800711248247;0.041345744292435919
46608;146609;Low;Medium;0.35680561454281956;0.49510407903356485;0.14809030642361568
8495;108496;High;Low;0.58887964348695554;0.36052996030122964;0.050590396211814825
46816;146817;Medium;Low;0.47558671810984093;0.41760804298069099;0.10680523890946821
45590;145591;High;High;0.071726941064783639;0.40585472126152489;0.5224183376736915
7395;107396;Medium;Medium;0.15418100797852322;0.49667578062216439;0.34914321139931226
3056;103057;Low;Medium;0.26303570920505565;0.50969753619906077;0.22726675459588355
49655;149656;Low;Low;0.51972143323723408;0.4189497672549275;0.061328799507838407
24398;124399;Low;Medium;0.3004415958374016;0.53292105394022238;0.16663735022237605
16465;116466;Medium;Medium;0.44869166585478121;0.45884202918978317;0.092466304955435494
11793;111794;Low;Medium;0.29737919684733277;0.52796899280284137;0.17465181034982588
1684;101685;Medium;Medium;0.42645667573366947;0.47410868444878551;0.099434639817544981
3403;103404;Medium;Medium;0.17818701204100287;0.49484633484570845;0.32696665311328871
18969;118970;Low;Low;0.61961551672792758;0.33999194272199085;0.040392540550081416
19325;119326;Medium;Low;0.44689174316285751;0.44605532553365668;0.10705293130348578
18213;118214;Medium;Low;0.51705663592782036;0.41853805734819616;0.064405306723983549
37920;137921;Low;Medium;0.41495642788691661;0.48161551347497022;0.10342805863811326
48608;148609;Medium;Medium;0.25556547941726321;0.50592526273735561;0.2385092578453811
28715;128716;High;High;0.062292203575098473;0.31799606759207388;0.61971172883282755
24851;124852;Low;Low;0.57173496866057594;0.37339283106431526;0.0548722002751088
9263;109264;Medium;Medium;0.37982570713478786;0.48400086490597971;0.13617342795923243
23775;123776;High;High;0.023073609854029776;0.25318585002253857;0.72374054012343159
11103;111104;Medium;Medium;0.31385618473563015;0.51274313456466081;0.17340068069970901
46796;146797;Low;Medium;0.25890544667580467;0.51622255089327085;0.22487200243092448
6848;106849;Low;Medium;0.36430490214709965;0.47849834124627522;0.1571967566066251
6387;106388;Low;Low;0.52842334698746207;0.40219188578600024;0.069384767226537802
13993;113994;High;Medium;0.20909116157727453;0.49345868273417792;0.2974501556885476
43632;143633;Medium;Medium;0.40425011226531471;0.45770655105042152;0.13804333668426372
8827;108828;Medium;Medium;0.38771691080480913;0.48489337291314238;0.12738971628204832
10053;110054;Low;Low;0.5409567490078151;0.39781919086949258;0.06122406012269236
46097;146098;Medium;Medium;0.37672923318709606;0.47867229922042026;0.14459846759248379
49385;149386;High;Medium;0.14239403229170081;0.4585909906891722;0.39901497701912708
16137;116138;Medium;Medium;0.20017127912990088;0.44266139254545039;0.3571673283246487
32769;132770;Low;Low;0.4678185728766468;0.44241808122875176;0.089763345894601457
12862;112863;Medium;High;0.016104342581569956;0.18285540508428702;0.80104025233414311
2986;102987;Medium;Medium;0.29451103715565119;0.52842215238781098;0.17706681045653785
39599;139600;Medium;Medium;0.27189554061298071;0.50296003799712985;0.22514442138988941
34196;134197;High;Low;0.51736209350269569;0.40838154468635818;0.074256361810946109
6203;106204;High;High;0.014083289036231378;0.16097192932226073;0.82494478164150786
34428;134429;Low;Low;0.57574470675510114;0.37635164659738057;0.047903646647518158
40490;140491;Medium;Low;0.57073550195132594;0.38306105038947225;0.046203447659201924
43967;143968;Low;Low;0.49675736876479493;0.43229519958402507;0.070947431651180101
3142;103143;Low;High;0.096836633963470864;0.42800951646403673;0.4751538495724924
1048;101049;High;Medium;0.40105723727843506;0.46628900588060779;0.13265375684095715
14630;114631;Medium;Low;0.63553141783780331;0.32629305353681126;0.038175528625385438
27811;127812;High;Medium;0.29687810315895363;0.5117740246723409;0.19134787216870544
18415;118416;Medium;High;0.079868209110978125;0.40077809683170762;0.51935369405731424
2527;102528;Medium;Medium;0.34289327540141934;0.48911072252856541;0.16799600207001517
11768;111769;High;High;0.056026200367801107;0.35176661235108442;0.59220718728111454
29446;129447;Medium;High;0.10568096004011741;0.38476300045000628;0.50955603950987627
45245;145246;Medium;High;0.0034985812216776079;0.10483914145459161;0.89166227732373082
9976;109977;High;Medium;0.2371990854777942;0.51293498434976581;0.24986593017244002
21852;121853;Medium;Medium;0.20705979619455775;0.50970053391013082;0.28323966989531152
20106;120107;Low;Low;0.55910953413999365;0.38257270573924607;0.058317760120760301
21563;121564;High;Medium;0.39508193475669051;0.48782496943564646;0.11709309580766308
29901;129902;High;Low;0.57058117598279845;0.3616561686911991;0.067762655326002424
15889;115890;Medium;High;0.078865317259597417;0.38983887074241125;0.53129581199799125
12394;112395;Low;Low;0.56262211477547286;0.38756107320234662;0.049816812022180447
38094;138095;High;High;0.059277215238026718;0.33636724648491811;0.60435553827705524
13379;113380;Medium;Medium;0.40108043436550439;0.4915781096207214;0.10734145601377415
26014;126015;Medium;High;0.083744210847420453;0.43040121134965936;0.48585457780292018
23977;123978;High;High;0.0019910214462647035;0.076147781947224269;0.921861196606511
27065;127066;Medium;Medium;0.42664983852662253;0.4730993331707905;0.10025082830258701
28902;128903;High;Medium;0.24006424714635791;0.49822732959135818;0.26170842326228394
2247;102248;High;High;0.010810902394615279;0.17222305543357172;0.81696604217181312
9704;109705;Medium;Low;0.58274514934947863;0.36987820688604878;0.047376643764472509
22568;122569;Low;Low;0.70466524751960835;0.27503998351459197;0.020294768965799761
24440;124441;Low;Low;0.46465745286268206;0.44679553034353903;0.08854701679377891
31011;131012;Low;Low;0.44522298198123922;0.43203796545808271;0.12273905256067812
25406;125407;Medium;Medium;0.41928527884952271;0.47248577615938503;0.1082289449910922
7106;107107;High;High;0.012103868469208953;0.19465541124295593;0.7932407202878351
47501;147502;Medium;Medium;0.4382415718989639;0.43919320986781568;0.1225652182332204
31724;131725;High;Medium;0.18086820978445939;0.5270276983462816;0.29210409186925901
22447;122448;High;Medium;0.31789273153402148;0.50365775877798302;0.17844950968799558
10998;110999;Low;Medium;0.22540700322416135;0.50832506595579086;0.26626793082004779
39322;139323;Low;Low;0.62691512885544065;0.33575752389909319;0.037327347245466103
49304;149305;Medium;Low;0.47160789383759821;0.44918333549562156;0.079208770666780115
5093;105094;Medium;Medium;0.3400021435513304;0.50433699278597366;0.15566086366269585
38177;138178;High;High;0.075041442608967571;0.38695860739914945;0.53799994999188294
7015;107016;Medium;Medium;0.21466083774514216;0.51711562670273248;0.26822353555212525
43647;143648;Medium;Medium;0.33405666080125973;0.5033013263147198;0.16264201288402047
3951;103952;Medium;Low;0.49972532985694895;0.42687379653203517;0.073400873611015938
37075;137076;Low;Medium;0.44012504924916379;0.46738082690757632;0.092494123843259821
8917;108918;Medium;Medium;0.24196788410678458;0.47483589079008043;0.28319622510313502
39983;139984;Medium;Medium;0.37816194445879753;0.48771065206405112;0.13412740347715141
12985;112986;High;Medium;0.45180656547197151;0.45934788753377914;0.088845546994249222
45874;145875;Low;Low;0.63156026551939082;0.33532711347911931;0.033112621001489775
35693;135694;Low;Low;0.49878033001439814;0.42472867059309216;0.076490999392509612
20504;120505;Low;Low;0.57637686353070572;0.36893160034016531;0.054691536129128901
10182;110183;Medium;Medium;0.36994559151638207;0.48291193201379878;0.14714247646981907
25233;125234;High;High;0.055397509083686222;0.35591571795693266;0.58868677295938099
26476;126477;Medium;Low;0.46910246282398449;0.44386270048711968;0.087034836688895736
39609;139610;Medium;High;0.096294866641461863;0.43479562915275582;0.46890950420578237
7865;107866;Medium;Medium;0.24177805821223614;0.48203196283000005;0.2761899789577637
45417;145418;Medium;Low;0.52546425295876897;0.40041790690602025;0.074117840135210791
40130;140131;Medium;Low;0.50739326774295579;0.42659804219499958;0.066008690062044573
29317;129318;Medium;Medium;0.29534761155685862;0.49989858842861079;0.20475380001453053
43262;143263;Low;Medium;0.38284601334989427;0.47208462430134929;0.14506936234875642
14585;114586;Medium;Medium;0.43767687962644203;0.46199316974520854;0.10032995062834943
39981;139982;High;High;0.033002903277132803;0.25926226809586467;0.70773482862700243
25188;125189;Low;Low;0.47978816328509144;0.43277612123183973;0.087435715483068874
1075;101076;Low;Medium;0.43985882490438427;0.46044537360529997;0.099695801490315816
22881;122882;Medium;Medium;0.22032838306641001;0.52355390986389638;0.25611770706969361
40764;140765;Low;Medium;0.41719729092993479;0.46658686463096255;0.11621584443910274
46536;146537;Medium;Medium;0.22155887509252276;0.50721774681357623;0.27122337809390107
44233;144234;Medium;Medium;0.31747371096668081;0.51279836104961474;0.16972792798370445
30504;130505;Low;Low;0.51038503372905186;0.4003485335526728;0.089266432718275307
17209;117210;Medium;Medium;0.14965885692603997;0.46294534681875688;0.38739579625520321
19157;119158;High;High;0.0082438719050153021;0.16159528190220088;0.83016084619278385
22691;122692;High;Medium;0.40968981295156648;0.44462000104842775;0.14569018600000574
20459;120460;Medium;Medium;0.35668222160133223;0.47098406642612961;0.17233371197253808
36158;136159;Medium;Medium;0.15178146436834677;0.42678920799672865;0.42142932763492452
36704;136705;Medium;Medium;0.43522752021184991;0.4568024809015252;0.10796999888662492
14650;114651;Medium;Medium;0.19193320078293735;0.53342218401782537;0.27464461519923727
20313;120314;Medium;Medium;0.25255467778530427;0.5058261683190185;0.24161915389567712
47342;147343;Medium;Medium;0.27621833749008501;0.46847075567917634;0.25531090683073865
41692;141693;Medium;Medium;0.32925848145970832;0.45802698191290414;0.21271453662738754
39958;139959;Low;Low;0.57119435349023662;0.3758399721850455;0.052965674324717861
25330;125331;Medium;Medium;0.28773425872342284;0.519331327322612;0.19293441395396518
1183;101184;Medium;Low;0.52252467330566532;0.40664175406761938;0.070833572626715358
403;100404;Medium;Medium;0.20940782849184589;0.50608665222636351;0.28450551928179052
32276;132277;Medium;High;0.064192622756494497;0.37419272943892651;0.56161464780457893
13294;113295;Low;Low;0.48521721971478138;0.43608361527499073;0.078699165010227806
5858;105859;Medium;Medium;0.14666990283304654;0.50227122759315779;0.35105886957379567
144;100145;Low;High;0.038730808682098876;0.30697506526012747;0.6542941260577736
47719;147720;Medium;Medium;0.3588088929619605;0.48079061829206154;0.16040048874597787
35658;135659;Medium;Medium;0.29902205958264033;0.50652822815879128;0.19444971225856839
43507;143508;High;High;0.016767176561509275;0.19748602166934856;0.78574680176914213
19782;119783;High;High;0.024375499456955035;0.25445360780869281;0.7211708927343522
34820;134821;Medium;Medium;0.30277182791936602;0.51101490643268233;0.18621326564795168
2579;102580;Medium;Low;0.45840611538362264;0.44794837485665334;0.093645509759723938
8260;108261;High;High;0.0059810255245827818;0.1320858648750646;0.86193310960035263
43958;143959;Low;Medium;0.36868975707154972;0.47911762732591645;0.15219261560253372
35120;135121;High;Medium;0.28473168065204674;0.50625729215512805;0.20901102719282524
37760;137761;Low;Low;0.53443168452720546;0.41017813553742644;0.05539017993536817
33359;133360;Medium;Low;0.70488210383191374;0.27548385494343658;0.019634041224649627
19298;119299;Medium;Medium;0.17089080999126388;0.49472690795391638;0.33438228205481968
45311;145312;High;Medium;0.3700083130730018;0.49760273845757041;0.13238894846942761
11303;111304;Medium;Low;0.46060476938171524;0.4582288854950306;0.081166345123254269
30673;130674;Low;Medium;0.27047855760831269;0.52068047229274406;0.20884097009894331
13080;113081;High;High;0.0018076656469140371;0.07247228689029582;0.92572004746279002
33967;133968;Low;Low;0.59226733996333381;0.36146216295626044;0.046270497080405759
8694;108695;Medium;Medium;0.33421497078089335;0.50276893654682653;0.16301609267228018
45445;145446;Medium;Low;0.55532572943488234;0.38822588253617402;0.056448388028943662
48701;148702;Medium;Medium;0.3952310749042437;0.49112542704158052;0.11364349805417585
27643;127644;Medium;Medium;0.2410397248172873;0.52319226941750108;0.23576800576521159
46105;146106;Low;Low;0.52289288479906604;0.4082130388079076;0.068894076393026388
35008;135009;Low;Low;0.54601275423891027;0.37760215459589636;0.076385091165193195
18764;118765;High;Medium;0.40976797722787606;0.46495522337255224;0.12527679939957165
31956;131957;Low;Medium;0.19032190692443748;0.50325034491247844;0.3064277481630841
15947;115948;Medium;Low;0.47351223647790569;0.43631674563831785;0.090171017883776475
36667;136668;Medium;Low;0.54957079621500793;0.38960247574354329;0.060826728041448744
15715;115716;Low;Medium;0.4077745904246467;0.46468721590157641;0.12753819367377695
43151;143152;Low;Medium;0.24518194919990483;0.47507162899680988;0.27974642180328535
18073;118074;Low;Medium;0.37491129963080072;0.4839708145137458;0.14111788585545357
9514;109515;High;Medium;0.3721227106092273;0.49956592691125895;0.12831136247951372
14443;114444;Medium;Medium;0.2884838319089873;0.51938328312557247;0.19213288496544018
918;100919;Medium;Medium;0.36315942015406066;0.48829753979195939;0.14854304005397995
14916;114917;Low;Medium;0.44266435241342944;0.46222877838837512;0.095106869198195373
42255;142256;Medium;Medium;0.33831766670726326;0.49303082911988683;0.16865150417284974
19702;119703;High;Medium;0.27134841440827917;0.51173420034772477;0.21691738524399609
243;100244;Medium;Medium;0.36721001391510916;0.45874240414115425;0.17404758194373657
23098;123099;Low;Low;0.61271820106519481;0.33579102051864962;0.051490778416155632
43761;143762;High;High;0.0020989239178839277;0.075974666558149662;0.92192640952396643
49701;149702;Medium;High;0.075597025974899812;0.39240039631651974;0.53200257770858062
39686;139687;Low;Medium;0.25671686220248557;0.51795188887870625;0.2253312489188081
17722;117723;High;Medium;0.25108782074192065;0.54047881269273357;0.20843336656534572
8375;108376;Medium;Medium;0.20188352824762901;0.45486636540559278;0.34325010634677822
5555;105556;Low;Low;0.47563125722382948;0.43515512667153722;0.089213616104633284
18871;118872;Low;Low;0.49021753017569358;0.42569242345584674;0.084090046368459598
38345;138346;High;High;0.042784755052700324;0.32104538487926132;0.63616986006803833
1101;101102;High;High;0.1097001235278918;0.3764896860767426;0.51381019039536568
8736;108737;Low;Low;0.60730034882522199;0.3522685861165884;0.040431065058189643
45683;145684;Low;Medium;0.36036861694828481;0.50091308451158911;0.1387182985401261
40655;140656;Medium;Medium;0.34729390207078037;0.46115289014045824;0.19155320778876142
21085;121086;High;High;0.056851748232109936;0.32409128012325356;0.61905697164463658
48111;148112;Low;Low;0.55657474189193079;0.38922602019101077;0.054199237917058447
7188;107189;Medium;High;0.07494696494446379;0.39282444874480715;0.532228586310729
23529;123530;Medium;Low;0.49349228902794623;0.42835545893232102;0.078152252039732764
10757;110758;Medium;Medium;0.21631296245489148;0.51334657788763671;0.27034045965747183
25715;125716;Low;Low;0.56440878365933589;0.37890212596642597;0.056689090374238207
49756;149757;High;High;0.10770344713862447;0.41875125298457549;0.47354529987680005
46137;146138;High;High;0.041821079675758162;0.29810825542411984;0.66007066490012201
37692;137693;Low;Medium;0.34895301585185534;0.45386845851807361;0.19717852563007107
41020;141021;Medium;High;0.06448283348155287;0.37562538428655212;0.55989178223189506
14255;114256;Low;Medium;0.25396536148786769;0.50557034462716044;0.24046429388497184
41443;141444;High;High;0.088487164321520123;0.40879551700457112;0.50271731867390868
14540;114541;Low;Low;0.50818259479233463;0.41969969296845572;0.072117712239209597
29953;129954;Medium;Medium;0.40435977207128043;0.47585632214001816;0.11978390578870134
10214;110215;Low;Medium;0.3891572378716015;0.47460298408622287;0.13623977804217552
20691;120692;High;Medium;0.21962455504873157;0.49985373763678442;0.28052170731448395
33623;133624;Medium;Low;0.56738081482255731;0.37799129166270085;0.054627893514741767
2372;102373;Medium;Medium;0.18016299074875181;0.49142858999261213;0.32840841925863612
6478;106479;Low;Low;0.60551624718177621;0.35515113121246228;0.039332621605761516
32040;132041;Low;Medium;0.32659066037495454;0.50554737675947137;0.16786196286557414
20451;120452;Medium;Medium;0.19972128391923566;0.49744199609531042;0.30283671998545408
28108;128109;High;Medium;0.33472747538775188;0.50474769522251706;0.16052482938973109
44481;144482;Medium;Low;0.5813440855489066;0.36815299211715297;0.050502922333940402
22071;122072;Medium;Medium;0.36374344059098285;0.47875791914788851;0.15749864026112878
42018;142019;Medium;Low;0.58103647769714739;0.37819930466987922;0.040764217632973429
15952;115953;Low;Medium;0.27564677223131595;0.47034478089052068;0.25400844687816326
37073;137074;Medium;Low;0.64639301166692298;0.32205705446101868;0.031549933872058296
43118;143119;Low;Medium;0.42881434564254634;0.46051347904023077;0.11067217531722302
9381;109382;Medium;Medium;0.33171878189869014;0.4992487484501229;0.16903246965118696
14446;114447;Low;Low;0.57590186171067559;0.37245207493268312;0.051646063356641278
10654;110655;Medium;Medium;0.26159670684889558;0.52245230244663055;0.21595099070447393
16198;116199;Low;Low;0.64394420458616408;0.321829479141994;0.034226316271841931
811;100812;Medium;Low;0.54571530877006058;0.40268954113542432;0.05159515009451518
37872;137873;Medium;Medium;0.1826577037211142;0.49306261571197091;0.32427968056691475
28477;128478;Medium;Low;0.53232406960328071;0.40616092905342527;0.061515001343294039
33637;133638;Medium;Medium;0.25871452546698187;0.51349621606081208;0.22778925847220613
29956;129957;Low;Low;0.51206544244353691;0.42299147223682543;0.064943085319637772
35787;135788;Medium;Medium;0.24746973370316513;0.51758232507319557;0.2349479412236393
8577;108578;Low;Medium;0.40403045820770306;0.48133144101159614;0.11463810078070084
39888;139889;Medium;Medium;0.24331579511423082;0.52483783501457948;0.23184636987118978
10776;110777;Medium;Medium;0.12896897487307177;0.45765787319125356;0.41337315193567459
16305;116306;High;High;0.085337878498169983;0.41488199175734913;0.49978012974448099
40825;140826;High;Medium;0.20076288995789593;0.51350530802594385;0.28573180201616016
35352;135353;Medium;Low;0.58789631615443716;0.3649499334502212;0.047153750395341601
40748;140749;Low;Low;0.6160793735987401;0.34791937385860999;0.036001252542649909
43964;143965;Low;Low;0.50974402743326286;0.39568200009939331;0.094573972467343823
1401;101402;Low;Medium;0.28237412277403146;0.53272205352848245;0.18490382369748617
22652;122653;Low;High;0.056498234751494542;0.36189127658703241;0.58161048866147302
18327;118328;Medium;Medium;0.13974303618355829;0.49163754119688508;0.36861942261955655
23414;123415;Medium;Medium;0.32398383275096532;0.46521050574589856;0.2108056615031362
17479;117480;Low;Low;0.55708660000606935;0.38934448507695602;0.05356891491697461
34401;134402;High;High;0.0017921352580075758;0.075489001309277715;0.92271886343271459
23284;123285;High;Medium;0.42308092551790688;0.46627514208827958;0.11064393239381348
9541;109542;Medium;Medium;0.3146828715738535;0.50912578008354015;0.17619134834260636
39373;139374;Low;Low;0.56572835519263076;0.37967880486826627;0.054592839939103008
20630;120631;Medium;Low;0.45566752403671856;0.45017026203248361;0.094162213930797767
43885;143886;Medium;Low;0.46825053316513504;0.43932103392371286;0.092428432911152131
15536;115537;High;High;0.026316530591366342;0.26219057245592775;0.71149289695270601
19115;119116;Low;Low;0.67071470293732149;0.30148098206842422;0.027804314994254255
46276;146277;Low;Low;0.51896309523903905;0.41910853299325324;0.061928371767707879
29115;129116;High;High;0.0012491578643620306;0.062077298007748;0.93667354412789006
47804;147805;High;High;0.01681611226195109;0.21730172097528527;0.76588216676276366
20807;120808;High;Medium;0.37797665940946024;0.49444818804470603;0.12757515254583368
7488;107489;Low;Low;0.46919190464052352;0.44860391394931776;0.082204181410158672
3698;103699;Low;Medium;0.42017822189109089;0.46704737186161344;0.11277440624729573
31007;131008;Medium;Medium;0.2280515193921954;0.49121310257900563;0.280735378028799
36603;136604;Low;Medium;0.43334535853551481;0.45429597372048447;0.11235866774400066
16589;116590;Low;Medium;0.24041818325599218;0.50742714696504698;0.25215466977896084
21513;121514;Low;Low;0.49898513072130907;0.42102865110092669;0.079986218177764259
28580;128581;Medium;High;0.061725398319436547;0.36944930506575058;0.56882529661481296
38662;138663;Medium;Medium;0.45029593966156872;0.45580439079586199;0.093899669542569342
46519;146520;Medium;Medium;0.13957431148268035;0.49750612464634159;0.36291956387097801
8530;108531;Medium;Medium;0.34692694774201688;0.48788082806748823;0.16519222419049479
2263;102264;Low;Low;0.45680068995807871;0.42872826607966225;0.11447104396225909
7527;107528;Medium;Low;0.51814063465022286;0.41095986438557042;0.070899500964206691
44795;144796;Medium;Medium;0.13366344230436575;0.45354914983654021;0.41278740785909396
37725;137726;Medium;High;0.03331960744772923;0.29511049281665447;0.67156989973561632
16580;116581;High;Medium;0.18639709766391163;0.51850587174124196;0.29509703059484643
22749;122750;Low;Low;0.51594627482102995;0.41127695804475833;0.07277676713421169
15468;115469;High;Medium;0.27356426190960953;0.49126830277070865;0.23516743531968184
3829;103830;Low;Low;0.51120068612901748;0.42489357107717973;0.063905742793802747
42544;142545;Medium;Low;0.45732097891799883;0.43930449158002632;0.10337452950197477
20318;120319;Medium;Medium;0.4180414903971586;0.45835601656758063;0.12360249303526075
6498;106499;High;Low;0.532042877876997;0.4058063137626669;0.062150808360336166
31886;131887;High;High;0.041774597244244219;0.3252834736776406;0.6329419290781152
4937;104938;High;Medium;0.21687942065702054;0.50295361046741438;0.28016696887556508
7355;107356;High;Medium;0.13780674481012495;0.47508158244455145;0.3871116727453236
46154;146155;Medium;Medium;0.3597503581763043;0.48725248143351357;0.15299716039018224
1655;101656;Medium;Medium;0.40733046888778912;0.45745966152727119;0.13520986958493958
6283;106284;Low;Low;0.61834237104155565;0.34029991056545961;0.041357718392984757
35638;135639;High;Low;0.46457478753126114;0.42105518286708438;0.11437002960165442
15948;115949;Low;Medium;0.28896769412439105;0.50959885149419037;0.20143345438141871
20335;120336;Medium;Medium;0.30437495200255466;0.49952724636839768;0.19609780162904777
16262;116263;High;Medium;0.30703247288745256;0.48154161032499249;0.21142591678755485
5989;105990;Low;Low;0.49768866472413242;0.43426510103332533;0.068046234242542247
8161;108162;Medium;Low;0.51700665462148576;0.4233013917144281;0.059691953664086222
47051;147052;Medium;High;0.082195638589125722;0.40094076094582276;0.51686360046505142
32519;132520;Medium;Medium;0.18100866955389694;0.44782470189625628;0.37116662854984661
29873;129874;Medium;Medium;0.297113468669578;0.49222514276661999;0.21066138856380201
31090;131091;High;High;0.05786065039202086;0.38811312214441229;0.55402622746356689
11174;111175;Medium;Medium;0.34506176817643264;0.49358604804970219;0.16135218377386507
5535;105536;Medium;Medium;0.35081824053774707;0.49134461189676459;0.15783714756548839
29406;129407;High;High;0.00011045198478803744;0.017496865510458287;0.98239268250475364
20383;120384;Medium;Medium;0.18822741869477555;0.49501254206990836;0.31676003923531604
48783;148784;Medium;Low;0.51634398625064715;0.41215015264930877;0.071505861100044102
19230;119231;Low;Medium;0.30540551902210755;0.50568752676436024;0.18890695421353224
15862;115863;Low;Low;0.4687861771031237;0.44295248635377621;0.088261336543099964
48559;148560;Medium;High;0.031505673435250549;0.28428135523953019;0.6842129713252193
40387;140388;Medium;Medium;0.44295234059684863;0.45652692093526565;0.1005207384678856
29587;129588;Low;Medium;0.40083321872239819;0.44775299785116118;0.15141378342644071
5909;105910;Low;Low;0.66373565107713939;0.3120936580310511;0.024170690891809492
3073;103074;High;Medium;0.30748616451523664;0.50619385692236674;0.18631997856239657
20455;120456;Medium;Low;0.47718268306795719;0.41366487686634101;0.1091524400657017
12421;112422;Medium;Medium;0.35269190262145961;0.49842417630173941;0.14888392107680104
47955;147956;Medium;Medium;0.39535500558673048;0.47943590778217982;0.12520908663108957
46055;146056;Low;Medium;0.26540846523503869;0.50719567714315783;0.22739585762180353
7862;107863;Low;Low;0.64461236518128817;0.31314128081484455;0.042246354003867281
32284;132285;Medium;Low;0.53992907781949928;0.39816900201620647;0.061901920164294154
29006;129007;High;Medium;0.24284825400634322;0.49751375340759635;0.25963799258606052
3753;103754;High;Medium;0.27906317776221562;0.50125784110515736;0.21967898113262702
45848;145849;High;Low;0.54584897353362694;0.38520789451681703;0.068943131949556077
5558;105559;Medium;Medium;0.13644103535161622;0.47638603366041032;0.38717293098797345
4707;104708;Low;Medium;0.36955748143336209;0.49174428978535972;0.13869822878127824
14385;114386;Medium;Medium;0.38848750105233076;0.49499127350365102;0.11652122544401827
31959;131960;Low;Medium;0.11206899562454296;0.44973526771228678;0.43819573666317041
36899;136900;Low;Medium;0.38365525778826121;0.48285929651454423;0.13348544569719445
20360;120361;Medium;Medium;0.32835715497448631;0.46116518125883083;0.21047766376668287
22454;122455;Low;Low;0.52715098253256243;0.39528789975730433;0.077561117710133201
30477;130478;High;High;0.00091760073675004842;0.05600720720948664;0.94307519205376322
26012;126013;Medium;Medium;0.39819333579077498;0.48960096769263839;0.11220569651658667
12664;112665;Low;Medium;0.29198227789489095;0.48994304508105524;0.21807467702405386
29224;129225;Medium;Low;0.5368272785618039;0.40141291697691839;0.061759804461277816
25575;125576;Low;Medium;0.17367271468803769;0.50430964577095672;0.32201763954100554
32353;132354;Low;Medium;0.27470047665009445;0.46918531856963397;0.25611420478027147
12947;112948;Low;Low;0.57402675186790153;0.38312404924504245;0.042849198887055989
8921;108922;Low;Low;0.44809612822410244;0.44382393638330941;0.10807993539258821
14199;114200;High;Medium;0.41357987305202559;0.46899898144009716;0.1174211455078773
30139;130140;Low;High;0.15313288414620943;0.42200692581018273;0.42486019004360781
17597;117598;Low;Medium;0.35252117588931786;0.47282965105700037;0.17464917305368177
29107;129108;Medium;Medium;0.30041447632343254;0.47191739121375187;0.22766813246281561
10814;110815;Medium;Medium;0.45360961996364302;0.46295210478164922;0.083438275254707928
12672;112673;High;Medium;0.1814094713146025;0.50236570663815239;0.31622482204724517
40935;140936;High;High;0.048513951790339974;0.33972270818148886;0.61176334002817123
26580;126581;Low;Medium;0.33028070231475615;0.50236461518856668;0.16735468249667718
43659;143660;Medium;Low;0.58148421291349794;0.35944395681990182;0.059071830266600303
33411;133412;Medium;Medium;0.43317051905429699;0.45725022355978606;0.10957925738591698
34186;134187;Medium;Medium;0.29506996932626373;0.50600816624137368;0.19892186443236262
3741;103742;Medium;Medium;0.22835069350922249;0.51704102685245112;0.25460827963832638
5414;105415;Low;Medium;0.29859200691529536;0.52005439880355586;0.18135359428114881
18075;118076;Medium;Low;0.6417201187986924;0.32602576223356472;0.03225411896774294
8209;108210;High;Medium;0.1896114342086869;0.51042959765874929;0.2999589681325639
12497;112498;Medium;Medium;0.33313944143670654;0.50265119047399898;0.16420936808929454
17332;117333;Low;Medium;0.38498006458264411;0.49410450291055502;0.12091543250680097
49679;149680;High;Medium;0.097173086228541525;0.4550808853753775;0.44774602839608102
16855;116856;Medium;Medium;0.24686650044898586;0.51467570770259063;0.23845779184842344
21545;121546;Low;Low;0.53415799181565116;0.40466248315212533;0.061179525032223445
936;100937;Medium;Medium;0.20970588849323851;0.5224456329964694;0.26784847851029209
36165;136166;Medium;Medium;0.23120509382731771;0.50589327046648047;0.26290163570620184
1929;101930;High;Medium;0.27879496827939271;0.48346225290122496;0.23774277881938233
2958;102959;Low;Medium;0.45050406864966097;0.4622371730511648;0.087258758299174094
16202;116203;Medium;Low;0.54049937103208656;0.40055941577752102;0.058941213190392534
41091;141092;Medium;Low;0.69420828177000671;0.27628983693818637;0.029501881291806836
45310;145311;Medium;Low;0.47530457353301814;0.43648560868354269;0.088209817783439073
28340;128341;High;Low;0.58286323774595017;0.37005496706658786;0.047081795187461958
21923;121924;High;High;0.050789786441294144;0.31931681161507941;0.62989340194362653
24268;124269;Medium;Medium;0.17784368025749861;0.50935415884208091;0.31280216090042046
9151;109152;Medium;Medium;0.41256202099160744;0.47515823729383372;0.11227974171455896
25604;125605;Medium;Medium;0.44440053721388872;0.44894901553576966;0.10665044725034162
19241;119242;Medium;Medium;0.15581754889191252;0.4560061286378555;0.38817632247023193
9137;109138;High;Medium;0.32903524101476334;0.50004261253681659;0.17092214644842013
35143;135144;High;High;0.016099516589817751;0.17737608818197806;0.80652439522820429
155;100156;Medium;Low;0.59467578497022267;0.3649424244813893;0.040381790548388016
37095;137096;Medium;Medium;0.39198310213074017;0.49262415345706362;0.11539274441219617
4240;104241;Medium;Low;0.50884686599378137;0.41621480860720766;0.074938325399011088
43929;143930;High;High;0.015734765310314314;0.21983241119022992;0.76443282349945574
4447;104448;Medium;Medium;0.33448244247620434;0.51143349152843109;0.15408406599536453
19927;119928;Low;Medium;0.3286279365433637;0.48494736027171603;0.18642470318492013
25325;125326;Low;Medium;0.22674672590386055;0.50508901321203548;0.26816426088410394
8591;108592;High;High;0.0014388040808676814;0.064196911082155542;0.93436428483697687
24082;124083;Low;Low;0.58755675623039028;0.35260790123050473;0.059835342539104955
31635;131636;Medium;Low;0.56724759384499035;0.37738271385264499;0.055369692302364555
39031;139032;Medium;Medium;0.25843947607083717;0.51047411598412529;0.23108640794503757
29500;129501;Medium;Medium;0.1356235758559764;0.49785311684292155;0.366523307301102
49948;149949;Low;Low;0.58628796410584683;0.34926901203671756;0.064443023857435486
31459;131460;Medium;Medium;0.30407107345270878;0.50756754964593287;0.18836137690135835
21628;121629;Low;Medium;0.15267169940654715;0.45880463141122652;0.38852366918222636
25523;125524;Low;High;0.097838338819924736;0.43317316057965405;0.46898850060042119
16162;116163;Low;Medium;0.16435028745242594;0.48941691601275533;0.34623279653481859
8125;108126;High;Medium;0.35881407840250579;0.46920000526545441;0.17198591633203966
36048;136049;Medium;Medium;0.32481369258787851;0.50117448189048697;0.17401182552163449
7374;107375;High;High;0.10870578660330363;0.39224734903249303;0.49904686436420337
39497;139498;High;Medium;0.11941386578115146;0.448582084590257;0.43200404962859162
34593;134594;Medium;Medium;0.38148864552461625;0.4854605559074926;0.13305079856789126
1949;101950;Low;Low;0.603971138269216;0.35619074686138325;0.039838114869400636
23317;123318;Medium;Medium;0.27739482442030572;0.46432422458337785;0.25828095099631643
31299;131300;High;Medium;0.4295140807313641;0.469807676396647;0.1006782428719888
13148;113149;Low;Medium;0.34222047252081389;0.45715233760278862;0.20062718987639749
2717;102718;Medium;Medium;0.37411849658887253;0.47984070607350437;0.1460407973376231
38784;138785;Low;Low;0.51174064551864928;0.40049662970354327;0.087762724777807374
41271;141272;Medium;Medium;0.25803784186140299;0.51623533768930008;0.22572682044929693
30455;130456;Low;Low;0.63946956123065557;0.32812586496077245;0.032404573808572056
45363;145364;Medium;Low;0.47243842414686948;0.43849461248785371;0.089066963365276863
49253;149254;Medium;Medium;0.18593398987587723;0.49982913740408308;0.31423687272003975
30714;130715;Low;Medium;0.14964489279494866;0.47480097656493458;0.37555413064011661
2654;102655;Medium;Medium;0.34577660248462883;0.50475185170178305;0.14947154581358812
41188;141189;Low;Medium;0.39838409778832079;0.44331878274481734;0.15829711946686201
16930;116931;Low;Medium;0.4517306249910466;0.45977782694962521;0.088491548059328295
42854;142855;Medium;Medium;0.39112737141377429;0.45366232574916104;0.15521030283706463
14062;114063;Medium;Medium;0.15633215950361504;0.46884292965230773;0.37482491084407721
14746;114747;Medium;Low;0.6057834335939577;0.35382292473623184;0.04039364166981043
38987;138988;Low;Medium;0.14324745952552406;0.46104733367127282;0.39570520680320309
36067;136068;Medium;Medium;0.16507512903691288;0.49744280893976106;0.33748206202332615
35183;135184;Low;Medium;0.34628833794029357;0.5063357726944655;0.14737588936524082
36405;136406;High;Medium;0.33573952904000998;0.49383984683821874;0.17042062412177128
21937;121938;Medium;Medium;0.36769394876716061;0.50468945152248668;0.12761659971035269
41848;141849;Low;Medium;0.24640372200286242;0.5096048910974279;0.24399138689970964
26528;126529;Medium;Low;0.51446072152193933;0.42704799441618752;0.058491284061873074
14927;114928;Low;Medium;0.35317554887690911;0.49996080204532933;0.14686364907776162
14729;114730;Medium;Low;0.70634249485561729;0.27097933030566923;0.022678174838713459
16530;116531;Low;Medium;0.35204279406238148;0.49980130688145086;0.14815589905616761
35731;135732;Medium;Low;0.56227409811706242;0.3841400203700725;0.053585881512865141
43350;143351;Medium;Low;0.49690707127442402;0.42667393205825882;0.076418996667317204
25538;125539;Medium;Low;0.57059364945855962;0.38003528252629049;0.049371068015150031
43135;143136;Medium;Medium;0.18237026980978846;0.51273004252729337;0.30489968766291814
23398;123399;High;Medium;0.169238560788149;0.48645965390740437;0.34430178530444655
23018;123019;Medium;Medium;0.3333227623117444;0.47232019385178503;0.19435704383647048
48827;148828;Medium;Low;0.47117196247553983;0.44551907856408518;0.083308958960374907
17882;117883;Low;Low;0.64566632555784786;0.32223814073452772;0.032095533707624413
33430;133431;Low;Medium;0.3928887514543814;0.45597817735230756;0.15113307119331107
3102;103103;Low;Low;0.5685574591219732;0.37806070762377597;0.053381833254250888
7825;107826;Low;Medium;0.43409487658506457;0.45757305294003753;0.10833207047489782
33953;133954;Medium;Low;0.50195533916045665;0.41567668010198983;0.082367980737553609
27547;127548;Medium;Medium;0.28477981885673592;0.51813558056174713;0.19708460058151703
14242;114243;Low;Low;0.5750912557608957;0.37887003424275323;0.046038709996351124
12359;112360;Low;Medium;0.14898745094809485;0.48413023445966913;0.36688231459223603
4585;104586;Medium;High;0.077865513991088806;0.33628582894285286;0.58584865706605838
37973;137974;Medium;Low;0.65264476627896939;0.31747848794276007;0.029876745778270576
49918;149919;Low;Low;0.50704955022322862;0.41288315707990414;0.080067292696867229
22531;122532;Medium;Medium;0.33690915633192853;0.49908592982997318;0.16400491383809837
48694;148695;Medium;Low;0.48560445475318759;0.42656928359349044;0.087826261653322024
44096;144097;High;High;0.0026699959335474387;0.075721160088952966;0.92160884397749954
31869;131870;High;High;0.056677887810353607;0.3334926621459034;0.609829450043743
6805;106806;Low;Low;0.48973686771394742;0.41376999749869692;0.096493134787355689
25620;125621;High;High;0.0097121630498938349;0.1749574458856562;0.81533039106445004
5235;105236;Low;Low;0.49724445277147006;0.43090578233071486;0.071849764897815027
41497;141498;Medium;Medium;0.42367415771051414;0.45813144633529479;0.11819439595419115
15542;115543;Medium;Low;0.52592966303811539;0.4069222913735393;0.067148045588345279
14539;114540;Medium;Medium;0.35298729111177651;0.45840114622198452;0.18861156266623888
37436;137437;Medium;Medium;0.32706601650857403;0.50495358952766678;0.16798039396375919
44112;144113;Medium;Medium;0.32372117187829408;0.47084578678219785;0.20543304133950799
42653;142654;Low;Medium;0.38265060029165748;0.49564268001282991;0.12170671969551249
17033;117034;High;Medium;0.24782355556165545;0.51324408815741196;0.23893235628093257
18798;118799;Medium;Low;0.4749243254405765;0.43274524756371158;0.09233042699571184
3756;103757;High;Medium;0.29032288977055321;0.5097003276744958;0.19997678255495097
47184;147185;Low;Low;0.5271965279488815;0.38891774666120521;0.083885725389913263
37690;137691;Low;Medium;0.21010002841791747;0.46945831260931264;0.32044165897276983
6224;106225;Low;Low;0.511487064309323;0.42489182074383003;0.063621114946846941
34886;134887;Low;Low;0.55251578717060579;0.37141498599347933;0.076069226835914855
32347;132348;High;Medium;0.3140395723990087;0.51273519549778557;0.17322523210320567
17788;117789;High;High;0.016818856284729421;0.20863725690213689;0.77454388681313369
33100;133101;High;High;0.03503995034283592;0.3044311435731003;0.66052890608406378
8123;108124;Low;Low;0.51495925974578693;0.42029001882914219;0.064750721425070892
2170;102171;High;Medium;0.33366293218893933;0.44764650037436343;0.21869056743669735
21406;121407;Low;Medium;0.23614959268337288;0.52360984325051374;0.24024056406611341
5118;105119;Low;Medium;0.13902899645945943;0.47098637067302418;0.38998463286751633
43785;143786;Medium;Medium;0.37936045529545426;0.46223163072596479;0.15840791397858089
11688;111689;High;High;0.014092676589996678;0.19976450926257183;0.78614281414743137
18405;118406;Medium;Medium;0.26443854569532721;0.48462510953963517;0.25093634476503768
49080;149081;Low;Low;0.58241635628787181;0.37155620766146913;0.046027436050659107
8722;108723;Medium;Medium;0.3861108021668076;0.45639203101643605;0.15749716681675641
32473;132474;Medium;Medium;0.20503689587926413;0.50818456310555349;0.28677854101518241
5084;105085;Low;Medium;0.34236686619088819;0.4789389361031326;0.17869419770597908
42222;142223;Medium;Low;0.56202668616826801;0.38356946679452347;0.054403847037208582
43111;143112;High;Medium;0.32692631920100107;0.50884824831506392;0.16422543248393498
34779;134780;Low;Low;0.55726281849876169;0.38571214586920566;0.057025035632032636
37876;137877;Medium;Medium;0.3690116985981155;0.50006022354116386;0.13092807786072061
11723;111724;Low;Medium;0.38300469257161091;0.48812223965177559;0.12887306777661336
33011;133012;Low;Medium;0.28528672094804347;0.50939570620853458;0.20531757284342192
47197;147198;High;Medium;0.20387402566915111;0.46711577645799318;0.32901019787285585
15571;115572;Low;Medium;0.27310919423971458;0.50422013253982656;0.22267067322045878
24660;124661;Low;Medium;0.40102869994145834;0.45037739445852593;0.14859390560001573
39563;139564;High;Low;0.46044068349088352;0.44556429126985569;0.093995025239260857
44431;144432;Medium;Medium;0.31787425928494756;0.47729246462648189;0.20483327608857052
8679;108680;Low;Low;0.71436676977085045;0.26717174410890127;0.01846148612024829
38170;138171;Low;Medium;0.40397904123836181;0.480620716924059;0.11540024183757927
48526;148527;Medium;Medium;0.43531105937036108;0.45908231620559031;0.10560662442404871
39655;139656;Medium;Low;0.68893574385204825;0.28921990213090798;0.021844354017043894
48740;148741;Low;Medium;0.44965268257289953;0.45906649800211735;0.091280819424983145
11114;111115;Medium;Medium;0.33261655632801834;0.506594338911175;0.16078910476080677
22563;122564;Low;Low;0.53123746402609073;0.40769725697694342;0.061065278996965885
40438;140439;High;Medium;0.35277669834166409;0.47883102353780382;0.16839227812053206
23272;123273;Low;Low;0.46053644943966893;0.44730457549684072;0.092158975063490384
25576;125577;High;High;0.094237391008542226;0.38454568468179479;0.52121692430966304
30656;130657;High;Medium;0.43130222266495311;0.46206611248933366;0.10663166484571313
27360;127361;High;Medium;0.26671907156224806;0.51574984685278924;0.21753108158496265
37185;137186;Medium;Medium;0.35231965953714039;0.48761006808844659;0.16007027237441307
22396;122397;Medium;High;0.11815573730308927;0.42597180624984782;0.45587245644706298
30839;130840;Medium;Medium;0.13392481159996605;0.47191474233528313;0.39416044606475076
39365;139366;Medium;High;0.071694701101879948;0.34386863995353095;0.58443665894458907
28133;128134;High;Medium;0.30261536693209484;0.5037243023291168;0.19366033073878838
30376;130377;High;Low;0.48067975879522806;0.43156421314744564;0.08775602805732631
3620;103621;Medium;Medium;0.22435998583652686;0.50585739980200439;0.26978261436146872
29386;129387;Low;Low;0.62474237575496028;0.3386297290423439;0.036627895202695805
3272;103273;Medium;Medium;0.25140069487364386;0.50569796898863983;0.24290133613771628
34327;134328;High;Medium;0.23307946740945587;0.52711412830654925;0.23980640428399494
24847;124848;High;Medium;0.32364949755213501;0.50645308052071347;0.16989742192715146
17305;117306;High;High;0.12012519867360708;0.43405821869001443;0.44581658263637847
24263;124264;Low;Low;0.47228160512274808;0.4109843757566975;0.11673401912055445
29709;129710;Medium;High;0.092290464468652314;0.43770090902762127;0.47000862650372638
18396;118397;Medium;Medium;0.38602014174596649;0.48198748479009862;0.13199237346393478
49070;149071;Medium;Low;0.4631360480773678;0.45326410070969858;0.083599851212933729
46246;146247;High;Medium;0.29299426004285273;0.52045539369262639;0.18655034626452094
26015;126016;High;High;0.036167765076059191;0.33079883035955249;0.63303340456438828
31903;131904;Medium;Medium;0.38224093204383675;0.4918524593434313;0.12590660861273201
4204;104205;High;High;0.067684775725715129;0.39043050331301515;0.54188472096126983
11714;111715;Medium;High;0.0061164957274143063;0.13692281844222809;0.85696068583035767
8183;108184;High;High;0.088706180959124609;0.34773545562696212;0.5635583634139133
47183;147184;High;Medium;0.30360592480263426;0.5021570091399632;0.19423706605740254
4110;104111;Medium;Medium;0.25637686628720807;0.51927324148825882;0.22434989222453311
14831;114832;High;Medium;0.31804687419979505;0.49685060622578547;0.18510251957441945
42848;142849;Medium;Medium;0.27503679131905373;0.45091223634041516;0.27405097234053122
20250;120251;Medium;High;0.14043590470322559;0.42622982527950942;0.43333427001726499
20272;120273;Low;Low;0.49133606242804834;0.42885648034356783;0.079807457228383935
35346;135347;Medium;Medium;0.25457972832261416;0.51668399268814236;0.22873627898924342
11191;111192;High;High;0.046413606070051669;0.33932162790870485;0.61426476602124347
22569;122570;Low;Low;0.56277845097038526;0.38361326014969743;0.053608288879917337
6;100007;Medium;High;0.01923838948923522;0.24028265295851736;0.74047895755224746
39935;139936;High;Medium;0.17220375720828762;0.4752933847192054;0.35250285807250703
4693;104694;Medium;Medium;0.34038598906711248;0.48622967787467103;0.17338433305821654
38328;138329;Low;Low;0.48462439579152994;0.43105196534812895;0.084323638860341124
9786;109787;Medium;Low;0.51073941418105351;0.42593450095843227;0.063326084860514234
24782;124783;Low;Medium;0.31471002733955805;0.46230347097793117;0.22298650168251069
18561;118562;High;Medium;0.14740482903624927;0.47739435163133537;0.37520081933241539
36817;136818;High;High;0.076331794239040449;0.39960704506555039;0.5240611606954092
17276;117277;Low;Medium;0.35442884788380563;0.4955386176241125;0.15003253449208179
9776;109777;High;Medium;0.23497025982626407;0.48989700708565503;0.27513273308808095
14842;114843;High;Medium;0.28443599245150275;0.50809594416430048;0.20746806338419671
44113;144114;Low;Low;0.48598064376725308;0.43747418116483977;0.076545175067906979
7253;107254;Low;Medium;0.33751480835952602;0.49769803999008427;0.16478715165038982
20811;120812;Low;Medium;0.40854606712592412;0.46918244257124975;0.12227149030282621
18136;118137;High;Medium;0.17306487350807007;0.47576044708895299;0.35117467940297697
28815;128816;Low;Medium;0.42390874395581379;0.43808397465246052;0.13800728139172569
41666;141667;High;Medium;0.31177944258183582;0.4997714212594177;0.18844913615874637
14401;114402;Low;Medium;0.43677609841479192;0.45652595651801753;0.10669794506719059
38407;138408;High;Medium;0.12630533434705596;0.45640377009264765;0.41729089556029636
11895;111896;Medium;High;0.01228839066949183;0.19145817627362721;0.7962534330568809
27683;127684;High;Medium;0.10161841081806215;0.45271670862190366;0.44566488056003423
23934;123935;Low;Medium;0.35353777073311088;0.49760562354613946;0.14885660572074949
122;100123;Medium;Medium;0.12537141522653308;0.46259990792525818;0.41202867684820876
30645;130646;Low;Medium;0.40366253838760219;0.48823670754153509;0.1081007540708627
47603;147604;Medium;Medium;0.15724892828097711;0.49567329426210655;0.34707777745691626
2811;102812;Low;Medium;0.3763797958508549;0.48747958712550132;0.13614061702364386
33315;133316;Medium;High;0.11194049783828597;0.40262847566017679;0.48543102650153719
35503;135504;Low;Medium;0.39692518158266293;0.48737908563388188;0.1156957327834552
41754;141755;Medium;Medium;0.3033351485896551;0.45973837908794968;0.23692647232239533
25826;125827;Low;Low;0.48208789575769639;0.42495226214490339;0.092959842097400353
38033;138034;High;Medium;0.3077000698482813;0.52689475081224524;0.16540517933947349
20232;120233;High;High;0.0044450325182661876;0.097605442864631506;0.89794952461710231
1312;101313;High;Medium;0.38446470908039226;0.4834082140278686;0.13212707689173922
44691;144692;Medium;Medium;0.1561399354380148;0.49407126573032217;0.34978879883166303
8855;108856;Low;Low;0.51514659222726178;0.40589651907414298;0.078956888698595074
27872;127873;Low;Low;0.49195772405998883;0.42938776041808424;0.078654515521927038
5920;105921;Medium;Medium;0.23290369062384306;0.52840819178848086;0.23868811758767614
5971;105972;Medium;Medium;0.37072261559724512;0.50167236035015894;0.12760502405259597
5888;105889;Medium;Low;0.49885338819121383;0.41426026666291471;0.086886345145871499
41751;141752;Medium;High;0.11608616063118242;0.40958708744689898;0.47432675192191853
27526;127527;Low;Low;0.45018281288808626;0.44790544641830332;0.10191174069361035
47692;147693;Medium;Low;0.55714435143248786;0.39197277771497008;0.050882870852542027
34261;134262;High;Medium;0.32077663758589375;0.51812780984628193;0.16109555256782435
21249;121250;Medium;Medium;0.29393919105215832;0.52526913596979719;0.18079167297804449
26408;126409;Medium;Medium;0.33393382590069159;0.5025544046858692;0.1635117694134392
34653;134654;Low;Medium;0.36469582425442143;0.49345262389405742;0.14185155185152107
9180;109181;High;Medium;0.28076657060769988;0.47334015234651133;0.24589327704578889
39192;139193;Medium;High;0.052095804286022944;0.29681797814482519;0.65108621756915175
40645;140646;Medium;Low;0.60646493726089845;0.35314717864847867;0.04038788409062289
45913;145914;Medium;Low;0.69913581456011986;0.27867292008372635;0.022191265356153872
43391;143392;Medium;Medium;0.43109286036576;0.46860582575241189;0.10030131388182804
28047;128048;Low;Medium;0.29840266295689993;0.48245604822317684;0.21914128881992326
19955;119956;Low;Low;0.60378846892772498;0.35316422931288088;0.043047301759394141
44247;144248;Medium;Medium;0.32840327758462229;0.52502980853049763;0.14656691388488013
26479;126480;Low;Medium;0.21880360738818194;0.48889835905741191;0.29229803355440609
21784;121785;Low;Medium;0.25347407618191886;0.47072650885433065;0.27579941496375043
24778;124779;Medium;Low;0.45912628637481145;0.45440859490221636;0.086465118722972176
44296;144297;Medium;Low;0.68841827676266987;0.28859109675016809;0.022990626487162137
28138;128139;High;High;0.0049691690606684076;0.12701577015226267;0.86801506078706903
27423;127424;Medium;Medium;0.38157343798334181;0.47635671616872544;0.14206984584793278
47516;147517;Low;Low;0.48418673379534083;0.42309734166295715;0.092715924541702063
31268;131269;Medium;High;0.027207260632954179;0.26568025808263407;0.70711248128441173
3113;103114;Low;Low;0.56144533313204747;0.38491314633828111;0.053641520529671402
22539;122540;Low;Low;0.68187109334129603;0.29176055828172259;0.026368348376981456
14999;115000;Medium;Low;0.56247732308939868;0.37965568835249808;0.057866988558103336
39174;139175;Medium;Medium;0.38717397362635575;0.48749892943869638;0.12532709693494784
15195;115196;Medium;High;0.085648209898134139;0.42483871181963345;0.48951307828223234
3822;103823;Medium;Medium;0.15298725363251175;0.49044938231318752;0.35656336405430084
47622;147623;Medium;Medium;0.3970770309385811;0.48407747608662766;0.11884549297479123
1242;101243;Low;Low;0.49824813029625353;0.42373393298008155;0.078017936723664902
6019;106020;Low;Medium;0.18804896633703325;0.46927651463684023;0.34267451902612639
26735;126736;Medium;Low;0.45313680664263167;0.42875750567061677;0.11810568768675149
37586;137587;Medium;Medium;0.21091047584023825;0.49529312195024067;0.29379640220952125
965;100966;Medium;High;0.010078587894559432;0.17013408571886524;0.81978732638657525
31156;131157;Low;Low;0.52308817405305197;0.41444915064130011;0.062462675305647905
1513;101514;Medium;Medium;0.21368379826306133;0.51447066179565937;0.2718455399412793
28949;128950;Medium;Medium;0.31834519097528724;0.495959636399533;0.18569517262517973
24143;124144;High;Medium;0.22709879392082116;0.518087839701036;0.25481336637814278
13410;113411;Low;Low;0.59019438669180013;0.36783438952009273;0.041971223788107241
22399;122400;Medium;Medium;0.36933389978633963;0.49000303649273808;0.14066306372092222
36055;136056;Medium;Low;0.51959996965632593;0.4070229681241827;0.073377062219491251
14231;114232;Medium;Low;0.55475541437325093;0.39022376596813368;0.055020819658615355
44805;144806;Medium;Medium;0.33434667003033608;0.50330724586330111;0.16234608410636281
43809;143810;Medium;Low;0.5012333504882629;0.42467881512233091;0.074087834389406082
6738;106739;High;Medium;0.13666259874823702;0.47961840880327022;0.38371899244849261
16611;116612;High;Medium;0.32734715667223219;0.51260357759545172;0.16004926573231609
5793;105794;Medium;Low;0.49100064237702795;0.40516996013459244;0.10382939748837959
23566;123567;Medium;Medium;0.16212557604808692;0.47692101867127706;0.36095340528063613
723;100724;Medium;Medium;0.35327661842139668;0.48848201022071636;0.15824137135788691
10581;110582;Low;Low;0.57032738276125183;0.37667963056472908;0.052992986674019069
771;100772;High;Medium;0.20475206122886749;0.47336444557663993;0.32188349319449261
28822;128823;Medium;Low;0.62257187349679155;0.34143567482703735;0.035992451676171135
40627;140628;Medium;Medium;0.45115621087962987;0.45367652300265804;0.095167266117712049
20462;120463;Medium;High;0.10627647376716402;0.4028718630143574;0.49085166321847862
47560;147561;High;Medium;0.36351344464755586;0.48837714755258299;0.14810940779986112
48035;148036;Medium;Medium;0.41797975897060219;0.45189610191612384;0.13012413911327403
38509;138510;Medium;Medium;0.13216499114725333;0.4752143246631898;0.39262068418955703
9807;109808;Low;Low;0.53126759473080865;0.40062962787593792;0.068102777393253419
15814;115815;Low;Low;0.45358035129468022;0.4529298342817048;0.093489814423614939
1263;101264;Low;Low;0.5083933419748522;0.42013227313381468;0.071474384891333134
20063;120064;Medium;Medium;0.18387272579527786;0.49270126888348342;0.32342600532123861
36648;136649;Medium;Medium;0.16831662700671021;0.49838500637755789;0.33329836661573192
34041;134042;Medium;High;0.10003867986234258;0.36991694874386999;0.53004437139378735
35379;135380;Medium;Low;0.4784337587900338;0.44151285878537655;0.080053382424589536
17923;117924;Medium;Medium;0.15561713286647746;0.47062494681631478;0.37375792031720773
42418;142419;Medium;Low;0.56789014859756293;0.38478685921312344;0.047322992189313691
11286;111287;Low;Medium;0.29482386709262859;0.48937457230572479;0.21580156060164651
10872;110873;Low;Medium;0.29071099920288285;0.48548308424013331;0.22380591655698392
27306;127307;High;High;0.12180509502133513;0.4215240270782083;0.45667087790045663
17103;117104;Low;Low;0.60207810985611665;0.35596610382766686;0.041955786316216465
16132;116133;Medium;Medium;0.298360852697382;0.5112595115029358;0.1903796357996822
43870;143871;High;Medium;0.2254842820328789;0.50344723793850821;0.27106848002861283
932;100933;Medium;Medium;0.44815323081740616;0.4540038450222455;0.097842924160348288
41140;141141;Low;Low;0.66460296476102809;0.30698908477129849;0.028407950467673471
44119;144120;Medium;Medium;0.25019715434709167;0.51461509050065912;0.23518775515224924
10921;110922;Medium;Medium;0.28259285793973377;0.50451830711920265;0.21288883494106367
16357;116358;Low;Low;0.68453956951161599;0.29212465480583727;0.023335775682546658
29441;129442;Low;Low;0.57752755412151136;0.376107598910357;0.046364846968131722
29469;129470;Medium;Medium;0.37536679287460378;0.48978911562345651;0.13484409150193966
26119;126120;Medium;Medium;0.12731699811855907;0.47165576841317602;0.40102723346826497
7774;107775;Low;Medium;0.3486205588446879;0.50647359839797945;0.14490584275733265
11242;111243;Low;Medium;0.21302895205434397;0.52043860607881731;0.26653244186683867
17741;117742;Low;Low;0.58893931167606584;0.35873748906635472;0.05232319925757941
20245;120246;Low;Low;0.47342798534158981;0.43931590933931763;0.087256105319092614
19377;119378;Low;Low;0.66258943386098035;0.30977532953612663;0.027635236602892962
20717;120718;High;High;0.0024341441762318413;0.084329639563683501;0.91323621626008467
6997;106998;High;Medium;0.16928027228905085;0.43287752625628534;0.39784220145466381
47155;147156;Low;Low;0.56572225284838029;0.38098868692848437;0.053289060223135294
33418;133419;Medium;Low;0.52848471528081475;0.40560035535847355;0.065914929360711569
30825;130826;Medium;Medium;0.13138057505897238;0.45114146293584678;0.41747796200518084
4037;104038;Medium;Medium;0.33862316649682833;0.50331274685950589;0.15806408664366575
7584;107585;Medium;Medium;0.30567628647635492;0.50257782524130601;0.19174588828233907
32403;132404;Medium;Medium;0.37549781907367596;0.49387718270452657;0.13062499822179757
29302;129303;Medium;Medium;0.13482001143573297;0.47801388643656562;0.38716610212770136
46742;146743;Medium;Low;0.51618050378885416;0.41861445626802574;0.065205039943120172
39638;139639;High;High;0.0030142444507541269;0.08961400759685488;0.90737174795239084
3677;103678;High;Medium;0.23588667081416517;0.52232225096001506;0.24179107822581966
14812;114813;Medium;Low;0.48795366980597249;0.43719074150098841;0.074855588693039044
2699;102700;Medium;Medium;0.34991639508383365;0.46063220896301221;0.18945139595315413
49293;149294;Medium;Medium;0.36647508344061341;0.50081875710308466;0.13270615945630193
33330;133331;Medium;Medium;0.35920135056281161;0.49280080300260409;0.14799784643458427
39357;139358;Low;Low;0.72611635571349409;0.24953203028168947;0.024351614004816318
24977;124978;Low;Medium;0.3118328073071342;0.51290798323252129;0.17525920946034457
33572;133573;High;Medium;0.12026757111219247;0.47066274495235921;0.40906968393544824
24239;124240;Medium;Medium;0.24910617438681207;0.52022263311617045;0.23067119249701748
14541;114542;High;High;0.1075724846153033;0.43902185139997313;0.45340566398472348
31104;131105;Medium;Low;0.50012471210147136;0.42584408771193211;0.074031200186596521
4603;104604;Medium;Low;0.50866289287052324;0.42389806921405254;0.067439037915424258
19852;119853;Medium;High;0.097215487622035329;0.4332683048628167;0.469516207515148
48976;148977;Medium;Low;0.51222894251658158;0.42068912405420106;0.067081933429217436
41178;141179;Medium;Low;0.45286252757087847;0.44712549611055435;0.10001197631856715
7226;107227;Low;Medium;0.13369114158714937;0.4676080014497509;0.39870085696309959
31799;131800;High;High;0.072259974071066296;0.37867706630672232;0.5490629596222113
41441;141442;High;High;0.10377646804440173;0.3944882366222876;0.50173529533331063
9471;109472;Medium;High;0.13225211969189779;0.41329380153781103;0.4544540787702912
14626;114627;High;High;0.0038601661175681774;0.090662414675346206;0.90547741920708558
41577;141578;Low;Low;0.5863697086998847;0.36764879341877521;0.045981497881340004
19388;119389;Low;Medium;0.36098195334259953;0.49481370573439237;0.14420434092300799
8274;108275;Low;Medium;0.24798552197648099;0.50138658199586716;0.25062789602765179
16145;116146;High;High;0.060374159650405733;0.37293651644873316;0.56668932390086113
27469;127470;Medium;Medium;0.42234568045584064;0.46631571856644316;0.11133860097771608
46703;146704;High;Medium;0.16457876543499245;0.51153325875290612;0.32388797581210138
43525;143526;Medium;Low;0.53554271171793189;0.40527187924957553;0.059185409032492552
28570;128571;Low;Low;0.55731867738000684;0.38515222873186161;0.057529093888131544
48058;148059;Medium;Medium;0.15332886452579356;0.50689787804276099;0.33977325743144543
47440;147441;Medium;Medium;0.44539228106961243;0.4484742506430483;0.10613346828733936
42240;142241;Low;Low;0.53598533855348529;0.40088042836139137;0.063134233085123337
2672;102673;Low;Medium;0.36196600613467067;0.49598560646264933;0.14204838740267989
20573;120574;High;Medium;0.12947639066427641;0.46525456146598615;0.40526904786973733
9359;109360;Medium;Medium;0.33656359003373687;0.50417982227039748;0.15925658769586568
8545;108546;Medium;Medium;0.32202120379955879;0.50624872566955315;0.17173007053088798
33507;133508;Medium;Medium;0.27171742178030467;0.4758401958971068;0.25244238232258842
7465;107466;Low;Low;0.44783083399449669;0.44706294181512851;0.10510622419037484
23209;123210;Low;Low;0.57394708888485069;0.37765847179383794;0.048394439321311343
40988;140989;High;Medium;0.38972299819325851;0.47679657483595467;0.13348042697078685
41961;141962;High;Medium;0.17504994086206943;0.4988838417392662;0.32606621739866432
49647;149648;Low;Low;0.59321240029271227;0.35865196654745446;0.048135633159833248
9843;109844;Medium;Medium;0.28722709394308243;0.48631687032072585;0.22645603573619169
36113;136114;High;High;0.071177312352549912;0.37440416918902758;0.55441851845842249
48038;148039;Low;Low;0.57583634700409614;0.36108396537723036;0.063079687618673552
13486;113487;Low;Medium;0.38551118756687797;0.45654630928569478;0.15794250314742711
47169;147170;Low;Low;0.46946168493863838;0.4366242070084323;0.093914108052929227
33188;133189;Medium;Medium;0.43886567576142754;0.46172479427207536;0.099409529966496962
20421;120422;Medium;Medium;0.20463066539299238;0.51763610209075817;0.27773323251624943
6475;106476;Medium;Low;0.62725500820097635;0.33172228245946322;0.041022709339560481
41019;141020;Low;Medium;0.22607934130012439;0.48157603700364493;0.29234462169623077
24271;124272;High;High;0.031014400379551697;0.24215930644875697;0.72682629317169134
10199;110200;High;Medium;0.2103793818890235;0.51918908288344345;0.27043153522753305
49780;149781;Medium;Low;0.60563003219100187;0.35198644627199244;0.042383521537005572
38201;138202;High;High;0.019369014439624757;0.24758247358994362;0.73304851197043164
25927;125928;Low;Medium;0.41373705796700899;0.48265892405577393;0.10360401797721702
47479;147480;Medium;Medium;0.15316553975260672;0.44795643472560759;0.3988780255217857
18609;118610;Low;Low;0.49901181142198264;0.4320150946119567;0.068973093966060564
1004;101005;High;Medium;0.30958256375967919;0.50217990851459471;0.18823752772572616
33210;133211;Medium;Low;0.50517918323636746;0.4286074254295133;0.066213391334119132
34241;134242;Medium;Medium;0.29043291119007919;0.47344106267696728;0.23612602613295353
23370;123371;High;Medium;0.2499245461720413;0.47229891199739227;0.27777654183056649
3609;103610;High;Low;0.44845661200331011;0.44513992163485944;0.10640346636183044
20622;120623;Low;Medium;0.16939922207743249;0.50276562840497885;0.32783514951758863
33481;133482;Low;Medium;0.38997875894099721;0.47966097985938361;0.13036026119961924
28381;128382;Medium;Medium;0.1902930210828401;0.51017200181039701;0.29953497710676286
13143;113144;Medium;Medium;0.36120121650381137;0.45316539281224627;0.18563339068394236
33801;133802;High;Low;0.49869599171018397;0.42383580780695213;0.077468200482863847
33711;133712;High;Medium;0.22802842470886342;0.52115197141019676;0.25081960388093977
18606;118607;Medium;Medium;0.24528193501222123;0.52377867661415867;0.23093938837362002
47242;147243;High;High;0.00083668528182436472;0.05016684404759178;0.9489964706705839
42473;142474;High;High;0.015398248275274983;0.21167359897202315;0.77292815275270188
18408;118409;Medium;Medium;0.35177941367462928;0.48271945325454152;0.16550113307082917
9395;109396;Low;Medium;0.31385484087560256;0.51324029560765494;0.17290486351674247
33024;133025;High;High;0.018691168437425954;0.19716863988113539;0.78414019168143878
43535;143536;Medium;Medium;0.12713661795041534;0.50212426915480057;0.37073911289478401
437;100438;Medium;Low;0.57804368015062602;0.3756245810252784;0.046331738824095622
8615;108616;Medium;Medium;0.35645658792963192;0.48933337872474963;0.1542100333456185
5926;105927;Medium;Medium;0.33029789950311322;0.45511720681259604;0.21458489368429076
40967;140968;Low;Low;0.47215025688662898;0.43624664383831296;0.091603099275058164
28877;128878;High;Medium;0.21396668427764803;0.49638802520863445;0.28964529051371757
26910;126911;Medium;Low;0.46239905906368073;0.42951705129238332;0.10808388964393593
8669;108670;Medium;Medium;0.31409241210938049;0.5034640457251478;0.18244354216547176
17852;117853;Medium;Low;0.52168950251589929;0.41415552102170422;0.064154976462396512
38055;138056;Low;Low;0.48559996038513109;0.43888009569892539;0.075519943915943438
36854;136855;High;High;0.00037465257930558609;0.033178841135846293;0.96644650628484796
15597;115598;Medium;High;0.029171100395617492;0.28362751338814646;0.68720138621623617
26373;126374;Low;Medium;0.4269292122223467;0.44068955590064152;0.13238123187701178
38990;138991;High;High;0.039276893616783708;0.27609027419612758;0.68463283218708859
46531;146532;Low;Medium;0.35597211469477752;0.49644886964774387;0.14757901565747855
8228;108229;High;Medium;0.3654343179467433;0.4593013491517644;0.17526433290149232
9749;109750;High;Low;0.52832331265964216;0.40398123445656181;0.067695452883795984
6344;106345;Medium;Medium;0.45121906648469096;0.45696943567205428;0.091811497843254888
38034;138035;High;High;0.0979226670623565;0.40777900109920423;0.4942983318384393
48080;148081;Medium;Medium;0.42363194943213112;0.4705791511632203;0.10578889940464851
37871;137872;High;Low;0.50624043528164009;0.41585518632922225;0.077904378389137621
8539;108540;Medium;High;0.069120207558016178;0.38485058145017648;0.54602921099180735
18896;118897;Medium;Low;0.57850434823403774;0.36884770458489757;0.052647947181064782
46371;146372;Low;Low;0.54652478444389807;0.38869865942353793;0.064776556132564042
35175;135176;Medium;Medium;0.41985129034269769;0.47036598098353433;0.10978272867376818
13762;113763;High;Medium;0.16403157883758582;0.50387547175771941;0.33209294940469486
267;100268;Medium;High;0.052026767994363649;0.33640202440743516;0.61157120759820116
25389;125390;Medium;Low;0.46281005561337701;0.45283623162032843;0.084353712766294497
38764;138765;High;Medium;0.26685321680733298;0.51622746339097203;0.21691931980169504
14906;114907;Medium;Medium;0.34854137627291154;0.50358844556430682;0.14787017816278167
34523;134524;Low;Medium;0.29841283079910541;0.51123200879591391;0.19035516040498077
23705;123706;High;High;0.07212316622477416;0.33497061979705328;0.59290621397817256
2254;102255;Medium;Medium;0.41668295217040052;0.460571350575326;0.12274569725427356
16548;116549;Medium;Medium;0.17257557133327212;0.44657799558679373;0.3808464330799341
23270;123271;Medium;Medium;0.43599747980283254;0.46256597052560688;0.10143654967156057
8621;108622;High;High;0.0011447194181658635;0.055230087964969747;0.94362519261686439
2997;102998;Low;Medium;0.44502661912052704;0.45031363666004964;0.10465974421942328
42933;142934;Medium;Low;0.64786469874859465;0.32231210106229036;0.029823200189115089
41386;141387;Medium;Low;0.51211034244065945;0.42014538967020626;0.067744267889134305
37919;137920;Low;Medium;0.39144937739343549;0.48022884098369117;0.1283217816228733
41561;141562;Medium;Medium;0.42956695056870292;0.45794446311729076;0.11248858631400641
30336;130337;Medium;Medium;0.36079344682762809;0.49403520124047817;0.14517135193189368
40353;140354;Medium;Medium;0.27007542274550345;0.52098125983318877;0.20894331742130776
43912;143913;Low;Low;0.49285468089400086;0.4281408962203847;0.079004422885614489
41330;141331;Medium;Medium;0.34037462861989887;0.50891781247903745;0.15070755890106372
9511;109512;Low;Low;0.62006515689612007;0.33970400127494027;0.040230841828939656
48177;148178;Low;Medium;0.41750062120763731;0.4731495620190409;0.10934981677332173
33895;133896;Low;Low;0.53271872584218249;0.38069821087182354;0.086583063285993883
32640;132641;Medium;High;0.085315086657318476;0.42305610228705837;0.49162881105562312
27385;127386;Low;Medium;0.24333548633897625;0.52042396342426922;0.23624055023675458
28160;128161;High;Medium;0.22603064667420406;0.5156870253279886;0.25828232799780737
49403;149404;High;Medium;0.44765802490675544;0.45451080213997402;0.097831172953270526
14665;114666;Low;Low;0.66630116237153947;0.29766014878700425;0.036038688841456321
3109;103110;Medium;Low;0.47160203020967278;0.44795994986652088;0.080438019923806447
16396;116397;Medium;Medium;0.136369214447674;0.47747882898458571;0.38615195656774026
4514;104515;Medium;Medium;0.34567832707541857;0.4882998485479953;0.16602182437658627
20663;120664;High;High;0.084315361155538782;0.41627968547120475;0.49940495337325652
20873;120874;Low;Medium;0.28599229124079029;0.52869945290561282;0.18530825585359686
44298;144299;High;Low;0.47181659433939815;0.42349113968477464;0.10469226597582715
31053;131054;High;High;0.006995629121265513;0.14271346013850605;0.85029091074022844
1889;101890;Low;Medium;0.3962412150209535;0.48297979892791371;0.12077898605113278
19771;119772;Medium;Medium;0.35030442841408949;0.48443974541696644;0.16525582616894416
2784;102785;Low;Low;0.53613717504792013;0.40051950132266562;0.063343323629414167
6149;106150;Low;Medium;0.29168089721226548;0.49352869515862435;0.21479040762911003
12332;112333;Medium;Medium;0.31592353919280258;0.5023190911142319;0.18175736969296549
36433;136434;Medium;Medium;0.30279933242106838;0.45071188375917204;0.24648878381975947
38114;138115;High;Low;0.58908266926646469;0.36371817773758891;0.047199152995946445
1617;101618;Low;Low;0.48716724264876676;0.40985623408227684;0.10297652326895639
16441;116442;Medium;High;0.084488947348532059;0.38784411887299758;0.5276669337784704
34694;134695;High;Medium;0.21789860181399745;0.51036007778008352;0.27174132040591903
11430;111431;High;High;0.033723116635622948;0.28592937660387535;0.6803475067605016
48492;148493;Low;High;0.084212564311393012;0.41922142151733166;0.49656601417127527
21447;121448;High;High;0.0017130448593368774;0.07521567281476485;0.92307128232589819
28712;128713;Medium;Medium;0.19239584054794492;0.48458413876235495;0.32302002068970026
41656;141657;Medium;Low;0.57901666003032959;0.3573477334851406;0.06363560648452983
27540;127541;Medium;Low;0.68733963646333818;0.27959936998241641;0.033060993554245417
42843;142844;Medium;Medium;0.39569490443897248;0.4767204458633526;0.127584649697675
26068;126069;Low;Low;0.65455859910328618;0.31233344397878426;0.033107956917929539
878;100879;High;Medium;0.2068914097719913;0.50897504253280867;0.28413354769519999
38229;138230;High;High;0.10696725543488894;0.40675939265814831;0.48627335190696275
22164;122165;Medium;Medium;0.29597366038185335;0.49080294621989085;0.21322339339825586
29828;129829;Low;Medium;0.38492035948587033;0.45147685352507066;0.163602786989059
27155;127156;Medium;Medium;0.40757532270158081;0.48699870378418642;0.10542597351423276
11227;111228;Low;Low;0.63745025525612853;0.31729146214387383;0.045258282599997583
27699;127700;High;High;0.0041256295215973586;0.11526337976375313;0.88061099071464943
45291;145292;High;High;0.065458106525642226;0.38078902023782807;0.55375287323652966
2953;102954;Low;Low;0.5381528296134831;0.40045243330146696;0.061394737085049986
39126;139127;Medium;Low;0.46459365177893625;0.41985436695541811;0.11555198126564568
43305;143306;High;High;0.080082840143939876;0.34615320964161134;0.5737639502144487
12366;112367;High;Medium;0.31586144306570502;0.50624219690413952;0.17789636003015544
20327;120328;Medium;Medium;0.30756728189491483;0.5121603280399708;0.18027239006511436
40760;140761;Medium;Medium;0.17507308896973173;0.47799127462209734;0.34693563640817093
19126;119127;Medium;Medium;0.32475046059647905;0.50194576044311756;0.17330377896040347
35677;135678;Medium;Medium;0.43978438594960856;0.47363665827445894;0.086578955775932429
9346;109347;High;Medium;0.12107743849313599;0.47481918167831322;0.40410337982855066
32675;132676;High;Medium;0.38819885276758792;0.47319151534063181;0.13860963189178022
30427;130428;High;High;0.020307336092016823;0.24835871991779315;0.73133394399018992
36403;136404;Low;Medium;0.41037237891812972;0.47205665298530652;0.1175709680965638
5100;105101;Medium;Low;0.56862466758349295;0.36433382737736714;0.067041505039139859
23917;123918;Medium;Medium;0.2048268006574249;0.51559319959488137;0.27957999974769382
22366;122367;Low;Low;0.63704604458406211;0.32815900796600489;0.034794947449933
32549;132550;Low;Low;0.57336078766884424;0.37562809188188701;0.051011120449268803
7086;107087;Low;Medium;0.22352352551227564;0.50184766648005452;0.27462880800766981
8395;108396;Low;Medium;0.43819407701207647;0.46529796733011275;0.096507955657810895
39876;139877;Medium;Medium;0.39453802160786633;0.47991605276362975;0.12554592562850397
37660;137661;High;High;0.037765598437283242;0.29430163600252413;0.66793276556019265
25809;125810;Medium;Medium;0.21126551865751653;0.45162922998711053;0.33710525135537295
27474;127475;High;High;0.035644981612472634;0.31801479207096861;0.64634022631655885
29943;129944;High;Low;0.51937713804998564;0.4138220023091097;0.066800859640904584
4401;104402;High;High;0.0057358341215003163;0.10394953473514017;0.8903146311433594
38247;138248;High;Medium;0.39620193328651998;0.45116896665129658;0.15262910006218344
25630;125631;Low;Medium;0.30438661113940063;0.50359584687987724;0.19201754198072207
6746;106747;Medium;Medium;0.36032231337016396;0.48568468824174887;0.15399299838808728
30171;130172;Medium;Medium;0.35351790667117111;0.48093467394747835;0.16554741938135042
10498;110499;Medium;Medium;0.36433718834320383;0.47408836518150094;0.1615744464752954
46523;146524;High;High;0.058066222219851159;0.30703489187180255;0.63489888590834631
5192;105193;Low;Medium;0.25374913179550279;0.49874803324159506;0.24750283496290221
41471;141472;High;High;0.0082280699634463116;0.14717166165789711;0.84460026837865654
33195;133196;Low;Medium;0.19626772146287727;0.50767978259650282;0.29605249594061989
18294;118295;Low;Low;0.49859782374670963;0.42524905253281181;0.076153123720478597
16894;116895;Medium;Low;0.51585483207015592;0.41309186688427724;0.071053301045566855
44463;144464;Medium;Medium;0.29306305526131904;0.51234770176222955;0.19458924297645142
28968;128969;Low;Medium;0.40990778548346746;0.44986860946044976;0.14022360505608272
17315;117316;High;Medium;0.11295027597668002;0.45206075102828974;0.43498897299503031
4457;104458;High;High;0.0023796579139606037;0.072799704734194101;0.92482063735184528
10784;110785;Medium;Low;0.47002714752508268;0.44607661881406724;0.083896233660850042
45225;145226;High;High;0.00082596674931536629;0.047584079830396364;0.9515899534202884
9819;109820;Medium;Medium;0.20218235994072109;0.52358417337617102;0.27423346668310783
32222;132223;Low;Low;0.46000996814326861;0.44921813495338714;0.090771896903344265
23141;123142;Medium;Medium;0.34012709684688935;0.50627779673086692;0.1535951064222438
7460;107461;Medium;Low;0.46808605498214273;0.4455711633709179;0.086342781646939398
21010;121011;High;Medium;0.12371567903154823;0.45463861613688167;0.42164570483157016
41077;141078;High;Medium;0.1131994402178864;0.45999055949817674;0.4268100002839369
35163;135164;High;High;0.042529120771591766;0.30769516709935713;0.64977571212905105
26007;126008;Low;Low;0.59916004905158671;0.35896218298985927;0.041877767958554003
15641;115642;Medium;Medium;0.37208012209800762;0.48717009392449423;0.14074978397749813
47279;147280;Low;Low;0.56455652774871756;0.38202729680263764;0.053416175448644868
4319;104320;Medium;Medium;0.26088317061270466;0.52191534979790655;0.21720147958938871
22787;122788;Low;Low;0.58501667952677994;0.36262086525759524;0.052362455215624715
35912;135913;Medium;Medium;0.38659959355033668;0.48256224150660332;0.13083816494306
31015;131016;Low;Low;0.64895724046684733;0.31712732170772445;0.03391543782542817
7588;107589;High;Low;0.541007187685274;0.39612284569910056;0.062869966615625425
41321;141322;Low;Low;0.57023180195892653;0.36636096121035611;0.063407236830717334
42991;142992;Medium;Medium;0.31335062424484478;0.46142102167912663;0.22522835407602865
15102;115103;High;Medium;0.17811431678030756;0.50525652430370571;0.3166291589159867
2539;102540;High;Medium;0.3083301615813252;0.51916637007576294;0.17250346834291194
30419;130420;Medium;Medium;0.16411380415657686;0.48731519008374413;0.34857100575967892
36155;136156;Medium;Medium;0.34076059178183621;0.50438648880429726;0.15485291941386645
1194;101195;Low;Low;0.54109221312473044;0.4013021364637876;0.057605650411481905
24052;124053;Medium;Medium;0.37201886579885257;0.48328711469653224;0.14469401950461533
47365;147366;High;Medium;0.43742537704846357;0.46322737549365861;0.099347247457877777
9787;109788;Low;Low;0.60441368795088279;0.35567654088912554;0.039909771159991739
9411;109412;High;Medium;0.18775289797522465;0.51237967554661745;0.29986742647815784
23957;123958;Medium;Medium;0.40868770076482314;0.45395222048487172;0.13736007875030509
36972;136973;Low;Low;0.5335114784722782;0.40240967874001543;0.064078842787706314
63;100064;Low;Medium;0.45248335583516802;0.45307246379436766;0.094444180370464273
32143;132144;High;Medium;0.12066560913196002;0.44602536806084697;0.43330902280719291
48169;148170;High;Low;0.54543353892605706;0.38954694126951334;0.065019519804429618
25494;125495;Medium;Medium;0.30175850509288099;0.52132529115315707;0.17691620375396194
36875;136876;Medium;Medium;0.33528664909426853;0.47323036542177815;0.19148298548395337
7268;107269;Medium;Medium;0.37728652424769621;0.48474754944912152;0.1379659263031823
9583;109584;Medium;Medium;0.2333938153049202;0.45523746117629221;0.31136872351878747
44875;144876;Low;Low;0.5066119443558077;0.42652899030678931;0.066859065337403017
8201;108202;Low;Medium;0.41790851878939317;0.4705997248139534;0.11149175639665351
45893;145894;High;High;0.047234952268490969;0.34917506728907949;0.60358998044242951
30703;130704;Medium;High;0.096335003411318121;0.42894947984596554;0.47471551674271645
49740;149741;Medium;Low;0.49274992440603571;0.42708669302436653;0.080163382569597763
42100;142101;Medium;Medium;0.36734659186125601;0.48977714142210599;0.14287626671663817
28167;128168;Low;Medium;0.43275316624870086;0.45602537433143475;0.11122145941986436
48263;148264;High;High;0.045560491945262231;0.29768761567033658;0.65675189238440113
19749;119750;Medium;Low;0.50779289194301613;0.39600491697748708;0.096202191079496804
18164;118165;Low;Medium;0.33997524052204681;0.49750371775192248;0.16252104172603082
8314;108315;Medium;High;0.090222029704962167;0.42895864361193004;0.48081932668310784
30793;130794;Medium;Medium;0.32581955439390964;0.50499675281083978;0.16918369279525064
6162;106163;High;High;0.00060606467321520734;0.04068998913173822;0.95870394619504662
7870;107871;Low;Medium;0.15574252802343769;0.49421713093566538;0.35004034104089693
49413;149414;Low;Low;0.48075121949085231;0.43460069511678728;0.084648085392360434
48427;148428;Low;Low;0.61687241159640016;0.34154182907416719;0.041585759329432551
31164;131165;High;Medium;0.31658358695643057;0.49661163412482695;0.18680477891874248
8763;108764;High;High;0.058212906166815515;0.34883050649888453;0.59295658733430001
18900;118901;Medium;Medium;0.3437223144663748;0.49589467649239499;0.16038300904123007
1475;101476;Low;Low;0.55472522032362181;0.38611542963111289;0.059159350045265284
13576;113577;High;Medium;0.14550118480953222;0.49295727813205309;0.36154153705841469
32269;132270;High;Medium;0.32160076896890444;0.50030340757753533;0.17809582345356029
45139;145140;Medium;Medium;0.41849779137926807;0.47207496056197984;0.10942724805875211
4445;104446;Medium;Medium;0.31622858477739574;0.50126387587028598;0.18250753935231825
13069;113070;Low;Medium;0.3886255954161123;0.47658235669091659;0.13479204789297114
23301;123302;High;Low;0.48956472157416414;0.43032029321747794;0.080114985208357886
46012;146013;Medium;Low;0.56091575935080151;0.38972685800226725;0.049357382646931326
14956;114957;High;Medium;0.11217725303657383;0.45486406493969295;0.43295868202373328
20399;120400;Low;Medium;0.36129212403564559;0.49763546870019348;0.14107240726416101
34796;134797;Low;Low;0.51900707555817571;0.41752381278008521;0.063469111661739061
19024;119025;Medium;Medium;0.24393466352560303;0.51676168629100105;0.23930365018339592
29844;129845;Medium;Low;0.51186614942609432;0.41938890662257039;0.068744943951335277
21054;121055;High;Medium;0.30458006645998981;0.49898452373883939;0.19643540980117072
27325;127326;Low;Medium;0.22291789208724905;0.52312342169869819;0.25395868621405288
33509;133510;High;High;0.0019941505364955265;0.07960531147382531;0.91840053798967924
49341;149342;Medium;Low;0.587446518921382;0.36924599112903139;0.04330748994958656
21403;121404;Low;Low;0.66855812591174468;0.30574164301735801;0.025700231070897295
11214;111215;High;Medium;0.25294675380740433;0.52135486218885907;0.22569838400373662
4671;104672;High;Medium;0.18343884478987396;0.44338919200682458;0.37317196320330154
47473;147474;Medium;Low;0.55183454417449962;0.39531347535073846;0.052851980474761903
575;100576;Medium;Low;0.68058909869971229;0.29269457463327664;0.026716326667011205
19395;119396;Medium;Medium;0.16492919795099278;0.50677748895354857;0.32829331309545867
9468;109469;High;Medium;0.38009216820777314;0.45851576031748792;0.16139207147473902
33901;133902;High;Medium;0.13117763253503115;0.46559811537256901;0.40322425209239982
38691;138692;Low;Low;0.55746519766614111;0.38981830649709032;0.052716495836768525
30953;130954;High;High;0.043053428802598159;0.33615456895262752;0.62079200224477427
12414;112415;High;High;0.027023714294458219;0.24349185447687827;0.72948443122866369
11389;111390;Low;Medium;0.41129841810386675;0.44166204314191077;0.14703953875422249
12018;112019;Low;Medium;0.38586203264041719;0.48039453036644991;0.13374343699313301
3666;103667;Low;Medium;0.28405079071002309;0.5124250131736201;0.20352419611635683
3065;103066;High;High;0.018094519397204623;0.22877856195517041;0.75312691864762493
6474;106475;Medium;Medium;0.22217763089148462;0.5209523668365762;0.25687000227193918
36987;136988;Low;Medium;0.4428623690381886;0.45118080336394795;0.10595682759786341
24175;124176;Low;Medium;0.41099211714811745;0.46454474084419284;0.12446314200768976
8063;108064;Medium;Low;0.47219832531118616;0.44790126831593285;0.079900406372880914
19065;119066;High;High;0.0099937847735410718;0.17448458382131776;0.81552163140514122
21152;121153;Medium;High;0.084918467445994558;0.43264292532897247;0.48243860722503296
5514;105515;High;Medium;0.3287425383284458;0.50849306137765415;0.16276440029390005
34412;134413;High;Medium;0.38269452292505873;0.49322912371140454;0.12407635336353676
30878;130879;Low;Low;0.48200122371987902;0.40750214534259283;0.11049663093752826
36025;136026;Low;Low;0.5974644210941662;0.34237462728318302;0.060160951622650782
22765;122766;Medium;Medium;0.31002508370662363;0.51033151345253869;0.17964340284083766
13787;113788;Low;Medium;0.28320654015115893;0.51963900034576005;0.19715445950308108
41985;141986;Medium;Low;0.57928953170565523;0.37522431026605313;0.045486158028291639
39576;139577;Medium;Low;0.67278696893564527;0.30040324041271227;0.026809790651642469
25164;125165;Low;Low;0.48071098046332239;0.43986948797453707;0.079419531562140502
44741;144742;Low;Low;0.56722399841221594;0.38317078309842351;0.049605218489360559
30870;130871;High;High;0.062845568701406992;0.35539424004076392;0.58176019125782907
38887;138888;Medium;High;0.15739037589031171;0.40385549867945664;0.43875412543023173
17538;117539;Medium;Low;0.54231775789770009;0.37581823711792733;0.081864004984372518
2824;102825;Medium;Medium;0.26885597454304488;0.50665893787293992;0.22448508758401517
41002;141003;High;High;0.0080539807982585275;0.12924502036829208;0.86270099883344942
27020;127021;Low;Low;0.61626397643597852;0.34504915525424351;0.038686868309777925
15699;115700;Medium;Medium;0.25502442709521805;0.51233913341966697;0.23263643948511492
46866;146867;High;High;0.08893519043184793;0.41456999863779215;0.49649481093036002
23262;123263;Medium;Medium;0.25318494240897776;0.50963056100081294;0.23718449659020927
7232;107233;Low;High;0.046869134129172492;0.34571673733736069;0.60741412853346688
20315;120316;Low;Low;0.55745649730110314;0.3883053350835261;0.05423816761537073
45131;145132;Low;Low;0.47013665249385672;0.43316271382894334;0.09670063367719986
41515;141516;Medium;Medium;0.23380926188571058;0.49691424232400355;0.26927649579028584
3478;103479;Medium;Medium;0.10745339002423097;0.45129586459565035;0.44125074538011883
19774;119775;Low;High;0.07569176597945812;0.38766070873617181;0.5366475252843701
1592;101593;Medium;Medium;0.36222381840644513;0.49957819039216611;0.13819799120138884
24225;124226;Low;High;0.074674269602836352;0.41542906371052191;0.5098966666866418
35314;135315;Medium;Medium;0.41693566463150761;0.46194017029816348;0.12112416507032885
22951;122952;High;Low;0.47065738828768872;0.44355383287703742;0.085788778835273888
44532;144533;Low;Medium;0.27872081548644861;0.47344620079692218;0.24783298371662918
23085;123086;High;Low;0.473165110253287;0.44251608547155019;0.084318804275162765
18878;118879;Low;Low;0.65966193036753729;0.31203961228731447;0.028298457345148225
19011;119012;Medium;Medium;0.29627442041630214;0.50994218378514344;0.19378339579855444
25039;125040;Medium;Medium;0.25868496440211997;0.51222658575008506;0.229088449847795
33328;133329;Medium;Medium;0.35090004447685236;0.4894441653167752;0.1596557902063723
48847;148848;Low;Medium;0.35231939568395398;0.51074193143044733;0.13693867288559874
40317;140318;Low;Low;0.48387311324161375;0.43456378599201129;0.081563100766375005
37605;137606;Medium;Low;0.59282988627699229;0.36252307932746347;0.044647034395544294
49464;149465;Low;Medium;0.27315278938307119;0.49005079818582187;0.23679641243110691
44690;144691;Low;Medium;0.29622263702226598;0.51459079074096581;0.18918657223676827
28950;128951;High;Medium;0.21405094921448017;0.50298027168792958;0.28296877909759027
20407;120408;Low;Low;0.60212341056956431;0.34132057362960366;0.056556015800832193
32447;132448;High;High;0.072312615294664484;0.3990464805073986;0.52864090419793697
47468;147469;Low;High;0.065841971731864735;0.3795357170824194;0.55462231118571581
1820;101821;Medium;Medium;0.12417792095478104;0.47314931716813896;0.40267276187708001
36057;136058;Low;Medium;0.37367666504929803;0.4548352930011299;0.1714880419495721
13095;113096;High;Low;0.51923316748470094;0.41205645936827157;0.068710373147027479
40819;140820;Low;Medium;0.43720061583547859;0.45989318726284889;0.10290619690167255
10099;110100;Low;Medium;0.39818206071487405;0.47500268997215267;0.12681524931297328
15556;115557;Low;Low;0.47251306211879435;0.44031014375800898;0.087176794123196663
34677;134678;Low;Low;0.49434461257131568;0.42910979949743572;0.07654558793124859
21546;121547;Low;Low;0.60300900946306946;0.34953876042786663;0.04745223010906393
20785;120786;High;High;0.0065682905217677957;0.13757413834379328;0.85585757113443894
37171;137172;Low;Medium;0.2775803136249515;0.47929707279438294;0.24312261358066556
20741;120742;Low;Low;0.48715336429295364;0.40257497800608233;0.11027165770096413
3486;103487;Low;Low;0.63431669709839578;0.3310963035623104;0.034586999339293746
5303;105304;Medium;Medium;0.19255840786347092;0.48807723123595137;0.31936436090057757
33976;133977;Medium;Low;0.62477173913934814;0.33661059242605851;0.038617668434593307
46164;146165;Medium;Medium;0.12532877318894844;0.48083101325527855;0.39384021355577298
24286;124287;Low;Low;0.46035377450117054;0.44689351066581695;0.092752714833012645
6585;106586;High;Medium;0.24415293141435265;0.50938663027662956;0.24646043830901782
1563;101564;Low;Low;0.54129933403045782;0.40188308419948099;0.056817581770061139
28162;128163;Low;Medium;0.39097483730966232;0.44847420256231862;0.16055096012801909
27591;127592;Medium;Medium;0.33568339588192248;0.51036332348090141;0.15395328063717609
12479;112480;High;Medium;0.25239681168063416;0.51757013533286356;0.23003305298650234
42095;142096;Medium;Medium;0.37271237168591798;0.48866565611394785;0.13862197220013414
16674;116675;High;Medium;0.30083718472006277;0.49294667519519575;0.20621614008474143
48334;148335;Medium;Low;0.51453326554000467;0.39226522399951652;0.093201510460478768
36739;136740;High;Medium;0.20758816043439593;0.43884488919850906;0.35356695036709496
38980;138981;High;High;0.069250045140564792;0.36897146229127187;0.56177849256816337
2486;102487;Low;Low;0.491846697047509;0.43790069630645612;0.07025260664603486
5901;105902;High;High;0.081193938276993199;0.35690726103509351;0.56189880068791331
42108;142109;Low;Low;0.48285029964994097;0.43678294268518281;0.080366757664876096
29807;129808;High;High;0.033152335920488898;0.25590291442607865;0.71094474965343235
38706;138707;Medium;Medium;0.29124184126549496;0.50870487867310143;0.20005328006140366
27703;127704;Low;Medium;0.41115199825909049;0.44629030508039574;0.14255769666051377
12094;112095;Medium;Medium;0.43290192427605045;0.46206130406921503;0.10503677165473457
41382;141383;High;Medium;0.26080654932017683;0.47299129151156549;0.26620215916825768
16464;116465;Medium;Medium;0.43639730581908182;0.46569311373278532;0.097909580448132819
35697;135698;Low;Low;0.60583836678220171;0.33641572899002437;0.057745904227773988
37999;138000;Medium;Medium;0.17364255537473908;0.50232420387698662;0.32403324074827422
21887;121888;High;Medium;0.26658395934988333;0.51749048706668155;0.2159255535834351
23112;123113;High;Medium;0.12531900561821707;0.46778001608888009;0.40690097829290284
20182;120183;Low;Low;0.45254933211475107;0.44689795237502539;0.10055271551022346
3700;103701;Medium;Medium;0.33843239854006496;0.47029690618954972;0.19127069527038523
23914;123915;Medium;Medium;0.12429957415341887;0.45347255566535499;0.42222787018122609
25211;125212;Medium;Medium;0.39249135452212536;0.4965954494885253;0.11091319598934933
10908;110909;Low;Medium;0.16498670584199698;0.48601468853028257;0.3489986056277205
16963;116964;Low;Medium;0.11579672386696842;0.44258070001072075;0.44162257612231071
12346;112347;Medium;Medium;0.41311384522086553;0.48522604753683574;0.10166010724229887
21665;121666;High;Medium;0.34299218130939269;0.49502301870642179;0.16198479998418555
29005;129006;Low;Medium;0.368991929475601;0.46158651512576171;0.16942155539863737
37972;137973;Low;Medium;0.42964739076623648;0.48221287251139472;0.088139736722368828
9708;109709;Medium;High;0.048408814881673694;0.33626302799907609;0.61532815711925015
35121;135122;Low;Medium;0.40016741972451358;0.46089636965140351;0.13893621062408282
8700;108701;Medium;High;0.063663291222936597;0.35197196731163993;0.5843647414654235
17553;117554;High;Medium;0.26987772697185541;0.51605685083059472;0.21406542219754987
7992;107993;High;High;0.0058589911073319914;0.11738818520305172;0.87675282368961616
38251;138252;Medium;High;0.055892442818302433;0.3441451667890959;0.59996239039260157
48321;148322;High;High;0.068337039820821566;0.41066477239841825;0.52099818778076012
40147;140148;High;Medium;0.15214435213871533;0.48880761636549458;0.35904803149579012
41542;141543;Medium;High;0.049307933126024953;0.3332108374182336;0.61748122945574146
27766;127767;Medium;Medium;0.15371911458592757;0.47911677875380976;0.3671641066602625
43063;143064;Medium;Medium;0.18814431850517699;0.51686883195599076;0.29498684953883236
9400;109401;Medium;Low;0.55444675738655291;0.38724542643308746;0.058307816180359656
36184;136185;High;Medium;0.20545663556962282;0.51274735261250959;0.28179601181786756
12951;112952;Medium;High;0.057423701534950009;0.37028736585255079;0.57228893261249925
13640;113641;Low;Medium;0.44962892842568747;0.45713616550927549;0.093234906065037065
542;100543;Medium;Medium;0.29533709566512645;0.52536185750168596;0.1793010468331877
13103;113104;Medium;Medium;0.1508623259358981;0.49228206506232336;0.35685560900177865
22035;122036;Low;Low;0.618566562728598;0.34628834593088448;0.035145091340517617
29857;129858;High;Medium;0.21927325170597661;0.51174788331245891;0.26897886498156448
39277;139278;Medium;Medium;0.29831972837078657;0.52226220513843091;0.17941806649078257
13587;113588;Medium;Low;0.5145358089754718;0.40034026988555299;0.085123921138975128
32136;132137;High;Medium;0.16161776749472281;0.46991320665350517;0.36846902585177216
2331;102332;Medium;Medium;0.12954941770591549;0.4704757132640135;0.39997486903007096
7782;107783;Medium;Medium;0.4283699555095189;0.45583696991593625;0.11579307457454487
47582;147583;Medium;Medium;0.29240951216321182;0.52155717879333863;0.18603330904344956
832;100833;Low;Low;0.46149207358305866;0.45038851158964172;0.088119414827299694
41869;141870;Low;Low;0.56185684600791741;0.38554388051891531;0.052599273473167216
35504;135505;Low;Medium;0.1775508773715791;0.51324007951020867;0.30920904311821229
26490;126491;High;High;0.12707604713353488;0.40065976356738159;0.47226418929908354
15661;115662;Low;Low;0.54095999865550293;0.38350234648635062;0.075537654858146633
45915;145916;High;Medium;0.12988224439437299;0.44722592720923104;0.42289182839639594
30711;130712;Medium;Medium;0.26504156818415131;0.49934993614049861;0.23560849567535022
3818;103819;Medium;Medium;0.14139215266694596;0.4777142833904216;0.38089356394263246
27688;127689;Medium;Low;0.48589648685239772;0.43702218908091911;0.077081324066683207
2634;102635;Low;Medium;0.23167041950299286;0.50362307079135749;0.26470650970564974
33937;133938;Medium;Medium;0.38597886249324431;0.47395028251372717;0.14007085499302843
32840;132841;Medium;High;0.0028228575949625248;0.088912019278192034;0.9082651231268456
27272;127273;High;High;0.01577459631015516;0.19646025565938696;0.78776514803045783
43503;143504;High;Medium;0.15193959904872545;0.48430932328890597;0.36375107766236875
24844;124845;High;Medium;0.12867969074176008;0.44464742347074349;0.42667288578749646
15285;115286;Medium;Medium;0.13156891454987013;0.4534424021489491;0.41498868330118077
48434;148435;Low;Low;0.4949203966939188;0.42869328808550333;0.076386315220577844
38844;138845;Medium;Low;0.49847444077725167;0.42666051649211512;0.074865042730633269
36882;136883;Low;Medium;0.43917971403068212;0.44779419150707156;0.11302609446224646
6966;106967;Medium;Medium;0.40829339458343289;0.48264327788858735;0.10906332752797973
13646;113647;Medium;Low;0.51006956520278179;0.42262122106061717;0.067309213736601037
1293;101294;Medium;Medium;0.16417454111269972;0.41967078735514651;0.41615467153215391
14353;114354;Low;Medium;0.43198413433391386;0.45500586868588727;0.11300999698019894
5232;105233;High;Medium;0.28193807485414546;0.5148440621135747;0.20321786303227984
45361;145362;Medium;High;0.056582893547243988;0.34338736550562116;0.6000297409471349
20425;120426;Medium;Medium;0.17663017503596104;0.46310008420421023;0.36026974075982859
31068;131069;Low;Medium;0.37825908241506145;0.48991142429476214;0.13182949329017649
22704;122705;High;Low;0.6060082331561949;0.35523273279491901;0.038759034048886205
4882;104883;Low;Low;0.49002768195416563;0.42532567965010981;0.084646638395724644
3287;103288;Medium;Low;0.5624630402910169;0.38927259429943611;0.04826436540954681
1858;101859;Medium;Medium;0.41318893645850918;0.43808731740136131;0.1487237461401294
5678;105679;Medium;Medium;0.25106524634249033;0.52029964762348246;0.22863510603402726
42731;142732;Medium;Medium;0.42132167291650852;0.47171866055842016;0.10695966652507134
22837;122838;High;High;0.077624863205765088;0.33913057785897333;0.58324455893526161
6029;106030;Medium;Medium;0.33897602558231543;0.48481677416863744;0.17620720024904712
11381;111382;Low;Medium;0.34335882248183669;0.47779107839750112;0.17885009912066216
22814;122815;Medium;Medium;0.43481878691513581;0.45932345623043452;0.10585775685442975
3341;103342;Medium;Medium;0.45285482901469076;0.45291003185333245;0.094235139131976758
23680;123681;Medium;Low;0.47298453372342086;0.43750193329245923;0.089513532984119903
39843;139844;Low;Low;0.65380681527812068;0.31698520853698198;0.029207976184897386
42014;142015;Medium;Low;0.45597302010397578;0.42237322427985557;0.12165375561616867
13270;113271;High;Medium;0.40046382113060675;0.48268924915836958;0.11684692971102383
34038;134039;Medium;Medium;0.40208669022261445;0.44224941608361995;0.15566389369376551
26092;126093;Low;Low;0.58782610247088174;0.36737064940248954;0.044803248126628732
48937;148938;Low;Low;0.52027589075689229;0.41118140359545402;0.068542705647653704
19454;119455;Low;Low;0.57390002726942613;0.37903865939117198;0.047061313339402007
48069;148070;Medium;Low;0.49257224628974972;0.43226022492507493;0.075167528785175408
32933;132934;Low;High;0.019033085439264262;0.2295021685562372;0.75146474600449842
16294;116295;Medium;Low;0.54156186386169503;0.4048842553438422;0.053553880794462737
7793;107794;High;Medium;0.14988964900911694;0.49021138104773848;0.35989896994314452
41390;141391;Low;Medium;0.20943357268273044;0.518354494651456;0.27221193266581367
13163;113164;High;High;0.0018603639741137255;0.077328838914546422;0.92081079711133984
14522;114523;Medium;Medium;0.31445087256365922;0.49350259658909551;0.19204653084724527
13421;113422;High;High;0.0055852365069930399;0.130737775888741;0.86367698760426592
20390;120391;Low;Medium;0.37867768199438773;0.48904790202883802;0.13227441597677414
30327;130328;Medium;Low;0.47633057014241592;0.43985656173398863;0.083812868123595535
9615;109616;Low;Low;0.56723433622821062;0.38686487061982061;0.045900793151968891
21177;121178;Medium;Low;0.4473613407468503;0.43503450437732677;0.11760415487582292
4148;104149;Medium;Medium;0.21272994205258575;0.49225912627573348;0.29501093167168069
49556;149557;High;Medium;0.20565364443391435;0.45699878277193789;0.33734757279414784
48372;148373;Low;Low;0.64150159494331149;0.32796994485802766;0.030528460198660918
9025;109026;Medium;Low;0.44360635001353599;0.42606580241276493;0.13032784757369911
36096;136097;Low;Low;0.53787914917289703;0.39877043416307667;0.063350416664026243
16216;116217;Low;Low;0.4870534669250412;0.43725692066880101;0.075689612406157944
6426;106427;Low;Low;0.48111282191997662;0.43488995012472054;0.083997227955302914
12164;112165;Low;Low;0.63501247481861212;0.33167876869577317;0.03330875648561471
38994;138995;Low;Low;0.53429744874477991;0.3853800700968103;0.080322481158409703
23846;123847;Low;Medium;0.23656851730775721;0.48100333950361696;0.28242814318862586
30041;130042;Low;Low;0.55866650929994321;0.39413810711942826;0.047195383580628476
21806;121807;Low;Medium;0.19413075022519008;0.52501785795948275;0.28085139181532714
42786;142787;High;Medium;0.38538051805498674;0.48577144567224761;0.12884803627276564
20998;120999;Medium;Medium;0.42270085107258254;0.46653080269928193;0.11076834622813558
28201;128202;Medium;Medium;0.25569202430026966;0.49357189891250924;0.25073607678722115
15410;115411;Low;Low;0.49378703239048849;0.42349723254998756;0.082715735059523912
40682;140683;Medium;Medium;0.36783046540988973;0.46172437044605624;0.17044516414405411
1099;101100;Low;Low;0.49963316509492939;0.40758173051649638;0.092785104388574235
91;100092;High;Medium;0.28055404168015929;0.47254308137766843;0.24690287694217228
17190;117191;High;Medium;0.11180829912405281;0.45945021182108348;0.4287414890548637
41183;141184;Medium;Medium;0.31773829455350666;0.49800266426351281;0.18425904118298045
19201;119202;Medium;High;0.038835247048626807;0.31117611381942661;0.64998863913194649
16704;116705;Low;Medium;0.20883818301650786;0.5054435408173571;0.2857182761661351
47996;147997;High;High;0.0077371704220996537;0.15188941133476716;0.84037341824313316
16224;116225;Medium;Medium;0.27893192663509664;0.50927922737971143;0.21178884598519199
14782;114783;Medium;Medium;0.44163834192278106;0.45978085159325766;0.098580806483961406
10598;110599;Medium;Low;0.47567542465360657;0.4372519886098773;0.087072586736516133
23486;123487;Medium;Medium;0.33734740768256949;0.50181539802938413;0.16083719428804635
9680;109681;Medium;Medium;0.27863750660230863;0.51040578788151403;0.21095670551617737
30144;130145;Medium;Medium;0.35520893850938234;0.50121214625475941;0.14357891523585825
6438;106439;High;Medium;0.28515075358766118;0.52765882063734915;0.18719042577498965
21966;121967;Medium;Medium;0.40021738253302486;0.47166948835057199;0.12811312911640321
1922;101923;High;High;0.022334605804950232;0.2500685441601937;0.72759685003485608
31091;131092;Low;Medium;0.44633777527845842;0.4638759230495213;0.089786301672020286
20482;120483;Low;Low;0.63286402971762368;0.33427644890491059;0.032859521377465777
36266;136267;Medium;Medium;0.20382445409274971;0.51383690295486961;0.28233864295238059
26838;126839;Low;Low;0.60347528852192434;0.35391348583015375;0.042611225647921934
20567;120568;High;Medium;0.29585742997270892;0.5040390056348466;0.20010356439244442
15443;115444;Low;Medium;0.26282435666737908;0.51195621691175053;0.22521942642087039
13678;113679;Medium;Low;0.52060248327421976;0.41673390708004493;0.062663609645735377
21609;121610;Low;Medium;0.1291965473796369;0.47540230638545389;0.39540114623490918
44292;144293;High;Medium;0.4260491450030332;0.45880779144223921;0.11514306355472761
46331;146332;Low;Low;0.48274940202207578;0.42823361827641682;0.089016979701507279
31273;131274;Medium;High;0.014218672226872939;0.19367261808458688;0.79210870968854019
29674;129675;High;High;0.004755124396123446;0.10818632187701678;0.88705855372685982
13998;113999;High;Medium;0.25325216131432793;0.45886613367121371;0.28788170501445837
1117;101118;Low;Low;0.71524592042871138;0.2657212240667311;0.019032855504557512
4802;104803;High;High;0.059222864842523287;0.3621937707196945;0.57858336443778213
13172;113173;Medium;Medium;0.27818510306944289;0.51860294003542995;0.20321195689512717
1625;101626;Medium;Medium;0.20472428058638187;0.50169278164496545;0.29358293776865263
36191;136192;Medium;Medium;0.29601724190801376;0.51213202592522611;0.19185073216676024
20420;120421;High;Medium;0.27902884308109249;0.5066281396606519;0.21434301725825564
29391;129392;Low;Low;0.51267607183140407;0.41578273916854269;0.071541189000053185
4805;104806;High;Medium;0.19665034870331732;0.50101892847723306;0.30233072281944967
21758;121759;High;Medium;0.29070597242378532;0.51724255361663796;0.19205147395957681
43103;143104;High;High;0.03663815219489118;0.23896696765750144;0.72439488014760745
46258;146259;Medium;Low;0.45919801706709157;0.45078483492779603;0.090017148005112388
45553;145554;High;High;0.060754467002293679;0.37177042578022429;0.56747510721748207
3324;103325;Medium;Medium;0.22427823625834245;0.51773977319042674;0.25798199055123083
28248;128249;Medium;Medium;0.42472442897274926;0.4415305646220497;0.13374500640520098
12090;112091;Medium;Medium;0.22294702580572753;0.51818891014989932;0.25886406404437312
9383;109384;High;High;0.087556326282605429;0.40918833329744908;0.50325534041994546
30035;130036;Low;Medium;0.34171113672002967;0.48904630418422151;0.16924255909574876
27613;127614;Low;Medium;0.21719572907783888;0.51291414856475737;0.26989012235740373
9355;109356;Low;Low;0.58946586333316342;0.36421779407885696;0.046316342587979613
49786;149787;Low;Low;0.59335451537682316;0.35924253484981816;0.047402949773358599
29190;129191;High;High;0.040206881858297433;0.30855595866722035;0.65123715947448213
23249;123250;Medium;Medium;0.31178103245506961;0.49944028613761005;0.18877868140732038
25788;125789;Medium;Medium;0.18927534559977613;0.51092559322720077;0.29979906117302307
44616;144617;Medium;Medium;0.44690587333295506;0.45283482724819152;0.10025929941885339
39722;139723;Medium;Medium;0.15578800613166127;0.4894222591011948;0.35478973476714404
17563;117564;Low;Medium;0.27306070463206478;0.51610448160234212;0.21083481376559307
43096;143097;Low;Medium;0.18061011300139776;0.5151630989013285;0.30422678809727371
13485;113486;High;High;0.033160787653610892;0.28593022308216492;0.68090898926422416
3880;103881;Low;Low;0.61771826962799792;0.34553750534794186;0.036744225024060363
13416;113417;Low;Low;0.47324123889110437;0.43929332491374395;0.087465436195151625
13234;113235;Low;Medium;0.43425505193438751;0.45965414381974445;0.10609080424586805
26704;126705;Low;Medium;0.44677864707974618;0.45912970149367999;0.094091651426573747
18359;118360;Low;Medium;0.31592891889396685;0.50595230288067761;0.17811877822535555
20138;120139;Medium;Low;0.48842617876122296;0.43343386268975898;0.078139958549018049
27717;127718;High;High;0.10383913538339228;0.44175351372025345;0.45440735089635442
24564;124565;Low;Medium;0.34764896809827733;0.49875119578072663;0.1535998361209959
28187;128188;Low;Medium;0.44330010560996252;0.45460623747268175;0.10209365691735571
35909;135910;High;Medium;0.13366348634442332;0.46489506741088543;0.40144144624469136
41648;141649;Medium;Medium;0.13868355359142318;0.47048750279783358;0.39082894361074327
38378;138379;Low;Low;0.70159565781695199;0.27669724251925387;0.021707099663794159
15108;115109;Medium;Low;0.45458880164451865;0.45274171197532831;0.092669486380153085
37210;137211;Medium;Medium;0.29037918755542191;0.49835747997436558;0.21126333247021251
46725;146726;Medium;Low;0.55469292770687184;0.39154381883539191;0.053763253457736186
6700;106701;Medium;High;0.080051689489753219;0.41404624149333047;0.50590206901691626
43256;143257;Medium;Medium;0.20266896126042863;0.50655763743561133;0.29077340130395996
24400;124401;Low;Low;0.48600257588898549;0.41681892140496052;0.097178502706053951
32579;132580;Low;Medium;0.27366554138350591;0.51642148131228238;0.20991297730421163
30759;130760;Medium;Medium;0.32569963496079712;0.51274486703426936;0.16155549800493363
32696;132697;Low;Medium;0.29318963407994603;0.47235729251205538;0.23445307340799865
32900;132901;High;Medium;0.33066670812395083;0.45754624191396093;0.21178704996208811
8479;108480;Low;Medium;0.29598227733250626;0.51132768796155081;0.19269003470594295
36383;136384;High;Medium;0.21159577005674071;0.52781797191130453;0.26058625803195473
16230;116231;Low;Medium;0.34559262151467307;0.50200961595532134;0.15239776253000559
38130;138131;Medium;Low;0.50063275861512102;0.42449000713711277;0.074877234247766142
7101;107102;Medium;Medium;0.39457344960787516;0.4572952219413905;0.1481313284507344
48022;148023;Medium;Low;0.47579292362788722;0.43831459966056624;0.085892476711546623
29958;129959;Medium;Medium;0.45321084548474444;0.45906633062129742;0.087722823893958149
6555;106556;Medium;Medium;0.38846020345544924;0.48475622719796169;0.12678356934658908
35880;135881;Low;Medium;0.23160080202465222;0.5163629894407139;0.25203620853463382
24861;124862;High;High;0.073232510986055641;0.39704498482640255;0.52972250418754196
16377;116378;High;High;0.073528982398600271;0.39094180650131977;0.53552921110007989
2269;102270;Low;High;0.064397169892164333;0.37182219240930581;0.56378063769852993
32695;132696;Low;Medium;0.24977151914967793;0.46164784672694237;0.2885806341233797
7841;107842;High;Medium;0.30583021954468237;0.50483258837260747;0.18933719208271019
8028;108029;Low;Low;0.47732363331680516;0.4267105452739241;0.095965821409270693
46689;146690;High;Medium;0.17632465539444012;0.48877978883783613;0.33489555576772367
17647;117648;High;High;0.040552676218597455;0.3114635098568807;0.64798381392452176
38935;138936;Medium;Medium;0.42053883895613203;0.46248077635752255;0.1169803846863454
22351;122352;Low;Medium;0.26586517456390224;0.50192050743190475;0.23221431800419307
34874;134875;Medium;Medium;0.44781813325692116;0.46112861120090604;0.091053255542172681
46364;146365;Medium;Low;0.46442586936043168;0.44544018636536575;0.090133944274202696
28886;128887;Medium;Medium;0.26093225848003004;0.50556259198628295;0.23350514953368698
45048;145049;Medium;Medium;0.39242357921592047;0.47653039533325448;0.13104602545082492
45295;145296;Medium;High;0.032087125862426173;0.27191657800916241;0.69599629612841152
39460;139461;Low;Low;0.54106519742797154;0.40064511784181089;0.058289684730217589
30994;130995;High;Low;0.61037045043030524;0.34459410388167544;0.045035445688019309
2914;102915;Medium;Medium;0.23083413806020409;0.4693805121812325;0.29978534975856341
27258;127259;High;Medium;0.24390315897125228;0.50805696550313406;0.24803987552561363
26932;126933;Medium;Medium;0.14778064558212706;0.46339818546378342;0.38882116895408947
27180;127181;Medium;Low;0.48041540114031039;0.44153703554258028;0.078047563317109339
15316;115317;Medium;Medium;0.24169946975144785;0.47426993936247813;0.28403059088607396
18548;118549;Medium;Medium;0.19355260535311883;0.52015753310776081;0.28628986153912034
26410;126411;Medium;High;0.074791865965413873;0.41240153290740617;0.51280660112718002
48659;148660;High;High;0.071900227716195336;0.39147513669104544;0.53662463559275919
5972;105973;Low;Medium;0.41924825214844591;0.47064565940762942;0.11010608844392475
15447;115448;Medium;Low;0.4350720924177594;0.42839624231369183;0.13653166526854885
4216;104217;Low;Low;0.4610661393087947;0.45587404605028875;0.083059814640916732
4476;104477;Medium;Medium;0.28645320427932125;0.47571572943189988;0.23783106628877895
19244;119245;High;Medium;0.43442130177971799;0.45796414418286024;0.10761455403742189
26072;126073;Low;Low;0.52516469539971555;0.3943260733397323;0.080509231260552136
42369;142370;Low;Low;0.49181083768198913;0.41192044726265786;0.09626871505535306
7712;107713;Medium;High;0.097247570989242221;0.38948837364866518;0.51326405536209263
19711;119712;Low;Medium;0.21653817960522995;0.460216320256083;0.32324550013868714
28382;128383;Medium;Medium;0.2726928198881331;0.51993275707443731;0.20737442303742953
7902;107903;Medium;Medium;0.44822057486526751;0.45822219384520424;0.093557231289528267
30993;130994;Medium;Medium;0.26170481353970704;0.51321059548015346;0.22508459098013944
8101;108102;Low;Medium;0.28706020087013301;0.50246418167487106;0.21047561745499591
44640;144641;Medium;Low;0.55900317381604014;0.3887890415665729;0.052207784617387017
17943;117944;High;Medium;0.35670054543675667;0.4852457903138393;0.15805366424940401
35354;135355;Medium;Low;0.53375523009688974;0.39238060076174075;0.073864169141369534
40812;140813;Medium;Medium;0.31132353542204422;0.50722030906053417;0.18145615551742164
37208;137209;Medium;Medium;0.21252526814353853;0.45816947244010675;0.32930525941635469
41152;141153;Medium;Low;0.53243358431193899;0.38473851566219491;0.082827900025866208
32274;132275;Low;Medium;0.26378073340959807;0.53237718794445388;0.20384207864594797
47243;147244;Low;Low;0.62108521861770871;0.34513242172411507;0.033782359658176359
12876;112877;Medium;Medium;0.32292948623535273;0.49606974666985532;0.18100076709479196
33764;133765;High;High;0.016341379157696668;0.21780006592117915;0.76585855492112431
29130;129131;High;Low;0.65713511780688505;0.30049010667843112;0.042374775514683778
27871;127872;Medium;Low;0.51328389449270506;0.4110274163251571;0.075688689182137892
31824;131825;High;Medium;0.18145747878830282;0.44434108296277974;0.37420143824891744
7726;107727;Low;Medium;0.30373087495465195;0.522074943568408;0.17419418147694016
27224;127225;Low;Medium;0.290856209832075;0.51211347457457435;0.19703031559335069
3071;103072;Medium;Medium;0.43095818126311647;0.4720034750595592;0.097038343677324473
3461;103462;Low;Low;0.5114530908441387;0.42040401905600094;0.068142890099860381
49785;149786;High;High;0.0028800809917038268;0.089946525301180316;0.9071733937071158
7964;107965;Medium;Medium;0.42705837693556931;0.47271585248043912;0.10022577058399149
36396;136397;High;High;0.010907847078934807;0.17359073518601226;0.81550141773505291
121;100122;Low;Low;0.65543966636791284;0.31046924156790301;0.034091092064184016
17666;117667;Medium;Medium;0.21689359295429889;0.51426029227745496;0.26884611476824616
45930;145931;Medium;Low;0.53115040663008617;0.40577302166836737;0.06307657170154643
49228;149229;Low;High;0.08673837732011852;0.37537943540677066;0.53788218727311088
15887;115888;Low;Medium;0.12136368274420696;0.46214808398069046;0.41648823327510259
1809;101810;Low;Medium;0.1751420721608283;0.50151165304371226;0.32334627479545952
12064;112065;High;Medium;0.32915457910877022;0.44918082142580112;0.22166459946542877
30380;130381;Medium;Medium;0.14287178134736375;0.44192907270306442;0.41519914594957197
10501;110502;Medium;High;0.01707050420753357;0.22444668771501727;0.75848280807744917
11406;111407;Low;Low;0.59201243973977435;0.36757918433021147;0.040408375930014215
5309;105310;Low;Medium;0.17844079076141636;0.42483372661643287;0.39672548262215085
38595;138596;Low;Low;0.56552328987605116;0.38203300115830174;0.052443708965647221
37466;137467;Medium;High;0.10141481447452826;0.3893467806931567;0.50923840483231508
40404;140405;Medium;Low;0.4542611797352768;0.43918553554751144;0.10655328471721179
36528;136529;Low;Medium;0.23074744749699883;0.50764874067796795;0.26160381182503334
43763;143764;Low;Medium;0.41619496076017104;0.44488601481009782;0.13891902442973114
42787;142788;Low;Low;0.57388458469075621;0.37554965516254152;0.05056576014670229
34607;134608;Medium;Medium;0.27367085888622417;0.49223677606848093;0.23409236504529482
41569;141570;Medium;Medium;0.21394111248826586;0.51020883438899833;0.27585005312273581
14965;114966;Medium;Low;0.60613323638513605;0.34605544108154429;0.047811322533319475
42944;142945;Low;Low;0.49103399695778366;0.42982904216927315;0.079136960872943196
14230;114231;High;Medium;0.2158122558778961;0.49532894015669748;0.28885880396540636
42252;142253;Low;Low;0.65429823833516465;0.30481927478372972;0.040882486881105719
20893;120894;Medium;Medium;0.23326486912763347;0.50364187327885279;0.26309325759351376
34254;134255;High;Medium;0.24072579207214995;0.4995679827197414;0.25970622520810865
47954;147955;Medium;Medium;0.43083601147738704;0.44072731421293843;0.12843667430967465
38;100039;High;Low;0.51001398838335255;0.41416422114216644;0.07582179047448101
35632;135633;Low;Low;0.51562003214904284;0.39180736031694452;0.092572607534012627
14887;114888;Low;Low;0.5054784510956869;0.42061550280665366;0.073906046097659453
4666;104667;Medium;Medium;0.23231361483825921;0.52517043269468688;0.24251595246705382
11043;111044;Medium;Low;0.49948469569697956;0.4047415336587164;0.095773770644303993
40390;140391;High;Medium;0.35443989636970169;0.49904195491752334;0.14651814871277496
16850;116851;Medium;Medium;0.28240152545840097;0.51479540125847312;0.20280307328312594
15007;115008;Medium;Medium;0.15220277800368859;0.48216143546759099;0.36563578652872036
2244;102245;Low;Medium;0.29805769699720208;0.50019150633976239;0.20175079666303555
25151;125152;Low;Medium;0.35047155644535072;0.49407998595875707;0.15544845759589226
9409;109410;Low;Medium;0.38254541063510494;0.47431320438439856;0.14314138498049656
5981;105982;Medium;Medium;0.32139336139785568;0.50584980664207035;0.17275683196007394
24909;124910;Medium;Medium;0.39688625038184255;0.49107455545358208;0.11203919416457535
28581;128582;High;High;0.093113592266051898;0.43351837805374949;0.47336802968019864
30091;130092;Medium;Low;0.53355030313221397;0.40642085387336541;0.06002884299442076
11079;111080;Medium;Medium;0.33201519614024022;0.50990678148209667;0.15807802237766316
41997;141998;High;High;0.056916296609167777;0.35642771208582508;0.58665599130500712
35191;135192;Medium;Medium;0.10524552462012365;0.45337598277569741;0.44137849260417888
17560;117561;Low;Medium;0.41758175851166279;0.46519314239283199;0.11722509909550527
31974;131975;Medium;Medium;0.18498271749915951;0.49521479415373365;0.31980248834710678
12584;112585;Medium;Medium;0.39576129777262004;0.48459684247492368;0.11964185975245614
29515;129516;Medium;Low;0.5449698373763856;0.40065016233347139;0.054380000290142942
18571;118572;Low;Medium;0.37354086046641871;0.48566031952855004;0.14079882000503122
30278;130279;Low;Medium;0.34646118650516439;0.47178118472050828;0.18175762877432733
1855;101856;Low;Medium;0.32875380021626283;0.46599217263771303;0.20525402714602414
32661;132662;Low;Medium;0.27076228550418385;0.48504085399175767;0.24419686050405848
33843;133844;High;Medium;0.2443322734529193;0.48341395440740942;0.27225377213967134
27162;127163;High;Medium;0.18455097999351436;0.48255696034447709;0.33289205966200841
14635;114636;High;Medium;0.41398763795811261;0.45602552870349627;0.12998683333839109
7982;107983;Low;Medium;0.37062053099219089;0.49019651659273311;0.13918295241507617
15425;115426;High;High;0.00068824146990665636;0.04230588534441599;0.9570058731856772
12234;112235;Low;Medium;0.31910201489114765;0.47854865004022906;0.20234933506862332
40830;140831;Medium;Low;0.56027328334341253;0.3832192175890986;0.056507499067488934
10459;110460;High;Medium;0.15665008987364992;0.47889450993868171;0.36445540018766837
21434;121435;Medium;Medium;0.16122518860063076;0.4788687043227714;0.35990610707659781
47736;147737;Low;Medium;0.4142187327439702;0.47601091547028385;0.10977035178574598
11654;111655;Medium;Medium;0.17258479956723252;0.48519223909211351;0.34222296134065383
27386;127387;High;Medium;0.21605772554039479;0.45935462796019;0.32458764649941518
46198;146199;Low;Medium;0.2305833594703163;0.47677889293344644;0.29263774759623729
46576;146577;Low;Medium;0.25024757678038306;0.49501990221946457;0.25473252100015237
37623;137624;High;Medium;0.30030781880736035;0.50281645086010085;0.1968757303325388
16918;116919;High;Medium;0.17237766098176893;0.50061352895678124;0.32700881006144983
43320;143321;Medium;Medium;0.3989896497715672;0.47621340869373069;0.12479694153470217
48086;148087;Medium;Medium;0.32622397674056669;0.50324373135464029;0.17053229190479305
17224;117225;High;Medium;0.15682239551598354;0.4543095552655399;0.38886804921847651
28193;128194;High;High;0.071396764230963694;0.38004394745300973;0.54855928831602652
44205;144206;Medium;Low;0.52077430342207531;0.41222549489790422;0.067000201680020452
2883;102884;Medium;Medium;0.27749575570490287;0.499044260990266;0.22345998330483105
48270;148271;Low;Medium;0.43307140345233336;0.45691445524243385;0.11001414130523278
41657;141658;Medium;Medium;0.42255337875451432;0.43908218637901958;0.13836443486646624
35702;135703;High;Medium;0.19904178864231969;0.50112425456668197;0.29983395679099828
6749;106750;Medium;Medium;0.25498820320297283;0.5127231069008269;0.23228868989620019
20521;120522;Medium;Medium;0.23793203721398876;0.50203330202622443;0.26003466075978676
44189;144190;Low;Medium;0.44575709028676497;0.45465982686855888;0.099583082844676193
8915;108916;Medium;Low;0.47716593380803807;0.44847164239880155;0.074362423793160409
7984;107985;Low;Medium;0.30555110760987692;0.48565158994178964;0.20879730244833331
3631;103632;High;Medium;0.23622981749921682;0.51356804533253986;0.25020213716824341
33180;133181;Medium;Medium;0.24269302332219064;0.51953381133804832;0.23777316533976101
23805;123806;High;High;0.061613778304464781;0.35482536392954817;0.5835608577659871
30985;130986;Medium;Medium;0.1759628842916848;0.47422461750636985;0.34981249820194521
30388;130389;Medium;Medium;0.24627619166557257;0.52004769248518212;0.2336761158492453
48974;148975;Medium;Medium;0.24283394417750495;0.51167471774362339;0.24549133807887166
11857;111858;Medium;Low;0.48593470380636167;0.43580866528442652;0.078256630909211908
35119;135120;High;Medium;0.13941754641208515;0.46104737133175022;0.39953508225616452
13522;113523;High;Medium;0.27145089360309632;0.52125478680278714;0.20729431959411654
6701;106702;Low;Medium;0.25724787635740409;0.48012655020398576;0.26262557343861026
6390;106391;Low;Low;0.4611410641035642;0.43209191064968827;0.10676702524674757
11468;111469;Low;Low;0.5725609629220072;0.3824473637850479;0.044991673292944893
17578;117579;Medium;Low;0.57476511342306291;0.3655262301465288;0.05970865643040834
2720;102721;Medium;Medium;0.36800608447072347;0.47698589025747634;0.15500802527180008
3143;103144;High;Medium;0.42173953413471893;0.46749722760508705;0.11076323826019398
6516;106517;Medium;Medium;0.34777524697386974;0.49544801330064675;0.15677673972548342
44125;144126;Medium;Medium;0.38895962778296533;0.47767633134333504;0.13336404087369963
3789;103790;Low;Medium;0.41571606931726141;0.47090782162798678;0.11337610905475178
41028;141029;Medium;Medium;0.12315453389443458;0.45310823580330983;0.42373723030225563
33392;133393;High;High;0.043816233005762366;0.33045375802664917;0.62573000896758846
22460;122461;High;Low;0.47717391739238735;0.42367374449768902;0.099152338109923716
18703;118704;High;High;0.14407168879642432;0.42183716966238688;0.43409114154118872
4170;104171;Low;Medium;0.4528027144166874;0.45337102511158778;0.093826260471724779
28513;128514;Medium;Medium;0.34298194296806478;0.49947940530103585;0.15753865173089934
40131;140132;Low;Medium;0.43791309238141174;0.45843340222164952;0.10365350539693877
12763;112764;Low;Low;0.54194581279565923;0.4011268735008453;0.056927313703495463
14232;114233;Medium;Medium;0.14871513911540796;0.49856497831945629;0.35271988256513565
4510;104511;Medium;Medium;0.43579664350037522;0.46148095364615616;0.10272240285346863
38372;138373;Medium;Medium;0.25926622216487849;0.52339047809472761;0.21734329974039382
18486;118487;Low;Low;0.46223953999841605;0.41995192277769527;0.11780853722388868
25214;125215;Low;Low;0.48320710415265627;0.43257291969487893;0.084219976152464765
44128;144129;High;Medium;0.37979105176826605;0.48281578618627746;0.13739316204545665
43871;143872;Medium;Medium;0.29880712188119757;0.51100122573790296;0.19019165238089944
18810;118811;High;High;0.067598185201431071;0.37917145580843636;0.55323035899013251
11534;111535;Low;Low;0.50164919198739089;0.42389212990660535;0.074458678106003831
28955;128956;Low;Medium;0.27472121629645474;0.51190047843276187;0.21337830527078336
39087;139088;Medium;Medium;0.26079414677711954;0.51206031232330818;0.22714554089957237
22148;122149;Low;Low;0.54808286400291206;0.39181175695480058;0.060105379042287348
40192;140193;High;Low;0.55096085155771568;0.39371941451625608;0.055319733926028333
28770;128771;Medium;Medium;0.28862199386639514;0.50729038827696393;0.20408761785664092
11790;111791;Medium;Medium;0.40276395373703222;0.47606578918866815;0.1211702570742996
34245;134246;High;High;0.022600543532141752;0.22021768162021305;0.75718177484764515
22696;122697;Low;Medium;0.12272838873991383;0.47013399155969321;0.40713761970039303
1578;101579;Medium;Medium;0.286333471236841;0.50463609473140669;0.20903043403175228
20143;120144;High;Low;0.49168584789156439;0.42066771641199308;0.087646435696442412
47930;147931;Low;Medium;0.22846730422025249;0.46177534735244635;0.30975734842730113
35519;135520;Low;Low;0.5161795163212014;0.41470449321544012;0.069115990463358562
23292;123293;High;High;0.091279658333523542;0.42671918891011162;0.48200115275636479
41852;141853;Medium;Medium;0.20529787331140675;0.51758009653296078;0.27712203015563258
21668;121669;Medium;Medium;0.28138881096481716;0.48052845520214743;0.23808273383303521
16860;116861;Low;Low;0.55966597230580617;0.38803525245619042;0.052298775238003414
30321;130322;High;High;0.10460753083921126;0.42490660573803096;0.47048586342275778
8098;108099;Medium;Low;0.46759593069976946;0.45100826673206035;0.081395802568170236
7514;107515;Medium;Low;0.46136026338143393;0.44751955094075563;0.091120185677810411
42591;142592;Medium;Low;0.47893258193055599;0.44225672748309769;0.078810690586346321
22961;122962;Low;Medium;0.32813106588070762;0.45951850893143664;0.21235042518785574
47873;147874;Medium;Medium;0.41115522522036796;0.47516717548868637;0.11367759929094565
2756;102757;Low;Low;0.60852037908720658;0.33244709811007428;0.059032522802719083
27904;127905;High;High;0.11411423469148844;0.40601528149882959;0.47987048380968195
849;100850;Medium;Medium;0.41468587533230095;0.4673609921239123;0.11795313254378674
26517;126518;High;High;0.038262166117547694;0.29455109202368901;0.66718674185876337
25202;125203;Medium;Medium;0.24572587062776052;0.50365684597376525;0.25061728339847428
32509;132510;Medium;Low;0.45897524905112996;0.44892557010725065;0.092099180841619402
48997;148998;High;High;0.063361145296277774;0.32317173734618415;0.61346711735753812
40917;140918;Medium;Low;0.48131268255002008;0.44340476544760793;0.075282552002372063
5435;105436;Medium;High;0.13245076819702439;0.42584742621684341;0.44170180558613209
16662;116663;Low;Low;0.58797484241492215;0.36898562385463235;0.043039533730445528
34441;134442;High;High;0.020148949805413988;0.22614772247681467;0.75370332771777138
18601;118602;Low;Medium;0.42220587347643707;0.46608495633923025;0.11170917018433277
12115;112116;Low;Low;0.54371488056291684;0.3937295980455518;0.06255552139153138
23628;123629;Medium;Medium;0.3731320571697232;0.48674231634187176;0.14012562648840504
12896;112897;Low;Low;0.64564085286446016;0.32045272065081076;0.033906426484729024
13150;113151;Low;Low;0.55722860952890196;0.3829731611373694;0.059798229333728643
22060;122061;Low;Low;0.44797588410281675;0.43005151353907006;0.12197260235811322
44389;144390;Medium;Low;0.71781508028394403;0.25886082066333072;0.023324099052725325
30794;130795;Medium;High;0.12667291420857021;0.42026194563087382;0.45306514016055593
44416;144417;High;High;0.06347751856176681;0.32662405294144015;0.60989842849679299
28802;128803;Medium;Low;0.54536387333216052;0.39348328891218609;0.061152837755653368
20756;120757;Low;Medium;0.3495974532707628;0.49690495139181529;0.1534975953374218
34030;134031;Low;Low;0.5652798846920597;0.38611304887875453;0.048607066429185712
28786;128787;Low;Medium;0.44528598874872538;0.45720131508437284;0.097512696166901808
47359;147360;Low;Medium;0.44460566647064448;0.44770413889807315;0.10769019463128245
28658;128659;High;High;0.0096686429981225324;0.17223401146354228;0.81809734553833524
21517;121518;Low;Medium;0.33654860363085132;0.51237769463698424;0.15107370173216439
4177;104178;Low;Low;0.58391235817586074;0.36550112085021236;0.050586520973926935
45872;145873;Low;Medium;0.35286101612150533;0.49852299656423932;0.14861598731425549
18833;118834;Low;Low;0.47127168481892012;0.43615762063460245;0.092570694546477372
5625;105626;Medium;Medium;0.16408515044928723;0.49439919428115975;0.34151565526955313
18212;118213;Medium;Medium;0.22832720387332889;0.48291761814178841;0.2887551779848827
47190;147191;Low;Low;0.47877498426088749;0.43029900639493418;0.090926009344178341
10678;110679;High;Medium;0.16107350693469533;0.48355625271690367;0.35537024034840098
1738;101739;Medium;High;0.11273839534545133;0.38730580024314076;0.49995580441140791
3502;103503;Medium;High;0.087953977232373456;0.40493161367414027;0.50711440909348626
178;100179;Low;Medium;0.30101689761156147;0.46634036742835283;0.2326427349600857
18300;118301;Medium;Low;0.58005611506776755;0.37178887190492477;0.048155013027307729
6120;106121;Low;Low;0.70811816068334699;0.27389824992804696;0.017983589388605864
11647;111648;High;Medium;0.16179327335132537;0.49898934466028155;0.33921738198839313
15194;115195;Low;Low;0.51302622056361402;0.41498510105566505;0.071988678380721025
41658;141659;Low;Low;0.48845082947333351;0.4333781413479656;0.078171029178700821
20972;120973;High;Medium;0.38393021728976295;0.49327863739627831;0.12279114531395886
15768;115769;Medium;Low;0.44323346476760012;0.43695904591296275;0.11980748931943716
39030;139031;Medium;Medium;0.26285708216722564;0.50970344513000243;0.22743947270277193
32306;132307;Low;Medium;0.43526043298077099;0.46463765417996272;0.10010191283926645
10897;110898;Medium;Medium;0.30220420782985163;0.50615699827304372;0.19163879389710467
28821;128822;Low;Low;0.63969961809256815;0.32617421495866872;0.034126166948763095
47344;147345;Low;Medium;0.26578292645413226;0.50629535270318859;0.22792172084267923
4254;104255;High;High;0.019264179123108179;0.23681087120517988;0.74392494967171208
22850;122851;High;Medium;0.38908032155956196;0.48823453157450181;0.12268514686593628
5205;105206;High;High;0.079793794207476246;0.33766331686561435;0.58254288892690942
7442;107443;High;High;0.078791652032032131;0.35622183914723199;0.56498650882073576
28578;128579;High;High;0.10760742844634867;0.44348832262233995;0.44890424893131142
35974;135975;High;High;0.0047095824070485367;0.12731857781987496;0.86797183977307657
13187;113188;High;Low;0.5055241494214433;0.39733134667689451;0.097144503901662238
34612;134613;Low;Low;0.51460295839731696;0.39641388498295677;0.088983156619726264
211;100212;Medium;Medium;0.18897349228893523;0.50562709237447878;0.30539941533658604
23469;123470;Medium;Medium;0.13747791879532356;0.4774925091142681;0.38502957209040828
40855;140856;Medium;Medium;0.37453321423634284;0.47938299487462271;0.14608379088903445
4591;104592;High;High;0.027238757049617798;0.26652433585677449;0.70623690709360776
11763;111764;High;High;0.0083349938930922154;0.16273440429595537;0.82893060181095246
26282;126283;Medium;Medium;0.37160675476994387;0.49061148099132967;0.13778176423872648
42468;142469;Medium;Low;0.6083041859925119;0.35462372647807472;0.037072087529413413
27617;127618;Medium;Medium;0.14446427560116529;0.47300979114961961;0.38252593324921519
9912;109913;Medium;High;0.10661581778622745;0.44172501785418489;0.45165916435958769
31787;131788;Medium;Medium;0.31547566401870469;0.48254797746991202;0.2019763585113834
19075;119076;High;Medium;0.36810900349196024;0.49496233574211196;0.13692866076592775
43224;143225;High;High;0.0077400219737068076;0.16471931521020428;0.82754066281608885
12803;112804;High;High;0.00054154680023915929;0.03424396357729681;0.96521448962246414
24181;124182;Medium;Medium;0.40382330953591455;0.47829814053166486;0.11787854993242061
17081;117082;High;Medium;0.22766317819821652;0.49264533450089476;0.27969148730088877
8018;108019;Medium;Low;0.49175634653829664;0.42749538085470945;0.080748272606994076
25900;125901;Low;Medium;0.23666639519316321;0.49520104610530735;0.26813255870152947
33920;133921;Low;Low;0.47647693504183514;0.43435212174508886;0.089170943213075976
36472;136473;Low;Low;0.47084584012716219;0.43883994719004926;0.090314212682788525
24083;124084;Medium;Low;0.4798631950333021;0.43156969419925173;0.088567110767446208
16702;116703;High;Medium;0.30164945893563083;0.48003736277039122;0.21831317829397803
13824;113825;Medium;Medium;0.15246301132792223;0.45066608888486354;0.39687089978721424
44005;144006;High;Medium;0.24085381213242893;0.47405323806063387;0.28509294980693728
38667;138668;Low;Low;0.51871417181688984;0.41129503754852725;0.069990790634582994
23841;123842;Low;Medium;0.2455128821626911;0.52210054365370995;0.2323865741835989
20642;120643;Low;Medium;0.18282172582136111;0.49200059255962192;0.325177681619017
40762;140763;Medium;Low;0.53526339967185299;0.3981889529251153;0.066547647403031748
8205;108206;Low;Medium;0.42048610019719734;0.48484754707285799;0.094666352729944697
549;100550;High;Medium;0.13621892169477121;0.47800030529933596;0.38578077300589286
23867;123868;Medium;Medium;0.30019299253257259;0.51459555729151452;0.18521145017591287
24026;124027;Medium;Medium;0.37729713713824048;0.48280201655687027;0.13990084630488916
30861;130862;High;High;0.013969516364022416;0.19436760896282848;0.791662874673149
46027;146028;Medium;Medium;0.35038503749576316;0.49805544067914848;0.1515595218250885
46698;146699;Low;Medium;0.29941811679551811;0.47322424929779594;0.22735763390668601
39805;139806;Medium;Low;0.52988654968149917;0.41016106037133943;0.05995238994716133
42538;142539;Low;Low;0.60587130422943325;0.35228111384064631;0.041847581929920427
22405;122406;Medium;Medium;0.44996502479361195;0.46484549871725167;0.085189476489136537
42344;142345;Medium;Low;0.62692708414355081;0.33478879423065971;0.038284121625789487
24089;124090;Low;Medium;0.37329934974291162;0.48321111956374418;0.14348953069334411
26880;126881;Medium;Low;0.49024241060889406;0.41513585270190556;0.094621736689200334
34815;134816;Low;Low;0.55421790677052118;0.37866173901201916;0.067120354217459793
44018;144019;Low;Low;0.51107075020414938;0.41269006167355915;0.076239188122291565
30019;130020;High;High;0.01502434604573076;0.20868313950557033;0.77629251444869884
1211;101212;Medium;Medium;0.11350187472187503;0.44426149995288472;0.44223662532524027
24222;124223;Low;Medium;0.4055423589284155;0.47173649402693552;0.12272114704464898
33053;133054;High;High;0.077194888582886992;0.41648401938041169;0.50632109203670117
43675;143676;Medium;Low;0.53658277301056312;0.39789485896318588;0.065522368026251193
46378;146379;Medium;Medium;0.10808382048059274;0.45254160542462341;0.43937457409478387
31329;131330;High;High;0.072452157825869792;0.39797449525135065;0.52957334692277946
28823;128824;Low;Low;0.61034892119924877;0.35122602886859133;0.038425049932159852
13166;113167;Medium;Medium;0.24584243220965082;0.47574251506845033;0.27841505272189876
20592;120593;Medium;Medium;0.41188933203050893;0.47974557763505332;0.10836509033443761
9390;109391;Low;Medium;0.38873958051709873;0.47794824466760666;0.1333121748152947
19307;119308;Medium;High;0.019833418958747365;0.20756344288347295;0.7726031381577797
13353;113354;High;High;0.049015105532044495;0.34583048745477823;0.60515440701317724
11375;111376;Medium;Medium;0.36954909338315822;0.4577304534739286;0.17272045314291315
13129;113130;High;Medium;0.443822687969602;0.46242559280310247;0.093751719227295416
36696;136697;High;Medium;0.19473342570930885;0.46255238377459701;0.3427141905160942
4257;104258;High;Medium;0.11220921387770501;0.45065030475531337;0.43714048136698169
22795;122796;High;Medium;0.28687600490754445;0.51212975403680305;0.2009942410556525
11702;111703;Low;Medium;0.26728586992175513;0.51507423101154093;0.21763989906670397
45786;145787;High;Medium;0.31998954590671358;0.51245714324866354;0.16755331084462288
1914;101915;Medium;Low;0.47297050878416397;0.43643884119169341;0.090590650024142599
10841;110842;Low;Low;0.50631777082764362;0.42957494110651034;0.064107288065846063
45522;145523;High;Low;0.54547491366720435;0.38600594918974407;0.068519137143051634
15369;115370;Low;Low;0.60270843559050602;0.35598308846257559;0.041308475946918416
32887;132888;Medium;Medium;0.44653739861346992;0.4636108083992132;0.08985179298731695
47840;147841;Low;Medium;0.41099424530317524;0.4379244272331424;0.15108132746368241
46166;146167;High;High;0.0064544368549888402;0.1505156242387076;0.84302993890630362
18118;118119;High;Medium;0.35785021043862186;0.48728289528619984;0.15486689427517819
6763;106764;High;Medium;0.13767842769194663;0.48291513740641867;0.37940643490163478
13035;113036;Low;Low;0.5096781235683896;0.41737849072637978;0.072943385705230554
15854;115855;Low;Medium;0.10079658832494291;0.45148387386333139;0.44771953781172558
2639;102640;High;Low;0.45952043474456428;0.44945967881902238;0.091019886436413427
36511;136512;Low;Medium;0.1452119477994484;0.47629597354730668;0.37849207865324491
23776;123777;Low;Low;0.5987936275881115;0.35082467148306484;0.050381700928823686
12097;112098;Low;Low;0.67047108859308779;0.30092597770546031;0.028602933701451904
48525;148526;Medium;Low;0.44047700723598099;0.42978021713563391;0.12974277562838499
46727;146728;Medium;Medium;0.2620725742140082;0.52292081351847597;0.21500661226751577
20262;120263;Low;Low;0.49576647110578342;0.40617505398623838;0.098058474907978185
10233;110234;Medium;Medium;0.32100569771857201;0.51049824508605757;0.1684960571953705
35402;135403;Medium;Low;0.62103835700928778;0.34292929487313439;0.036032348117577856
3218;103219;Medium;Low;0.54013522871142006;0.39406703125028919;0.065797740038290753
42929;142930;High;Medium;0.234821718828502;0.53054810756412274;0.23463017360737529
12012;112013;Medium;High;0.07869338143337852;0.40006241970140161;0.52124419886521989
17024;117025;High;Medium;0.12446283645686936;0.44220014080647757;0.43333702273665309
5924;105925;Medium;Medium;0.30448561756047776;0.51245603262262551;0.18305834981689667
34025;134026;Low;Medium;0.42590537025255482;0.451181786960071;0.12291284278737412
44996;144997;Low;Low;0.53347059321637169;0.40626052369523608;0.060268883088392323
3364;103365;Low;Medium;0.32770897216240497;0.49676651333739458;0.17552451450020037
33031;133032;High;Medium;0.28173037261858885;0.50115112926830163;0.21711849811310943
37363;137364;Low;Medium;0.38398591243673175;0.49612117345902851;0.11989291410423965
24160;124161;Low;Low;0.62517700509467533;0.3357110843883731;0.039111910516951565
9398;109399;Medium;Medium;0.40284351702462096;0.47566360296294041;0.12149288001243855
13871;113872;Low;Medium;0.41208318637473806;0.47146137060467858;0.11645544302058342
24133;124134;High;High;0.0083534553416879931;0.15070031437246814;0.84094623028584381
27069;127070;Medium;Medium;0.24527197855421382;0.50513552252749139;0.24959249891829471
40827;140828;Low;Low;0.46138306873954532;0.45739541645761861;0.081221514802835973
40880;140881;Medium;Medium;0.17053254457865274;0.48361083511914943;0.34585662030219777
39721;139722;Medium;Low;0.64506501907376157;0.32205487991727078;0.03288010100896769
28942;128943;Medium;Medium;0.19183088481411126;0.44992773016301879;0.35824138502286995
28367;128368;High;Medium;0.28790396599647028;0.51294884195300139;0.19914719205052836
46845;146846;Medium;Medium;0.30030901178747688;0.50833851620347337;0.19135247200904973
26272;126273;High;High;0.0075281222505838314;0.139895014444404;0.85257686330501214
8436;108437;Low;Medium;0.21405266005586118;0.50894418320514279;0.277003156738996
1035;101036;Low;Medium;0.20072438755654762;0.50423391577466647;0.29504169666878588
1907;101908;Medium;High;0.10504132369669114;0.43149835415297366;0.46346032215033517
645;100646;Medium;High;0.082480319378940806;0.35550643746604182;0.56201324315501744
35831;135832;Medium;Medium;0.44964563847585126;0.45151760195098212;0.098836759573166622
47713;147714;Medium;Medium;0.21913838668397326;0.52356950665923796;0.25729210665678875
40567;140568;Medium;Medium;0.32148310484443349;0.49970898213059156;0.17880791302497479
17064;117065;Medium;Medium;0.22283925823847298;0.5091802992178811;0.26798044254364589
19612;119613;Low;Low;0.51813068307576704;0.41493045650834892;0.066938860415884024
24709;124710;Medium;Medium;0.25047060839792795;0.51525261940523437;0.23427677219683765
45316;145317;High;Medium;0.17918821449293937;0.50536235670446361;0.31544942880259702
32123;132124;Low;Medium;0.15956639313527729;0.4454530522866984;0.39498055457802439
6899;106900;Medium;Medium;0.32394848408140003;0.49967135352433206;0.17638016239426776
43432;143433;High;Low;0.47255650442547043;0.43540009632775767;0.092043399246771865
46828;146829;Medium;Medium;0.17468605536550591;0.50146366793119146;0.32385027670330269
27036;127037;Medium;Low;0.59725403044049397;0.35506496780935326;0.04768100175015267
32956;132957;Medium;Medium;0.24399224916745352;0.51638294509814342;0.23962480573440309
23758;123759;Medium;High;0.060189116510677231;0.36202435909741409;0.57778652439190881
8680;108681;Medium;Medium;0.26961603474441043;0.524126253771243;0.20625771148434655
9637;109638;Medium;High;0.03846047869418949;0.31698389416805639;0.64455562713775405
34836;134837;High;Low;0.54838579752719652;0.39187256131849157;0.059741641154311902
28900;128901;Medium;Low;0.61128917209380984;0.34673302095202629;0.041977806954163963
32601;132602;Medium;High;0.099426643210143301;0.41434277525022162;0.48623058153963494
5150;105151;Low;Low;0.63331661594247901;0.32723447383297205;0.039448910224548953
46675;146676;High;High;0.0012075481162324344;0.062159659297120633;0.93663279258664689
3827;103828;Low;Medium;0.36653440964988382;0.45237207412604508;0.18109351622407097
32880;132881;Low;Low;0.65026145494717558;0.3213523644206836;0.028386180632140885
47758;147759;High;Medium;0.12738621732678071;0.45952617342013113;0.41308760925308813
34427;134428;Low;Low;0.61208977373899165;0.34965537847406503;0.038254847786943304
21429;121430;High;Medium;0.44735364804406247;0.46181979952117164;0.090826552434765825
12184;112185;High;High;0.014682332662424217;0.19724247593361935;0.78807519140395643
21688;121689;Medium;Low;0.60981142122263488;0.3484679588768449;0.041720619900520305
19773;119774;Low;Low;0.53189211941166248;0.40586956329742707;0.06223831729091054
435;100436;Low;Medium;0.4340558012775752;0.46437929895786223;0.10156489976456259
3740;103741;High;Medium;0.22179096523135969;0.50838471133850904;0.2698243234301313
32493;132494;Low;Medium;0.39553035585613017;0.4787363301341801;0.12573331400968976
43505;143506;Low;Low;0.6351367088290405;0.33042266494293632;0.03444062622802313
49162;149163;Low;Low;0.57083970799825556;0.3864145579888027;0.042745734012941697
15437;115438;High;Medium;0.35627355071072397;0.50795130121146392;0.13577514807781216
36520;136521;Medium;Medium;0.19203233535365288;0.50352296069540181;0.30444470395094525
17257;117258;Low;Low;0.67050785619537401;0.29310320878826052;0.036388935016365427
22785;122786;Medium;Medium;0.36740145275043623;0.46177510554201673;0.17082344170754699
21817;121818;Medium;Medium;0.41043152947460732;0.44984443339741514;0.13972403712797749
18520;118521;Medium;High;0.0055236681645956989;0.10827304584716417;0.88620328598824016
49443;149444;Low;Medium;0.40022336232746542;0.48429697675935618;0.11547966091317852
11198;111199;Low;Low;0.6611170160960268;0.30751804431120905;0.031364939592764249
32082;132083;Low;Medium;0.39036579034374536;0.49021162789317863;0.11942258176307595
37657;137658;Medium;High;0.045725555709022439;0.33624527697428713;0.61802916731669044
26771;126772;High;Medium;0.12545193057718595;0.47420761223810054;0.40034045718471362
13188;113189;Medium;Medium;0.41667333512082877;0.45949233323058636;0.123834331648585
9564;109565;Low;Low;0.51851495385783775;0.41470525208657366;0.06677979405558862
26041;126042;Low;Medium;0.43751159915200166;0.44318800103142675;0.1193003998165716
30907;130908;High;Medium;0.32016760130329114;0.45832208968682564;0.22151030900988319
35513;135514;Low;Low;0.57846052761295963;0.37266940206780647;0.048870070319233828
8776;108777;Medium;Medium;0.35770897814761332;0.46221732325070208;0.18007369860168454
13723;113724;Low;Medium;0.26001036052630905;0.52416695980681238;0.21582267966687857
18491;118492;Medium;Low;0.48976594989255484;0.43793370652831098;0.072300343579134119
40583;140584;Low;Medium;0.43035267782740788;0.46244671632107004;0.107200605851522
29445;129446;Medium;Medium;0.2090800906590573;0.50832124348144347;0.28259866585949928
49416;149417;High;High;0.007934048028820348;0.15674401533869659;0.83532193663248311
21500;121501;Low;Low;0.61534086958312717;0.34608701861184332;0.038572111805029612
28766;128767;Low;Medium;0.30424548487488484;0.50497612748392806;0.19077838764118715
4841;104842;High;Medium;0.15876074591597311;0.45711525868039582;0.38412399540363101
34890;134891;Medium;High;0.046852337677523781;0.31920654456059611;0.63394111776188022
15902;115903;Medium;High;0.05838522311557285;0.31762221736472368;0.62399255951970345
40728;140729;Medium;Medium;0.29994778205567463;0.51891203392123386;0.18114018402309146
24156;124157;High;Medium;0.15142648826110769;0.45100817437760049;0.39756533736129168
48733;148734;Medium;Medium;0.36454166011678774;0.50092014434475485;0.13453819553845736
20895;120896;Low;Medium;0.37598960539960413;0.46087018733246543;0.16314020726793058
16278;116279;High;High;0.020212688863160754;0.20595833567254901;0.77382897546429041
42264;142265;High;Medium;0.13751221057699184;0.48126402519255429;0.38122376423045373
32492;132493;High;Medium;0.37822463505152409;0.45440606352059132;0.16736930142788467
31287;131288;Medium;High;0.093004583592660617;0.44162200611454644;0.465373410292793
42309;142310;Low;Medium;0.38704605167087225;0.4793173438132628;0.13363660451586507
44410;144411;Medium;Medium;0.17315473185418079;0.53035770111049452;0.2964875670353247
32294;132295;Low;Medium;0.18436929295294813;0.51991806625250914;0.29571264079454268
5490;105491;High;High;0.0023952893952554027;0.082008044923786633;0.91559666568095788
34051;134052;Medium;Medium;0.41846408481490166;0.46400966074776145;0.11752625443733684
21987;121988;Medium;High;0.025617255913465645;0.24792448403736922;0.72645826004916514
5302;105303;High;Low;0.45460847881612521;0.44292888601636732;0.10246263516750762
16863;116864;High;Medium;0.36034464056921484;0.49585155424953897;0.14380380518124608
33844;133845;Medium;Medium;0.12766758640350834;0.4901047414043605;0.38222767219213105
19810;119811;High;Medium;0.22854935398002821;0.52071874674446206;0.25073189927550971
2992;102993;Low;Medium;0.30746339940333139;0.49669633318092499;0.19584026741574359
17380;117381;Low;Low;0.58844272690476007;0.36531196227232726;0.046245310822912639
42370;142371;Medium;Medium;0.17912739517455475;0.52135556793883886;0.29951703688660636
42132;142133;Medium;Medium;0.4268903455511498;0.47199760456442791;0.10111204988442227
9881;109882;High;High;0.0037399218221830033;0.085848117212997802;0.91041196096481924
32103;132104;Medium;High;0.046145907190393971;0.28781440086074428;0.6660396919488617
4182;104183;Medium;Low;0.60256838731255269;0.35502700187461345;0.042404610812833705
39217;139218;Medium;Medium;0.45387675841003083;0.46206403159290765;0.084059209997061402
29064;129065;Low;Medium;0.44684686106400878;0.45441585894695469;0.098737279989036669
24912;124913;Low;Medium;0.11533562208058118;0.46645323530170185;0.41821114261771702
30448;130449;High;High;0.013140805451564142;0.20453328191376302;0.78232591263467277
2278;102279;Low;Medium;0.32009629599660105;0.47300680411522983;0.20689689988816917
18945;118946;Low;Low;0.48373522130243152;0.43564704492177792;0.080617733775790568
24980;124981;Low;Low;0.65089006336560229;0.31829396528826065;0.030815971346137051
45124;145125;Low;Low;0.5824661202615441;0.37196643530397605;0.045567444434479909
36368;136369;High;High;0.0015300596095274125;0.070955061821912538;0.92751487856855996
36849;136850;High;High;0.010787024845363355;0.17674331654828329;0.81246965860635334
28597;128598;High;Medium;0.25077548660830001;0.50026197132334416;0.24896254206835583
18258;118259;Medium;Medium;0.34344562412651691;0.50803756658412924;0.14851680928935382
40029;140030;High;Medium;0.26385834032347782;0.51255921388372672;0.22358244579279549
10306;110307;Medium;Medium;0.41556232288232264;0.46911669162474734;0.11532098549292991
47803;147804;Low;Low;0.60876625052531685;0.35003482379894152;0.041198925675741647
2383;102384;Low;Low;0.6017716413821258;0.35733085227344913;0.040897506344425058
49723;149724;Low;High;0.072862698542783488;0.38725826742117397;0.53987903403604265
10900;110901;Medium;Low;0.46525190877427997;0.44524566114471792;0.089502430081001991
26934;126935;Low;Medium;0.42111075274694776;0.47083277385292405;0.10805647340012807
41836;141837;Low;Low;0.52236770094529039;0.41674646435229323;0.060885834702416368
27918;127919;High;High;0.0061698109294319198;0.13019575487807644;0.86363443419249153
1558;101559;Medium;Medium;0.35403471973017031;0.49457725636988997;0.15138802389993963
20863;120864;Medium;Medium;0.14146416603415773;0.47727231406216614;0.38126351990367607
33505;133506;Medium;Medium;0.16005327392868254;0.48769784632752483;0.35224887974379271
44659;144660;Low;Medium;0.40702083806657324;0.47253967605080482;0.12043948588262199
41119;141120;Medium;Medium;0.21622161766284401;0.49079066295333984;0.29298771938381607
20085;120086;Medium;Medium;0.24759307165721131;0.52053897612925693;0.23186795221353179
29862;129863;Medium;Medium;0.40294588614510568;0.48154812240999523;0.11550599144489901
35785;135786;Medium;Low;0.54313613902666302;0.4026056346055768;0.054258226367760266
34184;134185;Low;Medium;0.40464437378456702;0.47014912734538999;0.12520649887004301
40203;140204;Medium;Medium;0.15497011976010572;0.48170755284851086;0.36332232739138343
45431;145432;Low;Medium;0.3829663071925461;0.45948421024739261;0.15754948256006135
47848;147849;High;Medium;0.20388271953460035;0.52121641459773416;0.27490086586766543
7231;107232;Medium;Medium;0.33492570892088869;0.5015271843335336;0.16354710674557774
15060;115061;High;High;0.073530811411401303;0.3941202743751816;0.53234891421341701
26988;126989;High;High;0.049496725718172867;0.35642271065555992;0.59408056362626716
23968;123969;High;High;0.0077289051986690321;0.15202105657317488;0.84025003822815603
9021;109022;Medium;Low;0.52487328771155151;0.40949284416576714;0.065633868122681363
11388;111389;Medium;Medium;0.20645191470456312;0.45021805645645208;0.34333002883898484
7399;107400;Medium;Low;0.63945042792454643;0.32750728636269028;0.033042285712763339
32722;132723;High;High;0.069668695480399973;0.41632608151720613;0.51400522300239404
2111;102112;High;Medium;0.32239992698306846;0.49294038983288702;0.18465968318404463
9185;109186;High;Medium;0.24529031630507073;0.51663679502410242;0.23807288867082685
28394;128395;High;High;0.12901414165371267;0.41102329247327291;0.45996256587301454
26655;126656;Medium;Low;0.47674835771364399;0.43244360396185122;0.090808038324504819
46584;146585;High;Medium;0.17589524339186247;0.48763693171234762;0.33646782489578986
34078;134079;Low;Medium;0.40387857227475188;0.47078616620371344;0.12533526152153468
38266;138267;Medium;Medium;0.26084542286682472;0.50343159324509279;0.23572298388808247
15445;115446;Medium;Medium;0.27156109162576475;0.5143968578807111;0.21404205049352426
44372;144373;Medium;Low;0.51798905573340237;0.42454926430835371;0.057461679958243972
49962;149963;Medium;Medium;0.23603875663920645;0.49737254298438899;0.26658870037640459
13013;113014;Medium;Medium;0.45494621291418846;0.45602831707137398;0.089025470014437669
5602;105603;Medium;Medium;0.3381720396240927;0.50362279692958933;0.15820516344631802
5591;105592;Medium;Low;0.49448661915471598;0.42921768098679514;0.076295699858488927
33606;133607;Low;Medium;0.31527104717614279;0.51055729986876908;0.17417165295508816
49964;149965;Medium;Medium;0.23225114525678028;0.51485668236855986;0.25289217237465994
14941;114942;High;Medium;0.16714841642635128;0.4657427003983079;0.36710888317534091
37101;137102;Low;Medium;0.34131744522692281;0.50730201162628319;0.15138054314679392
7328;107329;Low;Low;0.47808578842071453;0.43697814316627526;0.084936068413010102
46915;146916;Low;Low;0.49890284549429054;0.4246171485652992;0.07648000594041017
3853;103854;Low;Low;0.51452869559502656;0.41421888737250928;0.071252417032464169
23745;123746;Medium;Medium;0.31778807061911735;0.47993042873180863;0.20228150064907396
31623;131624;Medium;Medium;0.11386463322632538;0.458966359248839;0.42716900752483561
47433;147434;Low;Medium;0.33105762562786001;0.49438362950534348;0.17455874486679657
28702;128703;Medium;Medium;0.21697590602675113;0.47006811161087697;0.31295598236237177
44536;144537;Medium;Low;0.48748691811700667;0.4329487899386209;0.079564291944372478
38313;138314;High;High;0.015728451300152251;0.20661097298205594;0.7776605757177919
36661;136662;Medium;Low;0.56211485517915216;0.38513248914154619;0.052752655679301659
15593;115594;High;High;0.00084521650492491566;0.048142673463138587;0.95101211003193653
42315;142316;Low;Medium;0.41808505154410341;0.44521355569327675;0.13670139276261989
16616;116617;Medium;Medium;0.32952543235524406;0.5105992424913639;0.15987532515339195
48352;148353;Medium;Medium;0.24001033637460545;0.53238412820476311;0.22760553542063147
18700;118701;Medium;Low;0.45946305033488904;0.44652357787064428;0.094013371794466755
18179;118180;Low;Medium;0.41365916947450687;0.46789099295768249;0.11844983756781047
31879;131880;High;High;0.0035127323071924548;0.10430209107906108;0.89218517661374663
29082;129083;Low;Low;0.56517842856718525;0.38184068229183415;0.052980889140980508
43954;143955;Medium;High;0.058404285894440813;0.37198662543535665;0.56960908867020243
3343;103344;Low;Low;0.49148452891846328;0.42924268886052602;0.079272782221010571
43491;143492;Low;Medium;0.22568874536591385;0.52409266905592444;0.25021858557816168
46579;146580;Medium;Medium;0.20804234169856839;0.50230398553436528;0.28965367276706638
15457;115458;Low;Medium;0.14878794448834012;0.49258594146970203;0.35862611404195782
33724;133725;Low;Medium;0.38545795765264834;0.45386589025819202;0.16067615208915978
48251;148252;Medium;Low;0.49577535139356221;0.42651943343969484;0.077705215166742905
24982;124983;High;Medium;0.28092906908685628;0.4676093924993811;0.25146153841376273
24183;124184;Low;Medium;0.2391143772193258;0.51608051972121427;0.24480510305945988
21910;121911;Low;Medium;0.40097143736359375;0.48189569424486517;0.11713286839154113
40677;140678;Low;Low;0.46656832339558796;0.44764646704539213;0.085785209559019901
12335;112336;High;Medium;0.16245914620046198;0.49678231811763118;0.34075853568190689
14256;114257;Low;Low;0.5178151961287667;0.4113843304569702;0.07080047341426314
18459;118460;Medium;Low;0.58957336427117013;0.36198395033802822;0.048442685390801564
17187;117188;Medium;Medium;0.1964853590563333;0.49843536951035589;0.30507927143331098
9884;109885;Low;Medium;0.30785532804358023;0.51233185976127682;0.17981281219514295
29050;129051;Low;Medium;0.19070250082763121;0.51742987304168364;0.29186762613068512
39901;139902;Low;Medium;0.36063441224987081;0.48066997605495648;0.15869561169517263
49419;149420;Medium;Medium;0.33508464395418985;0.48512955355238679;0.17978580249342346
6134;106135;High;Medium;0.15162428489759769;0.49226674099402185;0.35610897410838038
34429;134430;Low;Medium;0.32452660770132746;0.52733488871966749;0.14813850357900499
37468;137469;Medium;Medium;0.28885016725660956;0.49757631161578769;0.21357352112760286
41225;141226;Medium;Medium;0.22368455395606679;0.51609424553529626;0.26022120050863695
8744;108745;Medium;Medium;0.31434295261552186;0.46520342193301578;0.22045362545146227
28013;128014;Low;Low;0.51912645824100367;0.40906174998674272;0.071811791772253553
4911;104912;Medium;Low;0.58675526727402816;0.36286500474668382;0.05037972797928799
47363;147364;High;Medium;0.12704377935486788;0.48100686312516933;0.39194935751996268
35236;135237;Medium;Low;0.4872039655478278;0.43464532694074404;0.078150707511428164
42742;142743;Medium;Low;0.56527903057689177;0.38269182105151262;0.052029148371595717
7829;107830;High;Medium;0.27514489150720844;0.5393030058184114;0.18555210267438021
26393;126394;Low;Medium;0.33247049660511252;0.49789699189224323;0.16963251150264427
40066;140067;Medium;Low;0.57604732142793502;0.37199166380631021;0.051961014765754786
27096;127097;Medium;Low;0.52316595303335411;0.40952901570943379;0.067305031257212128
25004;125005;Medium;Medium;0.22960894963565148;0.5068913974300947;0.26349965293425381
27131;127132;High;Low;0.60511367110053615;0.33896972579915174;0.055916603100312101
28480;128481;Medium;High;0.060065350930906834;0.37043677983493384;0.56949786923415935
26294;126295;High;Medium;0.41394142681979196;0.47964681059232739;0.10641176258788074
17172;117173;Medium;Medium;0.11078567059984654;0.47109256646089936;0.41812176293925413
33097;133098;Medium;Medium;0.41791444943429584;0.4734241925818175;0.10866135798388649
23603;123604;Low;Low;0.65156710548980823;0.31544548787019683;0.032987406639994853
26073;126074;Low;Low;0.57436552635134419;0.37871287593050129;0.046921597718154427
27696;127697;Low;Low;0.54307753758974731;0.39425303944840562;0.062669422961847035
29242;129243;High;High;0.099902383352509366;0.38496294433888995;0.51513467230860066
42727;142728;Low;Medium;0.42279773151346084;0.46536122804339675;0.11184104044314253
39995;139996;High;High;0.040962300142276871;0.32489187255202284;0.63414582730570024
45628;145629;Medium;Low;0.49256941818667804;0.43988784243363793;0.067542739379683955
11115;111116;Low;Low;0.47510660428457796;0.43325723640147679;0.091636159313945281
28556;128557;Medium;Low;0.44329457504029407;0.41942554298613655;0.13727988197356936
7167;107168;Medium;Medium;0.27354533760706173;0.50792290161275466;0.21853176078018358
44870;144871;Low;Medium;0.40228343431503844;0.47840290151988074;0.11931366416508088
43848;143849;High;High;0.010298081836023208;0.14493542942767929;0.84476648873629745
14548;114549;Medium;Medium;0.28084777513671566;0.51286329624022409;0.20628892862306017
25245;125246;Low;Low;0.47550779585675212;0.44827264715417869;0.076219556989069223
31647;131648;Medium;Medium;0.34222122283675904;0.48658508568374431;0.17119369147949656
1397;101398;Low;Low;0.64992934124638535;0.32056479494577522;0.029505863807839396
31362;131363;Low;Low;0.56487962637980149;0.38402268635243264;0.051097687267765868
15802;115803;High;Low;0.47214624910636033;0.44007845406941681;0.087775296824222929
4963;104964;Low;Medium;0.26137018848735061;0.5012228863961693;0.23740692511648012
40726;140727;Low;Medium;0.36772918964247253;0.47356725428365698;0.15870355607387049
18518;118519;Low;Medium;0.34635162456121704;0.50435534267932669;0.14929303275945632
38314;138315;Medium;High;0.049198655540533355;0.34236104953580199;0.60844029492366469
3670;103671;High;High;0.0042779406805121285;0.11624509686815956;0.87947696245132834
14470;114471;High;Medium;0.22574351746060781;0.48945876441999858;0.28479771811939369
10394;110395;Medium;Low;0.52830540028946238;0.40589967828246931;0.065794921428068226
24712;124713;Medium;Medium;0.2460252352971373;0.51363896780103668;0.24033579690182602
46588;146589;Medium;Medium;0.31881218458773325;0.46659424866369842;0.21459356674856842
39179;139180;Low;Low;0.50250732104358287;0.41943263322245095;0.078060045733966257
29882;129883;High;High;0.0054967522886604451;0.12233162611737816;0.87217162159396133
9193;109194;Low;Medium;0.38624388583112518;0.48614953378380776;0.12760658038506703
36399;136400;Medium;High;0.092230807648342378;0.41253724146751708;0.49523195088414063
14877;114878;Low;Low;0.46700649321839705;0.44629131747019529;0.086702189311407704
44965;144966;High;Medium;0.28263443897413015;0.48321473722735497;0.23415082379851482
22896;122897;High;High;0.070238157594976813;0.35273816133194674;0.57702368107307656
1468;101469;Medium;Medium;0.17108553555396927;0.43433889301489587;0.39457557143113492
20862;120863;Medium;Medium;0.3338015739539455;0.45774570392975938;0.20845272211629512
10808;110809;Medium;Low;0.53239525565698942;0.41152529324759973;0.056079451095410918
42198;142199;Medium;Medium;0.18526225954058134;0.49475171722910005;0.31998602323031861
48623;148624;Low;Low;0.49043080473506534;0.42330893769286831;0.086260257572066359
1269;101270;Low;Low;0.47218146990207688;0.43816816075515325;0.089650369342769876
9614;109615;Medium;Medium;0.31261006641647404;0.50313048620860401;0.18425944737492192
21947;121948;Low;Low;0.4975684670898437;0.42159883768299666;0.080832695227159551
5413;105414;Low;Medium;0.20893504919547254;0.47019605170233481;0.32086889910219279
7885;107886;High;Medium;0.13371440689062286;0.4768776796723489;0.38940791343702819
32215;132216;Medium;High;0.11973309126848045;0.43753478569279664;0.44273212303872284
18511;118512;Low;Medium;0.33271333529762975;0.49656635398311055;0.1707203107192598
19168;119169;High;High;0.0030389962642585456;0.095173907628700039;0.90178709610704133
35932;135933;Medium;Low;0.47230480835313177;0.44723608747596821;0.080459104170899992
3232;103233;Low;High;0.069260046943153089;0.38705141593705839;0.5436885371197886
34010;134011;High;High;0.011344754478913543;0.17893410865799753;0.809721136863089
6346;106347;Medium;High;0.088792403368052233;0.41510123880454686;0.49610635782740098
28586;128587;Low;Low;0.58135842435810892;0.36714021211787923;0.051501363524011808
44854;144855;High;High;0.048613821361030353;0.30295829990206358;0.64842787873690622
44885;144886;Low;Low;0.4555954021284514;0.44867704970086714;0.095727548170681465
24806;124807;Medium;Medium;0.39551357452968455;0.47398772922487631;0.13049869624543931
11184;111185;Medium;High;0.089256191104044175;0.41277754256651672;0.49796626632943919
4739;104740;Medium;Medium;0.27245578693533984;0.50641220009337939;0.22113201297128074
26507;126508;Low;Low;0.45213103097795831;0.45044957190179835;0.097419397120243237
4185;104186;High;Medium;0.41329305264916638;0.47656644200262632;0.11014050534820737
24516;124517;Low;Medium;0.14612694098161016;0.48514695178315548;0.36872610723523447
26907;126908;Low;Medium;0.30485065315383403;0.49593306376586793;0.19921628308029787
19059;119060;Medium;Medium;0.39503967006649721;0.4723779247368714;0.13258240519663142
1282;101283;Low;Low;0.52192437368626099;0.4158644755377649;0.062211150775974056
3050;103051;Medium;Low;0.58759667700073404;0.37002726949623593;0.042376053503030094
37929;137930;Low;High;0.047191030683906718;0.31386033071376379;0.63894863860232942
25557;125558;High;High;0.10488037252709434;0.43072817384278367;0.46439145363012213
36660;136661;Low;Low;0.49539003928475611;0.42755254598939141;0.077057414725852494
15763;115764;Low;Medium;0.33726141094844858;0.52430018070930751;0.13843840834224394
33989;133990;Medium;Medium;0.40243099097575497;0.48585038044685186;0.11171862857739301
8235;108236;Low;Medium;0.39299827498765982;0.45515166017387521;0.15185006483846492
10823;110824;Medium;High;0.064570192363970949;0.39583085463706469;0.53959895299896443
411;100412;Low;Low;0.45535091193733052;0.45278444261382844;0.091864645448840987
5449;105450;Low;Medium;0.41011196833667157;0.47174192397369591;0.11814610768963248
30784;130785;Low;Low;0.65628026297287068;0.31628779949686114;0.027431937530268211
15510;115511;Medium;Medium;0.43254005550891067;0.47273187351446305;0.09472807097662643
22044;122045;Medium;Medium;0.28772359373969075;0.50516959666245786;0.20710680959785133
11681;111682;Medium;Low;0.6218056123675586;0.3305936577461393;0.047600729886301998
4821;104822;Low;Medium;0.34978846591330764;0.47632684086627436;0.17388469322041791
46922;146923;High;Medium;0.3338703970976456;0.50490790854497836;0.16122169435737602
23891;123892;High;Medium;0.27326567902808235;0.46580926203769579;0.26092505893422174
41006;141007;Low;Low;0.59914547126068951;0.35815437519895998;0.042700153540350581
49408;149409;High;High;0.03289689616470131;0.28378914577572834;0.6833139580595704
16065;116066;Low;Low;0.45943270423141647;0.44983993240058412;0.0907273633679994
15882;115883;Medium;Medium;0.33174573968682253;0.46437263272135054;0.20388162759182679
36847;136848;Low;Medium;0.36068125398278955;0.49750374381851126;0.14181500219869914
39056;139057;Medium;Medium;0.44996896900671518;0.45275420241450803;0.097276828578776897
49499;149500;Medium;Low;0.51853843832941393;0.41451924721717093;0.066942314453415114
6976;106977;Low;Low;0.57886009701614238;0.3782764522997385;0.042863450684119064
12933;112934;Low;Low;0.68824533206783878;0.28701288956489074;0.02474177836727046
42323;142324;Medium;Low;0.46250966788250508;0.44952684581200708;0.087963486305487879
18716;118717;Low;Medium;0.35867273678851885;0.49981481722328691;0.14151244598819429
12269;112270;Low;Low;0.60210882345922356;0.35579077739874265;0.042100399142033708
48319;148320;Low;Medium;0.27600203115987998;0.5067602176077507;0.21723775123236941
24587;124588;High;High;0.044143863877376455;0.32906850252475833;0.62678763359786505
12173;112174;Low;Low;0.61173480977193861;0.34396769318531994;0.044297497042741441
49797;149798;Medium;Medium;0.20066142057977432;0.46780080130232382;0.33153777811790192
44433;144434;High;Medium;0.3971213679834768;0.47859016325922737;0.12428846875729571
36485;136486;Low;Low;0.50736448870340456;0.42771032266288661;0.064925188633708816
40403;140404;Low;Medium;0.2308356299582153;0.47066212862898749;0.29850224141279713
15974;115975;Medium;Medium;0.42916767916025667;0.43857148634177617;0.13226083449796716
9023;109024;Medium;Medium;0.34748884073331038;0.5001969156586501;0.15231424360803952
17619;117620;Low;Medium;0.30668462757357356;0.52321206768849171;0.17010330473793467
29372;129373;Low;Medium;0.34834514046566856;0.46805800322775049;0.1835968563065809
18564;118565;Low;Medium;0.39461456507393211;0.45191274254954178;0.15347269237652614
46684;146685;High;Medium;0.24832671970395326;0.51672860257154463;0.23494467772450203
37111;137112;Low;Low;0.56982748955478768;0.37986470892386465;0.050307801521347707
10142;110143;High;Medium;0.36962782008538503;0.47530205316627344;0.15507012674834136
12636;112637;Medium;Medium;0.22653027898290173;0.49267463085438745;0.28079509016271087
36416;136417;Medium;Medium;0.23773346446660762;0.54117598582916193;0.22109054970423048
11695;111696;Low;Medium;0.2248990656213864;0.47583279444115356;0.29926813993746004
39633;139634;High;High;0.019896095338494596;0.19698310343263234;0.78312080122887318
48538;148539;Medium;Medium;0.20264382679154894;0.51018113624141181;0.28717503696703922
14693;114694;Medium;Low;0.46176751498447771;0.45100939069375195;0.087223094321770306
33061;133062;Medium;Medium;0.20934652976009782;0.50039987880111636;0.29025359143878582
4145;104146;High;Medium;0.17631996918246876;0.45190189518312923;0.3717781356344021
46547;146548;Medium;Low;0.5312866847615707;0.40060624065617656;0.068107074582252708
3282;103283;High;High;0.10939292145659013;0.41030071824060638;0.48030636030280355
23575;123576;High;High;0.01956078404763735;0.22464458763626136;0.75579462831610134
7498;107499;Medium;High;0.093655403471529466;0.39538237148488792;0.51096222504358269
21801;121802;Medium;High;0.10091346529301162;0.38590000485836967;0.51318652984861879
41325;141326;Low;Low;0.62630107480738628;0.33679187229902591;0.036907052893587824
16576;116577;Medium;Medium;0.32475489458877493;0.49914598985258934;0.17609911555863572
26263;126264;Medium;Medium;0.37437741134122698;0.49785340717142607;0.12776918148734695
317;100318;Low;Low;0.52003119071093673;0.39862076759485754;0.081348041694205731
19757;119758;Medium;Medium;0.39360749551249657;0.45021782115134656;0.15617468333615692
13749;113750;Low;Low;0.64159160117794567;0.32395141417855372;0.034456984643500652
26738;126739;Low;Medium;0.34663094277481704;0.51019316511382662;0.14317589211135642
1350;101351;High;Medium;0.15478115493398409;0.47715619680069538;0.36806264826532054
48063;148064;Medium;High;0.099059601332848607;0.43457387941775361;0.46636651924939787
31640;131641;Medium;Medium;0.13074240029891221;0.46254790136279333;0.40670969833829435
33611;133612;Medium;Low;0.50702499390214251;0.41799977361048357;0.074975232487373936
36723;136724;Medium;Medium;0.37066537049913301;0.46441168798388793;0.16492294151697909
24270;124271;Medium;Medium;0.26211758983103145;0.50814757419970347;0.22973483596926503
40499;140500;Low;Medium;0.3309555680965558;0.4922147100393619;0.17682972186408238
17214;117215;Low;Medium;0.44729202820544073;0.46187326147832908;0.090834710316230124
14668;114669;Low;Low;0.56978355165681427;0.37799328290900386;0.052223165434181727
3030;103031;Low;Medium;0.32645820611780368;0.503732744984147;0.16980904889804938
252;100253;Low;Low;0.47451411353600281;0.43892301372117931;0.086562872742817779
26519;126520;Low;Medium;0.11416136843930384;0.45196386400105226;0.43387476755964377
7770;107771;Medium;Medium;0.22582301935337123;0.49812508652252169;0.27605189412410713
41037;141038;Medium;Low;0.59943664709298872;0.36020105599300711;0.040362296914004114
15819;115820;High;High;0.00054310041297429108;0.038943033423627552;0.96051386616339829
7121;107122;Low;Medium;0.27742795384887114;0.52506965812733486;0.19750238802379402
25215;125216;High;High;0.070185322173795694;0.34245693264505683;0.58735774518114747
20242;120243;Medium;Medium;0.31169230028190215;0.48763047390127445;0.2006772258168234
25925;125926;Low;Low;0.63639755403829446;0.32195964908753072;0.041642796874174812
7136;107137;High;High;0.022874082235038642;0.20653519876923132;0.77059071899573006
42438;142439;Medium;Medium;0.22514408857079782;0.520467722112401;0.25438818931680107
2084;102085;Medium;Low;0.59042781341663919;0.36413015182383657;0.045442034759524276
44994;144995;Medium;Medium;0.43751524150102089;0.4530725431207418;0.10941221537823718
29883;129884;High;High;0.0012766325686970502;0.048638348404063003;0.95008501902723996
4526;104527;Low;Low;0.61028385999590218;0.34730337081391716;0.042412769190180555
1693;101694;Medium;Medium;0.2146753827024499;0.51567487969010739;0.26964973760744271
11428;111429;Medium;Medium;0.12489984243362867;0.47475978094380289;0.40034037662256855
42368;142369;Low;Medium;0.278889730290316;0.48583024077289566;0.23528002893678832
1870;101871;Low;Medium;0.45153051284569645;0.45406004438423886;0.094409442770064661
37570;137571;Low;Medium;0.17514905381877441;0.50302353960369328;0.32182740657753234
7711;107712;Low;Low;0.64112553852176302;0.328734337939875;0.03014012353836196
37743;137744;Low;Medium;0.21065968478461156;0.53035274066722626;0.25898757454816218
44619;144620;High;Medium;0.31297129225593245;0.50326675647092944;0.18376195127313807
36465;136466;Low;Medium;0.38631303443418952;0.48019427607574067;0.13349268949006998
30576;130577;High;Low;0.51465554869944885;0.42197739597931089;0.063367055321240359
11165;111166;High;Low;0.59458351023695721;0.36577587874901962;0.03964061101402306
25887;125888;High;Medium;0.3404423755353323;0.51048183114889456;0.14907579331577314
7756;107757;High;High;0.11438599450965668;0.44147200718358753;0.44414199830675583
48788;148789;Medium;Medium;0.32531076954209576;0.51939562621806901;0.15529360423983518
20013;120014;Medium;Medium;0.22411625512467029;0.50970085799476406;0.26618288688056563
42697;142698;Medium;Medium;0.33324469079576985;0.50357845723593397;0.16317685196829615
8698;108699;Medium;Medium;0.1974033372911615;0.5201182166547903;0.28247844605404815
40569;140570;High;Low;0.47131741006929656;0.44690015463526817;0.081782435295435288
14704;114705;High;Low;0.54948517099014393;0.38107598086546896;0.069438848144387014
36234;136235;Low;Medium;0.43875152861984429;0.45620723524812118;0.10504123613203467
9675;109676;Medium;Medium;0.17092007731259681;0.50367175966681288;0.32540816302059022
49493;149494;Medium;High;0.12668742570341171;0.4063496142374754;0.46696296005911286
40944;140945;Low;Medium;0.40946722500640764;0.44642002443766171;0.14411275055593067
1482;101483;Medium;Medium;0.20663990938596843;0.46291551486696941;0.33044457574706215
11992;111993;Low;Medium;0.17612583623658212;0.49728339417135448;0.32659076959206329
37513;137514;High;Low;0.51267790703435112;0.41617857268319774;0.071143520282451106
29409;129410;Low;Low;0.54930952310412096;0.37962123980087842;0.071069237095000737
7345;107346;Low;Low;0.53024691232438426;0.40587338040318455;0.063879707272431169
26841;126842;Medium;High;0.052702844632274114;0.36044325477138461;0.58685390059634124
29657;129658;Low;Medium;0.25063094832875105;0.51927600334091184;0.23009304833033706
37061;137062;High;Medium;0.21559299388555514;0.49497931484447805;0.28942769126996681
16561;116562;Medium;Low;0.56915156705797265;0.38218339620892583;0.048665036733101505
6114;106115;High;High;0.0021978301113713627;0.082942990586190257;0.91485917930243843
31409;131410;Medium;Medium;0.15043722919557764;0.49177864647226732;0.35778412433215501
11567;111568;Low;Medium;0.29553855867503143;0.51366573238800339;0.19079570893696512
43340;143341;High;Low;0.48369031279203839;0.43078143824007004;0.085528248967891546
32937;132938;Medium;Medium;0.15793945634399864;0.48293301831831958;0.35912752533768172
42444;142445;High;Medium;0.3243710297280315;0.50828311283725502;0.16734585743471345
5491;105492;High;High;0.011422815055072547;0.18174812800369999;0.80682905694122742
24104;124105;Low;Medium;0.43964454142655718;0.45047440782045478;0.10988105075298793
31153;131154;High;Medium;0.40489682001861371;0.48066907492245636;0.11443410505892992
28748;128749;Medium;Medium;0.26103560991891184;0.482657813334672;0.25630657674641616
12430;112431;Low;Medium;0.34248284126609635;0.49125551611962776;0.16626164261427598
1965;101966;High;Low;0.4739128562189453;0.4444891864746649;0.081597957306389884
20173;120174;High;Low;0.51773853245460277;0.41130248937587871;0.070958978169518627
41403;141404;High;High;0.059690315537296854;0.32108326793175967;0.61922641653094357
16117;116118;Medium;Medium;0.20139422446531013;0.49526185504262582;0.30334392049206399
34549;134550;Medium;Medium;0.12491633840893375;0.44803003262448593;0.42705362896658028
14828;114829;Low;Low;0.681779274357181;0.29361249105045423;0.024608234592364768
45170;145171;Low;Medium;0.16257119044992943;0.48528361124157121;0.35214519830849933
46301;146302;High;Medium;0.12030890855450928;0.47732062294216704;0.40237046850332359
5644;105645;Low;Low;0.51415770621310386;0.42030732922872815;0.065534964558168096
244;100245;Medium;High;0.032025246390620918;0.29047725736421282;0.6774974962451662
16740;116741;Low;Low;0.65993577591309927;0.31298565789204119;0.027078566194859606
20372;120373;Medium;Low;0.58452745693846409;0.36669255156781372;0.048779991493722231
10486;110487;Medium;Low;0.47989741733485997;0.43917310344199106;0.08092947922314897
49687;149688;Medium;Low;0.57112609337219122;0.37670471676050582;0.052169189867302963
12462;112463;High;High;0.1093055612012606;0.38559474131303756;0.50509969748570183
8206;108207;Low;Medium;0.23134870524818754;0.52660110843303942;0.24205018631877304
27317;127318;Low;Medium;0.37540269263494819;0.4869849054890269;0.137612401876025
48413;148414;Medium;Medium;0.28901120465579599;0.52940972179554457;0.1815790735486594
48088;148089;Low;Medium;0.23053536862688861;0.50372755191291019;0.26573707946020114
13470;113471;Medium;Medium;0.22595733892938466;0.50925374730058592;0.26478891377002939
765;100766;Low;Medium;0.25798316390230946;0.52633713757438882;0.21567969852330174
7144;107145;Medium;Low;0.71447113701914711;0.26505276553652257;0.020476097444330276
26835;126836;Medium;Low;0.47911736159633678;0.4376215096864482;0.08326112871721493
36610;136611;High;High;0.00087198349654691687;0.05408853528775439;0.94503948121569881
9399;109400;Medium;Low;0.45296727373753526;0.4401743680093797;0.10685835825308511
41333;141334;Low;Medium;0.34560336454710711;0.50331905355844997;0.15107758189444292
12721;112722;High;High;0.0055088096376286113;0.13416572892211309;0.86032546144025823
26993;126994;High;High;0.10640022879729125;0.44118538554070336;0.45241438566200554
39705;139706;Medium;Low;0.52491778013632306;0.40432771784993493;0.070754502013741935
37881;137882;Medium;High;0.092359829494375892;0.43317852940612844;0.47446164109949573
20740;120741;Low;Medium;0.19014688222922685;0.50508636218263181;0.30476675558814137
44465;144466;Medium;Low;0.51213875785608287;0.4100183480925344;0.077842894051382797
11224;111225;Low;Low;0.45645812966725691;0.44836226868981038;0.095179601642932751
32108;132109;Medium;Medium;0.22328186774684919;0.5164399429346529;0.26027818931849794
35422;135423;Medium;Medium;0.22551118454137289;0.50864908786006779;0.26583972759855939
16129;116130;Medium;Low;0.46496548985582925;0.44349466289498768;0.091539847249183126
3935;103936;High;Medium;0.26698926504863341;0.51507432620678506;0.21793640874458153
29419;129420;Medium;Medium;0.13015911410491768;0.47350709632215243;0.39633378957292997
11275;111276;Low;Low;0.76118156701545192;0.22543140921972865;0.013387023764819431
37689;137690;Medium;Low;0.51973711377166198;0.41637913561593387;0.063883750612404103
15676;115677;High;Medium;0.11885374967447462;0.44608762687006787;0.43505862345545748
24495;124496;Medium;Medium;0.34165018032633993;0.51203280183447186;0.14631701783918816
24077;124078;Low;Low;0.50421496435467661;0.42712836392156961;0.068656671723753851
19583;119584;Medium;High;0.10388837912043973;0.39642323857102302;0.49968838230853729
24356;124357;Low;Low;0.46903480123154079;0.42600508441770857;0.10496011435075084
37414;137415;Medium;Low;0.44851061801397396;0.44336839945714462;0.10812098252888136
24445;124446;Medium;Low;0.59169772203253279;0.34685836068691039;0.061443917280556815
33703;133704;Low;Medium;0.23534183814463877;0.47733579480993626;0.28732236704542491
32011;132012;High;High;0.072603966874121337;0.33362028947559264;0.59377574365028607
28891;128892;High;Medium;0.19289441327746976;0.49613276196086381;0.31097282476166643
31957;131958;Medium;Medium;0.23756501993365559;0.50797350859835211;0.25446147146799225
4058;104059;High;High;0.092611064620235717;0.40425532267456188;0.5031336127052024
3482;103483;Low;Low;0.70361856449500493;0.27713885431866642;0.019242581186328673
2031;102032;High;High;0.018401945086301223;0.19807093531342879;0.78352711960026999
43114;143115;High;Medium;0.33399708920731025;0.50743954858647289;0.15856336220621686
46167;146168;Medium;Low;0.5686922017953685;0.36930465906355925;0.062003139141072319
46900;146901;Low;Medium;0.28940284129974264;0.51346812568461109;0.19712903301564619
96;100097;Medium;Low;0.53423165573367148;0.39515254034053326;0.070615803925795292
23291;123292;Medium;Medium;0.35069486723890136;0.5130003975501698;0.13630473521092881
23060;123061;Medium;Medium;0.42451673339403595;0.45928511986481751;0.11619814674114638
40399;140400;Medium;Medium;0.38184128296387121;0.48141779916796412;0.13674091786816461
12976;112977;Medium;Medium;0.36625189962868437;0.50070660494919272;0.1330414954221229
13795;113796;High;Medium;0.21266425817024642;0.48054847206329343;0.30678726976646015
28549;128550;Low;Medium;0.42531924665693582;0.44746566594721149;0.12721508739585277
45071;145072;High;Medium;0.37847051037112939;0.48899540523353774;0.13253408439533282
1807;101808;Low;Low;0.47884547554090112;0.41674490962693117;0.10440961483216768
21146;121147;Low;Low;0.51120554917581185;0.41707576879293584;0.071718682031252312
584;100585;Medium;Low;0.54112729357744516;0.3977603053099118;0.061112401112642982
23184;123185;High;High;0.018458049162306454;0.22452205132734224;0.75701989951035131
12440;112441;Medium;Medium;0.33164268456335461;0.46631058104692796;0.2020467343897174
36249;136250;Medium;Medium;0.40044022598121976;0.47908714680934372;0.12047262720943648
28500;128501;Medium;Medium;0.24481199454516983;0.46159843339079742;0.29358957206403286
14634;114635;Low;Low;0.46801786423819552;0.44714042717699276;0.08484170858481159
14389;114390;High;Medium;0.36304365967566066;0.49005973927401436;0.14689660105032507
44422;144423;Medium;Low;0.51465334022422959;0.42416928712761426;0.061177372648156127
17434;117435;Medium;Medium;0.19200434791189203;0.51248003504362427;0.29551561704448376
39164;139165;Medium;Low;0.63676790789995996;0.32970108579509239;0.033531006304947646
24823;124824;Medium;Medium;0.1825278063619061;0.49600463589379729;0.32146755774429658
13222;113223;Medium;Medium;0.26076327408551558;0.52842279827280147;0.210813927641683
1371;101372;High;High;0.0013867580594875623;0.06526725730065934;0.93334598463985308
19920;119921;Low;Low;0.46178745933017551;0.43969834596302015;0.098514194706804351
5218;105219;Medium;Medium;0.28356892469843387;0.52550681799805077;0.19092425730351537
25031;125032;High;Medium;0.25189730577875269;0.51090619707753604;0.23719649714371127
39254;139255;Low;Low;0.58972339603490098;0.3629674846968961;0.04730911926820295
7860;107861;Low;Medium;0.2227967702496971;0.51797792987233082;0.25922529987797199
18718;118719;High;Medium;0.19359450406444781;0.51457276108522343;0.29183273485032873
31964;131965;Medium;Medium;0.2050330082139335;0.48153977301845013;0.31342721876761642
25063;125064;High;Medium;0.13586586788754515;0.47993958168897605;0.38419455042347889
11321;111322;Medium;Medium;0.40059020003147272;0.47364647048644598;0.12576332948208116
10108;110109;Low;Low;0.47783921709591992;0.43620880878697366;0.085951974117106478
35204;135205;Low;Low;0.62150045374492158;0.34485164690898817;0.033647899346090214
14742;114743;Medium;Medium;0.19648133898747269;0.46376343288505628;0.339755228127471
17769;117770;Medium;Medium;0.27570944193400515;0.51398807331949381;0.21030248474650098
45638;145639;High;High;0.01886549490966281;0.22840473942505335;0.75272976566528382
23325;123326;Medium;Low;0.61265992504197797;0.34812380935823606;0.039216265599785909
6048;106049;Medium;Medium;0.30912866180628712;0.50426540405171416;0.18660593414199872
1766;101767;Medium;Medium;0.42796042692426339;0.46718118604893516;0.10485838702680159
29753;129754;High;Medium;0.22636888444613207;0.48401914127306256;0.28961197428080521
40554;140555;Medium;Medium;0.21066040885443382;0.49117817687881205;0.29816141426675424
8560;108561;Low;Medium;0.2907436777952912;0.52510886169093296;0.18414746051377576
49982;149983;Low;Medium;0.34633045930131662;0.48121700219442337;0.17245253850426009
37114;137115;Medium;Low;0.46355440974614082;0.45516023096095098;0.081285359292908269
29639;129640;Medium;Low;0.6431715681804957;0.32497621616049971;0.031852215659004465
21586;121587;Medium;Low;0.49542607298593766;0.4298059020558605;0.07476802495820177
7020;107021;Low;Medium;0.37000537222788549;0.48839361201856901;0.14160101575354545
45146;145147;High;High;0.036841768188805753;0.30814129925842498;0.65501693255276927
44600;144601;Medium;Medium;0.19325657258267231;0.50041104617328869;0.306332381244039
30650;130651;High;Medium;0.45245914582366764;0.45599086561772262;0.091549988558609671
24593;124594;Low;Low;0.47751415030414512;0.44756082707122563;0.074925022624629287
7368;107369;Low;Low;0.49226008864218551;0.43189275417676737;0.075847157181047231
31277;131278;Medium;Low;0.59967829885159385;0.35769650940711134;0.042625191741294872
15775;115776;Low;Low;0.45760888886595624;0.42017846429150779;0.12221264684253588
42022;142023;Medium;Medium;0.227529593939157;0.51891816010655334;0.2535522459542896
12984;112985;High;Medium;0.25534459599257042;0.48689071363360631;0.25776469037382321
10483;110484;Medium;Medium;0.45594477896804164;0.4591463529821716;0.084908868049786826
45217;145218;High;Medium;0.21001202312037018;0.51333528943118079;0.27665268744844912
30577;130578;Low;Low;0.46994136699330502;0.44596710676583085;0.084091526240864245
41624;141625;Low;Medium;0.32100121820244515;0.5036709230394083;0.17532785875814655
42283;142284;High;High;0.019184788745037894;0.23735421311983376;0.74346099813512834
26670;126671;High;Medium;0.11318046076064044;0.47025555773781053;0.416563981501549
48076;148077;Medium;High;0.037355085520321435;0.30174322125482234;0.66090169322485626
24859;124860;High;Medium;0.20200122540275794;0.4840490069941758;0.31394976760306631
42911;142912;Medium;Medium;0.24361746151804314;0.47467279628079345;0.28170974220116346
47252;147253;High;High;0.093520076977734942;0.43930965828458779;0.46717026473767731
9290;109291;Medium;Low;0.45876680567999301;0.45057083789091679;0.090662356429090207
29962;129963;High;High;0.0039066950068051016;0.092817936196142328;0.90327536879705261
41957;141958;High;Medium;0.4194264061198385;0.46733274204062791;0.11324085183953356
12504;112505;Medium;Medium;0.32452428152768381;0.51186341019740156;0.16361230827491463
35361;135362;Low;Low;0.47019139248727893;0.43577860643841337;0.094030001074307756
44848;144849;Medium;Medium;0.36478884804045192;0.48916133309903231;0.14604981886051585
18240;118241;High;Low;0.53221876554868119;0.39706225330965617;0.070718981141662571
44743;144744;High;Medium;0.23594289491667081;0.53215234102438735;0.23190476405894181
26676;126677;Medium;Medium;0.21142339774005731;0.51036589256557852;0.27821070969436412
39207;139208;Medium;Medium;0.37263036785269488;0.4898371175200687;0.13753251462723642
1881;101882;Low;Low;0.63433652905490057;0.33110389940176571;0.034559571543333632
15850;115851;Low;Low;0.47305378534755738;0.44730660082610307;0.079639613826339564
37090;137091;Low;Low;0.46342317815402517;0.45306511841940944;0.083511703426565456
13776;113777;Medium;Medium;0.2792326331997515;0.51210259974171113;0.20866476705853737
21499;121500;Medium;Medium;0.18211001056360324;0.44641545186206344;0.37147453757433324
17000;117001;Medium;Low;0.47681543511822244;0.43480864950223308;0.088375915379544492
22742;122743;High;High;0.01721332362117952;0.17904195362072226;0.80374472275809827
5853;105854;Low;Medium;0.30267417969688326;0.50672795287040207;0.19059786743271467
36470;136471;Medium;Medium;0.38576662022482411;0.4767874900694169;0.13744588970575902
32577;132578;High;Medium;0.12957832353868493;0.47546988721807071;0.39495178924324442
36034;136035;High;Medium;0.15439393739602333;0.51321825357321449;0.33238780903076209
40962;140963;High;Medium;0.14134904818322119;0.46916281544395838;0.38948813637282043
38457;138458;High;Low;0.57650288259145888;0.37255766512528732;0.050939452283253771
1477;101478;Low;Medium;0.29165544811142091;0.4948443163569668;0.2135002355316124
29468;129469;Low;Low;0.5398266724258064;0.3979745700418027;0.062198757532390986
18966;118967;Low;High;0.079847822861457321;0.44115650109763072;0.47899567604091192
48917;148918;High;High;0.053503914773555115;0.30652715756458299;0.63996892766186186
18074;118075;Low;Medium;0.29350011574135387;0.51137873626172681;0.19512114799691932
9735;109736;Medium;Low;0.53736061248781797;0.38528888576567244;0.077350501746509606
13819;113820;High;High;0.065584892078134324;0.39403172669776626;0.54038338122409957
46691;146692;Medium;Low;0.5676581402512465;0.37309821841990021;0.059243641328853271
4345;104346;Medium;Low;0.52621845816938739;0.40898786175307594;0.064793680077536581
25294;125295;High;High;0.10768818633984922;0.38881051529320998;0.5035012983669408
19897;119898;Medium;Low;0.54054976456596571;0.39193715578925664;0.067513079644777582
28329;128330;Low;High;0.069467133832323127;0.39023366728427639;0.5402991988834005
38116;138117;Low;Low;0.59345458131728601;0.36255705996507381;0.043988358717640084
4604;104605;Medium;Medium;0.40056343718894982;0.48647138088423841;0.11296518192681178
3363;103364;Low;Medium;0.44573869085320922;0.45343191029177882;0.10082939885501205
15809;115810;Medium;Low;0.51339201209481156;0.41959646411820928;0.067011523786979152
47471;147472;High;Medium;0.27773217235546371;0.50331289644804478;0.21895493119649148
24404;124405;Low;Low;0.57671174479167886;0.37302963300386877;0.050258622204452479
6301;106302;Low;Medium;0.3826600798734382;0.48833910409465164;0.12900081603191016
12832;112833;Low;Medium;0.40469660649328137;0.47164191041702486;0.12366148308969373
10508;110509;Low;Medium;0.25383066734997389;0.50256424145270462;0.24360509119732149
6670;106671;High;High;0.0079692076530872066;0.14663507235185028;0.84539571999506247
16641;116642;Low;Medium;0.43888894202653522;0.4716485090824894;0.08946254889097531
33350;133351;High;High;0.0015245847970836075;0.057525298649706312;0.94095011655321015
19983;119984;Medium;Medium;0.26226093217719448;0.45761209162596189;0.28012697619684368
36188;136189;High;High;0.0032596861839628028;0.097780893539906641;0.89895942027613063
16522;116523;Low;Medium;0.40474701716776196;0.48854927058785974;0.10670371224437823
2524;102525;Low;Low;0.52301610658973252;0.41317586525150729;0.063808028158760174
33573;133574;Low;Medium;0.24683628258412477;0.50283354775776301;0.25033016965811228
10164;110165;Low;Medium;0.40236442644544762;0.47948701044966752;0.11814856310488502
32116;132117;High;High;0.029959306928053674;0.28630788827764247;0.68373280479430387
1570;101571;Medium;Medium;0.39473761091938403;0.46303146638217857;0.14223092269843729
10427;110428;High;Medium;0.14356630188039399;0.48689665461809761;0.3695370435015084
34932;134933;Low;Medium;0.29836730566509573;0.509468016393127;0.19216467794177722
38803;138804;Medium;Medium;0.39596357608366223;0.4696348621010622;0.13440156181527571
44012;144013;Low;Medium;0.27903753640056872;0.50607638854437398;0.21488607505505733
47915;147916;High;High;0.0021675697009613522;0.081924264781535611;0.91590816551750309
42090;142091;Medium;High;0.040951792373691738;0.32134606015164524;0.63770214747466303
15328;115329;High;High;0.085649699681499339;0.3367471310274025;0.57760316929109812
45273;145274;Low;Medium;0.25561968509285532;0.51975548749260214;0.22462482741454248
40712;140713;High;Medium;0.24101909030245197;0.50362946537139175;0.25535144432615625
8960;108961;High;High;0.0030891130901674313;0.10005447112403802;0.89685641578579467
19500;119501;High;Medium;0.15971914688929834;0.45812787373229941;0.38215297937840237
1410;101411;Low;Medium;0.36281756083393552;0.49701974241063457;0.14016269675542986
49056;149057;Low;Low;0.52722363259104466;0.41391910318487773;0.058857264224077617
1445;101446;High;High;0.092428840842537427;0.44031370241320522;0.46725745674425734
15534;115535;High;High;0.0125828348158868;0.18670357205116314;0.80071359313295021
16686;116687;Medium;Low;0.58606119774146637;0.36789313923188716;0.04604566302664647
38357;138358;Low;Medium;0.39895984302510074;0.45753544494026854;0.14350471203463069
12703;112704;Medium;Medium;0.28936836650733927;0.51274487215427433;0.19788676133838645
7162;107163;High;Medium;0.13893848064992287;0.45650113765293537;0.40456038169714176
13079;113080;High;Medium;0.27140143510971654;0.51752030979823282;0.21107825509205069
16121;116122;Medium;Medium;0.43571929548152272;0.45960503074364811;0.10467567377482903
38344;138345;High;High;0.050164790074636922;0.35142564170946294;0.5984095682159003
7589;107590;Low;Low;0.61321736002469696;0.35394881624044117;0.032833823734861926
44812;144813;Medium;Low;0.50883025942835758;0.39629484493293721;0.09487489563870527
36959;136960;Medium;Medium;0.20467437261457033;0.51259140710116635;0.28273422028426332
27445;127446;High;Low;0.56690683598712255;0.38162701802591042;0.051466145986967041
7036;107037;Medium;Low;0.48683913443052329;0.43492423103864331;0.07823663453083346
2536;102537;High;High;0.11248632856547751;0.37927127743082567;0.50824239400369675
27674;127675;Medium;Medium;0.32660987250497342;0.5011397208063948;0.17225040668863187
32193;132194;Medium;Low;0.47793687932975182;0.41859759069708308;0.10346552997316502
21281;121282;Low;Low;0.64734098039288279;0.32184314583205997;0.030815873775057265
16407;116408;Low;Low;0.46101363519672744;0.45128705195985058;0.087699312843422111
48591;148592;High;Medium;0.40920354373832774;0.43871538571968521;0.15208107054198694
40931;140932;Medium;Medium;0.35075162420522055;0.50718283365009975;0.14206554214467967
6215;106216;High;Medium;0.22243330124061714;0.4704041888302099;0.30716250992917304
26405;126406;High;Medium;0.25494870182328505;0.47036673312400079;0.27468456505271416
29543;129544;Low;Low;0.56633847296168605;0.36537628143399598;0.068285245604318021
45809;145810;High;Medium;0.3505257000421273;0.49124999050870477;0.15822430944916785
23969;123970;Medium;High;0.077899885188015119;0.37272516193444644;0.54937495287753857
1609;101610;Low;Low;0.57078654184058952;0.37642463876412058;0.05278881939528994
23017;123018;Low;Low;0.50673595857794385;0.4006718884170602;0.092592153004995958
14862;114863;Medium;Medium;0.20465372148940983;0.52803795846390467;0.26730832004668553
41913;141914;High;Medium;0.28719537287870728;0.51165998389707301;0.20114464322421971
24399;124400;High;Medium;0.10480296306378421;0.44894693971891847;0.44625009721729741
43294;143295;Medium;Low;0.4815271722603281;0.42413961234114239;0.09433321539852943
32718;132719;High;High;0.051367128528681173;0.37017222997808419;0.57846064149323451
9117;109118;Medium;Low;0.60635716835221498;0.34956878793897134;0.044074043708813598
17552;117553;Low;Low;0.60683917164736079;0.34704976358117068;0.046111064771468625
26622;126623;Medium;High;0.081158653651333901;0.34478120290177522;0.57406014344689082
40896;140897;Low;Medium;0.41859915165346734;0.46143727984796234;0.11996356849857037
32814;132815;Low;Medium;0.3556842457517605;0.47853297223503255;0.16578278201320704
8684;108685;Low;Low;0.4552124419974265;0.42418549479994805;0.12060206320262538
32163;132164;High;Medium;0.11919890838787874;0.47026842968389421;0.41053266192822702
37617;137618;Medium;High;0.031283853070854732;0.27490124804541699;0.69381489888372827
22489;122490;Medium;Low;0.49642087270854696;0.42828166620648728;0.075297461084965739
42291;142292;High;Medium;0.1389344365016309;0.47532065504059856;0.3857449084577706
5367;105368;High;High;0.044512383832522394;0.33073804030929455;0.62474957585818314
8632;108633;Low;Medium;0.27467840937650639;0.52919943643931755;0.19612215418417606
18595;118596;Medium;Low;0.60144905509388624;0.35480365028838684;0.043747294617726869
15391;115392;Low;Medium;0.24891750148549857;0.46505288166787367;0.28602961684662787
8233;108234;Medium;Medium;0.13828707191013809;0.48177904991718801;0.37993387817267393
18066;118067;Low;Medium;0.40927131312843518;0.47925469532965775;0.11147399154190707
10079;110080;Low;Medium;0.39615116487580049;0.47952572521619347;0.12432310990800602
32149;132150;High;Medium;0.32930410720789871;0.50359195471542983;0.16710393807667154
8038;108039;High;High;0.0036985066104987612;0.1051955237242182;0.89110596966528322
35454;135455;Low;Low;0.63753178153671219;0.32972916213065645;0.032739056332631439
49903;149904;Low;Medium;0.38259983240541406;0.48673813093920115;0.13066203665538484
31244;131245;High;High;0.011271110940787433;0.17586774287378987;0.81286114618542271
24634;124635;Low;Low;0.4623151074753919;0.44454739799585269;0.09313749452875543
2941;102942;Medium;Low;0.52352202568207429;0.40143811723174477;0.075039857086181092
8216;108217;High;High;0.061191938304338396;0.31737579388096021;0.6214322678147014
9872;109873;Medium;Medium;0.22516149522780712;0.52418111441814952;0.25065739035404333
28139;128140;Medium;Medium;0.41794393485817066;0.47509705215658504;0.10695901298524443
13560;113561;High;Medium;0.13639591516817598;0.43744335327697642;0.42616073155484768
43923;143924;Medium;Medium;0.38993531214665128;0.47155479605534389;0.13850989179800474
26424;126425;High;High;0.024336240895175186;0.21522317924319964;0.76044057986162517
33480;133481;Low;Medium;0.32362665024957454;0.50595021077567248;0.170423138974753
5453;105454;High;Medium;0.24238404509354886;0.45809337028332736;0.29952258462312387
29442;129443;Medium;Medium;0.32559873788190263;0.49805409416806695;0.17634716795003039
607;100608;Medium;Low;0.55431507749255871;0.38856373581630393;0.057121186691137388
20879;120880;Medium;Medium;0.28555814560974335;0.52038017961473182;0.19406167477552483
14335;114336;Low;Low;0.47734340680479181;0.43959604664818092;0.083060546547027339
40322;140323;Medium;Medium;0.2024618480484934;0.50883066451227954;0.28870748743922703
32927;132928;Medium;Medium;0.16126154896401446;0.50246983704890258;0.33626861398708296
12460;112461;Medium;Medium;0.24114115314084519;0.52262519350661307;0.23623365335254168
28192;128193;Low;Medium;0.14110617026932076;0.46091418998515377;0.39797963974552536
22348;122349;Medium;Low;0.52772647881922197;0.4051493728581077;0.067124148322670329
36168;136169;Medium;High;0.074045043516393558;0.39903598535764195;0.52691897112596442
11823;111824;Low;Medium;0.28781454016437119;0.51095998853947888;0.20122547129615004
47551;147552;Low;Medium;0.41208966832705662;0.46830501534499946;0.11960531632794397
23835;123836;Medium;Low;0.57156301087329386;0.36314847392634469;0.065288515200361344
32026;132027;High;Medium;0.29487615466653216;0.52372115134728203;0.1814026939861858
34920;134921;Low;Low;0.49063653910312444;0.40653014356183292;0.10283331733504271
11523;111524;Low;Medium;0.1580188973620294;0.48955455343827786;0.35242654919969285
22266;122267;Medium;Medium;0.32377964760004269;0.47708233973973868;0.19913801266021877
28862;128863;Low;Low;0.51319158754322292;0.42095417687214964;0.065854235584627413
25430;125431;Low;Medium;0.19230575897667768;0.47795027804233192;0.32974396298099029
38508;138509;Low;Low;0.61787796539968065;0.34495414749872177;0.037167887101597664
30919;130920;Low;Low;0.71757811252971482;0.26037709068505921;0.02204479678522599
4535;104536;Low;High;0.064415884773929566;0.36860917399812193;0.56697494122794856
39919;139920;Medium;Low;0.59336773419758115;0.36400029061015371;0.042631975192265234
447;100448;Medium;Medium;0.31248243429184741;0.51160273976082471;0.17591482594732791
19671;119672;Medium;Low;0.54172647750513603;0.39642804438840767;0.061845478106456304
29057;129058;Medium;Medium;0.27627640887877597;0.47436119971211899;0.24936239140910504
27704;127705;Medium;Medium;0.41166221531163916;0.46627630517998164;0.1220614795083792
2932;102933;Low;Medium;0.3392100375187837;0.51770318702506135;0.14308677545615492
17210;117211;Low;Low;0.48375508248565147;0.43381668132876194;0.082428236185586687
42129;142130;Medium;Low;0.46680501451459588;0.43573274193858613;0.097462243546817956
48032;148033;Low;Low;0.48770598624646411;0.43344391316316971;0.078850100590366193
20852;120853;Low;Low;0.47042615139102228;0.44040649920026737;0.08916734940871035
49061;149062;Low;Low;0.63485645051886253;0.33109362488837446;0.034049924592763015
48859;148860;High;Medium;0.41418018606244367;0.4439311033708262;0.14188871056673011
24261;124262;High;Medium;0.41194348133118724;0.46770899801993837;0.12034752064887437
19275;119276;High;Low;0.45971021701811143;0.44741564892703717;0.092874134054851287
31497;131498;Medium;Medium;0.15433557890160138;0.50110298459659375;0.34456143650180487
24338;124339;Medium;Medium;0.31833272985718958;0.51703625090410077;0.16463101923870968
45936;145937;Medium;High;0.027526506978032429;0.25920304313593162;0.71327044988603605
3388;103389;Medium;Low;0.57230640155445323;0.38151969634054245;0.046173902105004307
21042;121043;Low;Low;0.54778588459852784;0.37440398411434667;0.07781013128712555
43183;143184;Medium;Medium;0.3661093192681012;0.50031686014620236;0.13357382058569639
43339;143340;Medium;Low;0.51200181281025259;0.40910254929457213;0.078895637895175216
37390;137391;Low;Low;0.56797838234419806;0.36810045492586502;0.063921162729936906
713;100714;Low;Low;0.68865916171373787;0.28642857333730454;0.024912264948957524
29681;129682;Low;Medium;0.43388997557904696;0.46817571045120049;0.097934313969752509
13239;113240;Low;Low;0.63876024564051759;0.32620831746351053;0.035031436895971914
40182;140183;Medium;Medium;0.2232813587801219;0.50305362226184935;0.27366501895802881
5196;105197;Medium;High;0.09721272672393215;0.43461531627114819;0.46817195700491965
25272;125273;Low;Low;0.53171562351341894;0.40469609605932444;0.063588280427256685
7490;107491;Medium;Medium;0.3515880043811907;0.51106941384050586;0.13734258177830341
42771;142772;High;High;0.0032875866281714228;0.092349416416908511;0.90436299695492017
38840;138841;Medium;Medium;0.16354777873453979;0.48481798722276237;0.35163423404269795
42819;142820;Medium;Medium;0.16506433187084935;0.48294194546382446;0.35199372266532619
23078;123079;Medium;Medium;0.3959614218244315;0.47572107707775402;0.12831750109781453
16627;116628;Low;Low;0.66891616951761679;0.30207856037479991;0.029005270107583261
7781;107782;Medium;Medium;0.19790436123682031;0.51459897352380379;0.28749666523937589
48347;148348;High;Medium;0.28797736024582932;0.49745504496681658;0.21456759478735399
48188;148189;Low;Medium;0.26120476719551916;0.51556856626106429;0.2232266665434165
8686;108687;Medium;Medium;0.4079116194010583;0.47339751795794799;0.11869086264099364
32751;132752;Low;Medium;0.29508800110042743;0.51269614049164458;0.19221585840792793
7049;107050;Medium;Low;0.45844110221607648;0.45551627385121957;0.086042623932704024
3151;103152;Medium;Medium;0.31261686347467804;0.51550946519384377;0.17187367133147816
17697;117698;Low;Low;0.44638389031147263;0.4351930867938355;0.11842302289469182
25669;125670;Medium;Medium;0.14179177815049512;0.47785178326874034;0.38035643858076446
4047;104048;High;High;0.040248215091604957;0.2717886317284825;0.68796315317991263
5708;105709;Low;Medium;0.19328847799073456;0.46611004152388053;0.34060148048538486
26106;126107;Medium;Medium;0.32440674258968888;0.50821293262348988;0.16738032478682116
32008;132009;Medium;Medium;0.23455271703026209;0.46821374272925581;0.29723354024048215
15128;115129;Low;Low;0.53297566278508413;0.40722993538989311;0.059794401825022735
41919;141920;Medium;Medium;0.12263922822532056;0.49008389364277244;0.38727687813190698
234;100235;High;Medium;0.37479891616237188;0.49051952884608097;0.13468155499154727
13863;113864;High;High;0.010004827232299941;0.1692513028415073;0.82074386992619286
10929;110930;Low;Low;0.50374963871831213;0.41304257286283003;0.083207788418857884
19220;119221;Low;Medium;0.24546489577003333;0.53382884413923537;0.22070626009073133
4444;104445;Medium;Medium;0.40953079258467745;0.48718678750757277;0.10328241990774981
37194;137195;Low;Low;0.63832809799856771;0.32469269160468639;0.036979210396745808
33362;133363;High;Low;0.4774007850187002;0.44419090882643825;0.078408306154861468
43217;143218;High;High;0.011055046312265233;0.1937669220646264;0.79517803162310841
46890;146891;High;High;0.12671163249777045;0.41779405103453171;0.45549431646769778
37914;137915;High;High;0.072041941513027327;0.34052195207311936;0.58743610641385335
16194;116195;Low;Low;0.53517971469575354;0.40008638668206981;0.064733898622176794
14785;114786;Medium;High;0.10598765720608663;0.43940984492483159;0.45460249786908169
20413;120414;Medium;Medium;0.42279573415052363;0.45978563586421123;0.11741862998526509
28730;128731;High;Medium;0.21539577219591369;0.47595382913312723;0.30865039867095906
9899;109900;Medium;Medium;0.27519353369581129;0.48683159989323843;0.23797486641095036
38721;138722;Low;Medium;0.36560177857277665;0.48892177180707874;0.14547644962014458
10911;110912;Medium;Low;0.57771601921895332;0.37010990255046727;0.052174078230579339
2435;102436;Medium;Medium;0.22832298996135023;0.49213595016419526;0.27954105987445449
45391;145392;High;High;0.036006628268846791;0.31011274546791373;0.65388062626323951
15576;115577;High;Medium;0.41291345241854371;0.46430501771438532;0.12278152986707098
6241;106242;Low;Low;0.46198208271930158;0.45263483734251969;0.085383079938178869
40078;140079;Medium;High;0.0043255472444275363;0.1188157434825655;0.87685870927300702
7561;107562;Medium;Medium;0.22555473370226148;0.51518864433479028;0.25925662196294819
25050;125051;Medium;High;0.093818344091849984;0.41856686316202757;0.48761479274612246
39008;139009;Medium;Medium;0.20568394657500094;0.50884738294617038;0.28546867047882868
41368;141369;Medium;Medium;0.1493551536085119;0.50365351010214388;0.34699133628934425
28791;128792;High;High;0.0049762232295183506;0.10102787290915526;0.89399590386132632
24456;124457;Medium;Medium;0.12940556088774272;0.47284724842392872;0.39774719068832859
49599;149600;Low;Medium;0.28182306415777852;0.52128407904871243;0.19689285679350907
37277;137278;High;High;0.01203148869691391;0.16305787242316919;0.82491063887991689
25561;125562;Low;Medium;0.2949328681324021;0.51720659768098132;0.18786053418661655
25527;125528;High;High;0.026714041281938529;0.25115327705167551;0.72213268166638589
36796;136797;Low;Low;0.61828666676202038;0.34546995761845678;0.03624337561952292
23235;123236;High;High;0.071495950130528299;0.38711032644056692;0.54139372342890468
10127;110128;Low;Low;0.55889533737085084;0.39183511916279973;0.04926954346634934
12485;112486;Low;Medium;0.44778606264763698;0.45535740760190274;0.096856529750460246
32067;132068;High;Medium;0.44137558976907565;0.45606891271129391;0.10255549751963049
22588;122589;Low;Low;0.47350145906414931;0.44154139147780463;0.084957149458045958
23769;123770;High;High;0.027609104796811237;0.26330066005303632;0.70909023515015257
48075;148076;Medium;Medium;0.19151644212290364;0.49991434954469954;0.30856920833239682
43486;143487;High;Medium;0.40477118559028286;0.47953819147477134;0.11569062293494591
14079;114080;Medium;Low;0.48996503802061619;0.42698395839603792;0.083051003583345787
22321;122322;High;High;0.011322939001051982;0.15135954216056841;0.83731751883837968
14883;114884;Medium;Low;0.64754836668742499;0.31637496334149551;0.036076669971079445
13391;113392;Medium;Medium;0.39464527575660607;0.44940665192901663;0.15594807231437735
4919;104920;Medium;Low;0.57904652930430722;0.37260450318807109;0.048348967507621674
31734;131735;High;Low;0.45790824061349084;0.44070170722006585;0.10139005216644316
10578;110579;Low;Medium;0.33311903836459122;0.50155698905144497;0.16532397258396375
32503;132504;Medium;Low;0.58447616499209154;0.37388064886162703;0.04164318614628143
20037;120038;High;Medium;0.39704745253561047;0.48755863960126833;0.11539390786312111
8631;108632;Low;Low;0.45521011450569049;0.42585242793746053;0.11893745755684902
39656;139657;Medium;Medium;0.22909928443916724;0.50945767543459386;0.26144304012623881
27041;127042;Medium;High;0.092619569795200835;0.36796752707674557;0.53941290312805357
25890;125891;High;Low;0.56848476317869023;0.37281161093252407;0.058703625888785638
29146;129147;Medium;Medium;0.22773213650113647;0.51056626528913451;0.26170159820972905
2596;102597;Medium;Medium;0.2474349433589336;0.52742494856903088;0.22514010807203561
28113;128114;Low;Low;0.62770071860685628;0.33396571256087193;0.038333568832271792
32747;132748;Low;Low;0.60924538407921869;0.34521792066328749;0.04553669525749366
1970;101971;High;Medium;0.42612169122578308;0.46280064094829232;0.11107766782592467
40114;140115;Medium;Low;0.52370415707873841;0.41206121585725075;0.064234627064010938
589;100590;Low;Medium;0.11155435525250612;0.4588239383889971;0.42962170635849678
16822;116823;High;Medium;0.11521567830362371;0.4781203204403483;0.40666400125602786
44889;144890;Medium;Medium;0.44158591417319937;0.45719025501633137;0.10122383081046928
34474;134475;High;Medium;0.19776817142344072;0.50049496929431125;0.30173685928224803
15016;115017;Low;Low;0.57192597986301263;0.37848510194436502;0.04958891819262233
3810;103811;Medium;Medium;0.4277109758153233;0.46826943409853028;0.10401959008614631
25502;125503;Medium;Low;0.71084199788810276;0.26973969654722113;0.019418305564676039
5360;105361;Low;Low;0.61676446858910472;0.34580100089290111;0.037434530517994155
34435;134436;Medium;High;0.007623818955377679;0.16202030197236902;0.83035587907225339
43779;143780;Medium;Medium;0.13987527868827157;0.46820793420358009;0.39191678710814837
12458;112459;Medium;High;0.051984936000907526;0.34287224541838102;0.60514281858071139
7928;107929;Low;Low;0.57994081156097266;0.3751366442463297;0.044922544192697575
21737;121738;Medium;Medium;0.29185515363589692;0.50567003294146418;0.20247481342263884
13437;113438;Low;Medium;0.31546674515352058;0.47948219028445666;0.20505106456202266
30449;130450;Medium;Medium;0.42973332237302891;0.45621889351869227;0.11404778410827882
34016;134017;Low;Low;0.54133457631337634;0.38131721767529592;0.077348206011327733
39145;139146;Medium;Low;0.47504656424578445;0.43583574806015007;0.089117687694065362
10034;110035;Low;Medium;0.41309047884826539;0.45007712249350085;0.13683239865823382
49177;149178;High;Medium;0.18667987311926384;0.51125413409369125;0.30206599278704488
14679;114680;Medium;Medium;0.28267406206821916;0.50989315794168555;0.2074327799900953
37668;137669;High;High;0.051260041373370362;0.36396749099185138;0.5847724676347783
8022;108023;Medium;Low;0.56879084682628356;0.38011178569467879;0.051097367479037738
16071;116072;Low;Low;0.62075526454908858;0.34099165981521173;0.038253075635699636
36060;136061;Medium;High;0.09470617538193131;0.40820418935997393;0.49708963525809474
7989;107990;High;High;0.048168191798196737;0.34351207212032464;0.6083197360814786
18260;118261;Medium;Medium;0.27776876772398273;0.50512010725399925;0.21711112502201799
21174;121175;Low;Low;0.63582765970278943;0.3279749277229751;0.036197412574235387
31292;131293;High;High;0.10843041452144636;0.42982838897081799;0.4617411965077356
22845;122846;Medium;Low;0.53192874076052199;0.40282357843934735;0.065247680800130617
45858;145859;Low;Low;0.49528204691578276;0.43189390151440582;0.072824051569811407
36338;136339;Medium;Medium;0.21343163424592479;0.44730522862193572;0.33926313713213946
37439;137440;Low;Medium;0.31603475466325753;0.47876822576656969;0.20519701957017281
27114;127115;Medium;Low;0.51783992989925121;0.38624909973903743;0.09591097036171134
17632;117633;Medium;Medium;0.23073507835237786;0.45142606573297284;0.31783885591464933
39473;139474;Low;Low;0.47542479194453091;0.44323884743334147;0.081336360622127513
4817;104818;Low;Medium;0.19129398042518039;0.50136379619002458;0.30734222338479511
17682;117683;High;Medium;0.2088307734773073;0.52229642939336673;0.26887279712932599
7044;107045;High;High;0.079910694069272328;0.40209915458205281;0.51799015134867477
41983;141984;Medium;Low;0.44930217061390776;0.43066691023892484;0.12003091914716738
45659;145660;Medium;Low;0.4799481938838614;0.43479873697800031;0.085253069138138196
44129;144130;Medium;High;0.11172074645548662;0.41390246587476676;0.47437678766974667
40194;140195;Medium;Medium;0.27762711348583702;0.50441641010096694;0.21795647641319607
49748;149749;Medium;Low;0.53090930474470788;0.40873719771771211;0.060353497537579959
44234;144235;Medium;Medium;0.38547845119361784;0.45844662674205766;0.15607492206432444
7339;107340;Medium;Medium;0.3376580324581625;0.4976014417662758;0.16474052577556156
46590;146591;Medium;Medium;0.29615302565178209;0.50578240757369475;0.19806456677452319
46100;146101;High;High;0.099023091105478134;0.43420472430293333;0.46677218459158865
3075;103076;Medium;Low;0.49708093077012444;0.42827060834096392;0.074648460888911625
2357;102358;Medium;High;0.11910355304422512;0.41680522907830253;0.46409121787747226
21895;121896;Low;Low;0.60697304540294161;0.34807219795203159;0.044954756645026843
33744;133745;Medium;High;0.11011641957909517;0.3827598701134467;0.50712371030745818
17959;117960;High;Medium;0.18543937647360573;0.48937347655507168;0.32518714697132267
31228;131229;Medium;Low;0.48122509744951225;0.42650701538990071;0.092267887160587009
2772;102773;Medium;Medium;0.18386534359174492;0.50842724636815118;0.30770741004010399
32731;132732;Medium;Medium;0.20719587049646029;0.50737865075056199;0.28542547875297763
31467;131468;Medium;Medium;0.32616789709096411;0.49799868535425595;0.17583341755478007
34430;134431;High;Medium;0.11137763695882225;0.44561747599294027;0.44300488704823743
40879;140880;High;High;0.063366963119000419;0.37238165471642165;0.56425138216457793
35756;135757;Low;Medium;0.24264572095636835;0.53704114333820263;0.22031313570542907
33150;133151;Medium;Medium;0.27051862494270795;0.5312120636671066;0.19826931139018547
26168;126169;Medium;Low;0.55014572004028695;0.39098504221254637;0.058869237747166632
37688;137689;Medium;Medium;0.41722846304186789;0.48142035870009697;0.10135117825803519
38957;138958;Medium;Medium;0.36442095230828864;0.46123566906269375;0.1743433786290175
2356;102357;High;Medium;0.39599706572577925;0.47697303020312709;0.12702990407109377
33490;133491;Medium;Medium;0.38080936428667589;0.4858151057450189;0.13337552996830521
6227;106228;Low;Medium;0.44041562690659009;0.45439314997600511;0.10519122311740481
48722;148723;Low;Low;0.58802147363506052;0.36423635738391846;0.047742168981021002
31792;131793;Medium;Low;0.47089658274261648;0.44535471936875914;0.083748697888624365
17976;117977;High;Low;0.67336536118086554;0.297135030936161;0.0294996078829734
28937;128938;Medium;Medium;0.39813032569306533;0.44742066247740858;0.15444901182952611
36642;136643;Medium;Low;0.50591640632178558;0.38937384467670239;0.10470974900151211
22360;122361;Low;Medium;0.19075179116311655;0.51500132474842741;0.29424688408845606
2629;102630;Low;Low;0.52856810185952141;0.39190768979831037;0.079524208342168182
18605;118606;Medium;Low;0.6508675900330978;0.30662353880059273;0.042508871166309498
49996;149997;Medium;Medium;0.35269168475426294;0.50034485086594926;0.14696346437978774
48514;148515;Low;Low;0.60435171315431968;0.35227099803361317;0.04337728881206708
37440;137441;Low;Low;0.50283545598216828;0.40592795063487763;0.09123659338295402
33221;133222;Medium;High;0.11226584011140998;0.41059970059834161;0.47713445929024834
28235;128236;High;High;0.10311192928102779;0.44536328859076113;0.45152478212821118
5949;105950;Medium;Low;0.50452323779089825;0.42795231261873162;0.067524449590370059
4084;104085;Medium;Medium;0.39676718686310702;0.47768659200822988;0.1255462211286632
4648;104649;Low;Low;0.51150729186661825;0.3985820038557959;0.089910704277585796
16539;116540;Medium;Medium;0.32317825842199427;0.4985698406378527;0.178251900940153
29331;129332;High;Medium;0.14968071449600476;0.460356408838904;0.38996287666509122
32608;132609;Medium;Medium;0.17880413346642304;0.48938782374195877;0.33180804279161813
37434;137435;Medium;Medium;0.14675570900444132;0.4704299867069266;0.38281430428863206
38087;138088;Low;Low;0.46614152857304114;0.44805237927731745;0.085806092149641425
40333;140334;High;Low;0.63848843047514581;0.316477974368846;0.045033595156008063
31952;131953;Medium;Medium;0.41316282207418548;0.46754527185180605;0.11929190607400855
31540;131541;Medium;Medium;0.10791268255525338;0.4523328201505149;0.43975449729423161
17716;117717;Medium;Low;0.5281733454648927;0.40281696505447306;0.069009689480634309
11543;111544;Low;Low;0.52627479122791798;0.40813941496873646;0.065585793803345532
5094;105095;Medium;High;0.010627918762459483;0.17875157262572983;0.81062050861181056
40272;140273;Low;Low;0.47264084194459988;0.44957896122981045;0.077780196825589579
22312;122313;High;High;0.0013950902303929615;0.065307912904690846;0.93329699686491607
37138;137139;Medium;Medium;0.14052712489975819;0.46148280518704315;0.39799006991319869
44057;144058;Medium;Medium;0.3645375267471378;0.49279781261715183;0.14266466063571029
18714;118715;Medium;Low;0.49979827359145623;0.43100600453652888;0.069195721872014795
2094;102095;High;Medium;0.32046495609126202;0.50084547197138907;0.17868957193734897
10312;110313;Medium;Medium;0.12786916936634013;0.43865363175980132;0.43347719887385849
2823;102824;Low;Medium;0.39928927896553901;0.47295108586318518;0.1277596351712757
10448;110449;Low;Medium;0.23173306267707694;0.52426553038561441;0.24400140693730868
5270;105271;High;Low;0.51403602119516567;0.4177635357995767;0.068200443005257738
20727;120728;Low;Medium;0.34889189178570235;0.46766843878824327;0.18343966942605444
12486;112487;Medium;Medium;0.41769017557323762;0.46703013606128402;0.11527968836547826
39288;139289;Medium;Medium;0.2235349090789305;0.49182752530915064;0.28463756561191894
15522;115523;Medium;Low;0.48783419200558742;0.43668733674800381;0.07547847124640876
16048;116049;Low;Low;0.58561859479239864;0.36556994378164953;0.04881146142595176
45963;145964;High;Medium;0.26673348386741691;0.50462929183632932;0.2286372242962538
39345;139346;Medium;High;0.071113427922366079;0.41180304033290138;0.51708353174473254
31680;131681;Medium;Medium;0.12056523802993502;0.46463686593334197;0.41479789603672301
32926;132927;High;Medium;0.42976787104366904;0.4666518276818446;0.10358030127448636
6065;106066;Medium;Medium;0.41926949325927587;0.47419713410538289;0.10653337263534127
47005;147006;Medium;Low;0.58050554278658328;0.35703767560311439;0.062456781610302332
46678;146679;High;Medium;0.11705020706547933;0.45108294906219931;0.43186684387232133
9773;109774;Medium;Low;0.49741941837226833;0.42478693658552785;0.077793645042203832
3064;103065;Medium;Medium;0.19724751991122888;0.50464069139027856;0.29811178869849253
552;100553;Low;Medium;0.33116362149850898;0.46760822294608406;0.20122815555540705
22145;122146;Medium;Medium;0.31476623643411716;0.52515509964311835;0.16007866392276446
6639;106640;Medium;Medium;0.33625205739700725;0.5120210025077927;0.15172694009520016
16220;116221;Medium;High;0.0076736092499814883;0.15510203112289683;0.83722435962712172
3425;103426;High;High;0.0013734062143972131;0.061115465895194294;0.93751112789040847
17609;117610;Medium;Low;0.5514029544514103;0.39136397647403504;0.057233069074554672
19209;119210;Medium;Medium;0.40622570181600542;0.45264051398593241;0.1411337841980623
49715;149716;Medium;Low;0.53633761696238891;0.40188070958259586;0.061781673455015139
21883;121884;Medium;High;0.1015720309427597;0.44597847165285154;0.45244949740438867
40950;140951;High;Medium;0.16078279963881292;0.51002176897853746;0.32919543138264956
2963;102964;High;Medium;0.15153524858499401;0.48220821291594484;0.3662565384990612
43425;143426;Low;Medium;0.39709774659420016;0.47641267790155994;0.12648957550423975
35773;135774;Low;Low;0.67685282884774434;0.29914628886809436;0.024000882284161331
45827;145828;Medium;Medium;0.4378472012221456;0.45210144119060452;0.11005135758724985
30231;130232;Medium;Low;0.51413125508819391;0.41742909616549156;0.068439648746314516
2606;102607;High;Medium;0.27737584611648886;0.50298535075188355;0.21963880313162762
23558;123559;Medium;Low;0.49639796301703643;0.42455437651562894;0.07904766046733476
3705;103706;High;Medium;0.17644929281059385;0.48357088512521135;0.33997982206419486
38182;138183;Low;Medium;0.25557228262466064;0.50256727057928507;0.24186044679605426
48956;148957;Medium;High;0.014547035723761419;0.17937760563440078;0.80607535864183788
19472;119473;Medium;Low;0.55732361166022959;0.38967406652200443;0.053002321817765909
12754;112755;Medium;High;0.070661836301976019;0.38771640586123091;0.54162175783679301
17768;117769;High;Low;0.53521301594858783;0.40119788787443;0.063589096176982204
39770;139771;Low;Low;0.45828597309204139;0.43264096807358315;0.1090730588343755
49934;149935;High;High;0.044098179615262641;0.32579140967801146;0.6301104107067258
33805;133806;Low;Medium;0.44896145869431558;0.45771777115266682;0.093320770153017582
15981;115982;Low;Low;0.47494259508181674;0.44242102300342639;0.082636381914756807
9014;109015;Medium;Medium;0.35816770833270245;0.49560312547625279;0.14622916619104467
19081;119082;High;High;0.073299597988603526;0.40943182981983622;0.51726857219156031
38234;138235;High;Medium;0.25867736120388363;0.46247024873849496;0.27885239005762147
47841;147842;High;High;0.007207318855705803;0.14318450292165161;0.84960817822264256
29894;129895;Medium;Medium;0.22840071436907383;0.50622981112604482;0.26536947450488141
27520;127521;Low;Medium;0.30906615991472025;0.46537538816324742;0.22555845192203228
5095;105096;Low;Medium;0.3354703998486584;0.50282851089635028;0.16170108925499133
4207;104208;Low;Medium;0.32638316923733141;0.50467963110136704;0.16893719966130161
44241;144242;Medium;Medium;0.14227957497000418;0.49980196273375521;0.35791846229624064
29395;129396;Medium;Medium;0.33598606693012273;0.47857111127292373;0.18544282179695343
30515;130516;High;Medium;0.12676588107288164;0.4599470073678939;0.41328711155922443
40669;140670;High;High;0.0055665035047042831;0.12559168080347249;0.86884181569182306
15282;115283;Low;Low;0.48458145777506523;0.4065858846802039;0.10883265754473068
43666;143667;Low;Low;0.58499885158559628;0.37140249186862456;0.043598656545779074
14721;114722;Medium;Medium;0.36646424303585723;0.48639889067070458;0.1471368662934382
5161;105162;Low;Low;0.58529464085633631;0.36566107492924527;0.049044284214418365
8462;108463;Low;Medium;0.22064916539747531;0.50738874563250369;0.271962088970021
25289;125290;High;Medium;0.23634242579043307;0.45218344273542127;0.31147413147414565
35200;135201;Low;Low;0.47614322523687297;0.44394853904118847;0.079908235721938545
14532;114533;Medium;Low;0.56699225941578602;0.37949907120148146;0.053508669382732389
4458;104459;Medium;Medium;0.44169070330706128;0.45098280396453122;0.10732649272840734
2777;102778;Low;Medium;0.23297236560908421;0.48894180112111951;0.27808583326979625
48561;148562;Low;Low;0.45602124740130145;0.45083195278097782;0.093146799817720852
49075;149076;High;High;0.0049015493243384821;0.12329446188224741;0.87180398879341414
25977;125978;Low;Low;0.44971994606275228;0.44399065150807554;0.10628940242917216
45448;145449;Medium;Low;0.64317215266176009;0.32586364393050243;0.030964203407737506
18188;118189;Low;High;0.088682167221889846;0.4168346067834624;0.49448322599464772
47146;147147;High;Medium;0.39087944151363435;0.46817888260639751;0.14094167587996817
17143;117144;Medium;High;0.10368752313710897;0.43182215148210545;0.46449032538078555
15301;115302;High;High;0.037419382762255121;0.26823892222284312;0.69434169501490184
26224;126225;Medium;Medium;0.1883121916766147;0.47099587522447356;0.34069193309891166
30568;130569;Low;Medium;0.32293043491128293;0.51312717635118954;0.16394238873752764
106;100107;Low;Medium;0.35231743812509098;0.46255803201998802;0.18512452985492095
9278;109279;Medium;Low;0.49726655895247168;0.43047850781236541;0.072254933235163021
24539;124540;Low;Low;0.52705642071781689;0.39785862551150469;0.075084953770678364
39065;139066;High;Low;0.48632429778056652;0.41143930446107857;0.10223639775835497
46933;146934;Low;Medium;0.34489441011819205;0.47649248738624222;0.17861310249556564
11699;111700;Medium;Medium;0.15356941050331718;0.49541484535390062;0.35101574414278208
13077;113078;High;Medium;0.39866717323087547;0.48818113206089725;0.11315169470822728
31019;131020;High;High;0.075161431003287218;0.40475464575796272;0.52008392323874997
21830;121831;High;High;0.10139636745200867;0.3833687657623131;0.51523486678567831
9645;109646;High;High;0.1119498369674852;0.44370218772193304;0.44434797531058173
48047;148048;Medium;High;0.11280514665428827;0.43342057633521552;0.45377427701049639
18171;118172;Medium;Low;0.5546799191615549;0.384620041759135;0.060700039079309986
7267;107268;High;High;0.024006532582373213;0.25492189425054995;0.72107157316707682
29738;129739;Medium;Medium;0.3657720986793615;0.49773741428784113;0.13649048703279731
39856;139857;Low;Low;0.50557999642113716;0.42107831872757406;0.073341684851288683
37121;137122;Low;Low;0.659455011858047;0.30196016649531116;0.038584821646641773
45425;145426;Low;Medium;0.10938392930720341;0.45054469869720576;0.44007137199559082
13207;113208;Medium;Medium;0.38862283670368358;0.47905577427400053;0.13232138902231602
1792;101793;Low;Medium;0.13107982651679762;0.47331737526692996;0.39560279821627253
18674;118675;Medium;Medium;0.37299079659601875;0.49867115746301577;0.12833804594096548
6797;106798;Medium;Low;0.57855573611773747;0.37082254353525929;0.050621720347003192
16935;116936;Low;Medium;0.39886763076602899;0.46906343297892478;0.13206893625504623
16437;116438;Medium;Low;0.5278956782010148;0.38868996843737702;0.083414353361608184
22843;122844;Medium;Medium;0.20609889397926248;0.51091897039246115;0.28298213562827645
36248;136249;High;Medium;0.36431432667038088;0.48723155009401525;0.14845412323560384
33983;133984;Low;Medium;0.28890379802972627;0.49407551560714552;0.2170206863631283
11282;111283;Medium;Medium;0.3519125180057483;0.49605808094717824;0.15202940104707341
44539;144540;Low;Low;0.62515676463759873;0.34069225352525551;0.034150981837145933
23609;123610;Low;Low;0.5930035533044985;0.35622909101937306;0.050767355676128459
19712;119713;Medium;Low;0.53701788458535149;0.3786081111586212;0.084374004256027327
38677;138678;High;Medium;0.39431375252452566;0.46239528933704477;0.14329095813842949
41405;141406;High;Low;0.45244408721175083;0.44590873399214948;0.10164717879609965
37044;137045;Low;Low;0.5116892435590249;0.42547988936537606;0.062830867075598984
32232;132233;Low;Medium;0.45109687358405504;0.4579631234120658;0.090940003003879041
35555;135556;Low;Low;0.46933289529797112;0.44075392401290292;0.089913180689126015
26148;126149;Medium;Low;0.61963044276930268;0.34406891524453076;0.03630064198616649
11117;111118;Medium;Low;0.51070230489311508;0.41960387683406597;0.069693818272818939
4844;104845;Low;Medium;0.18662985033337873;0.49853733490534946;0.31483281476127173
13098;113099;Low;Medium;0.432586926475232;0.46665071908029493;0.10076235444447298
23160;123161;Low;Low;0.491794903169741;0.42907149242834353;0.079133604401915483
40389;140390;Medium;Medium;0.10796119381205577;0.45099282892561798;0.44104597726232625
18654;118655;High;Medium;0.29306032819225608;0.50942698651147489;0.19751268529626897
20809;120810;High;Medium;0.29391313113166884;0.47678903334014094;0.22929783552819033
11556;111557;Medium;Medium;0.16400327612647439;0.51699252200963741;0.31900420186388823
49461;149462;Low;Low;0.5237517336183074;0.41696452950782625;0.059283736873866233
3318;103319;Low;Medium;0.36724456503337172;0.48421917688621946;0.1485362580804088
41110;141111;Low;Low;0.52717313689124401;0.41741001874460859;0.055416844364147545
43392;143393;Medium;Medium;0.33628949362182048;0.49431054796324353;0.16939995841493607
27988;127989;Low;Medium;0.26863265079330845;0.48116895677542315;0.25019839243126846
40929;140930;Medium;Low;0.49919106436771743;0.42770015114352888;0.073108784488753603
10443;110444;High;High;0.024077114551192189;0.24061003855071222;0.73531284689809562
43786;143787;Low;Medium;0.39589589164991634;0.48665764980196557;0.11744645854811822
41794;141795;Low;Low;0.66171104303455874;0.30537470700071406;0.032914249964727166
41713;141714;Low;Medium;0.38718807368260699;0.48499102044529491;0.12782090587209813
28384;128385;Medium;Medium;0.40765005604050197;0.46366315758626331;0.12868678637323469
7874;107875;High;High;0.05978269539552878;0.37861687492688267;0.5616004296775885
33461;133462;Medium;Medium;0.39649847539331134;0.44742637902340054;0.15607514558328814
22077;122078;Low;Medium;0.41810448996287286;0.46239122087234347;0.11950428916478363
1959;101960;High;Medium;0.25190799102016004;0.51869439754162949;0.22939761143821052
3325;103326;High;High;0.04359537244781031;0.33846124867136818;0.61794337888082151
14010;114011;Medium;Low;0.49126759704681888;0.43723699690272239;0.071495406050458774
34319;134320;High;High;0.0027251566469982712;0.088115114897352659;0.90915972845564907
41933;141934;Medium;Medium;0.17970010823016866;0.50974193925140299;0.31055795251842838
13459;113460;Medium;Medium;0.30473647934602915;0.5187423442534802;0.17652117640049061
18583;118584;Low;Medium;0.254749620303168;0.51671201348930784;0.22853836620752407
20042;120043;Medium;Medium;0.14988942814827128;0.48729141977690787;0.36281915207482085
26639;126640;High;Medium;0.38249082963115255;0.48879169655632299;0.12871747381252432
26049;126050;Medium;High;0.056823341915726855;0.35783624890094234;0.58534040918333086
43258;143259;High;High;0.01546716337183626;0.20210185381871068;0.782430982809453
38604;138605;High;Medium;0.12442763173908211;0.44875720832519073;0.42681515993572722
13363;113364;Medium;Low;0.48620076755333042;0.43649466315590363;0.077304569290765929
49361;149362;Medium;Medium;0.42614392268509765;0.46137253540866441;0.11248354190623785
41594;141595;Low;Low;0.63940103109343871;0.32808475487749234;0.032514214029068907
18824;118825;Low;Low;0.46887741985043979;0.42860892811676671;0.10251365203279346
7657;107658;High;High;0.047400513547272878;0.32966871243839763;0.6229307740143295
39330;139331;Medium;Medium;0.44520468629326648;0.45609872790049005;0.098696585806243436
25830;125831;Medium;Medium;0.42642787960185785;0.46337266409425976;0.11019945630388234
32748;132749;Medium;Low;0.49613552309999198;0.4098723303878265;0.093992146512181476
30848;130849;Low;Medium;0.44334073470006258;0.46583671749101013;0.09082254780892722
1692;101693;Medium;Medium;0.39002075131764491;0.48572100392346262;0.12425824475889237
34134;134135;Medium;Medium;0.44619886746894361;0.45350454477394186;0.10029658775711446
29266;129267;Medium;Low;0.47518502344808089;0.43690327624998421;0.087911700301934931
39689;139690;Medium;Low;0.5364251668235509;0.38680977368555064;0.076765059490898457
32435;132436;Medium;Medium;0.23459990899610986;0.47521018786889535;0.29018990313499476
45690;145691;High;High;0.043114402146873461;0.32508969680394928;0.63179590104917727
2900;102901;Medium;Medium;0.19274781574368155;0.52526736870595003;0.28198481555036847
7549;107550;Medium;Medium;0.30140501117011237;0.50496132844507269;0.19363366038481497
25918;125919;Low;Medium;0.35589157472467997;0.45567548021653492;0.18843294505878522
80;100081;Low;Medium;0.37630861281758499;0.49411510331431385;0.12957628386810119
35623;135624;Medium;Medium;0.36461108270094122;0.48801868732764125;0.14737022997141747
8635;108636;High;High;0.051265381050910892;0.34101782984855272;0.60771678910053639
5029;105030;High;High;0.036922629903492016;0.31079469239785201;0.652282677698656
23624;123625;High;Medium;0.12300837110137701;0.45687982154549001;0.42011180735313303
36774;136775;Medium;Medium;0.41010764454946597;0.47413617614432513;0.11575617930620888
13380;113381;Medium;Medium;0.37461346902048437;0.48441660790671903;0.14096992307279674
11116;111117;Medium;Medium;0.22479262946044748;0.45549883807451752;0.31970853246503483
29926;129927;High;Medium;0.24883955712661565;0.52523689188666733;0.22592355098671701
41239;141240;High;Medium;0.43381625993054446;0.46085488187397688;0.10532885819547881
39214;139215;Medium;Low;0.49199470958427288;0.41515616203858757;0.092849128377139573
38287;138288;High;Medium;0.27771849058846176;0.51393355936061402;0.20834795005092416
4195;104196;Low;Medium;0.41650593836150757;0.47198238881472576;0.11151167282376666
38893;138894;Low;Medium;0.26453221631436297;0.51365584473777604;0.221811938947861
29249;129250;Low;Low;0.46138600727242496;0.44703193027392563;0.091582062453649374
6789;106790;High;High;0.10917721817375334;0.39959946147003528;0.49122332035621152
29073;129074;Medium;High;0.10776055069701702;0.43750462139830093;0.454734827904682
30274;130275;Medium;Medium;0.22409578534594576;0.48292407641142543;0.29298013824262892
45040;145041;Medium;Medium;0.22582970586367337;0.51593569146388552;0.25823460267244114
40902;140903;Medium;Medium;0.23703903679436086;0.51408786099888437;0.24887310220675482
4537;104538;High;High;0.07573926030427762;0.33622540993152117;0.58803532976420114
41378;141379;High;High;0.0081185987674023703;0.12564662552529637;0.86623477570730123
17854;117855;High;High;0.0060802566339357841;0.13533931044210787;0.85858043292395625
37896;137897;High;High;0.017218049010394643;0.22042014764441825;0.76236180334518722
5450;105451;Medium;High;0.047235049612129147;0.33347634923109321;0.61928860115677764
42831;142832;Medium;Medium;0.43698011180290225;0.46203677111185326;0.10098311708524454
7615;107616;High;Medium;0.15504994989014415;0.43558763067197881;0.40936241943787705
15264;115265;Low;Low;0.51828314421596522;0.41022673105764829;0.071490124726386564
23412;123413;Low;Low;0.60358869171330753;0.35139745684490781;0.045013851441784679
27013;127014;Low;Low;0.6495147323327366;0.31877146558795011;0.03171380207931325
35722;135723;Low;Low;0.60906854570708457;0.34948441398899177;0.041447040303923675
8332;108333;High;Medium;0.15919606669224992;0.49825888274118479;0.34254505056656531
23206;123207;Low;Medium;0.2599482469032412;0.53542911945034144;0.20462263364641731
39808;139809;Medium;Medium;0.32013844646256195;0.46607035746340308;0.21379119607403491
31495;131496;Low;Medium;0.31664983098895794;0.4750279680449474;0.20832220096609472
33001;133002;Low;Low;0.66713944760591204;0.30710897486765992;0.025751577526428104
46304;146305;Medium;Medium;0.38112164070068344;0.49052894273571129;0.12834941656360518
8571;108572;Low;Medium;0.41956606329013219;0.43715144902307257;0.14328248768679513
3410;103411;Low;Low;0.53637970683343406;0.38667254984950261;0.076947743317063416
42411;142412;High;High;0.10055382261677027;0.35246968758778513;0.54697648979544455
23691;123692;High;Medium;0.22813051131001993;0.5034016975155664;0.26846779117441372
48059;148060;High;High;0.0081025586322665683;0.13148889097751784;0.86040855039021569
23282;123283;Medium;Low;0.49805059090685899;0.42601840434701899;0.075931004746122063
27417;127418;High;High;0.017132529196486841;0.22053559938521586;0.76233187141829728
11354;111355;Low;Low;0.45979715051535947;0.42756976863460561;0.112633080850035
47103;147104;Medium;High;0.044853831190076111;0.32783573216659895;0.62731043664332509
3268;103269;Low;Medium;0.43630509424388275;0.45380830702712993;0.1098865987289873
35590;135591;High;Medium;0.40693902532191695;0.47709460764251244;0.11596636703557062
21706;121707;High;High;0.14445562979246543;0.42135184548393223;0.43419252472360242
3757;103758;Medium;High;0.022598138281382251;0.24551257600440513;0.73188928571421275
27462;127463;Low;Low;0.53140107565538952;0.40587807053349934;0.062720853811111144
23052;123053;Medium;Low;0.48450199056154108;0.43363597926646991;0.081862030171988939
11629;111630;Medium;Medium;0.42542046524192273;0.46785858803450142;0.10672094672357586
24139;124140;High;Medium;0.22413095433056934;0.50108056877528762;0.27478847689414304
47625;147626;Medium;Low;0.5222634125633816;0.4092349301885172;0.068501657248101228
37019;137020;Low;Medium;0.40944290438714553;0.48737046599300909;0.10318662961984537
49688;149689;Medium;Medium;0.18470184508361931;0.50746446179274696;0.30783369312363368
29735;129736;Low;Low;0.50730822601219383;0.42379763256711084;0.068894141420695318
30311;130312;Low;Low;0.67076873050165342;0.30356764923388591;0.025663620264460674
9150;109151;Low;Medium;0.34963912856491541;0.48622922582499534;0.16413164561008908
18042;118043;Low;Low;0.58686379312606207;0.36527825343926967;0.047857953434668303
16873;116874;Medium;Medium;0.27184086958561809;0.51294608688389598;0.21521304353048593
21140;121141;Medium;Medium;0.13845517603710683;0.47306534336526634;0.38847948059762694
9535;109536;High;Low;0.4760437162359244;0.43545558708641424;0.088500696677661292
22247;122248;Low;Low;0.58816957079945953;0.36587848276248364;0.04595194643805689
47020;147021;Low;Medium;0.39427504155558851;0.47331696019991648;0.1324079982444949
33329;133330;Medium;Low;0.4480068612807358;0.42882793507268557;0.1231652036465786
44835;144836;Medium;Medium;0.38614790948475841;0.47816730414455422;0.13568478637068737
25691;125692;Low;Medium;0.40605450236063928;0.47746796401837116;0.11647753362098962
7482;107483;Medium;Medium;0.39944474677022795;0.46200937324202518;0.13854587998774687
28194;128195;Medium;High;0.098683437532937041;0.3901306851721914;0.51118587729487153
16101;116102;Low;Medium;0.43269893680770205;0.44784984474749079;0.11945121844480723
23356;123357;Medium;Medium;0.32349691542030856;0.51453489084163895;0.1619681937380526
38845;138846;Low;Medium;0.33762900297521098;0.5125770146836337;0.14979398234115532
2683;102684;Low;Low;0.48057761530702342;0.4354255905721271;0.083996794120849622
38272;138273;Medium;Medium;0.39416616280658395;0.48112803272726673;0.12470580446614932
27594;127595;High;Medium;0.17844779971799779;0.51708437806489949;0.30446782221710267
18157;118158;High;Medium;0.32990923622369744;0.49880414054683275;0.1712866232294698
47431;147432;Medium;Medium;0.38230766402302169;0.4716595976688796;0.14603273830809868
10409;110410;Low;Low;0.46570457325229903;0.45350010692919906;0.080795319818501923
27978;127979;Medium;High;0.027345678094093252;0.27002780224350797;0.70262651966239875
42902;142903;Medium;Medium;0.25364628814856699;0.51070037894758991;0.2356533329038431
19276;119277;Medium;Medium;0.26977391595469508;0.50585050382709051;0.22437558021821438
32360;132361;Medium;High;0.1060892388710807;0.38880396333602013;0.50510679779289902
20652;120653;Medium;Medium;0.17463500485611302;0.47717759232393209;0.34818740281995486
44358;144359;Medium;Medium;0.23378464708998192;0.51945247897385916;0.24676287393615887
25144;125145;High;High;0.0037034194724190127;0.094555728838197128;0.901740851689384
37397;137398;Low;Medium;0.42155757970050173;0.43183002844496615;0.14661239185453204
31924;131925;Low;Medium;0.14785176248477339;0.47077367674767651;0.38137456076755
42274;142275;Low;Low;0.63997539949883409;0.32568586323853499;0.034338737262630877
1887;101888;High;Medium;0.13645184198894555;0.50543094458470395;0.35811721342635056
24301;124302;Low;Low;0.56918976929362708;0.37851831691413246;0.052291913792240484
6927;106928;Low;Low;0.56380041474484777;0.38232806080664039;0.053871524448511884
3783;103784;High;Medium;0.18952452064757783;0.51855162258094223;0.29192385677147997
37819;137820;Low;Low;0.54354681327581555;0.40038577002358255;0.056067416700601926
29181;129182;Low;Low;0.48805152149473396;0.42576724540447008;0.086181233100795937
45649;145650;Low;Low;0.5189999505215297;0.41778974921556877;0.063210300262901489
48121;148122;Medium;High;0.069394138169303204;0.39418768201308968;0.53641817981760698
6590;106591;Low;Low;0.64600708337179324;0.32275441460453697;0.031238502023669869
16568;116569;High;High;0.04874259404262863;0.32892346871899719;0.62233393723837416
4883;104884;Low;Medium;0.16107075749099078;0.48794827999851031;0.35098096251049904
19640;119641;High;Medium;0.22986386358467592;0.53735004664780539;0.23278608976751869
14549;114550;Medium;Medium;0.22845770540878516;0.49120797363916585;0.28033432095204913
3200;103201;Low;Low;0.56234171129852673;0.39108215425660625;0.046576134444866996
2389;102390;Low;Medium;0.36886235425538588;0.4868747623046244;0.14426288343998966
31187;131188;Medium;Medium;0.34713238478642222;0.49386824091740295;0.15899937429617481
26883;126884;Medium;Low;0.49444480706501642;0.43335360436099818;0.072201588573985287
15243;115244;Medium;Medium;0.25580815434820964;0.51007574892004459;0.23411609673174588
15142;115143;High;High;0.076614065999839692;0.39054515391357081;0.53284078008658953
27053;127054;Low;Medium;0.44996274827084487;0.45335758168024004;0.096679670048915034
23290;123291;Low;Low;0.44996889171927251;0.44764476594186903;0.1023863423388586
5552;105553;High;Medium;0.24139045515006238;0.51005690737213105;0.24855263747780657
12052;112053;High;Medium;0.26630084355589473;0.5167867674523613;0.21691238899174403
11749;111750;Low;Low;0.47055269260014237;0.44448380596396453;0.084963501435892971
26238;126239;Medium;Medium;0.22619218548674086;0.4803313595007932;0.29347645501246589
36945;136946;Medium;Low;0.57266041940752277;0.37775894839605068;0.049580632196426666
22953;122954;High;Medium;0.32318664688200854;0.47652062061264777;0.20029273250534352
30855;130856;Low;Low;0.60321546488170108;0.35667533522115208;0.040109199897146813
21898;121899;Medium;Low;0.45351283393210473;0.44366811111108845;0.10281905495680697
21856;121857;High;Medium;0.16125705377459656;0.49584656446408848;0.34289638176131504
48988;148989;Low;Medium;0.26388753700525802;0.51944780752635178;0.2166646554683902
11095;111096;High;Medium;0.19666062077669491;0.52635180626835565;0.27698757295494947
38553;138554;Low;Medium;0.3617776067329283;0.50044779651535498;0.13777459675171672
37616;137617;Low;Medium;0.18087993982519485;0.50425124835945501;0.31486881181535015
49524;149525;Medium;High;0.069827697670213559;0.33596719141839243;0.59420511091139383
26711;126712;High;High;0.037833142078226967;0.30272317792064557;0.65944368000112741
38812;138813;High;Low;0.48108396692370003;0.43739266155778039;0.081523371518519627
46542;146543;High;High;0.025885658719272137;0.26834303254543207;0.70577130873529581
24612;124613;Medium;Medium;0.37036397376745289;0.49155162642193156;0.13808439981061554
16495;116496;High;Medium;0.40528357111486157;0.47338047359057589;0.12133595529456255
12470;112471;Low;Medium;0.33405717363811993;0.49877667430704148;0.16716615205483845
29695;129696;Low;Low;0.5605677515178108;0.38603874919404013;0.053393499288149023
5483;105484;Low;Medium;0.44866868118208009;0.46242313932740042;0.088908179490519448
14090;114091;Medium;Medium;0.32380202030644567;0.48821402126322105;0.18798395843033333
31340;131341;Low;Low;0.58904335158739551;0.36355096956940469;0.047405678843199898
15204;115205;Low;Low;0.46513915262098288;0.44224638472176675;0.092614462657250429
19761;119762;Low;Low;0.45657757673664995;0.45294419908522293;0.090478224178127106
31995;131996;Medium;Low;0.57586201245697;0.36831182893663983;0.055826158606390071
28997;128998;Medium;Medium;0.35620503919917512;0.5035704299333108;0.14022453086751402
46530;146531;Low;Medium;0.37682178711955167;0.48840210491187863;0.13477610796856968
3020;103021;High;High;0.015955085284966381;0.21840627993059236;0.76563863478444139
30288;130289;Low;Low;0.57343260507810045;0.37397463651935725;0.052592758402542218
2522;102523;Medium;Medium;0.22661731745362168;0.51239189641222771;0.26099078613415055
3804;103805;High;Medium;0.29417557616720985;0.53410160322949851;0.17172282060329166
341;100342;Medium;Medium;0.35680642148481845;0.46173763111471194;0.18145594740046966
40478;140479;Low;Medium;0.23239375502476792;0.49022820184902344;0.27737804312620878
26086;126087;Low;Medium;0.29284810337757072;0.51467632727192225;0.19247556935050705
17784;117785;Medium;Medium;0.304098977882229;0.51033664680154445;0.18556437531622655
35107;135108;Low;Medium;0.34821092628796807;0.49408781113874545;0.15770126257328651
15637;115638;Medium;High;0.0506272056729411;0.35086587399137154;0.59850692033568731
4055;104056;Medium;High;0.07353164815935119;0.39291592924122531;0.53355242259942348
26893;126894;Medium;Low;0.46807809263769506;0.44572769132205348;0.086194216040251348
36647;136648;High;High;0.0036525440012665743;0.10640957375994035;0.889937882238793
23904;123905;Medium;Medium;0.22750435959623599;0.46077668311621067;0.31171895728755328
6377;106378;Low;Medium;0.37747355996738735;0.46575953987299523;0.15676690015961728
5704;105705;Medium;Medium;0.44397731954075759;0.45272713265885095;0.10329554780039145
32248;132249;Medium;High;0.069615362882871665;0.4255447677105923;0.50483986940653591
19034;119035;Low;Medium;0.32445416716297015;0.50945596447589536;0.16608986836113449
21476;121477;Low;Medium;0.43688932153838334;0.46272024328528039;0.10039043517633615
15498;115499;Medium;High;0.089078036330475563;0.435837442539942;0.47508452112958233
3836;103837;Medium;Medium;0.32283566341356629;0.50266293018819563;0.17450140639823802
23409;123410;High;Medium;0.43713946137966442;0.45648554588171208;0.1063749927386234
42964;142965;Medium;Medium;0.27637778816097808;0.51255990808491425;0.21106230375410764
15698;115699;Low;Medium;0.3409704973202845;0.49550018724741474;0.16352931543230068
12908;112909;High;Medium;0.19014288199603457;0.46248719238285846;0.34736992562110697
35171;135172;High;Medium;0.13480598949636396;0.48120721589131743;0.38398679461231855
49041;149042;Medium;Low;0.58189429226301714;0.37105961766360823;0.047046090073374659
36862;136863;High;Medium;0.12699860954492651;0.46903815609845728;0.40396323435661613
12345;112346;Low;Low;0.54682563983778365;0.39675863198017214;0.056415728182044197
20216;120217;Low;Medium;0.4515409415269972;0.45586881002733626;0.092590248445666518
23026;123027;Low;Medium;0.16813757514069197;0.49960092554783025;0.33226149931147775
8017;108018;High;High;0.14547717546876818;0.42128729569390061;0.43323552883733113
35876;135877;Medium;Low;0.51257907045110374;0.41614044702687719;0.071280482522019087
46273;146274;High;High;0.0023011300023159259;0.080821825570877054;0.91687704442680684
16183;116184;Low;Medium;0.39058140830038524;0.4935083968354203;0.11591019486419434
40342;140343;Medium;Medium;0.28867056482450443;0.50318495639847671;0.20814447877701875
12938;112939;High;High;0.0028494126069632327;0.092420953040772566;0.90472963435226428
606;100607;High;High;0.036749491111773246;0.30600580436741825;0.65724470452080852
46250;146251;Low;Medium;0.42609815124201328;0.47028646124632179;0.10361538751166484
41756;141757;Low;High;0.090604261828562987;0.42130100927022784;0.4880947289012092
20467;120468;Medium;High;0.029276740167514279;0.25786643092479766;0.71285682890768809
43497;143498;High;Medium;0.31122941826847295;0.49630161847140319;0.19246896326012375
10080;110081;Medium;Medium;0.2950469212411187;0.51153968725854693;0.19341339150033446
47782;147783;Medium;Medium;0.35894196125465733;0.49234967716859707;0.14870836157674563
26206;126207;High;High;0.034560765113201393;0.28300677863625417;0.68243245625054438
14089;114090;Low;Low;0.67294869561411264;0.29200315327397175;0.035048151111915629
22668;122669;High;High;0.03002071244795065;0.2399087052546276;0.73007058229742183
38895;138896;Low;Medium;0.4052173509161594;0.48440098179064689;0.11038166729319376
8779;108780;Medium;Low;0.66235194455575741;0.29953806719504206;0.038109988249200685
21584;121585;Medium;Medium;0.42119278611654554;0.47908430622446241;0.099722907658992083
40045;140046;Medium;Medium;0.30330863944411257;0.46374497914832152;0.23294638140756582
30053;130054;Low;Low;0.66619057556478944;0.306101134836333;0.027708289598877618
28709;128710;Low;Medium;0.30945043989754545;0.51599016067278436;0.17455939942967016
8554;108555;Low;Medium;0.41895388082985652;0.46567539489750398;0.1153707242726395
19831;119832;High;High;0.023269402394571998;0.21665467273644948;0.76007592486897857
4289;104290;Medium;Low;0.69433233739927391;0.28335978914867682;0.022307873452049348
36744;136745;Low;Low;0.45708738414847289;0.45467474942453029;0.088237866426996769
38159;138160;Low;Medium;0.4531984225534007;0.4547036467658207;0.092097930680778636
630;100631;Medium;Medium;0.38334203705923542;0.48647030680396147;0.130187656136803
20310;120311;Medium;Medium;0.21281672241993302;0.49318331311449648;0.29399996446557064
23570;123571;Low;High;0.11043002911572589;0.43863440121281827;0.45093556967145587
18504;118505;Low;Medium;0.31108117179966954;0.47092314379551498;0.21799568440481551
25066;125067;High;Medium;0.20755235062311028;0.49278770069460009;0.29965994868228962
20220;120221;Medium;High;0.091940681078035727;0.44239073199877754;0.46566858692318663
29308;129309;Low;Low;0.65299946471023562;0.31557978790198216;0.031420747387782194
32555;132556;Medium;Low;0.49745051465926038;0.42566007697516667;0.076889408365573009
19250;119251;Medium;Medium;0.20061117070312476;0.50448129371439632;0.2949075355824789
32854;132855;Medium;Medium;0.28446904615282509;0.50245525372067512;0.21307570012649976
9451;109452;Low;Low;0.59091295276637212;0.36351308176739233;0.045573965466235614
6455;106456;Low;Medium;0.15323211817147861;0.49746479170163638;0.34930309012688504
8345;108346;Medium;Low;0.52672467862041694;0.41464583558352203;0.058629485796060969
43862;143863;High;Low;0.46574962752436777;0.44467080261427944;0.089579569861352709
49570;149571;Medium;Medium;0.16231136655060666;0.50692781520003671;0.33076081824935666
4241;104242;Medium;High;0.12855889275100676;0.41368952808087728;0.45775157916811593
973;100974;Medium;Medium;0.36541799256143581;0.49476148443409584;0.13982052300446821
16461;116462;Low;Low;0.45759534066630231;0.44034304837996791;0.10206161095372973
22882;122883;Medium;Low;0.46603997557755328;0.4397943193065722;0.094165705115874562
37271;137272;Low;Low;0.66488810599705928;0.30743050987958703;0.027681384123353626
9624;109625;Medium;Low;0.45710828444363322;0.44786613874822545;0.095025576808141249
33469;133470;High;High;0.067686708360953474;0.37791701164723207;0.55439627999181451
7707;107708;Medium;Low;0.48504510417421937;0.43576402012867671;0.079190875697103924
35984;135985;Medium;Low;0.61298485171423633;0.34899207235236596;0.038023075933397772
49127;149128;High;High;0.051733632203120064;0.33491857234349187;0.61334779545338813
17802;117803;Low;Medium;0.44916368638009824;0.45091944154087732;0.099916872079024444
13433;113434;Medium;Medium;0.40247532828231436;0.48517871329286721;0.11234595842481838
36241;136242;Medium;Medium;0.2332600188802029;0.51132305746581053;0.25541692365398655
45462;145463;Low;Medium;0.41946209022692965;0.4550616274355771;0.12547628233749328
16082;116083;High;High;0.0079600126453316222;0.16257927921227683;0.82946070814239159
5807;105808;Low;Low;0.55184842520246702;0.38451889818302515;0.06363267661450786
18397;118398;Low;Low;0.5325296436100192;0.38082984860116442;0.086640507788816434
20823;120824;High;Medium;0.38505154348609655;0.4727002441866841;0.14224821232721935
24064;124065;Low;Medium;0.15459241346444599;0.45327716229018805;0.39213042424536598
22332;122333;High;Medium;0.35406357898667423;0.49544701316468531;0.15048940784864059
18737;118738;High;High;0.0044585336943775162;0.1121596459652535;0.88338182034036883
15302;115303;Low;Medium;0.41692255410122148;0.44566531228883199;0.13741213360994664
44537;144538;Low;Medium;0.21570894260034068;0.50380787333745158;0.28048318406220774
37108;137109;Low;Medium;0.36923941645480074;0.47957427233099492;0.15118631121420437
42192;142193;Low;Medium;0.16528873633293698;0.46493413546805101;0.36977712819901198
10243;110244;Medium;Medium;0.42519636438761638;0.46631491787457735;0.10848871773780616
46558;146559;High;Low;0.45710664964074033;0.43961404021871686;0.10327931014054295
37425;137426;Low;Medium;0.25958466845093453;0.47160644289500903;0.26880888865405639
7477;107478;Medium;Medium;0.16157558500485966;0.49140514260588031;0.34701927238926
35260;135261;Medium;Low;0.57604253901790947;0.37350870757995491;0.050448753402135608
47284;147285;Low;Medium;0.27480939454631947;0.50987227595619999;0.21531832949748056
23879;123880;High;High;0.0023149836452438944;0.068963557958182556;0.9287214583965735
10838;110839;Medium;Low;0.45095970759567838;0.43065564096504555;0.11838465143927603
49573;149574;Low;Medium;0.11834249848827161;0.44356864661359729;0.4380888548981311
29001;129002;Medium;Low;0.55383173766591687;0.37667880923939318;0.069489453094690082
13754;113755;Medium;Medium;0.34031536993177575;0.4945175673379737;0.16516706273025059
41136;141137;Medium;High;0.091533870479472326;0.44193938090263174;0.466526748617896
7775;107776;Low;Medium;0.3142172893750137;0.52766689336383032;0.15811581726115595
15580;115581;Low;Low;0.55577667648459239;0.38951645339409063;0.054706870121316996
19245;119246;Low;Low;0.46196591984404128;0.44106766082948307;0.096966419326475733
35244;135245;Low;Medium;0.31992580353482764;0.51425651721771537;0.16581767924745705
23353;123354;Medium;Medium;0.17662860999126856;0.49929493454890506;0.3240764554598265
159;100160;Medium;Low;0.56942453440134155;0.37524066537363232;0.055334800225026057
6026;106027;High;Medium;0.44636833322225211;0.45534182991851768;0.098289836859230151
28602;128603;Medium;Medium;0.33833395419266471;0.51156131888955214;0.15010472691778309
8061;108062;High;Medium;0.14224084809792431;0.48240841777959681;0.37535073412247899
45183;145184;Medium;Low;0.55363614059169552;0.38887653289713808;0.057487326511166371
13973;113974;Low;Medium;0.25319809936959836;0.49750794758856232;0.24929395304183929
10098;110099;High;High;0.098560153792424457;0.43562103285570991;0.46581881335186565
28973;128974;Low;Medium;0.19947083280996517;0.49542158602348346;0.3051075811665514
11810;111811;High;Medium;0.35676184309374387;0.48862528144221112;0.15461287546404506
43776;143777;High;High;0.013402300227419948;0.18505459956410328;0.80154310020847686
12487;112488;Medium;Low;0.48647079358731615;0.43082277156029192;0.082706434852392
33387;133388;Medium;Low;0.58374619880125889;0.37347507522564422;0.042778725973096891
45426;145427;Low;Low;0.61388671193204347;0.33571770649370786;0.050395581574248574
9122;109123;High;Medium;0.1918191063678307;0.46766515156624389;0.34051574206592539
16626;116627;Low;Medium;0.27920525124857715;0.52437451767161236;0.19642023107981052
2188;102189;High;High;0.0042399045156514279;0.10802244059702522;0.88773765488732326
1318;101319;Medium;Medium;0.24669580635658148;0.51794428335135678;0.23535991029206171
21324;121325;Medium;Medium;0.277455398043506;0.46135724194346622;0.26118736001302773
25880;125881;High;Medium;0.21679682251606519;0.47185267864058883;0.31135049884334604
21901;121902;Medium;Medium;0.17306562465908032;0.50618539764156845;0.32074897769935129
46180;146181;Medium;Medium;0.2907317808091322;0.50413696377168393;0.20513125541918387
49811;149812;High;Medium;0.22960780697006189;0.50892510089053289;0.26146709213940517
5128;105129;Medium;Low;0.6578017701966683;0.31362179663968565;0.028576433163646005
27956;127957;Medium;Medium;0.12646311886295131;0.44737626505513239;0.42616061608191624
49196;149197;Low;Medium;0.14691299465810426;0.44407892100440399;0.40900808433749175
7361;107362;Low;Low;0.58901248040898213;0.36566696979971391;0.045320549791303878
33166;133167;Medium;Medium;0.17734959250095214;0.50492467726417423;0.31772573023487366
47115;147116;Low;Medium;0.23880074537514626;0.53089247135654827;0.23030678326830559
40089;140090;High;Medium;0.38125482864437066;0.47664328635160674;0.14210188500402257
1498;101499;Medium;Medium;0.22627919567255061;0.50341969736929715;0.27030110695815224
27896;127897;Medium;Medium;0.21023347395836778;0.44051650270999465;0.34925002333163757
8607;108608;Low;Medium;0.28497808425601967;0.4998177193721518;0.21520419637182853
42707;142708;Medium;Medium;0.43089628100226918;0.45703045736321163;0.11207326163451908
43847;143848;High;Medium;0.22408876107728304;0.52036359123464404;0.25554764768807292
10584;110585;Medium;High;0.13702171316915035;0.40598667468889099;0.4569916121419586
17658;117659;Medium;Low;0.47207824554679906;0.44373388670955471;0.0841878677436462
20195;120196;Medium;Medium;0.21320221331144973;0.46572594261240119;0.32107184407614903
48534;148535;High;Medium;0.40890728801896625;0.47175472765854465;0.11933798432248917
12570;112571;Low;Medium;0.23613050046168726;0.50284679231928975;0.26102270721902304
29410;129411;Medium;Medium;0.41254140752252855;0.48363037672456483;0.10382821575290657
12635;112636;Medium;Medium;0.12930575981376916;0.4646128941647637;0.40608134602146712
30830;130831;Low;Medium;0.20292639095573931;0.45282271688601017;0.3442508921582505
11581;111582;Low;Low;0.60020197823691757;0.36519716677727149;0.034600854985810885
37435;137436;Medium;Medium;0.42720341380061466;0.46320746041699939;0.10958912578238593
9414;109415;High;Medium;0.23851569395401487;0.51590254647130718;0.24558175957467798
41520;141521;High;High;0.019767416893472629;0.19565967520623118;0.78457290790029632
38717;138718;High;Medium;0.23812180643726705;0.50389521474222454;0.25798297882050841
7104;107105;Low;Medium;0.38259456439718736;0.49148316514759716;0.12592227045521542
20347;120348;High;Low;0.52855797459251419;0.41402975878619092;0.057412266621294998
18808;118809;High;High;0.0245533612596694;0.25722628210188747;0.71822035663844319
45077;145078;High;Low;0.5308167743304939;0.40285538306924396;0.066327842600262157
15491;115492;Medium;Medium;0.38718597588791792;0.48173408084525132;0.13107994326683081
313;100314;Low;Low;0.69335685266619096;0.2751668244595214;0.031476322874287616
26972;126973;Medium;Medium;0.45437853574369597;0.45568115347396326;0.089940310782340854
21452;121453;Medium;High;0.044909591232939076;0.32261412984154147;0.6324762789255195
21815;121816;High;Medium;0.23911980683599002;0.50438020401943295;0.25649998914457711
24665;124666;Medium;Medium;0.3230674785499556;0.50819866722983897;0.16873385422020537
38286;138287;Medium;Medium;0.17897758452744689;0.45079723328590793;0.37022518218664519
18014;118015;Medium;Medium;0.1943615838933048;0.50969883882637856;0.29593957728031656
8570;108571;Medium;Medium;0.27263040401024086;0.46367624982485195;0.26369334616490708
19696;119697;Low;Medium;0.43691744782567216;0.46786662776535637;0.095215924408971322
12884;112885;High;High;0.079200687121263713;0.37404361647988493;0.54675569639885124
28222;128223;Medium;Medium;0.44221164477492741;0.46232982256792748;0.095458532657145004
16503;116504;Low;Medium;0.39784427390577448;0.46525758922427141;0.13689813686995406
30868;130869;Low;Medium;0.37714385701152864;0.49459789397042675;0.1282582490180445
43934;143935;Medium;Medium;0.32991230498170443;0.46264450955249803;0.20744318546579751
10953;110954;Medium;Medium;0.36276272405164733;0.50445433700295972;0.13278293894539298
490;100491;Low;Low;0.69110550241117308;0.27908129983831464;0.029813197750512162
33385;133386;High;Medium;0.21916845474312169;0.52231056967377876;0.25852097558309955
32086;132087;Medium;Medium;0.3660589823202447;0.49137334862422838;0.14256766905552706
4932;104933;High;Low;0.4598574384200641;0.43414102379417835;0.1060015377857576
41831;141832;Low;Low;0.56296105015847864;0.38102658130417694;0.056012368537344426
4266;104267;High;Medium;0.35337530271929596;0.49937580910805379;0.14724888817265025
31177;131178;High;Medium;0.15278752928910858;0.48280940983668563;0.36440306087420576
1097;101098;Medium;Low;0.52994563429034613;0.41153727574476107;0.058517089964892799
31028;131029;Low;Medium;0.31418912324883319;0.5119581275146996;0.17385274923646721
48171;148172;High;High;0.00793099409867783;0.15047603238403659;0.84159297351728557
26297;126298;Low;Medium;0.20447997453915115;0.51685362499034471;0.27866640047050417
22005;122006;High;High;0.071507637284320358;0.38916359485745622;0.53932876785822348
35857;135858;High;Medium;0.18196430350270207;0.49861324218772779;0.31942245430957017
34284;134285;Medium;High;0.013940984929210859;0.19650826299695925;0.78955075207382985
2394;102395;Medium;Low;0.51292885676216671;0.40519496384976889;0.08187617938806438
49750;149751;Medium;Medium;0.3412201851875945;0.50597491531703009;0.1528048994953754
28898;128899;Medium;Low;0.61120996948087791;0.34880914324646234;0.039980887272659679
45997;145998;Low;Medium;0.38923942637739195;0.45626966182747103;0.15449091179513699
46658;146659;High;Medium;0.39423962974824517;0.44425092657673332;0.16150944367502146
44663;144664;High;Medium;0.18410742271277111;0.49409291273181094;0.32179966455541797
3289;103290;Medium;Medium;0.13453211011612859;0.47823975214437137;0.38722813773950004
13720;113721;Low;Low;0.55090743283595356;0.39355577302005246;0.055536794143993991
27949;127950;Medium;Low;0.54277398279739131;0.39939560435877386;0.057830412843834722
32454;132455;Low;Medium;0.37237970943646254;0.49524183711016628;0.13237845345337115
16214;116215;Low;High;0.15724671728538889;0.41913467595260712;0.42361860676200397
39967;139968;Medium;Medium;0.33185583170848959;0.466723708444504;0.20142045984700652
32322;132323;High;High;0.035548419615111002;0.29910807936137385;0.66534350102351525
4609;104610;Low;Medium;0.35310435878631941;0.4552196664142712;0.19167597479940948
31478;131479;High;Medium;0.34489565905724434;0.49922004522581825;0.15588429571693729
5500;105501;Low;Medium;0.37133963309760581;0.48023747191095856;0.14842289499143563
17594;117595;Low;Low;0.71391158973530966;0.26197581123723779;0.024112599027452566
8832;108833;Medium;Low;0.57436072274122851;0.38039091258128477;0.045248364677486795
10861;110862;Medium;Medium;0.32572997209458632;0.49175927721268237;0.18251075069273137
17398;117399;Medium;Medium;0.19041733994657015;0.51763110920853617;0.29195155084489366
33891;133892;Low;Low;0.53103791343646689;0.40041223532047554;0.068549851243057514
43363;143364;Medium;Low;0.54985137591148125;0.38919135752137951;0.060957266567139151
31141;131142;High;Medium;0.42572862827170466;0.46894890063787759;0.10532247109041774
37948;137949;Medium;Low;0.57636885983525377;0.37352230928796359;0.050108830876782709
26200;126201;High;Medium;0.10533424991505293;0.45496448945018075;0.43970126063476644
2062;102063;High;High;0.026393699338165977;0.24256394171532231;0.73104235894651171
2019;102020;Medium;Medium;0.31844461238758898;0.51293766324308232;0.16861772436932879
39191;139192;Medium;Low;0.54236605177755948;0.3976059860947771;0.060027962127663495
45063;145064;Medium;Medium;0.38613525856648351;0.48838779798347182;0.12547694345004468
8031;108032;Medium;Medium;0.17008392653470614;0.47296659119942175;0.3569494822658722
15150;115151;Medium;Medium;0.29547133872956238;0.47704698825286274;0.22748167301757474
1572;101573;Medium;Low;0.57890471395555254;0.3698901710636428;0.051205114980804725
35646;135647;High;Medium;0.34780902561201232;0.49397378784765167;0.15821718654033587
5077;105078;Low;Medium;0.19728578309834399;0.50627828569636779;0.29643593120528822
14726;114727;Medium;Medium;0.37767903638459971;0.49229232166002662;0.13002864195537375
2305;102306;Medium;Medium;0.41678450165139835;0.44346219709596263;0.13975330125263899
25000;125001;High;Medium;0.44002090558213186;0.46533374361249225;0.094645350805375977
11181;111182;Medium;Medium;0.37511593042525193;0.48349765012428286;0.14138641945046518
1310;101311;Medium;Medium;0.2755160891349856;0.4766935009624389;0.24779040990257548
24990;124991;Medium;Medium;0.34665276920712734;0.50286612248452423;0.15048110830834835
15546;115547;Medium;Low;0.45644606165125434;0.4537476097930957;0.089806328555649892
45938;145939;High;High;0.011331038627040574;0.15117210934596748;0.83749685202699187
22189;122190;High;Medium;0.41033423985644124;0.46708647926419911;0.12257928087935957
8534;108535;High;High;0.081425456187118841;0.33886188412799201;0.57971265968488916
30402;130403;Low;Low;0.53016762586953592;0.3907773741071453;0.079055000023318764
33865;133866;High;High;0.0084740421111861464;0.15874771700394372;0.83277824088487007
21537;121538;Medium;Low;0.67525838461196452;0.29877185343057505;0.025969761957460532
7813;107814;Medium;Medium;0.23714692632813436;0.50521408514301502;0.25763898852885053
41246;141247;Medium;Medium;0.26094183376103242;0.48246926790255823;0.25658889833640947
26042;126043;Medium;High;0.10186760042173298;0.42571636965946136;0.4724160299188056
8836;108837;Medium;Medium;0.20287261796442368;0.50151278047415293;0.29561460156142338
17482;117483;Medium;Medium;0.3406047745545836;0.50367049300383016;0.15572473244158616
32333;132334;Medium;Medium;0.42227170338652664;0.4651470971485156;0.11258119946495776
25818;125819;Low;Medium;0.40272090074478228;0.45078668849617504;0.14649241075904271
4306;104307;Low;Low;0.54990595332162429;0.39226892017054693;0.057825126507828783
31837;131838;Medium;High;0.084260778676650813;0.39556222685711728;0.52017699446623189
10557;110558;Low;Medium;0.29324534775145367;0.50320855204843151;0.20354610020011482
4398;104399;High;High;0.0028392208530262208;0.080997246255349237;0.91616353289162455
7618;107619;High;Medium;0.17092088204051956;0.4854022668801467;0.34367685107933355
34258;134259;High;Medium;0.19064685578753146;0.51028190965271436;0.29907123455975421
48051;148052;Low;Low;0.61755228767416259;0.34446096066285881;0.037986751662978463
40358;140359;Medium;Low;0.53833903098369784;0.37635666363597853;0.085304305380323603
208;100209;Medium;Low;0.48129805466218389;0.43881661075394879;0.079885334583867373
6463;106464;Low;Medium;0.16825735270060868;0.49688429957681934;0.33485834772257195
16477;116478;Medium;Medium;0.18389273266383094;0.50461244327874644;0.31149482405742263
13451;113452;Low;Low;0.61647373215032897;0.34373321241850929;0.039793055431161781
17267;117268;High;Medium;0.18145496283597065;0.48255607075678986;0.33598896640723952
14763;114764;Low;Low;0.48083088937778173;0.42812448822730831;0.091044622394909888
26791;126792;Medium;Medium;0.35365516429583133;0.48736490191082021;0.15897993379334854
8481;108482;Low;Medium;0.33493394437472368;0.51320153806741209;0.15186451755786423
9094;109095;Medium;Medium;0.11800292880900036;0.44600504680423758;0.43599202438676199
32710;132711;Low;Low;0.62355021943046562;0.33417331652772253;0.042276464041811804
26692;126693;Low;Medium;0.36980382255101968;0.46351152290312675;0.16668465454585366
9781;109782;Low;Medium;0.44490812615850522;0.44896865070986097;0.1061232231316339
750;100751;High;High;0.0021901789661394858;0.080713871051274352;0.91709594998258614
46450;146451;Low;High;0.088035156640475093;0.41838445237093025;0.49358039098859458
13617;113618;Medium;Medium;0.43483623173775571;0.45802849372901944;0.10713527453322477
6678;106679;Medium;Low;0.45732873874792634;0.4501722357383906;0.092499025513682998
21859;121860;Low;Low;0.62694598020945791;0.3367660960857326;0.03628792370480944
36090;136091;Medium;Medium;0.39784821067318382;0.44828575873639204;0.15386603059042425
25192;125193;High;High;0.0281299630970018;0.26263146022851397;0.7092385766744842
20602;120603;Medium;Medium;0.39354750299603108;0.46984328733021147;0.13660920967375734
24906;124907;Medium;Low;0.58346417571530729;0.36372610111675646;0.052809723167936209
23949;123950;Low;Low;0.62160709977329609;0.32523481448469671;0.05315808574200713
17569;117570;Medium;Low;0.5143294665642667;0.4248321658294375;0.060838367606295782
1710;101711;Medium;High;0.036650864456323116;0.31433377597887441;0.64901535956480239
2131;102132;Low;High;0.10813067059536817;0.4412373477446121;0.45063198166001989
31665;131666;Medium;Medium;0.37397553875128914;0.48554265025934551;0.14048181098936524
966;100967;High;High;0.0076581374096651479;0.14948774366585013;0.84285411892448459
11814;111815;Medium;Low;0.53161950258461299;0.41262974185419715;0.055750755561189809
10293;110294;Medium;Medium;0.41706653492802309;0.46646221411819122;0.11647125095378559
35628;135629;Medium;Low;0.53476032721742872;0.40298129535274535;0.062258377429825922
14436;114437;High;Medium;0.21106990271453949;0.48012895581233295;0.30880114147312748
48896;148897;Low;Low;0.49153806559339508;0.42791864365415544;0.080543290752449453
9429;109430;Medium;Medium;0.28045785617038843;0.51169763512022859;0.20784450870938292
4678;104679;High;Medium;0.35914575734955306;0.489882782504382;0.15097146014606505
6938;106939;High;High;0.012589313308568094;0.17890564694407657;0.80850503974735521
47576;147577;High;High;0.023351674162497553;0.22054154068034662;0.75610678515715579
40735;140736;Medium;Medium;0.31786614020355614;0.5059916603626734;0.17614219943377049
37118;137119;High;High;0.00066309271492934055;0.042948639470102579;0.956388267814968
43112;143113;Low;Medium;0.25227779981397769;0.49821483013557494;0.2495073700504474
4096;104097;Medium;Medium;0.27224116132262505;0.52068061643363917;0.2070782222437359
44813;144814;Medium;Low;0.47804467666959266;0.43237734046501475;0.089577982865392619
45514;145515;Low;High;0.055757288453359873;0.35282062147454868;0.59142209007209157
35246;135247;Low;Medium;0.15205629467858259;0.48559758617857834;0.36234611914283904
33288;133289;Medium;Low;0.49998362447119477;0.42267740836488432;0.07733896716392101
19355;119356;Medium;Medium;0.15174000351317524;0.48484022947508482;0.36341976701173995
17237;117238;Medium;Medium;0.36974269267909382;0.49116389010068501;0.13909341722022117
16818;116819;High;High;0.017725750540128527;0.19328088708040111;0.78899336237947038
26180;126181;Low;Low;0.47335357326971189;0.4189571674617848;0.10768925926850326
25388;125389;Medium;Medium;0.39917872674665217;0.44072310720929692;0.16009816604405097
38137;138138;Low;Low;0.46717496772223355;0.438078937418724;0.094746094859042479
537;100538;Low;Low;0.56541295983958406;0.38302877648534966;0.051558263675066295
38242;138243;Low;Medium;0.24647359485690212;0.51322632312614447;0.24030008201695338
19985;119986;High;Low;0.53727879698175074;0.39668513961349566;0.066036063404753612
40155;140156;Medium;Medium;0.12196249593977709;0.47645684227660229;0.40158066178362051
43656;143657;Medium;Medium;0.33721505232815896;0.50116071664360184;0.16162423102823925
42393;142394;Low;High;0.10606011931193783;0.44308573413988045;0.45085414654818173
48425;148426;Low;Low;0.49371409924803089;0.42209924791190245;0.084186652840066545
1212;101213;High;High;0.09631240953286703;0.43565183834057175;0.46803575212656118
46109;146110;Medium;Medium;0.28913719753211797;0.51048681109941463;0.2003759913684674
3202;103203;High;High;0.083831600242196866;0.41540091951550911;0.50076748024229401
45433;145434;Low;Low;0.53682780358868998;0.38588859010032406;0.077283606310985922
47774;147775;Medium;High;0.061407353112635669;0.34739633942933018;0.59119630745803431
47462;147463;High;High;0.017177648188502263;0.20330549805389694;0.77951685375760071
27320;127321;High;High;0.020131299128709899;0.19298620746520984;0.78688249340608041
43745;143746;Low;Low;0.55681364796655197;0.38597723818223467;0.057209113851213356
47221;147222;Low;Low;0.48339098508602918;0.43416052662316579;0.082448488290804964
26050;126051;High;High;0.0023566007698034722;0.084173707063252751;0.91346969216694385
6679;106680;Medium;Medium;0.21441752362981106;0.52100729769097853;0.26457517867921043
40073;140074;Low;Low;0.51360475602752187;0.41841937239437921;0.067975871578098923
35924;135925;Low;Medium;0.3907349588886404;0.47982332978175873;0.12944171132960078
11981;111982;Low;Medium;0.33247807996301293;0.50751039931485475;0.16001152072213229
9244;109245;Medium;Medium;0.19115483851863227;0.51360131275710807;0.29524384872425968
11592;111593;Medium;Medium;0.24527245242766724;0.50856152653988462;0.24616602103244811
44747;144748;Medium;Low;0.61201454125909871;0.35725629521170882;0.030729163529192471
6044;106045;Medium;Low;0.48710496244157969;0.42919778243070772;0.083697255127712644
44629;144630;High;Low;0.45314690559234905;0.45128538810838081;0.095567706299270208
23226;123227;Low;Low;0.48427953217315228;0.43869868338783652;0.077021784439011226
47349;147350;Medium;Low;0.53897549133582923;0.39343501530554864;0.06758949335862216
35732;135733;Low;Low;0.50197157859557096;0.42408143523382114;0.073946986170607923
49752;149753;Low;Low;0.49565027171578302;0.43444162985253898;0.069908098431677973
6807;106808;High;Medium;0.12101724424025867;0.45710701584344166;0.42187573991629951
36445;136446;Low;Medium;0.43916608584342759;0.45975066970624295;0.10108324445032955
26210;126211;High;Medium;0.28169980609196549;0.51130454134759562;0.20699565256043886
15350;115351;Medium;Medium;0.15913121377954395;0.47637304195266245;0.36449574426779369
12254;112255;High;High;0.047507595765183597;0.35979860622636062;0.59269379800845579
16650;116651;Low;Medium;0.35726186292684736;0.50752488184522837;0.13521325522792427
46253;146254;Medium;Medium;0.43318795985859021;0.4519351935773806;0.1148768465640292
24929;124930;Medium;Medium;0.12915266754766755;0.48036011211874535;0.39048722033358713
32;100033;Medium;Medium;0.28989598583280984;0.52488360735714712;0.18522040681004309
17679;117680;Low;Medium;0.34350765478977946;0.49189356328397116;0.16459878192624938
44231;144232;Medium;Low;0.54189286468948406;0.40482153351241851;0.053285601798097548
9732;109733;High;Low;0.53974623538123023;0.40093314301558786;0.059320621603181863
39544;139545;High;High;0.066106934910469234;0.33459553449613627;0.59929753059339452
